# Blender 5.1.1
# www.blender.org
mtllib painter.mtl
o Cube.083
v 0.303396 20.718462 0.504892
v 0.313980 20.789135 0.480146
v 0.275069 20.721325 0.500953
v 0.291150 20.694590 0.575598
v 0.283928 20.720430 0.646303
v 0.300839 20.790462 0.575598
v 0.262822 20.697453 0.571658
v 0.255601 20.723293 0.642363
v 0.272512 20.793325 0.571658
v 0.282202 20.889198 0.571658
v 0.259371 20.794655 0.667110
v 0.285653 20.791998 0.476206
v 0.289424 20.863359 0.500953
v 0.317751 20.860497 0.504892
v 0.310529 20.886337 0.575598
v 0.298283 20.862465 0.646303
v 0.269956 20.865328 0.642363
v 0.287698 20.791792 0.671050
v 0.334231 21.078960 0.581057
v 0.353508 21.207668 0.535988
v 0.302037 21.082214 0.576579
v 0.311929 21.035484 0.709824
v 0.298776 21.082544 0.838592
v 0.329575 21.210087 0.709824
v 0.279734 21.038738 0.705346
v 0.266582 21.085798 0.834114
v 0.297381 21.213341 0.705346
v 0.315028 21.387943 0.705346
v 0.273449 21.215759 0.879183
v 0.321313 21.210922 0.531510
v 0.328180 21.340885 0.576579
v 0.360375 21.337631 0.581057
v 0.347222 21.384691 0.709824
v 0.324919 21.341215 0.838592
v 0.292725 21.344469 0.834114
v 0.305643 21.212505 0.883660
v 0.312962 20.875500 0.278452
v 0.338017 21.042793 0.219872
v 0.218089 20.885088 0.265257
v 0.283974 20.818991 0.445822
v 0.333063 20.873468 0.281247
v 0.358118 21.040762 0.222667
v 0.304074 20.816959 0.448617
v 0.286978 20.878126 0.615988
v 0.327011 21.043907 0.448617
v 0.349948 21.270853 0.448617
v 0.295904 21.047050 0.674567
v 0.275804 21.049082 0.671772
v 0.320959 21.214344 0.615988
v 0.300859 21.216375 0.613192
v 0.205986 21.225964 0.599998
v 0.329848 21.272884 0.445822
v 0.346943 21.211718 0.278452
v 0.234974 21.282473 0.432627
v 0.252070 21.221306 0.265257
v -0.020051 21.308247 0.397159
v -0.049039 21.251738 0.564530
v -0.002955 21.247082 0.229789
v -0.042988 21.081301 0.397159
v -0.065925 20.854355 0.397159
v -0.074094 21.084446 0.623109
v -0.011881 21.078157 0.171209
v -0.036936 20.910864 0.229789
v 0.243144 21.052382 0.206677
v -0.083020 20.915522 0.564530
v 0.180931 21.058670 0.658577
v 0.172005 20.889746 0.599998
v 0.172389 21.053398 0.716164
v 0.160914 20.859251 0.657585
v 0.267262 21.043810 0.729359
v 0.255787 20.849663 0.670779
v 0.266878 20.880157 0.613192
v 0.276234 20.770069 0.465923
v 0.181360 20.779659 0.452729
v 0.189100 20.828579 0.432627
v 0.367043 21.209686 0.281247
v -1.907795 20.719727 0.001844
v -1.827277 20.719727 0.490367
v -1.967377 21.013168 0.001646
v -1.851049 20.554310 0.028132
v -1.790040 20.576366 0.422329
v -1.662834 20.349468 0.001705
v -1.730782 20.429626 0.227022
v -1.431685 20.086918 0.000728
v -1.527785 20.200287 0.319350
v -0.935762 19.865213 -0.000260
v -1.052704 20.003166 0.386431
v -0.450588 19.776592 0.022817
v 0.056702 19.705160 -0.005832
v -0.567530 19.898863 0.341375
v -0.669709 20.101255 0.727830
v -0.066163 19.789152 0.339681
v -0.107748 19.902987 0.521713
v 0.169396 20.225512 0.329187
v 0.040511 20.297640 0.656722
v 0.300870 20.564018 0.384848
v 0.295593 20.171875 -0.005832
v 0.452427 20.579046 -0.000391
v 0.274170 21.010614 0.000025
v 0.441821 21.323416 -0.000391
v 0.315864 21.379232 0.385086
v 0.213084 22.178627 -0.000009
v 0.081977 22.190828 0.524297
v -0.636981 22.526646 0.001713
v -0.668496 22.395130 0.537072
v -1.122155 22.526646 0.001713
v -1.153670 22.395130 0.537072
v -1.584858 22.274014 0.002736
v -1.610756 22.165937 0.442848
v -1.845048 21.932785 0.002465
v -1.837375 21.921013 0.313099
v -1.964039 21.713505 0.001662
v -1.907856 21.713505 0.524324
v -2.023045 21.298519 0.001236
v -1.995819 21.130232 0.011957
v -1.938573 21.298519 0.562474
v -1.923990 21.130232 0.561279
v -1.684004 21.376968 0.797853
v -1.646968 21.963886 0.743423
v -1.676860 21.138962 0.808428
v -1.242804 21.435051 0.933116
v -1.197735 22.149261 0.903822
v -1.234110 21.145422 0.945433
v -0.757630 21.435051 0.933116
v 0.122950 21.415056 0.770675
v -0.712561 22.149261 0.903822
v -0.748937 21.145422 0.945433
v -0.737591 20.943949 0.921626
v 0.013681 21.044121 0.772715
v 0.039802 20.617451 0.771314
v 0.143265 21.021347 0.387304
v -0.718385 20.438929 0.842646
v -1.222765 20.943949 0.921626
v -1.203559 20.438929 0.842646
v -1.667537 20.973394 0.788007
v -1.651754 20.558382 0.636236
v -1.892113 21.013168 0.556088
v -1.611753 20.424196 0.596443
v -0.924295 20.275640 0.724015
v -0.129651 22.033894 0.839408
v 0.327452 21.751020 -0.000156
v -1.993542 21.506012 0.001501
v -1.923215 21.506012 0.543590
v -1.665486 21.670429 0.770548
v -1.220269 21.792156 0.919678
v -0.735096 21.792156 0.919678
v -0.003351 21.724476 0.805577
v 0.198921 21.785030 0.455347
v -0.630341 20.430176 -0.217584
v -0.377789 18.864683 -0.822153
v -0.518934 20.430176 0.012426
v -0.235351 18.839792 0.012426
v -0.844068 20.430176 -0.543440
v -0.644301 18.864683 -1.598213
v -1.091373 20.430176 -0.543440
v -1.016312 18.864683 -1.598213
v -1.373396 20.430176 -0.543440
v -1.440546 18.864683 -1.598213
v -1.629602 20.430176 -0.205411
v -1.825946 18.784525 -0.888223
v -1.629602 20.430176 0.019601
v -1.825946 18.927820 0.012426
v -0.675182 19.825384 -0.224441
v -0.574356 19.825384 0.012426
v -0.868610 19.825384 -0.519348
v -1.092428 19.825384 -0.519348
v -1.347665 19.825384 -0.519348
v -1.579538 19.825384 -0.213424
v -1.579538 19.825384 0.012426
v -0.630341 19.313560 -0.217584
v -0.518934 19.313560 0.012426
v -0.844068 19.313560 -0.543440
v -1.091373 19.313560 -0.543440
v -1.373396 19.313560 -0.543440
v -1.629602 19.313560 -0.205411
v -1.629602 19.313560 0.012426
v -0.340872 18.692333 -0.025885
v -0.409698 18.964247 -0.092031
v -0.308497 18.788900 -0.202520
v -0.377324 18.994204 -0.255717
v -0.158101 18.788900 -0.025926
v -0.226927 19.060816 -0.091685
v -0.158101 18.788900 -0.201155
v -0.226927 18.994204 -0.252063
v -0.233299 18.788900 -0.232450
v -0.302125 18.982546 -0.281695
v -0.233299 18.788900 0.004228
v -0.302125 19.072474 -0.065551
v -0.367191 18.692333 -0.113736
v -0.436017 18.930943 -0.172881
v -0.131781 18.788900 -0.113372
v -0.200607 19.027510 -0.171370
v -0.265673 18.692333 -0.113085
v -1.250870 20.879795 -0.576124
v -1.223948 20.909641 -0.657974
v -1.152123 20.952284 -0.680725
v -1.082146 20.982828 -0.644684
v -1.058120 20.979254 -0.558375
v -1.082146 20.950815 -0.476267
v -1.152132 20.909069 -0.453275
v -1.223947 20.877634 -0.489289
v -1.152366 20.930567 -0.616329
v -0.701346 19.931238 -0.401098
v -0.677385 19.946297 -0.488718
v -0.860660 19.830320 -0.489789
v -0.837094 19.845331 -0.401756
v -0.769267 19.888283 -0.370765
v -0.837026 19.845213 -0.577277
v -0.769170 19.888121 -0.607366
v -0.701274 19.931114 -0.576561
v -0.534518 19.584610 -0.249757
v -0.688523 19.493029 -0.350134
v -0.606923 19.554535 -0.225742
v -0.583008 19.523527 -0.457055
v -0.516808 19.561632 -0.421729
v -0.501403 19.585064 -0.334057
v -0.673130 19.516428 -0.261739
v -0.655408 19.493471 -0.433567
v -0.961417 20.583103 -0.598319
v -1.132577 20.496273 -0.531873
v -1.116279 20.478014 -0.706280
v -0.993228 20.578257 -0.514102
v -1.149646 20.472342 -0.622446
v -1.065351 20.540668 -0.492356
v -1.042802 20.516275 -0.727411
v -0.976924 20.560064 -0.688226
v -0.845831 20.255943 -0.487324
v -1.005128 20.151690 -0.585927
v -0.916312 20.215395 -0.461302
v -0.907389 20.201941 -0.696995
v -0.839261 20.245975 -0.661637
v -0.818045 20.265871 -0.572888
v -0.984440 20.171364 -0.496993
v -0.977788 20.161407 -0.671241
v -0.308497 18.788900 0.049217
v -0.377324 19.060816 0.158477
v -0.340872 18.692333 0.223946
v -0.409698 18.897638 0.320353
v -0.158101 18.788900 0.049217
v -0.226927 19.060816 0.158477
v -0.158101 18.788900 0.223946
v -0.226927 18.994204 0.320353
v -0.265673 18.692333 0.254524
v -0.334499 18.885981 0.348682
v -0.233299 18.788900 0.018639
v -0.302125 19.072474 0.130148
v -0.367191 18.692333 0.136581
v -0.436017 18.930943 0.239415
v -0.131781 18.788900 0.136581
v -0.200607 19.027510 0.239415
v -0.265673 18.692333 0.136581
v -1.502864 20.376715 0.594429
v -1.478837 20.405153 0.678094
v -1.410189 20.446276 0.701716
v -1.341542 20.476198 0.665191
v -1.317515 20.472624 0.577010
v -1.341542 20.444185 0.493345
v -1.410189 20.403063 0.469723
v -1.478837 20.373144 0.506247
v -1.410189 20.424669 0.635193
v -0.665117 19.477594 0.347599
v -0.641927 19.492239 0.434964
v -0.820826 19.379271 0.434964
v -0.797635 19.393913 0.347599
v -0.731376 19.435755 0.317021
v -0.797635 19.393913 0.522328
v -0.731376 19.435755 0.552906
v -0.665117 19.477594 0.522328
v -0.391807 19.145716 0.219037
v -0.545714 19.054377 0.317409
v -0.464193 19.115709 0.194190
v -0.440193 19.084860 0.426431
v -0.374029 19.122866 0.391068
v -0.358672 19.146193 0.303212
v -0.530356 19.077705 0.229554
v -0.512579 19.054853 0.401584
v -1.072282 20.089188 0.575063
v -1.240778 20.004015 0.508809
v -1.218146 19.988577 0.680875
v -1.107007 20.083071 0.491976
v -1.252872 19.982462 0.597787
v -1.177853 20.046244 0.470281
v -1.147300 20.025404 0.702569
v -1.084376 20.067633 0.664041
v -0.886062 19.780333 0.438854
v -1.036849 19.680864 0.535442
v -0.954615 19.740999 0.412718
v -0.939338 19.730579 0.646804
v -0.874747 19.772615 0.612251
v -0.857104 19.790712 0.524080
v -1.019206 19.698963 0.447270
v -1.007890 19.691246 0.620668
v -1.516601 18.430323 -1.870502
v -1.543379 19.049538 -2.066897
v -1.664476 18.987118 -3.837897
v -1.611258 19.291645 -3.661465
v -0.427555 18.430323 -1.970031
v -0.436820 19.049538 -2.168026
v -0.638756 18.987118 -3.931639
v -0.659111 19.291645 -3.748483
v -1.826560 18.000315 -2.848722
v -1.598970 17.754938 -2.264656
v -1.766245 19.224089 -2.350018
v -1.817469 19.338055 -2.910511
v -0.417998 17.754938 -2.372586
v -0.300051 18.000315 -2.988231
v -0.320192 19.338055 -3.047348
v -0.268968 19.224089 -2.486855
v -0.916626 18.953707 -4.034887
v -1.409925 18.953707 -3.989804
v -1.300530 19.355839 -3.842838
v -0.997568 19.355839 -3.870526
v -1.252408 18.267416 -1.726631
v -0.661292 18.267416 -1.780653
v -0.797070 19.127779 -1.936169
v -1.147069 19.127779 -1.904182
v -1.369526 19.479113 -2.879178
v -0.765216 19.479113 -2.934406
v -1.308480 19.357433 -2.211211
v -0.704170 19.357433 -2.266439
v -0.759256 17.889139 -2.990447
v -1.375364 17.889139 -2.934140
v -0.696017 17.592031 -2.298486
v -1.312125 17.592031 -2.242179
v -1.722896 17.766531 -5.985781
v -1.464734 17.766531 -3.160971
v -1.722896 18.513693 -5.985781
v -1.464734 18.513693 -3.160971
v -0.978838 17.766531 -5.892782
v -0.720676 17.766531 -3.228971
v -0.978838 18.513693 -5.892782
v -0.720676 18.513693 -3.228971
v -1.853106 18.140112 -5.973881
v -1.594944 18.140112 -3.149071
v -0.848628 18.140112 -5.904682
v -0.590465 18.140112 -3.240871
v -1.350867 18.644445 -6.019781
v -1.092705 18.644445 -3.194972
v -1.350867 17.635778 -6.019781
v -1.092705 17.635778 -3.194972
v -1.107447 18.140112 -3.356278
v -1.331523 18.140112 -5.808117
v -1.549928 18.140112 -2.656513
v -1.396745 18.513693 -2.417036
v -1.011075 18.644445 -2.301785
v -0.652687 18.513693 -2.485036
v -0.545450 18.140112 -2.748313
v -1.047689 18.293562 -2.702414
v 0.699791 17.694309 -8.042287
v -1.396206 17.713974 -6.720469
v 0.661133 18.436953 -8.114635
v 1.085234 17.776217 -7.407485
v -0.816979 17.789549 -6.254204
v 1.046576 18.518860 -7.479835
v -0.855637 18.532194 -6.326553
v 0.613009 18.051298 -8.189551
v 1.133358 18.161871 -7.332571
v -0.768855 18.175205 -6.179288
v 0.847089 18.607868 -7.809896
v -1.200735 18.625959 -6.529974
v 0.899278 17.605301 -7.712225
v -1.002935 17.618635 -6.558943
v 0.784631 18.164968 -7.714826
v -0.898646 17.705515 -7.073179
v -0.944687 18.388994 -7.157021
v -0.551861 18.530064 -6.510727
v -0.513202 17.787420 -6.438379
v -0.465079 18.173075 -6.363463
v -0.978045 18.121664 -7.208951
v -0.699159 17.616505 -6.743118
v -0.751348 18.619074 -6.840789
v -1.222038 17.771379 -7.050475
v -1.455570 17.732826 -6.932747
v -1.536904 17.985880 -7.069919
v -1.493818 18.468298 -7.004429
v -1.357718 18.645067 -6.757236
v -1.210353 18.415297 -7.140538
v -1.253922 18.056158 -7.203205
v -1.079635 18.626612 -6.910643
v -1.729949 17.834448 -6.682920
v -1.857131 18.079185 -6.728086
v -1.830252 18.380131 -6.687232
v -1.697213 18.527815 -6.509160
v -1.854955 17.920855 -6.560092
v -2.009258 18.096540 -6.545382
v -1.984238 18.339748 -6.506925
v -1.833206 18.471193 -6.436522
v -1.705071 17.777552 -6.573456
v -1.503922 18.565109 -6.436670
v -1.827828 17.886971 -6.495346
v -1.803961 18.473780 -6.369675
v -1.994883 18.097605 -6.468008
v -1.968349 18.311735 -6.426719
v 1.941780 17.833141 -8.118285
v 0.876752 17.843752 -7.478644
v 1.950524 18.331682 -8.140271
v 0.885716 18.354851 -7.501184
v 1.990740 18.084940 -8.054215
v 0.926944 18.101894 -7.412961
v 2.031858 17.827635 -8.143489
v 2.280281 18.223951 -8.313550
v 2.211069 18.030842 -8.151605
v 2.229851 17.760788 -8.142399
v 2.580401 17.960016 -8.443265
v 2.469774 17.861826 -8.199935
v 1.951290 17.720003 -8.410084
v 2.400324 17.614147 -8.155463
v 2.717046 17.755829 -8.520000
v 2.641801 17.714844 -8.251581
v 2.644442 17.786589 -8.818744
v 2.119007 17.571455 -8.504704
v 2.387374 17.486317 -8.339314
v 2.760470 17.625736 -8.616907
v 2.637650 17.624321 -8.332253
v 2.755939 17.647245 -8.880280
v 2.604629 17.284832 -8.716146
v 2.808785 17.504215 -8.812466
v 2.409545 17.328508 -8.578690
v 1.687363 17.818716 -8.546597
v 0.615924 17.828962 -7.917745
v 1.696107 18.317255 -8.568583
v 0.624887 18.340059 -7.940286
v 1.647148 18.065456 -8.632653
v 0.574696 18.081919 -8.005970
v 1.824846 18.411713 -8.358274
v 0.756869 18.436899 -7.724678
v 0.744769 17.746912 -7.694250
v 1.752771 17.811810 -8.613332
v 2.009219 18.208580 -8.769880
v 1.839692 18.009783 -8.776814
v 2.171746 18.279154 -8.554552
v 1.820816 17.741182 -8.333295
v 1.848590 17.739168 -8.784248
v 2.274535 17.942671 -8.958187
v 2.010964 17.835810 -8.972339
v 2.477751 17.991980 -8.726646
v 1.946010 17.588385 -8.920296
v 2.413325 17.738607 -9.031311
v 2.142991 17.686560 -9.091322
v 2.104902 17.470301 -8.814854
v 2.522992 17.612270 -9.016703
v 2.214464 17.600325 -9.044684
v 2.240087 17.425646 -8.571714
v 2.574688 17.258509 -8.764839
v 2.545522 17.281481 -8.815650
v 2.777213 17.460581 -8.891946
v 2.721305 17.499254 -8.959741
v 2.369487 17.301237 -8.644387
v 2.330217 17.324009 -8.712239
v 2.791956 17.279642 -10.432329
v 2.684376 17.581266 -8.198067
v 8.007436 16.867268 -10.022916
v 7.484320 17.444063 -5.967269
v 5.675604 16.901289 -11.308128
v 4.854612 17.681583 -5.947253
v 4.055793 17.087862 -11.035879
v 4.095884 17.593571 -7.139210
v 6.138874 17.635712 -5.420486
v 7.193426 16.827856 -10.880794
v 2.430603 17.368834 -9.996875
v 2.261089 17.455080 -9.452831
v 2.472437 17.578753 -8.362147
v 8.146935 17.258535 -6.933904
v 8.427420 17.071478 -8.173403
v 8.512268 16.922461 -9.255590
v 5.191887 17.412279 -7.777235
v 5.379302 17.212454 -9.129878
v 5.579495 17.002220 -10.601583
v 3.765379 17.461721 -8.373901
v 3.859721 17.293766 -9.594478
v 3.955107 17.193598 -10.295694
v 6.667913 17.379719 -7.017568
v 6.893298 17.143034 -8.674443
v 7.092399 16.933947 -10.138124
v 3.433517 17.173626 -10.804989
v 3.716543 17.582495 -7.483222
v 3.192854 17.281216 -10.146286
v 3.080857 17.369072 -9.550624
v 3.067750 17.503914 -8.527889
v 3.168533 17.215258 -10.662232
v 3.526874 17.576956 -7.655229
v 2.811730 17.325024 -10.071581
v 2.686889 17.408842 -9.515605
v 2.713677 17.533178 -8.545969
v 2.219411 17.522629 -8.964492
v 2.432846 17.499392 -8.996415
v 8.287174 17.165009 -7.553652
v 5.285595 17.312366 -8.453558
v 3.812550 17.377745 -8.984188
v 6.780606 17.261375 -7.846005
v 3.285357 17.447304 -8.926883
v 2.777537 17.119787 -10.411403
v 2.669959 17.421412 -8.177141
v 7.993029 16.707415 -10.001990
v 7.469908 17.284212 -5.946343
v 5.661189 16.741438 -11.287204
v 4.840195 17.521730 -5.926325
v 4.041377 16.928011 -11.014953
v 4.081466 17.433718 -7.118285
v 6.124463 17.475859 -5.399559
v 7.179009 16.668003 -10.859865
v 2.416185 17.208981 -9.975948
v 2.246674 17.295229 -9.431908
v 2.458021 17.418901 -8.341224
v 8.132520 17.098682 -6.912978
v 8.413001 16.911629 -8.152476
v 8.497851 16.762609 -9.234664
v 5.177473 17.252428 -7.756310
v 5.364888 17.052601 -9.108953
v 5.565081 16.842367 -10.580657
v 3.750965 17.301868 -8.352976
v 3.845305 17.133913 -9.573553
v 3.940690 17.033747 -10.274769
v 6.653500 17.219866 -6.996643
v 6.878882 16.983181 -8.653518
v 7.077984 16.774096 -10.117201
v 3.419100 17.013773 -10.784063
v 3.702128 17.422640 -7.462297
v 3.178437 17.121363 -10.125360
v 3.066441 17.209219 -9.529698
v 3.053333 17.344061 -8.506962
v 3.154117 17.055407 -10.641307
v 3.512457 17.417105 -7.634301
v 2.797313 17.165171 -10.050653
v 2.672473 17.248987 -9.494680
v 2.699261 17.373327 -8.525043
v 2.204994 17.362778 -8.943566
v 2.418430 17.339540 -8.975490
v 8.272761 17.005156 -7.532727
v 5.271179 17.152514 -8.432630
v 3.798134 17.217894 -8.963264
v 6.766191 17.101522 -7.825078
v 3.270941 17.287449 -8.905955
v -1.674740 17.821342 -5.911647
v -1.674740 18.468597 -5.911647
v -1.674740 17.821342 -6.555240
v -1.674740 18.468597 -6.555240
v -1.031148 17.821342 -5.911647
v -1.031148 18.468597 -5.911647
v -1.031148 17.821342 -6.555240
v -1.031148 18.468597 -6.555240
v -1.787369 17.821342 -6.233444
v -1.787369 18.468597 -6.233444
v -0.918519 17.821342 -6.233444
v -0.918519 18.468597 -6.233444
v -1.352944 17.821342 -6.667870
v -1.352944 18.468597 -6.667870
v -1.352944 17.821342 -5.799019
v -1.352944 18.468597 -5.799019
v -1.352944 18.468597 -6.233444
v -1.352944 17.821342 -6.233444
v 0.605014 18.097267 -6.979490
v -0.714193 18.097267 -4.491159
v 0.605014 18.165352 -6.979490
v -0.714193 18.165352 -4.491159
v 0.665169 18.097267 -6.947598
v -0.654038 18.097267 -4.459268
v 0.665169 18.165352 -6.947598
v -0.654038 18.165352 -4.459268
v 0.594487 18.131310 -6.985071
v -0.724720 18.131310 -4.496740
v 0.675696 18.131310 -6.942017
v -0.643511 18.131310 -4.453687
v 0.635091 18.177269 -6.963544
v -0.684115 18.177265 -4.475213
v 0.635091 18.085350 -6.963544
v -0.684115 18.085350 -4.475213
v -0.907353 18.131310 -4.197543
v 0.730838 18.131310 -7.307564
v 0.137598 18.070976 -6.153960
v -0.319314 18.070976 -5.292119
v 0.137598 18.191639 -6.153960
v -0.319314 18.191639 -5.292119
v 0.244207 18.070976 -6.097441
v -0.212705 18.070976 -5.235599
v 0.244207 18.191639 -6.097441
v -0.212705 18.191639 -5.235599
v 0.118942 18.131310 -6.163851
v -0.337970 18.131310 -5.302010
v 0.262863 18.131310 -6.087551
v -0.194049 18.131310 -5.225708
v 0.190902 18.212757 -6.125701
v -0.266010 18.212757 -5.263859
v 0.190902 18.049862 -6.125701
v -0.266010 18.049862 -5.263859
v -0.266010 18.131310 -5.263859
v 0.190902 18.131310 -6.125701
v 0.586221 18.131310 -7.034784
v 0.603755 18.074608 -7.025489
v 0.653851 18.207855 -6.998930
v 0.603755 18.188011 -7.025489
v 0.721481 18.131310 -6.963075
v 0.703948 18.188011 -6.972370
v 0.653851 18.054764 -6.998930
v 0.703948 18.074608 -6.972370
v 0.748371 18.074608 -7.298269
v 0.798468 18.207855 -7.271709
v 0.748371 18.188011 -7.298269
v 0.866098 18.131310 -7.235856
v 0.848564 18.188011 -7.245151
v 0.798468 18.054764 -7.271709
v 0.848564 18.074608 -7.245151
v 0.674113 18.131310 -7.037149
v -0.754039 18.131310 -4.486729
v -0.738652 18.181068 -4.478572
v -0.694691 18.198479 -4.455265
v -0.650730 18.181068 -4.431959
v -0.635343 18.131310 -4.423801
v -0.650730 18.081551 -4.431959
v -0.694691 18.064137 -4.455265
v -0.738652 18.081551 -4.478572
v -0.891967 18.181068 -4.189385
v -0.848006 18.198479 -4.166079
v -0.804044 18.181068 -4.142773
v -0.788658 18.131310 -4.134615
v -0.804044 18.081551 -4.142773
v -0.848006 18.064137 -4.166079
v -0.891967 18.081551 -4.189385
v -0.848006 18.131310 -4.166079
v 0.605014 18.097267 6.979490
v -0.714193 18.097267 4.491159
v 0.605014 18.165352 6.979490
v -0.714193 18.165352 4.491159
v 0.665169 18.097267 6.947598
v -0.654038 18.097267 4.459268
v 0.665169 18.165352 6.947598
v -0.654038 18.165352 4.459268
v 0.594487 18.131310 6.985071
v -0.724720 18.131310 4.496740
v 0.675696 18.131310 6.942017
v -0.643511 18.131310 4.453687
v 0.635091 18.177269 6.963544
v -0.684115 18.177265 4.475213
v 0.635091 18.085350 6.963544
v -0.684115 18.085350 4.475213
v -0.907353 18.131310 4.197543
v 0.730838 18.131310 7.307564
v 0.137598 18.070976 6.153960
v -0.319314 18.070976 5.292119
v 0.137598 18.191639 6.153960
v -0.319314 18.191639 5.292119
v 0.244207 18.070976 6.097441
v -0.212705 18.070976 5.235599
v 0.244207 18.191639 6.097441
v -0.212705 18.191639 5.235599
v 0.118942 18.131310 6.163851
v -0.337970 18.131310 5.302010
v 0.262863 18.131310 6.087551
v -0.194049 18.131310 5.225708
v 0.190902 18.212757 6.125701
v -0.266010 18.212757 5.263859
v 0.190902 18.049862 6.125701
v -0.266010 18.049862 5.263859
v -0.266010 18.131310 5.263859
v 0.190902 18.131310 6.125701
v 0.586221 18.131310 7.034784
v 0.603755 18.074608 7.025489
v 0.653851 18.207855 6.998930
v 0.603755 18.188011 7.025489
v 0.721481 18.131310 6.963075
v 0.703948 18.188011 6.972370
v 0.653851 18.054764 6.998930
v 0.703948 18.074608 6.972370
v 0.748371 18.074608 7.298269
v 0.798468 18.207855 7.271709
v 0.748371 18.188011 7.298269
v 0.866098 18.131310 7.235856
v 0.848564 18.188011 7.245151
v 0.798468 18.054764 7.271709
v 0.848564 18.074608 7.245151
v 0.674113 18.131310 7.037149
v -0.754039 18.131310 4.486729
v -0.738652 18.181068 4.478572
v -0.694691 18.198479 4.455265
v -0.650730 18.181068 4.431959
v -0.635343 18.131310 4.423801
v -0.650730 18.081551 4.431959
v -0.694691 18.064137 4.455265
v -0.738652 18.081551 4.478572
v -0.891967 18.181068 4.189385
v -0.848006 18.198479 4.166079
v -0.804044 18.181068 4.142773
v -0.788658 18.131310 4.134615
v -0.804044 18.081551 4.142773
v -0.848006 18.064137 4.166079
v -0.891967 18.081551 4.189385
v -0.848006 18.131310 4.166079
v -1.674740 17.821342 5.911647
v -1.674740 18.468597 5.911647
v -1.674740 17.821342 6.555240
v -1.674740 18.468597 6.555240
v -1.031148 17.821342 5.911647
v -1.031148 18.468597 5.911647
v -1.031148 17.821342 6.555240
v -1.031148 18.468597 6.555240
v -1.787369 17.821342 6.233444
v -1.787369 18.468597 6.233444
v -0.918519 17.821342 6.233444
v -0.918519 18.468597 6.233444
v -1.352944 17.821342 6.667870
v -1.352944 18.468597 6.667870
v -1.352944 17.821342 5.799019
v -1.352944 18.468597 5.799019
v -1.352944 18.468597 6.233444
v -1.352944 17.821342 6.233444
v 0.699791 17.694309 8.042287
v -1.396206 17.713974 6.720469
v 0.661133 18.436953 8.114635
v 1.085234 17.776217 7.407485
v -0.816979 17.789549 6.254204
v 1.046576 18.518860 7.479835
v -0.855637 18.532194 6.326553
v 0.613009 18.051298 8.189551
v 1.133358 18.161871 7.332571
v -0.768855 18.175205 6.179288
v 0.847089 18.607868 7.809896
v -1.200735 18.625959 6.529974
v 0.899278 17.605301 7.712225
v -1.002935 17.618635 6.558943
v 0.784631 18.164968 7.714826
v -0.898646 17.705515 7.073179
v -0.944687 18.388994 7.157021
v -0.551861 18.530064 6.510727
v -0.513202 17.787420 6.438379
v -0.465079 18.173075 6.363463
v -0.978045 18.121664 7.208951
v -0.699159 17.616505 6.743118
v -0.751348 18.619074 6.840789
v -1.222038 17.771379 7.050475
v -1.455570 17.732826 6.932747
v -1.536904 17.985880 7.069919
v -1.493818 18.468298 7.004429
v -1.357718 18.645067 6.757236
v -1.210353 18.415297 7.140538
v -1.253922 18.056158 7.203205
v -1.079635 18.626612 6.910643
v -1.729949 17.834448 6.682920
v -1.857131 18.079185 6.728086
v -1.830252 18.380131 6.687232
v -1.697213 18.527815 6.509160
v -1.854955 17.920855 6.560092
v -2.009258 18.096540 6.545382
v -1.984238 18.339748 6.506925
v -1.833206 18.471193 6.436522
v -1.705071 17.777552 6.573456
v -1.503922 18.565109 6.436670
v -1.827828 17.886971 6.495346
v -1.803961 18.473780 6.369675
v -1.994883 18.097605 6.468008
v -1.968349 18.311735 6.426719
v -1.722896 17.766531 5.985781
v -1.464734 17.766531 3.160971
v -1.722896 18.513693 5.985781
v -1.464734 18.513693 3.160971
v -0.978838 17.766531 5.892782
v -0.720676 17.766531 3.228971
v -0.978838 18.513693 5.892782
v -0.720676 18.513693 3.228971
v -1.853106 18.140112 5.973881
v -1.594944 18.140112 3.149071
v -0.848628 18.140112 5.904682
v -0.590465 18.140112 3.240871
v -1.350867 18.644445 6.019781
v -1.092705 18.644445 3.194972
v -1.350867 17.635778 6.019781
v -1.092705 17.635778 3.194972
v -1.107447 18.140112 3.356278
v -1.331523 18.140112 5.808117
v -1.549928 18.140112 2.656513
v -1.396745 18.513693 2.417036
v -1.011075 18.644445 2.301785
v -0.652687 18.513693 2.485036
v -0.545450 18.140112 2.748313
v -1.047689 18.293562 2.702414
v -1.127489 17.505447 -3.847593
v -0.717196 15.601116 -1.813563
v -1.087299 17.549377 -3.814569
v -0.677006 15.645049 -1.780539
v -1.073433 17.481232 -3.881167
v -0.663140 15.576902 -1.847137
v -1.033243 17.525166 -3.848145
v -0.622950 15.620834 -1.814114
v -1.116855 17.531651 -3.825206
v -0.706561 15.627321 -1.791175
v -1.043878 17.498962 -3.870532
v -0.633585 15.594629 -1.836501
v -1.053238 17.544960 -3.825578
v -0.642945 15.640630 -1.791548
v -1.107494 17.485653 -3.870160
v -0.697201 15.581322 -1.836129
v -0.672432 15.398283 -1.528019
v -1.191951 17.778366 -4.062025
v -1.025730 16.856628 -3.162503
v -0.883623 16.197060 -2.458010
v -0.954504 16.934486 -3.103979
v -0.812398 16.274914 -2.399486
v -0.929929 16.813713 -3.222005
v -0.787823 16.154144 -2.517512
v -0.858704 16.891571 -3.163481
v -0.716597 16.232002 -2.458987
v -1.006882 16.903069 -3.122829
v -0.864776 16.243496 -2.418335
v -0.877552 16.845135 -3.203156
v -0.735445 16.185562 -2.498662
v -0.894139 16.926651 -3.123488
v -0.752034 16.267082 -2.418995
v -0.990294 16.821548 -3.202496
v -0.848188 16.161976 -2.498003
v -0.800110 16.214531 -2.458498
v -0.942217 16.874100 -3.162992
v -1.146975 17.569611 -3.839047
v -1.164689 17.525967 -3.876335
v -1.041017 17.591778 -3.839667
v -1.097749 17.599136 -3.821332
v -1.025427 17.515160 -3.914541
v -1.007713 17.558804 -3.877253
v -1.131385 17.492996 -3.913920
v -1.074653 17.485634 -3.932255
v -1.209667 17.734726 -4.099313
v -1.085994 17.800537 -4.062644
v -1.142727 17.807896 -4.044310
v -1.070405 17.723923 -4.137519
v -1.052691 17.767567 -4.100232
v -1.176362 17.701756 -4.136898
v -1.119631 17.694393 -4.155234
v -1.092503 17.571636 -3.908035
v -0.720115 15.619599 -1.764409
v -0.676917 15.645511 -1.748863
v -0.627134 15.639050 -1.764953
v -0.597909 15.610119 -1.797935
v -0.613453 15.571818 -1.830656
v -0.656651 15.545911 -1.846202
v -0.706434 15.552367 -1.830112
v -0.735659 15.581300 -1.797129
v -0.629235 15.424194 -1.512474
v -0.579450 15.417734 -1.528563
v -0.550226 15.388803 -1.561546
v -0.565770 15.350505 -1.594267
v -0.608967 15.324594 -1.609813
v -0.658752 15.331051 -1.593723
v -0.687976 15.359984 -1.560740
v -0.619101 15.374393 -1.561143
v -1.127489 17.505447 3.847592
v -0.717196 15.601116 1.813562
v -1.087299 17.549377 3.814569
v -0.677006 15.645049 1.780538
v -1.073433 17.481232 3.881166
v -0.663140 15.576902 1.847136
v -1.033243 17.525166 3.848144
v -0.622950 15.620834 1.814113
v -1.116855 17.531651 3.825205
v -0.706561 15.627321 1.791174
v -1.043878 17.498962 3.870531
v -0.633585 15.594629 1.836500
v -1.053238 17.544960 3.825577
v -0.642945 15.640630 1.791547
v -1.107494 17.485653 3.870159
v -0.697201 15.581322 1.836128
v -0.672432 15.398283 1.528018
v -1.191951 17.778366 4.062024
v -1.025730 16.856628 3.162502
v -0.883623 16.197060 2.458009
v -0.954504 16.934486 3.103978
v -0.812398 16.274914 2.399485
v -0.929929 16.813713 3.222004
v -0.787823 16.154144 2.517511
v -0.858704 16.891571 3.163480
v -0.716597 16.232002 2.458986
v -1.006882 16.903069 3.122828
v -0.864776 16.243496 2.418334
v -0.877552 16.845135 3.203155
v -0.735445 16.185562 2.498661
v -0.894139 16.926651 3.123487
v -0.752034 16.267082 2.418994
v -0.990294 16.821548 3.202495
v -0.848188 16.161976 2.498002
v -0.800110 16.214531 2.458498
v -0.942217 16.874100 3.162991
v -1.146975 17.569611 3.839046
v -1.164689 17.525967 3.876334
v -1.041017 17.591778 3.839666
v -1.097749 17.599136 3.821331
v -1.025427 17.515160 3.914540
v -1.007713 17.558804 3.877252
v -1.131385 17.492996 3.913919
v -1.074653 17.485634 3.932254
v -1.209667 17.734726 4.099312
v -1.085994 17.800537 4.062644
v -1.142727 17.807896 4.044309
v -1.070405 17.723923 4.137518
v -1.052691 17.767567 4.100231
v -1.176362 17.701756 4.136897
v -1.119631 17.694393 4.155233
v -1.092503 17.571636 3.908034
v -0.720115 15.619599 1.764408
v -0.676917 15.645511 1.748862
v -0.627134 15.639050 1.764952
v -0.597909 15.610119 1.797935
v -0.613453 15.571818 1.830655
v -0.656651 15.545911 1.846201
v -0.706434 15.552367 1.830111
v -0.735659 15.581300 1.797128
v -0.629235 15.424194 1.512473
v -0.579450 15.417734 1.528562
v -0.550226 15.388803 1.561545
v -0.565770 15.350505 1.594266
v -0.608967 15.324594 1.609812
v -0.658752 15.331051 1.593722
v -0.687976 15.359984 1.560739
v -0.619101 15.374393 1.561142
v -1.516601 18.430323 1.870502
v -1.543379 19.049538 2.066897
v -1.664476 18.987118 3.837897
v -1.611258 19.291645 3.661465
v -0.427555 18.430323 1.970031
v -0.436820 19.049538 2.168026
v -0.638756 18.987118 3.931639
v -0.659111 19.291645 3.748483
v -1.826560 18.000315 2.848722
v -1.598970 17.754938 2.264656
v -1.766245 19.224089 2.350018
v -1.817469 19.338055 2.910511
v -0.417998 17.754938 2.372586
v -0.300051 18.000315 2.988231
v -0.320192 19.338055 3.047348
v -0.268968 19.224089 2.486855
v -0.916626 18.953707 4.034887
v -1.409925 18.953707 3.989804
v -1.300530 19.355839 3.842838
v -0.997568 19.355839 3.870526
v -1.252408 18.267416 1.726631
v -0.661292 18.267416 1.780653
v -0.797070 19.127779 1.936169
v -1.147069 19.127779 1.904182
v -1.369526 19.479113 2.879178
v -0.765216 19.479113 2.934406
v -1.308480 19.357433 2.211211
v -0.704170 19.357433 2.266439
v -0.759256 17.889139 2.990447
v -1.375364 17.889139 2.934140
v -0.696017 17.592031 2.298486
v -1.312125 17.592031 2.242179
v 2.018143 3.728479 -1.766670
v 2.930258 1.220340 -2.126651
v 2.374762 3.728479 0.000000
v 4.269348 1.220340 0.002175
v -0.252920 3.224123 -2.940786
v -0.015074 1.220340 -3.505021
v 1.112676 7.253925 -1.159044
v 1.448123 7.253925 0.000000
v -0.252920 6.853395 -2.453234
v 0.835821 11.307076 -1.007974
v 1.171267 11.307076 0.000000
v -0.252920 11.307076 -2.185381
v -1.329586 2.955555 -3.136086
v -1.340325 1.220340 -3.745412
v -1.329587 6.582472 -2.648533
v -1.329586 11.307076 -2.363058
v -3.523050 2.515184 -3.136086
v -4.040222 1.220340 -3.745412
v -3.523050 6.425032 -2.648533
v -2.571910 11.307076 -2.363058
v -5.351033 2.656143 -3.136086
v -6.116852 1.220340 -3.745412
v -4.599985 6.407053 -2.648533
v -3.648846 11.307076 -2.363058
v 0.281177 12.694972 -0.700158
v 0.793918 12.422481 0.000000
v -0.263068 13.003035 -1.573992
v -1.385786 13.003035 -1.705858
v -2.062564 13.003035 -1.511143
v -2.452684 13.003035 -1.456318
v -5.908892 7.921935 -1.913294
v -4.958604 11.307076 -1.739855
v -4.263954 13.037866 -1.295283
v -6.996601 8.398745 0.003628
v -6.046313 11.307076 0.000000
v -4.850151 13.003035 -0.008986
v -4.599985 6.407053 0.000000
v -5.351033 2.656143 0.000000
v -6.116852 1.220340 0.000000
v 0.163716 12.947610 0.000000
v 2.018143 3.728479 1.766670
v 2.930258 1.220340 2.126651
v 4.269348 1.220340 -0.002175
v -0.252920 3.224123 2.940786
v -0.015074 1.220340 3.505021
v 1.112676 7.253925 1.159044
v -0.252920 6.853395 2.453234
v 0.835821 11.307076 1.007974
v -0.252920 11.307076 2.185381
v -1.329586 2.955555 3.136086
v -1.340325 1.220340 3.745412
v -1.329587 6.582472 2.648533
v -1.329586 11.307076 2.363058
v -3.523050 2.515184 3.136086
v -4.040222 1.220340 3.745412
v -3.523050 6.425032 2.648533
v -2.571910 11.307076 2.363058
v -5.351033 2.656143 3.136086
v -6.116852 1.220340 3.745412
v -4.599985 6.407053 2.648533
v -3.648846 11.307076 2.363058
v 0.281177 12.694972 0.700158
v -0.263068 13.003035 1.573992
v -1.385786 13.003035 1.705858
v -2.062564 13.003035 1.511143
v -2.452684 13.003035 1.456318
v -5.908892 7.921935 1.913294
v -4.958604 11.307076 1.739855
v -4.263954 13.037866 1.295283
v -6.996601 8.398745 -0.003628
v -4.850151 13.003035 0.008986
v -7.032150 7.456086 4.042888
v -7.032150 7.456086 3.445238
v -7.032150 1.364462 4.042888
v -7.032150 1.364462 3.445238
v -0.940525 7.456086 4.042888
v -0.940525 7.456086 3.445238
v -0.940525 1.364462 4.042888
v -0.940525 1.364462 3.445238
v -3.986338 0.298427 4.042888
v -3.986338 0.298427 3.445238
v -3.986338 8.522121 4.042888
v -3.986338 8.522121 3.445238
v -8.098186 4.410275 4.042888
v -8.098186 4.410275 3.445238
v 0.125511 4.410275 4.042888
v 0.125511 4.410275 3.445238
v -3.986338 4.410275 3.445238
v -3.986338 4.410275 4.042888
v -11.369289 5.231116 0.179194
v -11.369289 5.231116 -0.179194
v -11.369289 1.578210 0.179194
v -11.369289 1.578210 -0.179194
v -7.716384 5.231116 0.179194
v -7.716384 5.231116 -0.179194
v -7.716384 1.578210 0.179194
v -7.716384 1.578210 -0.179194
v -9.542836 0.938951 0.179194
v -9.542836 0.938951 -0.179194
v -9.542836 5.870376 0.179194
v -9.542836 5.870376 -0.179194
v -12.008549 3.404663 0.179194
v -12.008549 3.404663 -0.179194
v -7.077124 3.404663 0.179194
v -7.077124 3.404663 -0.179194
v -9.542836 3.404663 -0.179194
v -9.542836 3.404663 0.179194
v -7.411856 7.590603 4.135056
v -7.411856 7.590603 3.353069
v -0.560820 7.590603 4.135056
v -0.560820 7.590603 3.353069
v -3.986338 8.860452 4.135056
v -3.986338 8.860452 3.353069
v -8.460599 4.259001 4.122358
v -8.460599 4.259001 3.365767
v 0.487924 4.259001 4.122358
v 0.487924 4.259001 3.365767
v -7.078047 7.237050 4.334301
v -7.078047 7.237050 3.153825
v -0.894629 7.237050 4.334301
v -0.894629 7.237050 3.153825
v -3.986338 8.360452 4.334301
v -3.986338 8.360452 3.153825
v -8.165215 3.797298 4.334301
v -8.165215 3.797298 3.153825
v 0.192539 3.797298 4.334301
v 0.192539 3.797298 3.153825
v -7.411856 7.590603 -4.135056
v -7.411856 7.590603 -3.353069
v -0.560820 7.590603 -4.135056
v -0.560820 7.590603 -3.353069
v -3.986338 8.860452 -4.135056
v -3.986338 8.860452 -3.353069
v -8.460599 4.259001 -4.122358
v -8.460599 4.259001 -3.365767
v 0.487924 4.259001 -4.122358
v 0.487924 4.259001 -3.365767
v -7.078047 7.237050 -4.334301
v -7.078047 7.237050 -3.153825
v -0.894629 7.237050 -4.334301
v -0.894629 7.237050 -3.153825
v -3.986338 8.360452 -4.334301
v -3.986338 8.360452 -3.153825
v -8.165215 3.797298 -4.334301
v -8.165215 3.797298 -3.153825
v 0.192539 3.797298 -4.334301
v 0.192539 3.797298 -3.153825
v -7.032150 7.456086 -4.042888
v -7.032150 7.456086 -3.445238
v -7.032150 1.364462 -4.042888
v -7.032150 1.364462 -3.445238
v -0.940525 7.456086 -4.042888
v -0.940525 7.456086 -3.445238
v -0.940525 1.364462 -4.042888
v -0.940525 1.364462 -3.445238
v -3.986338 0.298427 -4.042888
v -3.986338 0.298427 -3.445238
v -3.986338 8.522121 -4.042888
v -3.986338 8.522121 -3.445238
v -8.098186 4.410275 -4.042888
v -8.098186 4.410275 -3.445238
v 0.125511 4.410275 -4.042888
v 0.125511 4.410275 -3.445238
v -3.986338 4.410275 -3.445238
v -3.986338 4.410275 -4.042888
v -11.652380 5.370564 -0.284067
v -11.652380 5.370564 0.284066
v -7.584521 5.370564 -0.284067
v -7.584521 5.370564 0.284066
v -9.618451 6.124547 -0.284067
v -9.618451 6.124547 0.284066
v -12.275081 3.392396 -0.274841
v -12.275081 3.392396 0.274840
v -6.961821 3.392396 -0.274841
v -6.961821 3.392396 0.274840
v -11.454178 5.160638 -0.428822
v -11.454178 5.160638 0.428822
v -7.782723 5.160638 -0.428822
v -7.782723 5.160638 0.428822
v -9.618451 5.827667 -0.428822
v -9.618451 5.827667 0.428822
v -12.099694 3.118257 -0.428822
v -12.099694 3.118257 0.428822
v -7.137208 3.118257 -0.428822
v -7.137208 3.118257 0.428822
v -2.313522 3.412235 -0.588579
v -9.439901 3.124914 -0.588578
v -4.511803 9.932457 -0.588579
v -10.522429 3.928079 -0.588578
v -2.313522 3.412232 0.735487
v -9.439901 3.124914 0.735487
v -4.511803 9.932454 0.735487
v -10.522428 3.928078 0.735487
v -4.855107 5.566313 -0.583753
v -6.672346 5.571940 -0.588579
v -8.046694 5.724113 -0.588579
v -9.346026 6.657627 -0.588579
v -7.296613 7.423551 -0.588579
v -5.787269 8.331155 -0.583754
v -9.346026 6.657625 0.735487
v -7.296616 7.423552 0.735487
v -5.787270 8.331154 0.730661
v -8.046693 5.724113 0.735487
v -6.672347 5.571939 0.735487
v -4.855107 5.566315 0.730661
v -3.412659 6.672345 -0.588579
v -10.167119 3.305289 -0.588579
v -3.412663 6.672345 0.735487
v -10.167121 3.305294 0.735487
v -5.321187 6.948733 0.730662
v -6.984478 6.497747 0.735487
v -8.696359 6.190867 0.735487
v -5.321187 6.948733 -0.583754
v -6.984480 6.497746 -0.588579
v -8.696359 6.190869 -0.588578
v -3.079798 6.784569 -0.588578
v -1.980656 3.524457 -0.588579
v -4.178937 10.044681 0.735487
v -4.178937 10.044681 -0.588579
v -3.079798 6.784570 0.735487
v -1.980657 3.524459 0.735487
v 0.748405 13.600799 -0.608360
v 0.748405 15.901137 -0.608360
v 0.748405 13.600799 -0.915241
v 0.748405 15.901137 -0.915241
v 1.055287 13.600799 -0.608360
v 1.055287 15.901137 -0.608360
v 1.055287 13.600799 -0.915241
v 1.055287 15.901137 -0.915241
v 0.694701 13.600799 -0.761800
v 0.694701 15.901137 -0.761800
v 1.108990 13.600799 -0.761800
v 1.108990 15.901137 -0.761800
v 0.901846 13.600799 -0.968945
v 0.901846 15.901137 -0.968945
v 0.901846 13.600799 -0.554656
v 0.901846 15.901137 -0.554656
v 0.676901 13.582984 -0.761800
v 0.677188 13.529282 -0.608360
v 0.678012 13.375843 -0.968945
v 0.677188 13.529282 -0.915241
v 0.679122 13.168700 -0.761800
v 0.678834 13.222405 -0.915241
v 0.678012 13.375843 -0.554656
v 0.678834 13.222405 -0.608360
v -2.669271 13.582988 -0.761800
v -2.669367 13.529284 -0.608360
v -2.669641 13.375843 -0.968945
v -2.669367 13.529284 -0.915241
v -2.670012 13.168698 -0.761800
v -2.669915 13.222403 -0.915241
v -2.669641 13.375843 -0.554656
v -2.669915 13.222403 -0.608360
v 0.748405 13.980526 0.103926
v 0.748405 15.679934 0.103926
v 0.748405 13.980526 -0.202955
v 0.748405 15.679934 -0.202955
v 1.055287 13.980526 0.103926
v 1.055287 15.679934 0.103926
v 1.055287 13.980526 -0.202955
v 1.055287 15.679934 -0.202955
v 0.694701 13.980526 -0.049515
v 0.694701 15.679934 -0.049515
v 1.108990 13.980526 -0.049515
v 1.108990 15.679934 -0.049515
v 0.901846 13.980526 -0.256659
v 0.901846 15.679934 -0.256659
v 0.901846 13.980526 0.157630
v 0.901846 15.679934 0.157630
v 0.676901 13.962711 -0.049515
v 0.677188 13.909009 0.103926
v 0.678012 13.755570 -0.256659
v 0.677188 13.909009 -0.202955
v 0.679122 13.548428 -0.049515
v 0.678834 13.602133 -0.202955
v 0.678012 13.755570 0.157630
v 0.678834 13.602133 0.103926
v -2.502316 13.962715 -0.049515
v -2.502412 13.909011 0.103926
v -2.502686 13.755570 -0.256659
v -2.502412 13.909011 -0.202955
v -2.503057 13.548426 -0.049515
v -2.502960 13.602130 -0.202955
v -2.502686 13.755570 0.157630
v -2.502960 13.602130 0.103926
v 0.007775 15.215406 1.196400
v 0.007775 16.489609 1.196400
v 0.007775 15.215406 -1.221588
v 0.007775 16.489609 -1.221588
v 1.244461 15.215406 1.196400
v 1.244461 16.489609 1.196400
v 1.244461 15.215406 -1.221588
v 1.244461 16.489609 -1.221588
v 1.388333 16.199820 -0.404514
v 1.254460 16.199820 -0.404514
v 1.388333 15.656369 -0.404514
v 1.254460 15.656369 -0.404514
v 1.388333 16.199820 -0.947965
v 1.254460 16.199820 -0.947965
v 1.388333 15.656369 -0.947965
v 1.254460 15.656369 -0.947965
v 1.388333 15.561266 -0.676240
v 1.254460 15.561266 -0.676240
v 1.388333 16.294926 -0.676240
v 1.254460 16.294926 -0.676240
v 1.388333 15.928095 -0.309410
v 1.254460 15.928095 -0.309410
v 1.388333 15.928095 -1.043069
v 1.254460 15.928095 -1.043069
v 1.254460 15.928095 -0.676240
v 1.388333 15.928095 -0.676240
v 1.388333 16.199820 0.777868
v 1.254460 16.199820 0.777868
v 1.388333 15.656369 0.777868
v 1.254460 15.656369 0.777868
v 1.388333 16.199820 0.234418
v 1.254460 16.199820 0.234418
v 1.388333 15.656369 0.234418
v 1.254460 15.656369 0.234418
v 1.388333 15.561266 0.506143
v 1.254460 15.561266 0.506143
v 1.388333 16.294926 0.506143
v 1.254460 16.294926 0.506143
v 1.388333 15.928095 0.872972
v 1.254460 15.928095 0.872972
v 1.388333 15.928095 0.139314
v 1.254460 15.928095 0.139314
v 1.254460 15.928095 0.506143
v 1.388333 15.928095 0.506143
v -4.171721 11.102846 1.000000
v -4.171721 16.017721 1.000000
v -4.171721 11.102846 -1.000000
v -4.171721 16.017721 -1.000000
v -2.171721 11.102846 1.000000
v -2.171721 16.017721 1.000000
v -2.171721 11.102846 -1.000000
v -2.171721 16.017721 -1.000000
v -3.171721 11.102846 -1.350000
v -3.171721 16.017721 -1.350000
v -3.171721 11.102846 1.350000
v -3.171721 16.017721 1.350000
v -4.521722 11.102846 0.000000
v -4.521722 16.017721 0.000000
v -1.821722 11.102846 0.000000
v -1.821722 16.017721 0.000000
v -3.988644 16.488844 0.816922
v -3.988644 16.488844 -0.816922
v -2.354799 16.488844 0.816922
v -2.354799 16.488844 -0.816922
v -3.171721 16.488844 -1.102845
v -3.171721 16.488844 1.102845
v -4.274566 16.488844 0.000000
v -2.068877 16.488844 0.000000
v -3.988644 10.631726 0.816922
v -3.988644 10.631726 -0.816922
v -2.354799 10.631726 0.816922
v -2.354799 10.631726 -0.816922
v -3.171721 10.631726 -1.102845
v -3.171721 10.631726 1.102845
v -4.274566 10.631726 0.000000
v -2.068877 10.631726 0.000000
v -3.744965 16.818708 0.573244
v -3.744965 16.818708 -0.573244
v -2.598477 16.818708 0.573244
v -2.598477 16.818708 -0.573244
v -3.171721 16.818708 -0.773879
v -3.171721 16.818708 0.773879
v -3.945601 16.818708 0.000000
v -2.397842 16.818708 0.000000
v -3.744965 10.301860 0.573244
v -3.744965 10.301860 -0.573244
v -2.598477 10.301860 0.573244
v -2.598477 10.301860 -0.573244
v -3.171721 10.301860 -0.773879
v -3.171721 10.301860 0.773879
v -3.945601 10.301860 0.000000
v -2.397842 10.301860 0.000000
v -3.171721 17.048449 0.000000
v -3.171721 10.072121 0.000000
v -0.292540 14.498860 -1.277526
v 0.271667 14.796748 -0.550513
v -0.696167 14.414398 -1.277526
v -1.097093 14.431978 -1.277526
v -1.470855 14.518151 -0.832807
v -1.654949 14.667790 -0.440572
v -0.074815 15.974008 -1.650019
v 0.435915 15.951613 -1.041412
v -0.702381 16.001522 -1.717342
v -1.473055 16.035313 -1.717342
v -1.820215 16.050535 -1.162516
v -1.988838 16.057928 -0.673169
v 0.070337 17.244684 -1.859056
v 0.532052 17.175327 -1.214203
v -0.925393 16.987251 -1.970594
v -1.602378 17.357838 -2.037910
v -2.293687 17.175325 -1.527490
v -2.444268 17.175325 -0.845960
v -0.225149 18.640837 -1.771613
v 0.279850 18.640837 -0.971769
v 0.387334 18.620319 0.009642
v -0.987878 18.886477 -1.914296
v -1.668453 18.638433 -1.893970
v -2.101007 18.640837 -1.501562
v -2.161967 18.640837 -1.008363
v -0.663293 19.103708 -1.320005
v -0.359125 19.020494 -0.611046
v -0.142748 18.872063 0.022881
v -0.952211 19.103708 -1.320005
v -1.294314 19.103708 -1.320005
v -1.640992 19.103708 -0.958704
v -1.790699 19.103708 -0.640042
v -1.824326 19.007071 0.015179
v -2.197347 17.908081 -1.608691
v -2.303118 17.908081 -0.927161
v -1.800276 18.156948 -1.997642
v 0.557381 17.897823 0.000000
v 0.405951 17.908083 -1.092986
v -0.031247 17.908083 -1.878832
v 0.483984 16.563471 -1.127808
v 0.006693 16.574667 -1.765949
v -2.056951 16.612932 -1.345003
v -2.216553 16.616629 -0.759565
v -0.788370 16.588425 -1.833271
v -1.645960 16.605320 -1.833271
v -0.335119 17.471022 -2.048189
v -0.396158 18.240347 -2.011724
v -1.081851 18.695957 -2.077304
v -0.292540 14.498860 1.277526
v 0.271667 14.796748 0.550513
v 0.585711 15.069056 0.000000
v -0.696167 14.414398 1.277526
v -1.097093 14.431978 1.277526
v -1.470855 14.518151 0.832807
v -1.654949 14.667790 0.440572
v -1.605022 14.764587 -0.000000
v -0.074815 15.974008 1.650019
v 0.435915 15.951613 1.041412
v 0.735118 15.938495 0.000000
v -0.702381 16.001522 1.717342
v -1.473055 16.035313 1.717342
v -1.820215 16.050535 1.162516
v -1.988838 16.057928 0.673169
v -1.926374 16.057920 0.000000
v 0.070337 17.244684 1.859056
v 0.532052 17.175327 1.214203
v 0.727428 17.175327 0.000000
v -0.925393 16.987251 1.970594
v -1.602378 17.357838 2.037910
v -2.293687 17.175325 1.527490
v -2.444268 17.175325 0.845960
v -2.381979 17.175325 0.000000
v -0.225149 18.640837 1.771613
v 0.279850 18.640837 0.971769
v 0.387334 18.620319 -0.009642
v -0.987878 18.886477 1.914296
v -1.668453 18.638433 1.893970
v -2.101007 18.640837 1.501562
v -2.161967 18.640837 1.008363
v -2.099678 18.640837 0.000000
v -0.663293 19.103708 1.320005
v -0.359125 19.020494 0.611046
v -0.142748 18.872063 -0.022881
v -0.952211 19.103708 1.320005
v -1.294314 19.103708 1.320005
v -1.640992 19.103708 0.958704
v -1.790699 19.103708 0.640042
v -1.824326 19.007071 -0.015179
v -2.197347 17.908081 1.608691
v -2.303118 17.908081 0.927161
v -1.800276 18.156948 1.997642
v 0.405951 17.908083 1.092986
v -2.240829 17.908081 0.000000
v -0.031247 17.908083 1.878832
v 0.483984 16.563471 1.127808
v 0.006693 16.574667 1.765949
v -2.056951 16.612932 1.345003
v -2.216553 16.616629 0.759565
v -0.788370 16.588425 1.833271
v -1.645960 16.605320 1.833271
v 0.731273 16.556910 0.000000
v -2.154177 16.616625 0.000000
v -0.335119 17.471022 2.048189
v -0.396158 18.240347 2.011724
v -1.081851 18.695957 2.077304
v -1.317550 15.342027 -0.679512
v -1.317550 15.342027 -0.899811
v -1.317550 14.296026 -0.679512
v -1.317550 14.296026 -0.899811
v -0.271549 15.342027 -0.679512
v -0.271549 15.342027 -0.899811
v -0.271549 14.296026 -0.679512
v -0.271549 14.296026 -0.899811
v -0.794550 14.112976 -0.679512
v -0.794550 14.112976 -0.899811
v -0.794550 15.525078 -0.679512
v -0.794550 15.525078 -0.899811
v -1.500601 14.819027 -0.679512
v -1.500601 14.819027 -0.899811
v -0.088498 14.819027 -0.679512
v -0.088498 14.819027 -0.899811
v -0.794550 14.819027 -0.899811
v -0.794550 14.819027 -0.679512
v -1.669598 15.694072 -0.304219
v -1.669598 15.694072 -0.575507
v -1.669598 13.943977 -0.304219
v -1.669598 13.943977 -0.575507
v 0.080499 15.694072 -0.304219
v 0.080499 15.694072 -0.575507
v 0.080499 13.943977 -0.304219
v 0.080499 13.943977 -0.575507
v -0.794550 13.637711 -0.304219
v -0.794550 13.637711 -0.575507
v -0.794550 16.000340 -0.304219
v -0.794550 16.000340 -0.575507
v -1.975865 14.819026 -0.304219
v -1.975865 14.819026 -0.575507
v 0.386766 14.819026 -0.304219
v 0.386766 14.819026 -0.575507
v -0.794550 14.819026 -0.575507
v -0.794550 14.819026 -0.304219
v -1.669598 15.694072 0.516693
v -1.669598 15.694072 0.245406
v -1.669598 13.943977 0.516693
v -1.669598 13.943977 0.245406
v 0.080499 15.694072 0.516693
v 0.080499 15.694072 0.245406
v 0.080499 13.943977 0.516693
v 0.080499 13.943977 0.245406
v -0.794550 13.637711 0.516693
v -0.794550 13.637711 0.245406
v -0.794550 16.000340 0.516693
v -0.794550 16.000340 0.245406
v -1.975865 14.819026 0.516693
v -1.975865 14.819026 0.245406
v 0.386766 14.819026 0.516693
v 0.386766 14.819026 0.245406
v -0.794550 14.819026 0.245406
v -0.794550 14.819026 0.516693
v -1.317550 15.342027 0.094991
v -1.500601 14.819027 0.094991
v -1.317550 15.342027 -0.125307
v -0.794550 15.525078 0.094991
v -0.271549 15.342027 0.094991
v -0.794550 14.819027 0.094991
v -0.794550 15.525078 -0.125307
v -0.271549 15.342027 -0.125307
v -0.794550 14.819027 -0.125307
v -0.794550 14.112976 -0.125307
v -0.088498 14.819027 -0.125307
v -1.500601 14.819027 -0.125307
v -1.317550 14.296026 -0.125307
v -1.317550 14.296026 0.094991
v -0.794550 14.112976 0.094991
v -0.271549 14.296026 0.094991
v -0.271549 14.296026 -0.125307
v -0.088498 14.819027 0.094991
v -1.317550 15.342027 0.869495
v -1.500601 14.819027 0.869495
v -1.317550 15.342027 0.649196
v -0.794550 15.525078 0.869495
v -0.271549 15.342027 0.869495
v -0.794550 14.819027 0.869495
v -0.794550 15.525078 0.649196
v -0.271549 15.342027 0.649196
v -0.794550 14.819027 0.649196
v -0.794550 14.112976 0.649196
v -0.088498 14.819027 0.649196
v -1.500601 14.819027 0.649196
v -1.317550 14.296026 0.649196
v -1.317550 14.296026 0.869495
v -0.794550 14.112976 0.869495
v -0.271549 14.296026 0.869495
v -0.271549 14.296026 0.649196
v -0.088498 14.819027 0.869495
v -0.863705 14.887792 1.254937
v -0.887910 14.818637 1.254937
v -0.863705 14.887792 -1.285253
v -0.794550 14.911997 1.254937
v -0.725394 14.887792 1.254937
v -0.794550 14.818637 1.254937
v -0.794550 14.911997 -1.285253
v -0.725394 14.887792 -1.285253
v -0.794550 14.818637 -1.285253
v -0.794550 14.725277 -1.285253
v -0.701190 14.818637 -1.285253
v -0.887910 14.818637 -1.285253
v -0.863705 14.749481 -1.285253
v -0.863705 14.749481 1.254937
v -0.794550 14.725277 1.254937
v -0.725394 14.749481 1.254937
v -0.725394 14.749481 -1.285253
v -0.701190 14.818637 1.254937
v -2.952627 17.934166 -0.140275
v -2.952627 17.880463 0.013165
v -1.253220 17.934168 -0.140275
v -2.952627 18.087608 -0.193979
v -3.024143 17.862949 -0.140275
v -2.970442 17.862663 0.013165
v -3.177582 17.863773 -0.193979
v -3.024141 14.683350 -0.140275
v -2.970438 14.683447 0.013165
v -3.177582 14.683077 -0.193979
v -3.331022 14.682802 -0.140275
v -3.384727 14.682705 0.013165
v -3.331020 17.864595 -0.140275
v -2.952627 18.241049 -0.140275
v -3.384726 17.864883 0.013165
v -3.331020 17.864595 0.166606
v -2.952627 18.294752 0.013165
v -2.952627 18.241049 0.166606
v -1.253220 18.294752 0.013165
v -1.253220 18.241049 -0.140275
v -1.253220 18.241049 0.166606
v -1.253220 18.087608 0.220310
v -1.253220 17.934168 0.166606
v -2.952627 18.087608 0.220310
v -2.952627 17.934166 0.166606
v -3.177582 17.863773 0.220310
v -3.024143 17.862949 0.166606
v -3.177582 14.683077 0.220310
v -3.024141 14.683350 0.166606
v -3.331022 14.682802 0.166606
v -1.253220 17.880463 0.013165
v -1.253220 18.087608 -0.193979
v -0.783122 17.914951 0.824896
v -0.783123 18.240343 2.600933
v -0.783123 16.358793 1.607726
v -0.783123 18.077513 2.900826
v -1.118326 17.914951 0.824896
v -1.118326 18.240343 2.600933
v -1.118326 16.358793 1.607726
v -1.118326 18.077513 2.900826
v -0.784344 17.465389 1.538541
v -0.783123 17.528587 1.994236
v -0.783122 17.539309 2.344132
v -0.783122 17.351517 2.703006
v -0.783122 17.086672 2.216546
v -0.784344 16.805513 1.870492
v -1.118327 17.351517 2.703006
v -1.118326 17.086672 2.216546
v -1.117105 16.805515 1.870493
v -1.118327 17.539309 2.344133
v -1.118326 17.528587 1.994236
v -1.117105 17.465385 1.538541
v -0.783122 17.136871 1.216310
v -0.783122 18.220985 2.789625
v -1.118326 17.136871 1.216311
v -1.118326 18.220984 2.789625
v -1.117105 17.135450 1.704516
v -1.118327 17.307629 2.105391
v -1.118326 17.445414 2.523569
v -0.784344 17.135450 1.704516
v -0.783122 17.307631 2.105391
v -0.783123 17.445414 2.523569
v -0.783123 17.096909 1.136868
v -0.783122 17.874985 0.745451
v -1.118326 16.318829 1.528283
v -0.783122 16.318830 1.528283
v -1.118327 17.096909 1.136868
v -1.118326 17.874985 0.745454
v -0.783122 17.914951 -0.824896
v -0.783123 18.240343 -2.600933
v -0.783123 16.358793 -1.607726
v -0.783123 18.077513 -2.900826
v -1.118326 17.914951 -0.824896
v -1.118326 18.240343 -2.600933
v -1.118326 16.358793 -1.607726
v -1.118326 18.077513 -2.900826
v -0.784344 17.465389 -1.538541
v -0.783123 17.528587 -1.994236
v -0.783122 17.539309 -2.344132
v -0.783122 17.351517 -2.703006
v -0.783122 17.086672 -2.216546
v -0.784344 16.805513 -1.870492
v -1.118327 17.351517 -2.703006
v -1.118326 17.086672 -2.216546
v -1.117105 16.805515 -1.870493
v -1.118327 17.539309 -2.344133
v -1.118326 17.528587 -1.994236
v -1.117105 17.465385 -1.538541
v -0.783122 17.136871 -1.216310
v -0.783122 18.220985 -2.789625
v -1.118326 17.136871 -1.216311
v -1.118326 18.220984 -2.789625
v -1.117105 17.135450 -1.704516
v -1.118327 17.307629 -2.105391
v -1.118326 17.445414 -2.523569
v -0.784344 17.135450 -1.704516
v -0.783122 17.307631 -2.105391
v -0.783123 17.445414 -2.523569
v -0.783123 17.096909 -1.136868
v -0.783122 17.874985 -0.745451
v -1.118326 16.318829 -1.528283
v -0.783122 16.318830 -1.528283
v -1.118327 17.096909 -1.136868
v -1.118326 17.874985 -0.745454
v -0.109840 20.379093 -0.515539
v 0.006061 20.314232 -0.350190
v -0.060020 20.736990 -0.732786
v -0.192704 20.024200 -0.523194
v -0.522752 20.558031 -0.665253
v -0.759093 20.960291 -0.858817
v -0.404379 20.207144 -0.530156
v -1.125684 20.713274 -0.722234
v -1.017632 20.960291 -0.858817
v -1.538779 20.731489 -0.649098
v -1.595349 20.949316 -0.742110
v -1.696618 20.704077 -0.469530
v -1.797300 20.935242 -0.537847
v -1.769024 20.715126 -0.001082
v -1.864981 20.935242 -0.001082
v -0.501004 19.910542 0.019787
v -0.044822 19.846304 -0.005974
v -0.606165 20.020493 -0.360365
v -0.155309 19.921835 -0.360365
v 0.136061 20.265999 -0.005974
v 0.277095 20.632151 -0.001082
v 0.150736 21.020239 -0.001082
v 0.174746 20.676363 -0.389884
v 0.033020 21.029890 -0.389884
v -0.083509 21.050369 -0.732786
v 0.188230 21.351719 -0.389884
v 0.014751 21.383934 -0.732786
v 0.301497 21.301525 -0.001082
v 0.083068 21.716635 -0.451213
v -0.022093 22.081549 -0.512542
v 0.198651 21.686050 -0.001082
v -0.098825 21.662182 -0.761909
v -0.212401 21.940424 -0.728191
v -0.756849 21.723043 -0.878470
v -0.736584 22.044170 -0.782140
v -0.777113 21.401917 -0.890554
v -1.193143 21.723043 -0.878470
v -1.172879 22.044170 -0.782140
v -1.213407 21.401917 -0.903822
v -1.593505 21.613577 -0.738978
v -1.576852 21.877470 -0.639529
v -1.610157 21.349684 -0.763273
v -1.825268 21.465725 -0.552043
v -1.811457 21.652315 -0.509748
v -1.839080 21.279137 -0.544105
v -1.888510 21.465725 -0.001082
v -1.915041 21.279137 -0.001082
v -1.861979 21.652315 -0.001082
v -1.754977 21.849504 -0.001082
v -1.521000 22.156353 -0.001082
v -1.748077 21.838919 -0.320927
v -1.544289 22.059166 -0.435319
v -1.133253 22.265268 -0.520011
v -1.104913 22.383535 -0.001082
v -0.696959 22.265268 -0.520011
v -0.668619 22.383535 -0.001082
v 0.095805 22.070574 -0.001082
v -1.890558 21.127806 0.008384
v -1.825965 21.127806 -0.558756
v -1.603733 21.135654 -0.772762
v -1.205589 21.141464 -0.901631
v -0.769295 21.141464 -0.901631
v -1.281950 20.517710 -0.582435
v -1.480371 20.513880 -0.495075
v -1.590153 20.503222 -0.396171
v -1.645574 20.511681 -0.001082
v 0.639780 17.410400 -1.000000
v 0.639780 16.558891 -1.000000
v 0.775785 17.410400 0.000000
v 0.775785 16.558891 0.000000
v 0.406132 17.410400 -1.599680
v 0.406132 16.558891 -1.599680
v 0.456185 18.326973 -1.000000
v 0.592190 18.326973 0.000000
v 0.404954 17.683586 -1.313477
v 1.176257 11.544853 -1.000000
v 1.176257 10.693344 -1.000000
v 1.312261 11.544853 0.000000
v 1.312261 10.693344 0.000000
v 0.554999 11.544853 -1.721908
v 0.554999 10.693344 -1.804728
v 0.654904 12.461426 -1.000000
v 0.790909 12.461426 0.000000
v 0.217240 12.496001 -1.599680
v 1.176257 9.298935 -1.000000
v 1.312261 9.298935 0.000000
v 0.554999 9.298935 -1.953886
v 1.579372 7.291941 -1.000000
v 1.715377 7.291941 0.000000
v 0.958114 7.291941 -2.200985
v 2.294305 5.308799 -1.000000
v 2.430310 5.308799 0.000000
v 1.246501 5.308799 -2.343651
v 0.639780 17.410400 1.000000
v 0.639780 16.558891 1.000000
v 0.406132 17.410400 1.599680
v 0.406132 16.558891 1.599680
v 0.456185 18.326973 1.000000
v 0.404954 17.683586 1.313477
v 1.176257 11.544853 1.000000
v 1.176257 10.693344 1.000000
v 0.554999 11.544853 1.721908
v 0.554999 10.693344 1.804728
v 0.654904 12.461426 1.000000
v 0.217240 12.496001 1.599680
v 1.176257 9.298935 1.000000
v 0.554999 9.298935 1.953886
v 1.579372 7.291941 1.000000
v 0.958114 7.291941 2.200985
v 2.294305 5.308799 1.000000
v 1.246501 5.308799 2.343651
v 0.524958 17.397276 -0.967694
v 0.523610 16.558891 -0.969922
v 0.656361 17.398657 0.000000
v 0.655785 16.558891 0.000000
v 0.296219 17.400341 -1.552585
v 0.294319 16.558891 -1.556116
v 0.341617 18.301971 -0.974525
v 0.474528 18.303404 0.000000
v 0.301071 17.654774 -1.260767
v 1.068410 11.517000 -0.955354
v 1.065374 10.691435 -0.954160
v 1.196086 11.514799 0.000000
v 1.192261 10.693344 0.000000
v 0.463385 11.519936 -1.648519
v 0.459324 10.689650 -1.732390
v 0.557399 12.408853 -0.953862
v 0.686602 12.402096 0.000000
v 0.129777 12.451261 -1.530771
v 1.064474 9.285620 -0.958438
v 1.192860 9.286960 0.000000
v 0.454573 9.284704 -1.889760
v 1.470020 7.262640 -0.960206
v 1.599848 7.259491 -0.000000
v 0.858273 7.266369 -2.139521
v 2.186214 5.273675 -0.961494
v 2.317422 5.268102 0.000000
v 1.148739 5.281763 -2.279528
v 0.524958 17.397276 0.967694
v 0.523610 16.558891 0.969922
v 0.296219 17.400341 1.552585
v 0.294319 16.558891 1.556116
v 0.341617 18.301971 0.974525
v 0.301071 17.654774 1.260768
v 1.068410 11.517000 0.955354
v 1.065374 10.691435 0.954160
v 0.463385 11.519936 1.648519
v 0.459324 10.689650 1.732390
v 0.557399 12.408853 0.953862
v 0.129777 12.451261 1.530771
v 1.064474 9.285620 0.958438
v 0.454573 9.284704 1.889760
v 1.470020 7.262640 0.960206
v 0.858273 7.266369 2.139521
v 2.186214 5.273675 0.961494
v 1.148739 5.281763 2.279528
v 1.592765 9.298935 -1.000000
v 1.545012 9.298935 -0.280556
v 1.604532 7.413606 -0.943809
v 1.715040 7.413606 -0.131279
v 0.367467 18.750938 -0.974560
v 0.532048 18.248947 -0.944778
v 0.402239 18.749956 -0.728272
v 0.557850 18.249626 -0.693884
v 0.089953 18.906815 -0.981984
v 0.124137 18.906717 -0.735643
v -0.375798 19.094046 -0.981739
v -0.341711 19.094036 -0.735167
v -0.895251 19.227108 -0.965003
v -0.861068 19.303692 -0.730682
v -1.237378 19.228518 -0.957097
v -1.206056 19.341007 -0.737653
v -1.559645 19.185966 -0.744345
v -1.527102 19.295048 -0.535335
v -1.844211 19.114830 -0.338745
v -1.735101 19.261898 -0.170355
v -1.893047 19.118361 -0.012199
v -1.761280 19.263752 0.004922
v 0.660443 18.074438 -0.894817
v 0.686569 18.074438 -0.643996
v 0.481703 17.059870 -1.505348
v 0.550640 17.059870 -1.343820
v 0.481703 15.795683 -1.505348
v 0.550640 15.795683 -1.343820
v 0.481703 14.332660 -1.505348
v 0.550640 14.332660 -1.343820
v 0.481192 13.406961 -1.506369
v 0.550134 13.406971 -1.344833
v 0.439661 12.274482 -1.527337
v 0.554502 12.274482 -1.365809
v 0.347889 12.487844 -1.474095
v 0.462725 12.487866 -1.312569
v 0.367467 18.750938 0.974560
v 0.532048 18.248947 0.944778
v 0.402239 18.749956 0.728272
v 0.557850 18.249626 0.693884
v 0.089953 18.906815 0.981984
v 0.124137 18.906717 0.735643
v -0.375798 19.094046 0.981739
v -0.341711 19.094036 0.735167
v -0.895251 19.227108 0.965003
v -0.861068 19.303692 0.730682
v -1.237378 19.228518 0.957097
v -1.206056 19.341007 0.737653
v -1.559645 19.185966 0.744345
v -1.527102 19.295048 0.535335
v -1.844211 19.114830 0.338745
v -1.735101 19.261898 0.170355
v -1.893047 19.118361 0.012199
v -1.761280 19.263752 -0.004922
v 0.660443 18.074438 0.894817
v 0.686569 18.074438 0.643996
v 0.481703 17.059870 1.505348
v 0.550640 17.059870 1.343820
v 0.481703 15.795683 1.505348
v 0.550640 15.795683 1.343820
v 0.481703 14.332660 1.505348
v 0.550640 14.332660 1.343820
v 0.481192 13.406961 1.506369
v 0.550134 13.406971 1.344833
v 0.439661 12.274482 1.527337
v 0.554502 12.274482 1.365809
v 0.347889 12.487844 1.474095
v 0.462725 12.487866 1.312569
v 0.337326 18.724922 -0.970724
v 0.495999 18.232109 -0.940661
v 0.370529 18.725904 -0.724274
v 0.522449 18.231430 -0.689912
v 0.072929 18.870693 -0.979636
v 0.106720 18.870790 -0.733240
v -0.389280 19.056730 -0.976664
v -0.355392 19.056740 -0.730500
v -0.902265 19.189590 -0.953040
v -0.868474 19.266151 -0.719028
v -1.231722 19.192240 -0.941229
v -1.199093 19.304947 -0.721804
v -1.541698 19.153122 -0.730237
v -1.506265 19.263416 -0.522475
v -1.818308 19.085735 -0.329659
v -1.707621 19.233700 -0.163302
v -1.863880 19.091383 -0.007572
v -1.732113 19.236774 0.009549
v 0.627849 18.051500 -0.891422
v 0.653975 18.051500 -0.640601
v 0.444913 17.059870 -1.489647
v 0.513851 17.059870 -1.328119
v 0.444913 15.795683 -1.489647
v 0.513851 15.795683 -1.328119
v 0.444913 14.332660 -1.489647
v 0.513851 14.332660 -1.328119
v 0.445424 13.409386 -1.488626
v 0.514357 13.409376 -1.327106
v 0.410394 12.256860 -1.506530
v 0.525235 12.256860 -1.345002
v 0.314591 12.481119 -1.452976
v 0.429437 12.481097 -1.291447
v 0.337326 18.724922 0.970724
v 0.495999 18.232109 0.940661
v 0.370529 18.725904 0.724274
v 0.522449 18.231430 0.689912
v 0.072929 18.870693 0.979636
v 0.106720 18.870790 0.733240
v -0.389280 19.056730 0.976664
v -0.355392 19.056740 0.730500
v -0.902265 19.189590 0.953040
v -0.868474 19.266151 0.719028
v -1.231722 19.192240 0.941229
v -1.199093 19.304947 0.721804
v -1.541698 19.153122 0.730237
v -1.506265 19.263416 0.522475
v -1.818308 19.085735 0.329659
v -1.707621 19.233700 0.163302
v -1.863880 19.091383 0.007572
v -1.732113 19.236774 -0.009549
v 0.627849 18.051500 0.891422
v 0.653975 18.051500 0.640601
v 0.444913 17.059870 1.489647
v 0.513851 17.059870 1.328119
v 0.444913 15.795683 1.489647
v 0.513851 15.795683 1.328119
v 0.444913 14.332660 1.489647
v 0.513851 14.332660 1.328119
v 0.445424 13.409386 1.488626
v 0.514357 13.409376 1.327106
v 0.410394 12.256860 1.506530
v 0.525235 12.256860 1.345002
v 0.314591 12.481119 1.452976
v 0.429437 12.481097 1.291447
v -6.091916 17.707914 16.504972
v 6.196740 17.718166 5.425435
v -6.177760 17.707914 16.410555
v 5.961206 17.718166 5.166377
v -6.091916 17.580305 16.504972
v 6.196740 17.368042 5.425435
v -6.177760 17.580305 16.410555
v 5.961206 17.368042 5.166377
v -6.134837 17.730246 16.457764
v 6.078973 17.779440 5.295907
v -6.134837 17.557974 16.457764
v 6.078973 17.306772 5.295907
v -6.192782 17.644110 16.394030
v 5.919988 17.543106 5.121042
v -6.076894 17.644110 16.521494
v 6.237958 17.543106 5.470770
v 6.208389 17.735485 5.438249
v -6.134837 17.644110 16.457764
v -1.311356 17.759521 12.390360
v -1.523152 17.759521 12.157412
v -1.523152 17.444681 12.157412
v -1.311356 17.444681 12.390361
v -1.417253 17.389585 12.273886
v -1.417253 17.814617 12.273886
v -1.274290 17.602102 12.431129
v -1.560217 17.602102 12.116643
v 4.354155 17.700523 7.076852
v 4.142357 17.700523 6.843903
v 4.142357 17.385685 6.843903
v 4.354154 17.385685 7.076853
v 4.248257 17.330587 6.960378
v 4.248257 17.755621 6.960378
v 4.391219 17.543106 7.117620
v 4.105293 17.543106 6.803136
v 4.407311 17.718166 7.052367
v 4.171777 17.718166 6.793309
v 4.171777 17.368042 6.793309
v 4.407311 17.368042 7.052368
v 4.289545 17.306772 6.922839
v 4.289545 17.779440 6.922839
v 4.448529 17.543106 7.097703
v 4.130559 17.543106 6.747974
v 5.949556 17.735485 5.153563
v 6.208389 17.350723 5.438249
v 5.949556 17.350723 5.153563
v 6.078973 17.802818 5.295907
v 6.078973 17.283392 5.295907
v 5.904261 17.543106 5.103744
v 6.253685 17.543106 5.488068
v 6.267036 17.735485 5.384928
v 6.008203 17.735485 5.100243
v 6.267036 17.350723 5.384928
v 6.008203 17.350723 5.100243
v 6.137619 17.802818 5.242586
v 6.137619 17.283392 5.242586
v 5.962907 17.543106 5.050423
v 6.312331 17.543106 5.434747
v 6.228759 17.678587 5.342828
v 6.046479 17.678587 5.142342
v 6.228759 17.407623 5.342828
v 6.046479 17.407623 5.142342
v 6.137619 17.726004 5.242586
v 6.137619 17.360205 5.242586
v 6.014580 17.543106 5.107257
v 6.260658 17.543106 5.377913
v 6.654177 17.878019 5.178883
v 6.203445 17.878019 4.683133
v 6.654177 17.208000 5.178883
v 6.203445 17.208000 4.683133
v 6.428813 17.995272 4.931009
v 6.428813 17.090746 4.931009
v 6.124569 17.543011 4.596379
v 6.733054 17.543011 5.265638
v 6.988894 17.957272 4.986242
v 6.431530 17.957272 4.373209
v 6.988894 17.128742 4.986242
v 6.431530 17.128742 4.373209
v 6.710292 18.102266 4.679812
v 6.710292 16.983751 4.679812
v 6.334072 17.543011 4.266016
v 7.086510 17.543011 5.093607
v 7.258605 17.912018 4.815076
v 6.921953 17.912018 4.105628
v 7.258605 17.173994 4.815076
v 6.921953 17.173994 4.105628
v 7.073689 18.041174 4.442177
v 7.073689 17.044842 4.442177
v 6.868935 17.543011 3.988033
v 7.336103 17.543011 4.959738
v 7.816478 17.784752 4.308975
v 7.491227 17.784752 3.951238
v 7.816478 17.301262 4.308975
v 7.491227 17.301262 3.951238
v 7.653852 17.869366 4.130107
v 7.653852 17.216654 4.130107
v 7.434308 17.543011 3.888635
v 7.873394 17.543011 4.371578
v 8.258379 17.666553 3.570976
v 8.092154 17.666553 3.388149
v 8.258379 17.419460 3.570976
v 8.092154 17.419460 3.388149
v 8.175475 17.709799 3.479792
v 8.175475 17.376221 3.479792
v 8.063275 17.543011 3.356386
v 8.287677 17.543011 3.603200
v 8.426741 17.552208 3.029379
v 3.037535 17.745760 7.859076
v 3.037535 17.365406 7.859076
v 3.293406 17.365406 8.140501
v 3.165472 17.298843 7.999788
v 3.165472 17.812323 7.999788
v 3.338184 17.555586 8.189753
v 2.992758 17.555586 7.809824
v 3.293406 17.745760 8.140500
v 1.726706 17.759411 9.088463
v 1.726706 17.379057 9.088463
v 1.982576 17.379057 9.369887
v 1.854642 17.312494 9.229176
v 1.854642 17.825974 9.229176
v 2.027354 17.569237 9.419140
v 1.681929 17.569237 9.039210
v 1.982577 17.759411 9.369887
v 3.165472 17.555584 7.999788
v 1.854641 17.569237 9.229175
v 1.941780 17.833141 8.118285
v 0.876752 17.843752 7.478644
v 1.950524 18.331682 8.140271
v 0.885716 18.354851 7.501184
v 1.990740 18.084940 8.054215
v 0.926944 18.101894 7.412961
v 2.128726 17.827635 8.143489
v 2.377149 18.223951 8.313550
v 2.307937 18.030842 8.151605
v 2.666497 17.558985 8.115814
v 2.839211 17.815722 8.305778
v 2.711275 17.749159 8.165065
v 1.999959 17.565926 8.740939
v 1.687363 17.818716 8.546597
v 0.615924 17.828962 7.917745
v 1.696107 18.317255 8.568583
v 0.624887 18.340059 7.940286
v 1.647148 18.065456 8.632653
v 0.574696 18.081919 8.005970
v 1.824846 18.411713 8.358274
v 0.756869 18.436899 7.724678
v 0.744769 17.746912 7.694250
v 1.849639 17.811810 8.613332
v 2.106087 18.208580 8.769880
v 1.936560 18.009783 8.776814
v 2.268614 18.279154 8.554552
v 1.820816 17.741182 8.333295
v 2.044737 17.756100 8.790192
v 2.300607 17.756100 9.071616
v 2.172673 17.822662 8.930904
v 2.967146 17.749159 8.446490
v 2.044737 17.375744 8.790192
v 2.300607 17.375744 9.071616
v 2.172673 17.309181 8.930904
v 2.345385 17.565926 9.120869
v 2.711275 17.368803 8.165065
v 2.967145 17.368803 8.446490
v 2.839211 17.302240 8.305778
v 3.011924 17.558985 8.495742
v 1.957592 17.743158 8.351460
v -4.094457 9.503417 3.158809
v -4.094457 10.994544 3.158809
v -4.094457 9.503417 -0.839250
v -4.094457 10.994544 -0.839250
v -0.765618 9.503417 3.158809
v -0.765618 10.994544 3.158809
v -0.765618 9.503417 -0.839250
v -0.765618 10.994544 -0.839250
v -1.907795 20.719727 0.001844
v -1.967377 21.013168 0.001646
v -1.851049 20.554310 0.028132
v -1.662834 20.349468 0.001705
v -1.431685 20.086918 0.000728
v -0.935762 19.865213 -0.000260
v -0.450588 19.776592 0.022817
v 0.056702 19.705160 -0.005832
v 0.295593 20.171875 -0.005832
v 0.452427 20.579046 -0.000391
v 0.274170 21.010614 0.000025
v 0.441821 21.323416 -0.000391
v 0.213084 22.178627 -0.000009
v -0.636981 22.526646 0.001713
v -1.122155 22.526646 0.001713
v -1.584858 22.274014 0.002736
v -1.845048 21.932785 0.002465
v -1.964039 21.713505 0.001662
v -2.023045 21.298519 0.001236
v -1.995819 21.130232 0.011957
v 0.327452 21.751020 -0.000156
v -1.993542 21.506012 0.001501
vn 0.0955 -0.3417 -0.9349
vn 0.9855 -0.0996 0.1371
vn -0.0498 -0.9436 -0.3272
vn -0.1400 -0.9345 0.3272
vn -0.9855 0.0996 -0.1371
vn 0.1619 0.3157 -0.9349
vn 0.1399 0.9345 -0.3272
vn 0.0498 0.9436 0.3272
vn -0.0955 0.3417 0.9349
vn -0.1619 -0.3157 0.9349
vn -0.0499 -0.9436 -0.3272
vn 0.1619 0.3157 -0.9350
vn 0.1400 0.9345 -0.3272
vn 0.0499 0.9436 0.3272
vn -0.1619 -0.3157 0.9350
vn 0.1401 0.9345 -0.3272
vn 0.0955 -0.3417 -0.9350
vn 0.0858 0.9909 0.1034
vn -0.1597 -0.2765 0.9476
vn -0.1419 -0.9274 0.3462
vn 0.0880 -0.3905 -0.9164
vn -0.9385 -0.3070 0.1581
vn -0.9647 -0.2206 0.1441
vn -0.7860 -0.6113 0.0921
vn -0.7505 -0.6608 0.0087
vn -0.3995 -0.8950 0.1982
vn -0.1805 -0.9407 0.2872
vn -0.1647 -0.9572 0.2378
vn -0.2717 -0.8002 0.5347
vn -0.1673 -0.8789 0.4466
vn 0.7964 -0.4313 0.4239
vn 0.8186 -0.4256 0.3857
vn 0.8172 -0.2910 0.4975
vn 0.8629 -0.3625 0.3522
vn 0.8849 0.3333 0.3254
vn 0.8460 -0.4279 0.3181
vn 0.9408 0.2414 0.2379
vn 0.3235 0.9335 0.1548
vn -0.0000 0.9711 0.2386
vn -0.4707 0.8629 0.1842
vn -0.7755 0.6261 0.0811
vn -0.8972 0.4352 0.0749
vn -0.9868 0.1121 0.1172
vn -0.9833 -0.1182 0.1384
vn -0.6982 0.1127 0.7070
vn -0.6912 -0.0203 0.7224
vn -0.3514 0.0838 0.9325
vn -0.2964 0.0325 0.9545
vn -0.0000 0.0444 0.9990
vn -0.0000 0.0425 0.9991
vn 0.1688 -0.0055 0.9856
vn 0.1992 -0.0090 0.9799
vn -0.0000 -0.1174 0.9931
vn 0.1979 -0.0275 0.9798
vn 0.8614 -0.3309 0.3854
vn 0.8845 0.1819 0.4297
vn 0.1432 -0.2228 0.9643
vn -0.0000 -0.1545 0.9880
vn -0.2923 -0.1306 0.9474
vn -0.3801 -0.2386 0.8937
vn -0.7081 -0.1654 0.6865
vn -0.7295 -0.2752 0.6261
vn -0.9584 -0.2554 0.1277
vn -0.7840 -0.4020 0.4730
vn -0.3482 -0.7036 0.6194
vn -0.7650 -0.5986 0.2377
vn -0.3180 -0.7262 0.6095
vn -0.1181 -0.4819 0.8682
vn 0.1863 -0.3398 0.9219
vn 0.2240 0.8000 0.5566
vn -0.0000 0.8306 0.5568
vn 0.8038 0.1925 0.5629
vn -0.4729 0.7568 0.4511
vn -0.7760 0.5614 0.2874
vn 0.8558 0.2224 0.4671
vn 0.1337 -0.0059 0.9910
vn -0.0000 0.0376 0.9993
vn -0.3191 0.0793 0.9444
vn -0.6946 0.1125 0.7106
vn -0.9840 0.1126 0.1381
vn 0.9364 0.2381 0.2579
vn 0.7965 0.5784 -0.1764
vn 0.5868 0.7683 -0.2557
vn -0.0000 0.9201 -0.3916
vn -0.6087 0.7273 -0.3170
vn -0.9020 0.4282 -0.0549
vn -0.9966 -0.0825 -0.0000
vn -0.7956 -0.0579 -0.6030
vn -0.0000 -0.0398 -0.9992
vn 0.8349 -0.0557 -0.5476
vn 0.9079 -0.0729 -0.4127
vn -0.9953 0.0974 -0.0000
vn -0.7951 0.0683 -0.6026
vn -0.0000 0.0470 -0.9989
vn 0.8344 0.0658 -0.5473
vn 0.9070 0.0861 -0.4123
vn -0.5755 -0.3638 -0.7324
vn 0.3802 -0.0996 -0.9195
vn 0.9241 0.3050 0.2303
vn -0.3691 0.1336 0.9197
vn 0.4332 -0.8201 0.3739
vn -0.3034 0.0284 -0.9524
vn 0.3126 -0.0245 0.9496
vn 0.3604 -0.8795 0.3108
vn 0.3545 0.3036 0.8844
vn -0.3505 -0.3445 -0.8709
vn -0.1164 -0.7022 -0.7024
vn 0.9194 0.1870 0.3461
vn -0.9303 -0.2567 0.2622
vn 0.4342 -0.8213 -0.3702
vn 0.9219 0.2052 -0.3286
vn -0.9304 -0.1713 0.3241
vn -0.4283 0.8941 0.1312
vn -0.4990 0.8574 0.1262
vn -0.5234 0.8230 0.2207
vn -0.3978 0.8860 0.2385
vn -0.9102 -0.1848 -0.3708
vn -0.3865 -0.1901 0.9025
vn 0.3926 0.1926 -0.8993
vn 0.9370 0.2553 -0.2384
vn 0.9034 0.3293 -0.2747
vn 0.4924 -0.1102 -0.8633
vn -0.5016 0.1215 0.8566
vn -0.7882 -0.5319 -0.3094
vn -0.9001 -0.3396 0.2727
vn 0.7957 0.5198 0.3111
vn 0.1141 0.4426 0.8894
vn -0.1191 -0.4287 -0.8956
vn -0.2395 -0.4251 -0.8729
vn 0.2434 0.4242 0.8722
vn 0.8288 0.5243 0.1954
vn -0.8928 -0.3123 0.3247
vn -0.6531 -0.5129 -0.5571
vn -0.3934 0.0761 0.9162
vn 0.4332 -0.0569 -0.8995
vn 0.8710 0.3579 -0.3365
vn 0.8873 0.3726 -0.2719
vn 0.4298 0.1054 -0.8968
vn -0.4295 -0.1054 0.8969
vn -0.8445 -0.4133 -0.3407
vn -0.8864 -0.3712 0.2766
vn 0.8477 0.4126 0.3335
vn 0.2190 0.1858 0.9579
vn -0.2085 -0.1901 -0.9594
vn -0.1664 -0.3431 -0.9245
vn 0.1778 0.3308 0.9268
vn 0.8344 0.4525 0.3146
vn -0.9020 -0.3213 0.2885
vn -0.8296 -0.4638 -0.3108
vn -0.4623 0.0436 0.8857
vn 0.4598 -0.0444 -0.8869
vn 0.9016 0.3177 -0.2934
vn 0.9037 0.3739 -0.2087
vn -0.4661 0.2452 -0.8501
vn -0.9152 -0.3379 0.2194
vn 0.3695 -0.2627 0.8913
vn -0.4334 0.8203 0.3731
vn 0.2333 0.1417 -0.9620
vn -0.2288 -0.1498 0.9619
vn 0.1226 0.6952 0.7083
vn -0.3590 -0.4202 0.8334
vn 0.3493 0.4993 -0.7929
vn -0.0000 1.0000 -0.0000
vn -0.7774 -0.5026 0.3781
vn 0.8209 0.5266 0.2208
vn -0.6288 0.7734 -0.0806
vn -0.9356 -0.1458 -0.3215
vn 0.8268 -0.0107 0.5623
vn 0.4283 -0.8943 0.1293
vn 0.4999 -0.8572 0.1240
vn 0.5243 -0.8238 0.2155
vn 0.3975 -0.8877 0.2322
vn 0.7846 0.4913 -0.3782
vn 0.3746 0.2466 0.8938
vn -0.3796 -0.2377 -0.8941
vn -0.8240 -0.5218 -0.2210
vn -0.7906 -0.5389 -0.2907
vn -0.4323 -0.0275 -0.9013
vn 0.4341 0.0237 0.9005
vn 0.6806 0.6758 -0.2830
vn 0.7804 0.5531 0.2916
vn -0.6847 -0.6712 0.2840
vn -0.1240 -0.4449 0.8870
vn 0.1333 0.4311 -0.8924
vn 0.2354 0.5079 -0.8286
vn -0.1033 -0.8163 0.5684
vn -0.5274 -0.8494 0.0210
vn 0.6089 0.4359 0.6628
vn 0.7490 0.6474 -0.1410
vn 0.3998 0.0367 0.9159
vn -0.4112 0.0936 -0.9067
vn -0.6778 -0.6302 -0.3788
vn -0.8067 -0.5333 -0.2548
vn -0.4233 -0.1363 -0.8957
vn 0.4243 0.1345 0.8955
vn 0.7337 0.5909 -0.3355
vn 0.8082 0.5310 0.2545
vn -0.7339 -0.5905 0.3356
vn -0.1641 -0.2915 0.9424
vn 0.1604 0.2976 -0.9411
vn 0.1433 0.3957 -0.9071
vn -0.1488 -0.3883 0.9094
vn -0.7237 -0.6175 0.3082
vn 0.8197 0.4977 0.2835
vn 0.7237 0.6174 -0.3082
vn 0.4319 0.0262 0.9015
vn -0.4324 -0.0253 -0.9013
vn -0.8182 -0.5001 -0.2836
vn -0.9822 0.0499 -0.1809
vn 0.3258 0.4544 -0.8291
vn 0.9663 -0.0264 0.2560
vn -0.3821 0.2455 0.8909
vn 0.6183 -0.4504 0.6441
vn -0.3934 0.6188 0.6800
vn -0.2842 0.9486 -0.1395
vn -0.3190 0.9250 0.2066
vn 0.2309 -0.6477 -0.7260
vn 0.2950 -0.8869 -0.3556
vn 0.9332 0.0499 -0.3560
vn 0.9981 -0.0431 0.0434
vn -0.9039 -0.0264 0.4269
vn -0.9737 -0.0431 0.2236
vn -0.3546 -0.8869 -0.2962
vn -0.0358 -0.9195 -0.3915
vn -0.3587 -0.6477 -0.6722
vn -0.0647 -0.7037 -0.7075
vn 0.3445 0.9273 0.1464
vn 0.0162 0.9839 0.1778
vn 0.2510 0.9499 -0.1860
vn -0.0117 0.9917 -0.1277
vn 0.5042 0.6275 0.5933
vn 0.0530 0.8128 0.5801
vn -0.4913 -0.4504 0.7455
vn 0.0722 -0.6092 0.7897
vn 0.5372 0.2455 0.8069
vn 0.0893 0.1908 0.9776
vn -0.4707 0.4544 -0.7563
vn -0.0848 0.3623 -0.9282
vn -0.9399 0.3303 0.0859
vn 0.3349 0.9417 -0.0315
vn 0.9395 -0.3303 -0.0910
vn -0.3290 -0.9439 0.0301
vn 0.0008 0.2217 -0.9751
vn 0.2934 0.2073 0.9332
vn 0.1807 -0.9769 0.1142
vn 0.0008 -0.2217 -0.9751
vn 0.9395 0.3303 -0.0910
vn -0.9399 -0.3303 0.0859
vn 0.1784 -0.2639 -0.9479
vn 0.9399 0.3304 -0.0859
vn -0.1194 0.2073 0.9710
vn 0.1784 0.2639 -0.9479
vn 0.3349 -0.9417 -0.0315
vn -0.3290 0.9439 0.0301
vn 0.1605 -0.6768 0.7184
vn -0.0276 -0.6768 0.7356
vn 0.3290 0.9439 -0.0301
vn -0.1570 -0.9769 0.1451
vn -0.0440 -0.3862 -0.9214
vn 0.1379 0.9716 0.1921
vn 0.5040 -0.2249 0.8339
vn -0.1420 -0.9709 -0.1928
vn 0.4698 0.4318 0.7699
vn 0.2193 -0.9019 0.3721
vn 0.7716 -0.1628 -0.6149
vn 0.9184 -0.1316 -0.3732
vn 0.7727 0.1023 -0.6264
vn 0.8990 0.1291 -0.4185
vn -0.2561 0.8758 -0.4091
vn -0.4874 -0.3906 -0.7809
vn -0.1216 -0.9744 -0.1893
vn 0.1216 0.9744 0.1893
vn -0.5040 0.2249 -0.8339
vn -0.4270 0.1789 -0.8864
vn -0.2907 -0.5007 -0.8153
vn -0.1837 0.8103 -0.5564
vn 0.1018 0.7433 -0.6612
vn -0.0537 0.1861 -0.9811
vn -0.1039 -0.9692 -0.2234
vn 0.1160 0.1957 -0.9738
vn 0.0450 0.9989 0.0160
vn 0.4998 -0.8115 0.3028
vn 0.6914 0.4856 0.5349
vn 0.6990 -0.1571 0.6977
vn 0.5251 -0.7979 0.2960
vn 0.7152 0.5132 0.4744
vn 0.7592 -0.1642 0.6298
vn -0.1851 0.9700 0.1575
vn -0.3494 -0.9283 -0.1271
vn -0.2706 0.9492 0.1606
vn 0.6894 0.7060 0.1621
vn 0.9768 -0.0752 -0.2005
vn 0.7627 0.6425 -0.0743
vn 0.7112 -0.6228 -0.3260
vn -0.3075 0.2268 -0.9241
vn 0.3524 -0.2556 0.9003
vn -0.4639 -0.1163 0.8782
vn -0.8551 0.0060 0.5184
vn -0.4863 -0.3574 -0.7974
vn -0.1760 0.9354 -0.3067
vn -0.4884 0.3032 -0.8183
vn -0.1714 -0.9527 -0.2510
vn -0.4967 -0.4012 -0.7696
vn -0.3730 -0.9242 -0.0820
vn -0.3091 0.2673 -0.9127
vn -0.0469 0.9277 -0.3704
vn 0.1474 0.9009 -0.4083
vn -0.6318 -0.7646 0.1273
vn -0.5921 -0.5065 -0.6268
vn -0.1245 -0.0424 -0.9913
vn -0.7602 -0.6294 0.1611
vn -0.7536 -0.5115 -0.4128
vn -0.2651 -0.0979 -0.9592
vn 0.4631 0.7194 -0.5176
vn -0.9393 0.0975 -0.3289
vn -0.4427 0.7054 -0.5536
vn 0.5296 0.6774 -0.5106
vn -0.8473 -0.5268 0.0673
vn -0.7263 0.6869 -0.0263
vn -0.0566 0.9169 -0.3950
vn -0.9484 -0.2941 0.1188
vn 0.4186 0.7654 -0.4889
vn -0.4774 0.3027 -0.8249
vn -0.1572 -0.9543 -0.2542
vn -0.4752 -0.3578 -0.8038
vn -0.1663 0.9336 -0.3175
vn -0.4493 0.3475 -0.8230
vn 0.0848 0.9081 -0.4101
vn -0.6449 -0.3214 -0.6934
vn -0.2751 -0.9460 -0.1717
vn -0.4021 -0.9153 -0.0207
vn 0.3964 0.7523 -0.5262
vn -0.2814 0.4570 -0.8438
vn -0.8115 -0.0106 -0.5843
vn 0.4919 0.6155 -0.6159
vn -0.0165 0.4678 -0.8837
vn -0.7176 0.0422 -0.6952
vn -0.6547 -0.7303 0.1952
vn 0.1640 -0.1415 -0.9763
vn -0.2530 -0.7448 -0.6175
vn -0.6816 -0.6860 0.2547
vn 0.4572 0.5094 -0.7290
vn 0.3449 -0.7085 -0.6157
vn -0.2924 -0.9367 -0.1925
vn 0.5551 0.2889 -0.7800
vn -0.6068 -0.7760 0.1721
vn -0.0882 -0.9877 0.1291
vn -0.0843 -0.9880 0.1297
vn -0.0881 -0.9874 0.1311
vn -0.0990 -0.9888 0.1118
vn -0.0921 -0.9874 0.1285
vn -0.0901 -0.9872 0.1312
vn -0.0867 -0.9877 0.1304
vn -0.0891 -0.9876 0.1291
vn -0.0920 -0.9871 0.1310
vn -0.0983 -0.9850 0.1420
vn -0.0860 -0.9876 0.1315
vn 0.0882 0.9877 -0.1291
vn 0.0843 0.9880 -0.1297
vn 0.0881 0.9874 -0.1311
vn 0.0990 0.9888 -0.1118
vn 0.0921 0.9874 -0.1285
vn 0.0901 0.9872 -0.1312
vn 0.0867 0.9877 -0.1303
vn 0.0891 0.9876 -0.1291
vn 0.0920 0.9871 -0.1310
vn 0.0982 0.9850 -0.1420
vn 0.0860 0.9876 -0.1315
vn 0.9474 -0.1241 -0.2950
vn 0.8396 -0.1443 -0.5238
vn -0.8446 0.1437 0.5158
vn 0.1772 0.1120 0.9778
vn -0.9718 0.0577 -0.2286
vn 0.6661 -0.1556 -0.7295
vn 0.4817 0.0709 0.8735
vn 0.5344 -0.1569 -0.8306
vn 0.3703 -0.1533 -0.9162
vn -0.7203 0.1535 0.6764
vn 0.8768 -0.0162 0.4805
vn 0.7709 0.0138 0.6368
vn 0.3573 0.0895 0.9297
vn 0.5279 0.0633 0.8470
vn 0.9516 -0.0461 0.3038
vn 0.6058 -0.1567 -0.7800
vn 0.9183 -0.1317 -0.3735
vn -0.3855 -0.0855 -0.9187
vn -0.8248 0.0004 -0.5654
vn -0.0999 -0.1203 -0.9877
vn -0.8313 0.1452 0.5365
vn -0.8964 0.0229 -0.4426
vn -0.0396 0.1332 0.9903
vn -0.2614 0.1484 0.9538
vn 0.9925 -0.0770 0.0954
vn -0.9930 0.0780 -0.0886
vn -0.9439 -0.0000 -0.3304
vn 0.3304 -0.0000 -0.9439
vn 0.9439 -0.0000 0.3304
vn -0.3303 -0.0000 0.9439
vn -0.0000 -1.0000 -0.0000
vn 0.9439 -0.0000 -0.3304
vn -0.9439 -0.0000 0.3304
vn 0.3303 -0.0000 0.9439
vn -0.3304 -0.0000 -0.9439
vn -0.8339 0.3304 -0.4421
vn 0.2919 0.9439 0.1547
vn 0.8339 -0.3304 0.4421
vn -0.2919 -0.9438 -0.1548
vn -0.5107 -0.7657 0.3911
vn 0.9347 -0.2471 -0.2555
vn 0.0925 0.7062 -0.7020
vn -0.5107 0.7657 0.3911
vn 0.8339 0.3304 0.4421
vn -0.8339 -0.3304 -0.4421
vn -0.0371 -0.7657 0.6422
vn 0.5292 -0.7062 -0.4705
vn 0.5291 0.7062 -0.4705
vn -0.9504 0.2680 0.1580
vn 0.2919 -0.9438 0.1548
vn -0.2919 0.9439 -0.1547
vn 0.2919 0.9438 0.1547
vn 0.8339 -0.3303 0.4421
vn -0.2918 -0.9439 -0.1547
vn 0.4684 -0.0000 -0.8835
vn -0.4684 -0.0000 0.8835
vn -0.8339 -0.3303 -0.4421
vn 0.2919 -0.9439 0.1547
vn -0.2919 0.9439 -0.1548
vn -0.8339 0.3303 -0.4421
vn -0.2919 -0.9439 -0.1547
vn -0.2918 0.9439 -0.1547
vn 0.2918 -0.9439 0.1547
vn -0.9504 -0.2680 0.1580
vn -0.0372 0.7657 0.6422
vn 0.4026 0.2680 0.8753
vn 0.4026 -0.2680 0.8753
vn -0.4626 0.6769 -0.5725
vn -0.4626 -0.6769 -0.5725
vn 0.7335 -0.6769 0.0616
vn 0.7335 0.6769 0.0616
vn 0.8339 0.3303 0.4421
vn 0.9347 0.2471 -0.2555
vn -0.3131 -0.2472 -0.9170
vn -0.3131 0.2471 -0.9170
vn 0.0924 -0.7061 -0.7020
vn 0.2918 0.9439 0.1547
vn 0.8339 -0.3304 -0.4421
vn -0.2919 -0.9439 0.1547
vn -0.8339 0.3304 0.4421
vn 0.2919 0.9438 -0.1548
vn 0.5107 0.7657 0.3911
vn -0.9347 0.2471 -0.2555
vn -0.0925 -0.7062 -0.7020
vn 0.5107 -0.7657 0.3911
vn -0.8339 -0.3304 0.4421
vn 0.8339 0.3304 -0.4421
vn 0.0371 0.7657 0.6422
vn -0.5292 0.7062 -0.4705
vn -0.5291 -0.7062 -0.4705
vn 0.9504 -0.2680 0.1580
vn -0.2919 0.9438 0.1548
vn 0.2919 -0.9439 -0.1547
vn -0.2919 -0.9438 0.1547
vn -0.8339 0.3303 0.4421
vn 0.2918 0.9439 -0.1547
vn -0.4684 -0.0000 -0.8835
vn 0.4684 -0.0000 0.8835
vn 0.8339 0.3303 -0.4421
vn -0.2919 0.9439 0.1547
vn 0.2919 -0.9439 -0.1548
vn 0.8339 -0.3303 -0.4421
vn 0.2919 0.9439 -0.1547
vn 0.2918 -0.9439 -0.1547
vn -0.2918 0.9439 0.1547
vn 0.9504 0.2680 0.1580
vn 0.0372 -0.7657 0.6422
vn -0.4026 -0.2680 0.8753
vn -0.4026 0.2680 0.8753
vn 0.4626 -0.6769 -0.5725
vn 0.4626 0.6769 -0.5725
vn -0.7335 0.6769 0.0616
vn -0.7335 -0.6769 0.0616
vn -0.8339 -0.3303 0.4421
vn -0.9347 -0.2471 -0.2555
vn 0.3131 0.2472 -0.9170
vn 0.3131 -0.2471 -0.9170
vn -0.0924 0.7061 -0.7020
vn -0.2918 -0.9439 0.1547
vn 0.0440 0.3862 -0.9214
vn -0.1379 -0.9716 0.1921
vn -0.5040 0.2249 0.8339
vn 0.1420 0.9709 -0.1928
vn -0.4698 -0.4318 0.7699
vn -0.2193 0.9019 0.3721
vn -0.7716 0.1628 -0.6149
vn -0.9184 0.1316 -0.3732
vn -0.7727 -0.1023 -0.6264
vn -0.8990 -0.1291 -0.4185
vn 0.2561 -0.8758 -0.4091
vn 0.4874 0.3906 -0.7809
vn 0.1216 0.9744 -0.1893
vn -0.1216 -0.9744 0.1893
vn 0.5040 -0.2249 -0.8339
vn 0.4270 -0.1789 -0.8864
vn 0.2907 0.5007 -0.8153
vn 0.1837 -0.8103 -0.5564
vn -0.1018 -0.7433 -0.6612
vn 0.0537 -0.1861 -0.9811
vn 0.1039 0.9692 -0.2234
vn -0.1160 -0.1957 -0.9738
vn -0.0450 -0.9989 0.0160
vn -0.4998 0.8115 0.3028
vn -0.6914 -0.4856 0.5349
vn -0.6990 0.1571 0.6977
vn -0.5251 0.7979 0.2960
vn -0.7152 -0.5132 0.4744
vn -0.7592 0.1642 0.6298
vn 0.1851 -0.9700 0.1575
vn 0.3494 0.9283 -0.1271
vn 0.2706 -0.9492 0.1606
vn -0.6894 -0.7060 0.1621
vn -0.9768 0.0752 -0.2005
vn -0.7627 -0.6425 -0.0743
vn -0.7112 0.6228 -0.3260
vn 0.3075 -0.2268 -0.9241
vn -0.3524 0.2556 0.9003
vn 0.4639 0.1163 0.8782
vn 0.8551 -0.0060 0.5184
vn 0.9399 -0.3303 0.0859
vn -0.3349 -0.9417 -0.0315
vn -0.9395 0.3303 -0.0910
vn 0.3290 0.9439 0.0301
vn -0.0008 -0.2217 -0.9751
vn -0.2934 -0.2073 0.9332
vn -0.1807 0.9769 0.1142
vn -0.0008 0.2217 -0.9751
vn -0.9395 -0.3303 -0.0910
vn 0.9399 0.3303 0.0859
vn -0.1784 0.2639 -0.9479
vn -0.9399 -0.3304 -0.0859
vn 0.1194 -0.2073 0.9710
vn -0.1784 -0.2639 -0.9479
vn -0.3349 0.9417 -0.0315
vn 0.3290 -0.9439 0.0301
vn -0.1605 0.6768 0.7184
vn 0.0276 0.6768 0.7356
vn -0.3290 -0.9439 -0.0301
vn 0.1570 0.9769 0.1451
vn -0.5544 0.5488 0.6257
vn 0.8194 0.4915 0.2949
vn 0.5543 -0.5489 -0.6257
vn -0.8194 -0.4915 -0.2949
vn -0.5795 -0.7941 0.1831
vn 0.3181 0.0380 -0.9473
vn 0.1239 0.9922 -0.0148
vn 0.3244 0.1939 0.9258
vn 0.9444 -0.1225 -0.3052
vn -0.9444 0.1225 0.3052
vn -0.1540 -0.9847 -0.0812
vn -0.3172 -0.0949 -0.9436
vn 0.5164 0.8164 -0.2586
vn -0.3645 0.0498 0.9299
vn -0.2948 -0.7265 -0.6207
vn 0.2949 0.7265 0.6207
vn 0.5544 -0.5488 -0.6257
vn -0.1457 0.6761 -0.7222
vn 0.1457 -0.6762 0.7222
vn -0.1457 0.6762 -0.7222
vn 0.1457 -0.6761 0.7222
vn -0.2949 -0.7265 -0.6207
vn 0.2948 0.7265 0.6207
vn -0.6809 -0.2960 0.6699
vn 0.7499 0.0033 0.6615
vn 0.8512 -0.4948 0.1748
vn 0.5349 -0.8406 -0.0852
vn -0.1800 0.8730 0.4533
vn -0.9791 -0.0005 -0.2033
vn 0.0958 -0.4820 -0.8709
vn 0.8949 0.3915 -0.2143
vn 0.6099 0.3570 -0.7075
vn -0.8032 0.5403 -0.2509
vn -0.5114 0.8593 -0.0111
vn -0.7097 0.0809 -0.6998
vn 0.5544 -0.5488 0.6257
vn -0.8194 -0.4915 0.2949
vn -0.5543 0.5489 -0.6257
vn 0.8194 0.4915 -0.2949
vn 0.5795 0.7941 0.1831
vn -0.3181 -0.0380 -0.9473
vn -0.1239 -0.9922 -0.0148
vn -0.3244 -0.1939 0.9258
vn -0.9444 0.1225 -0.3052
vn 0.9444 -0.1225 0.3052
vn 0.1540 0.9847 -0.0812
vn 0.3172 0.0949 -0.9436
vn -0.5164 -0.8164 -0.2586
vn 0.3645 -0.0498 0.9299
vn 0.2948 0.7265 -0.6207
vn -0.2949 -0.7265 0.6207
vn -0.5544 0.5488 -0.6257
vn 0.1457 -0.6761 -0.7222
vn -0.1457 0.6762 0.7222
vn 0.1457 -0.6762 -0.7222
vn -0.1457 0.6761 0.7222
vn 0.2949 0.7265 -0.6207
vn -0.2948 -0.7265 0.6207
vn 0.6809 0.2960 0.6699
vn -0.7499 -0.0033 0.6615
vn -0.8512 0.4948 0.1748
vn -0.5349 0.8406 -0.0852
vn 0.1800 -0.8730 0.4533
vn 0.9791 0.0005 -0.2033
vn -0.0958 0.4820 -0.8709
vn -0.8949 -0.3915 -0.2143
vn -0.6099 -0.3570 -0.7075
vn 0.8032 -0.5403 -0.2509
vn 0.5114 -0.8593 -0.0111
vn 0.7097 -0.0809 -0.6998
vn 0.9822 -0.0499 -0.1809
vn -0.3258 -0.4544 -0.8291
vn -0.9663 0.0264 0.2560
vn 0.3821 -0.2455 0.8909
vn -0.6183 0.4504 0.6441
vn 0.3934 -0.6188 0.6800
vn 0.2842 -0.9486 -0.1395
vn 0.3190 -0.9250 0.2066
vn -0.2309 0.6477 -0.7260
vn -0.2950 0.8869 -0.3556
vn -0.9332 -0.0499 -0.3560
vn -0.9981 0.0431 0.0434
vn 0.9039 0.0264 0.4269
vn 0.9737 0.0431 0.2236
vn 0.3546 0.8869 -0.2962
vn 0.0358 0.9195 -0.3915
vn 0.3587 0.6477 -0.6722
vn 0.0647 0.7037 -0.7075
vn -0.3445 -0.9273 0.1464
vn -0.0162 -0.9839 0.1778
vn -0.2510 -0.9499 -0.1860
vn 0.0117 -0.9917 -0.1277
vn -0.5042 -0.6275 0.5933
vn -0.0530 -0.8128 0.5801
vn 0.4913 0.4504 0.7455
vn -0.0722 0.6092 0.7897
vn -0.5372 -0.2455 0.8069
vn -0.0893 -0.1908 0.9776
vn 0.4707 -0.4544 -0.7563
vn 0.0848 -0.3623 -0.9282
vn 0.8063 0.4762 -0.3510
vn 0.3998 0.2806 -0.8726
vn 0.5177 0.1931 -0.8335
vn 0.9389 0.2631 -0.2221
vn 0.7037 0.0578 -0.7081
vn 0.9529 0.0706 -0.2950
vn 0.1631 0.0594 -0.9848
vn 0.1449 0.1318 -0.9806
vn 0.1370 0.3042 -0.9427
vn -0.0027 0.0596 -0.9982
vn -0.0175 0.1283 -0.9916
vn -0.0340 0.3780 -0.9252
vn -0.0005 0.0584 -0.9983
vn 0.0053 0.1258 -0.9920
vn 0.0145 0.4018 -0.9156
vn -0.0918 0.4150 -0.9052
vn -0.0329 0.4730 -0.8804
vn 0.8561 0.3639 -0.3671
vn 0.7663 0.3084 -0.5637
vn 0.1306 0.3495 -0.9278
vn -0.2119 0.4575 -0.8636
vn -0.3909 0.1401 -0.9097
vn -0.7706 0.4787 -0.4207
vn -0.8146 0.2600 -0.5185
vn -0.6940 -0.7142 -0.0907
vn -0.9805 0.1963 -0.0000
vn -0.8823 0.4706 -0.0000
vn 0.6476 0.7449 -0.1601
vn 0.8063 0.4762 0.3510
vn 0.3998 0.2806 0.8726
vn 0.5177 0.1931 0.8335
vn 0.9389 0.2631 0.2221
vn 0.7037 0.0578 0.7081
vn 0.9529 0.0706 0.2950
vn 0.1631 0.0594 0.9848
vn 0.1449 0.1318 0.9806
vn 0.1370 0.3042 0.9427
vn -0.0027 0.0596 0.9982
vn -0.0175 0.1283 0.9916
vn -0.0340 0.3780 0.9252
vn -0.0005 0.0584 0.9983
vn 0.0053 0.1258 0.9920
vn 0.0145 0.4018 0.9156
vn -0.0918 0.4150 0.9052
vn -0.0329 0.4730 0.8804
vn 0.8561 0.3639 0.3671
vn 0.7663 0.3084 0.5637
vn 0.1306 0.3495 0.9278
vn -0.2119 0.4575 0.8636
vn -0.3909 0.1401 0.9097
vn -0.7706 0.4787 0.4207
vn -0.8146 0.2600 0.5185
vn -0.6940 -0.7142 0.0907
vn 0.6476 0.7449 0.1601
vn -0.9439 -0.3304 -0.0000
vn 0.3304 -0.9439 -0.0000
vn 0.9439 0.3304 -0.0000
vn -0.3304 0.9439 -0.0000
vn -0.0000 -0.0000 1.0000
vn -0.0000 -0.0000 -1.0000
vn 0.3304 0.9439 -0.0000
vn -0.3304 -0.9439 -0.0000
vn 0.9439 -0.3304 -0.0000
vn -0.9439 0.3304 -0.0000
vn 0.9539 0.3003 -0.0000
vn -0.3476 0.9376 -0.0000
vn 0.3476 0.9376 -0.0000
vn -0.9539 0.3003 -0.0000
vn -0.9535 -0.3014 -0.0000
vn 0.3415 -0.9399 -0.0000
vn -0.3415 -0.9399 -0.0000
vn 0.9535 -0.3014 -0.0000
vn -0.4185 0.1303 0.8988
vn 0.4185 0.1303 -0.8988
vn 0.1375 0.3744 0.9170
vn -0.1375 0.3744 -0.9170
vn -0.1375 0.3744 0.9170
vn 0.1375 0.3744 -0.9170
vn -0.4185 0.1303 -0.8988
vn 0.4185 0.1303 0.8988
vn 0.8424 -0.5389 -0.0000
vn -0.8424 -0.5389 -0.0000
vn -0.9539 -0.3003 -0.0000
vn 0.3476 -0.9376 -0.0000
vn -0.3476 -0.9376 -0.0000
vn 0.9539 -0.3003 -0.0000
vn 0.9535 0.3014 -0.0000
vn -0.3415 0.9399 -0.0000
vn 0.3415 0.9399 -0.0000
vn -0.9535 0.3014 -0.0000
vn 0.4185 -0.1303 0.8988
vn -0.4185 -0.1303 -0.8988
vn -0.1375 -0.3744 0.9170
vn 0.1375 -0.3744 -0.9170
vn 0.1375 -0.3744 0.9170
vn -0.1375 -0.3744 -0.9170
vn 0.4185 -0.1303 -0.8988
vn -0.4185 -0.1303 0.8988
vn -0.8424 0.5389 -0.0000
vn 0.8424 0.5389 -0.0000
vn 0.4893 -0.1524 0.8587
vn -0.4893 -0.1524 -0.8587
vn -0.1619 -0.4410 0.8828
vn 0.1619 -0.4410 -0.8828
vn 0.1619 -0.4410 0.8828
vn -0.1619 -0.4410 -0.8828
vn 0.4893 -0.1524 -0.8587
vn -0.4893 -0.1524 0.8587
vn -0.9183 0.3958 -0.0000
vn 0.8814 -0.4724 -0.0000
vn -0.2407 -0.9706 -0.0000
vn -0.6466 -0.7629 -0.0000
vn -0.0031 -1.0000 -0.0000
vn -0.1101 -0.9939 -0.0000
vn -0.0027 -0.0009 1.0000
vn 0.0027 0.0009 1.0000
vn -0.7822 0.6230 -0.0000
vn -0.5153 0.8570 -0.0000
vn -0.3501 0.9367 -0.0000
vn -0.0027 -0.0009 -1.0000
vn 0.0027 0.0009 -1.0000
vn -0.8686 -0.4955 -0.0000
vn -0.3195 0.9476 -0.0000
vn 0.3195 -0.9476 -0.0000
vn 0.9439 -0.0000 0.3303
vn -0.3138 0.3122 0.8967
vn -0.3138 0.3122 -0.8967
vn 0.9439 -0.0000 -0.3303
vn 0.3138 -0.3122 0.8967
vn -0.6875 0.6851 -0.2408
vn 0.3304 -0.0000 0.9439
vn -0.3303 -0.0000 -0.9439
vn -0.0000 0.9439 0.3303
vn -0.0000 -0.9439 -0.3304
vn -0.0000 0.9439 -0.3303
vn -0.0000 0.3304 0.9439
vn -0.6875 0.6851 0.2408
vn 0.3138 -0.3122 -0.8967
vn 0.6881 -0.6845 -0.2408
vn 0.6881 -0.6845 0.2408
vn -0.0000 -0.3304 -0.9439
vn -0.0000 -0.9439 0.3304
vn -0.0000 -0.3304 0.9439
vn -0.0000 0.3304 -0.9439
vn -1.0000 -0.0000 -0.0000
vn 1.0000 -0.0000 -0.0000
vn -0.0000 -0.9439 -0.3303
vn -0.0000 0.9439 0.3304
vn -0.0000 0.9439 -0.3304
vn -0.0000 -0.9439 0.3303
vn -0.3304 -0.0000 0.9439
vn 0.2960 0.4437 0.8458
vn -0.2960 0.4437 -0.8458
vn -0.8458 0.4437 -0.2960
vn 0.8458 0.4437 -0.2960
vn -0.2960 0.4437 0.8458
vn -0.8458 0.4437 0.2960
vn 0.2960 0.4437 -0.8458
vn 0.8458 0.4437 0.2960
vn -0.8458 -0.4437 -0.2960
vn 0.8458 -0.4437 -0.2960
vn -0.2960 -0.4437 0.8458
vn 0.2960 -0.4437 -0.8458
vn 0.2960 -0.4437 0.8458
vn -0.2960 -0.4437 -0.8458
vn -0.8458 -0.4437 0.2960
vn 0.8458 -0.4437 0.2960
vn -0.2405 0.6854 -0.6873
vn 0.6873 0.6854 0.2405
vn -0.6873 0.6854 -0.2405
vn 0.6873 0.6854 -0.2405
vn 0.2405 0.6854 0.6873
vn -0.2405 0.6854 0.6873
vn 0.2405 0.6854 -0.6873
vn -0.6873 0.6854 0.2405
vn 0.6873 -0.6854 0.2405
vn -0.2405 -0.6854 0.6873
vn 0.2405 -0.6854 0.6873
vn -0.2405 -0.6854 -0.6873
vn -0.6873 -0.6854 -0.2405
vn 0.2405 -0.6854 -0.6873
vn 0.6873 -0.6854 -0.2405
vn -0.6873 -0.6854 0.2405
vn -0.1928 -0.9621 -0.1928
vn 0.1928 -0.9621 -0.1928
vn 0.1928 -0.9621 0.1928
vn -0.1928 -0.9621 0.1928
vn 0.1928 0.9621 0.1928
vn -0.1928 0.9621 0.1928
vn -0.1928 0.9621 -0.1928
vn 0.1928 0.9621 -0.1928
vn -0.7851 -0.3128 -0.5345
vn 0.0772 -0.2606 -0.9624
vn 0.7730 -0.2964 -0.5610
vn -0.9089 -0.2731 -0.3150
vn -0.0117 -0.2671 -0.9636
vn 0.9217 -0.2202 -0.3192
vn -0.9671 -0.2260 0.1172
vn 0.7931 -0.1517 -0.5900
vn -0.8830 -0.4174 -0.2150
vn -0.0304 -0.2869 -0.9575
vn 0.9814 -0.0483 -0.1856
vn -0.9255 -0.3718 0.0719
vn -0.6125 -0.3047 -0.7294
vn 0.1244 -0.2009 -0.9717
vn -0.9772 0.1608 -0.1387
vn 0.9709 0.2082 -0.1181
vn -0.9793 0.1921 0.0630
vn -0.7022 0.2478 -0.6674
vn 0.8305 0.2583 -0.4935
vn -0.6458 0.7449 -0.1676
vn -0.2206 0.8739 -0.4332
vn 0.4745 0.8803 -0.0031
vn -0.7984 0.6002 0.0486
vn -0.3860 0.8304 -0.4018
vn 0.2606 0.8521 -0.4538
vn 0.4937 0.8417 -0.2184
vn 0.8376 0.1742 -0.5178
vn -0.6210 -0.0621 -0.7813
vn -0.9789 0.1924 0.0688
vn 0.9672 0.2089 -0.1445
vn -0.9734 0.1375 -0.1831
vn 0.0870 -0.1906 -0.9778
vn -0.7426 -0.4085 -0.5308
vn -0.9252 -0.3709 0.0806
vn 0.9683 -0.0520 -0.2444
vn -0.0062 -0.1978 -0.9802
vn -0.8682 -0.4222 -0.2608
vn 0.7679 -0.1844 -0.6135
vn 0.3134 -0.2121 -0.9256
vn 0.4647 0.1621 -0.8705
vn 0.3281 0.4275 -0.8424
vn -0.3070 0.4384 -0.8447
vn -0.7851 -0.3128 0.5345
vn 0.0772 -0.2606 0.9624
vn 0.7730 -0.2964 0.5610
vn -0.9089 -0.2731 0.3150
vn -0.0117 -0.2671 0.9636
vn 0.9217 -0.2202 0.3192
vn -0.9671 -0.2260 -0.1172
vn 0.7931 -0.1517 0.5900
vn -0.8830 -0.4174 0.2150
vn -0.0304 -0.2869 0.9575
vn 0.9814 -0.0483 0.1856
vn -0.9255 -0.3718 -0.0719
vn -0.6125 -0.3047 0.7294
vn 0.1244 -0.2009 0.9717
vn -0.9772 0.1608 0.1387
vn 0.9709 0.2082 0.1181
vn -0.9793 0.1921 -0.0630
vn -0.7022 0.2478 0.6674
vn 0.8305 0.2583 0.4935
vn -0.6458 0.7449 0.1676
vn -0.2206 0.8739 0.4332
vn 0.4745 0.8803 0.0031
vn -0.7984 0.6002 -0.0486
vn -0.3860 0.8304 0.4018
vn 0.2606 0.8521 0.4538
vn 0.4937 0.8417 0.2184
vn 0.8376 0.1742 0.5178
vn -0.6210 -0.0621 0.7813
vn -0.9789 0.1924 -0.0688
vn 0.9672 0.2089 0.1445
vn -0.9734 0.1375 0.1831
vn 0.0870 -0.1906 0.9778
vn -0.7426 -0.4085 0.5308
vn -0.9252 -0.3709 -0.0806
vn 0.9683 -0.0520 0.2444
vn -0.0062 -0.1978 0.9802
vn -0.8682 -0.4222 0.2608
vn 0.7679 -0.1844 0.6135
vn 0.3134 -0.2121 0.9256
vn 0.4647 0.1621 0.8705
vn 0.3281 0.4275 0.8424
vn -0.3070 0.4384 0.8447
vn -0.3304 0.9438 -0.0000
vn 0.3304 0.9438 -0.0000
vn -0.9439 -0.3303 -0.0000
vn -0.3303 -0.9439 -0.0000
vn 0.3303 -0.9439 -0.0000
vn 0.9439 -0.3303 -0.0000
vn 0.6851 -0.6875 -0.2408
vn -0.0000 -0.3303 -0.9439
vn 0.3123 -0.3138 -0.8967
vn -0.6845 0.6881 -0.2408
vn -0.3122 0.3138 -0.8967
vn -0.6845 0.6881 0.2408
vn -0.0000 -0.3303 0.9439
vn 0.3123 -0.3138 0.8967
vn -0.3122 0.3138 0.8967
vn 0.6851 -0.6875 0.2408
vn -0.0000 -0.2629 0.9648
vn -0.0000 0.3440 -0.9390
vn -0.0000 0.9948 0.1021
vn -0.0000 0.8461 0.5330
vn -0.0000 0.9905 -0.1374
vn -0.0000 0.9995 -0.0306
vn -1.0000 0.0013 0.0025
vn -1.0000 -0.0013 -0.0025
vn -0.0000 -0.5070 0.8619
vn -0.0000 -0.7761 0.6306
vn -0.0000 -0.8783 0.4782
vn 1.0000 0.0013 0.0025
vn 1.0000 -0.0013 -0.0025
vn -0.0000 0.6126 0.7904
vn -0.0000 -0.8933 0.4494
vn -0.0000 0.8933 -0.4494
vn -0.0000 0.2629 0.9648
vn -0.0000 -0.3440 -0.9390
vn -0.0000 -0.9948 0.1021
vn -0.0000 -0.8461 0.5330
vn -0.0000 -0.9905 -0.1374
vn -0.0000 -0.9995 -0.0306
vn 1.0000 -0.0013 0.0025
vn 1.0000 0.0013 -0.0025
vn -0.0000 0.5070 0.8619
vn -0.0000 0.7761 0.6306
vn -0.0000 0.8783 0.4782
vn -1.0000 -0.0013 0.0025
vn -1.0000 0.0013 -0.0025
vn -0.0000 -0.6126 0.7904
vn -0.0000 0.8933 0.4494
vn -0.0000 -0.8933 -0.4494
vn 0.6956 -0.4193 -0.5834
vn 0.8195 -0.2556 -0.5130
vn 0.0509 -0.4651 -0.8838
vn 0.1468 -0.1686 -0.9747
vn -0.1737 -0.4206 -0.8905
vn -0.6274 -0.4485 -0.6366
vn -0.9031 -0.4119 -0.1213
vn -0.1788 -0.9651 -0.1912
vn -0.2715 -0.6561 -0.7042
vn 0.8613 -0.3585 -0.3600
vn 0.8654 -0.3834 -0.3227
vn 0.9139 0.3304 -0.2358
vn 0.8789 0.2177 -0.4244
vn 0.8543 -0.4334 -0.2871
vn 0.8593 -0.3323 -0.3889
vn 0.8530 0.2238 -0.4714
vn 0.9417 0.2423 -0.2336
vn 0.9447 0.2443 -0.2188
vn 0.7525 0.2294 -0.6174
vn 0.1707 0.2342 -0.9571
vn 0.1860 0.0010 -0.9826
vn -0.0000 0.2873 -0.9578
vn 0.0152 0.0572 -0.9982
vn -0.4082 0.3128 -0.8576
vn -0.3479 0.1011 -0.9321
vn -0.6768 0.2622 -0.6878
vn -0.6786 0.0724 -0.7309
vn -0.9873 0.1187 -0.1060
vn -0.9866 0.1040 -0.1255
vn -0.8991 0.4325 -0.0678
vn -0.7750 0.6278 -0.0729
vn -0.7567 0.5589 -0.3390
vn -0.4709 0.8656 -0.1702
vn -0.4703 0.7026 -0.5340
vn -0.0000 0.9750 -0.2222
vn -0.0000 0.7644 -0.6447
vn 0.3235 0.9353 -0.1433
vn 0.2081 0.7286 -0.6525
vn -0.9849 -0.1202 -0.1247
vn -0.9828 -0.1419 -0.1178
vn -0.6935 0.0105 -0.7204
vn -0.6884 -0.1635 -0.7067
vn -0.3213 0.0049 -0.9470
vn -0.2274 -0.3063 -0.9244
vn 0.0152 0.0175 -0.9997
vn -0.0000 -0.2300 -0.9732
vn 0.2148 -0.0145 -0.9766
vn 0.1921 -0.0716 -0.9787
vn -0.8544 -0.5067 -0.1150
vn -0.5606 -0.5549 -0.6147
vn -0.2272 -0.5281 -0.8182
vn 0.9909 -0.0000 -0.1348
vn 0.9318 -0.0000 -0.3630
vn 0.8657 0.2401 -0.4392
vn 0.9719 0.1947 -0.1322
vn 0.7752 0.0307 -0.6309
vn 0.7289 0.3728 -0.5742
vn 0.8632 0.4910 -0.1174
vn 0.8163 0.0308 -0.5768
vn 0.8487 0.2006 -0.4894
vn 0.9718 0.1952 -0.1322
vn 0.8147 0.2253 -0.5344
vn 0.9331 0.3364 -0.1269
vn 0.9909 -0.0000 0.1348
vn 0.9318 -0.0000 0.3630
vn 0.8657 0.2401 0.4392
vn 0.9719 0.1947 0.1322
vn 0.7752 0.0307 0.6309
vn 0.7289 0.3728 0.5742
vn 0.8632 0.4910 0.1174
vn 0.8163 0.0308 0.5768
vn 0.8487 0.2006 0.4894
vn 0.9718 0.1952 0.1322
vn 0.8147 0.2253 0.5344
vn 0.9331 0.3364 0.1269
vn -0.9909 0.0010 0.1348
vn -0.9313 0.0006 0.3642
vn -0.8619 -0.2423 0.4455
vn -0.9717 -0.1956 0.1325
vn -0.9912 0.0042 0.1321
vn -0.7718 -0.0284 0.6352
vn -0.7261 -0.3741 0.5770
vn -0.8618 -0.4944 0.1136
vn -0.8145 -0.0317 0.5794
vn -0.9912 -0.0001 0.1323
vn -0.8480 -0.2003 0.4906
vn -0.9721 -0.1951 0.1306
vn -0.8135 -0.2252 0.5362
vn -0.9334 -0.3363 0.1253
vn -0.9909 0.0010 -0.1348
vn -0.9313 0.0006 -0.3642
vn -0.8619 -0.2423 -0.4455
vn -0.9717 -0.1956 -0.1325
vn -0.9912 0.0042 -0.1321
vn -0.7718 -0.0284 -0.6352
vn -0.7261 -0.3741 -0.5770
vn -0.8618 -0.4944 -0.1136
vn -0.8145 -0.0317 -0.5794
vn -0.9912 -0.0001 -0.1323
vn -0.8480 -0.2003 -0.4906
vn -0.9721 -0.1951 -0.1306
vn -0.8135 -0.2252 -0.5362
vn -0.9334 -0.3363 -0.1253
vn -0.3786 0.0024 -0.9256
vn -0.2018 0.9791 0.0268
vn -0.3952 0.4101 -0.8220
vn -0.4093 0.6752 -0.6137
vn -0.6197 0.0789 -0.7809
vn -0.4721 0.8790 0.0671
vn -0.3031 0.9101 0.2825
vn -0.5920 -0.1093 -0.7985
vn -0.5744 0.0901 -0.8136
vn -0.5310 -0.0018 -0.8474
vn 0.3170 -0.9473 -0.0459
vn 0.2083 -0.9639 -0.1661
vn -0.5330 -0.0175 -0.8459
vn -0.3786 0.0024 0.9256
vn -0.2018 0.9791 -0.0268
vn -0.3952 0.4101 0.8220
vn -0.4093 0.6752 0.6137
vn -0.6197 0.0789 0.7809
vn -0.4721 0.8790 -0.0671
vn -0.3031 0.9101 -0.2825
vn -0.5920 -0.1093 0.7985
vn -0.5744 0.0901 0.8136
vn -0.5310 -0.0018 0.8474
vn 0.3170 -0.9473 0.0459
vn 0.2083 -0.9639 0.1661
vn -0.5330 -0.0175 0.8459
vn 0.8430 0.1440 0.5183
vn -0.1264 0.0008 0.9920
vn 0.9809 -0.1412 -0.1334
vn -0.9981 -0.0459 0.0409
vn 0.9483 0.2956 -0.1154
vn 0.4906 0.8688 -0.0668
vn 0.3725 0.9266 -0.0514
vn 0.3040 0.9332 -0.1917
vn 0.0513 0.9192 -0.3904
vn -0.3646 0.8482 -0.3843
vn -0.6003 0.7482 -0.2825
vn -0.7292 0.6743 -0.1162
vn 0.8142 0.5743 -0.0850
vn 0.9197 -0.0000 -0.3925
vn 0.9197 -0.0001 -0.3925
vn 0.7304 0.4437 -0.5193
vn 0.8628 -0.1208 -0.4908
vn 0.9483 0.2956 0.1154
vn 0.4906 0.8688 0.0668
vn 0.3725 0.9266 0.0514
vn 0.3040 0.9332 0.1917
vn 0.0513 0.9192 0.3904
vn -0.3646 0.8482 0.3843
vn -0.6003 0.7482 0.2825
vn -0.7292 0.6743 0.1162
vn 0.8142 0.5743 0.0850
vn 0.9197 -0.0000 0.3925
vn 0.9197 -0.0001 0.3925
vn 0.7304 0.4437 0.5193
vn 0.8628 -0.1208 0.4908
vn -0.9498 -0.2913 0.1141
vn -0.4828 -0.8731 0.0675
vn -0.3726 -0.9266 0.0514
vn -0.3047 -0.9330 0.1917
vn -0.0523 -0.9188 0.3912
vn 0.3662 -0.8476 0.3841
vn 0.6004 -0.7483 0.2821
vn 0.7291 -0.6746 0.1151
vn -0.8155 -0.5726 0.0847
vn -0.9197 -0.0000 0.3925
vn -0.9197 -0.0001 0.3925
vn -0.7329 -0.4375 0.5210
vn -0.8630 0.1191 0.4910
vn -0.9498 -0.2913 -0.1141
vn -0.4828 -0.8731 -0.0675
vn -0.3726 -0.9266 -0.0514
vn -0.3047 -0.9330 -0.1917
vn -0.0523 -0.9188 -0.3912
vn 0.3661 -0.8476 -0.3841
vn 0.6004 -0.7483 -0.2821
vn 0.7291 -0.6746 -0.1151
vn -0.8155 -0.5726 -0.0847
vn -0.9197 -0.0000 -0.3925
vn -0.9197 -0.0001 -0.3925
vn -0.7329 -0.4375 -0.5210
vn -0.8630 0.1191 -0.4910
vn -0.0667 -0.0815 -0.9944
vn 0.0626 0.0881 0.9941
vn 0.0200 0.0899 0.9958
vn -0.0177 -0.0857 -0.9962
vn 0.0360 0.0809 0.9961
vn -0.0376 -0.0850 -0.9957
vn 0.0913 0.1876 0.9780
vn -0.0891 -0.1979 -0.9762
vn 0.0259 0.3498 0.9365
vn -0.0296 -0.3523 -0.9354
vn 0.4181 0.4948 0.7618
vn -0.4448 -0.4799 -0.7562
vn 0.6351 0.6512 0.4155
vn -0.5939 -0.6148 -0.5190
vn -0.1440 0.0140 0.9895
vn 0.6854 0.7226 0.0895
vn -0.6991 -0.7091 -0.0917
vn 0.5704 -0.8192 -0.0594
vn 0.0357 -0.2445 -0.9690
vn -0.0408 0.2410 0.9697
vn -0.3925 -0.0000 -0.9197
vn 0.3925 -0.0000 0.9197
vn -0.4186 -0.0000 -0.9082
vn 0.4184 -0.0000 0.9083
vn 0.3591 -0.8977 -0.2553
vn -0.4918 0.0383 -0.8698
vn 0.5481 0.0310 0.8358
vn -0.5481 -0.0309 -0.8358
vn 0.4909 -0.0138 0.8711
vn -0.0667 -0.0815 0.9944
vn 0.0626 0.0881 -0.9941
vn 0.0200 0.0899 -0.9958
vn -0.0177 -0.0857 0.9962
vn 0.0360 0.0809 -0.9961
vn -0.0376 -0.0850 0.9957
vn 0.0913 0.1876 -0.9780
vn -0.0891 -0.1979 0.9762
vn 0.0259 0.3498 -0.9365
vn -0.0296 -0.3523 0.9354
vn 0.4181 0.4948 -0.7618
vn -0.4448 -0.4799 0.7562
vn 0.6351 0.6512 -0.4155
vn -0.5939 -0.6148 0.5190
vn -0.1440 0.0140 -0.9895
vn 0.6854 0.7226 -0.0895
vn -0.6992 -0.7090 0.0917
vn 0.5704 -0.8192 0.0594
vn 0.0357 -0.2445 0.9690
vn -0.0408 0.2410 -0.9697
vn -0.3925 -0.0000 0.9197
vn 0.3925 -0.0000 -0.9197
vn -0.4186 -0.0000 0.9082
vn 0.4184 -0.0000 -0.9083
vn 0.3590 -0.8977 0.2553
vn -0.4918 0.0383 0.8698
vn 0.5481 0.0310 -0.8358
vn -0.5481 -0.0309 0.8358
vn 0.4909 -0.0138 -0.8711
vn -0.2222 0.9439 -0.2444
vn -0.6349 -0.3303 -0.6984
vn 0.2222 -0.9439 0.2444
vn 0.6349 0.3303 0.6984
vn -0.7399 -0.0000 0.6727
vn -0.2222 -0.9439 -0.2444
vn 0.2222 0.9439 0.2444
vn 0.6349 -0.3303 0.6984
vn -0.6349 0.3304 -0.6984
vn -0.6387 0.3303 -0.6949
vn 0.6104 -0.3302 0.7200
vn 0.2098 0.9437 0.2556
vn -0.2378 -0.9437 -0.2302
vn 0.6137 0.3302 0.7172
vn 0.2005 -0.9435 0.2640
vn -0.6419 -0.3303 -0.6920
vn -0.2285 0.9438 -0.2387
vn -0.6438 0.3303 -0.6902
vn 0.6439 -0.3303 0.6902
vn 0.2313 0.9438 0.2361
vn -0.2313 -0.9438 -0.2361
vn 0.6475 0.3303 0.6867
vn 0.2207 -0.9439 0.2458
vn -0.6475 -0.3303 -0.6867
vn -0.2207 0.9439 -0.2458
vn -0.8654 0.3064 -0.3964
vn 0.3125 -0.3064 0.8991
vn -0.0703 0.8755 0.4781
vn -0.4826 -0.8755 0.0246
vn 0.3125 0.3064 0.8991
vn -0.0703 -0.8755 0.4781
vn -0.8654 -0.3064 -0.3964
vn -0.4826 0.8755 0.0247
vn 0.2223 0.9439 0.2444
vn 0.6349 0.3304 0.6984
vn 0.7399 -0.0000 -0.6727
vn -0.1739 0.8197 0.5458
vn -0.9403 -0.2738 -0.2024
vn 0.2211 0.2930 0.9302
vn 0.2210 -0.2929 0.9302
vn -0.5807 -0.8003 0.1494
vn -0.5805 0.8004 0.1492
vn -0.1741 -0.8195 0.5460
vn -0.9402 0.2738 -0.2025
vn -0.8003 0.3197 -0.5074
vn 0.0212 0.9111 0.4117
vn -0.8003 -0.3197 -0.5073
vn 0.4149 0.3185 0.8523
vn 0.4149 -0.3185 0.8523
vn -0.4041 -0.9125 -0.0641
vn -0.4041 0.9125 -0.0641
vn 0.0212 -0.9111 0.4117
vn -0.0856 -0.9359 -0.3416
vn -0.0856 0.9359 -0.3417
vn 0.2800 -0.9413 0.1888
vn -0.4331 0.3245 -0.8409
vn 0.2800 0.9412 0.1888
vn -0.4331 -0.3245 -0.8409
vn 0.4951 0.3645 0.7887
vn 0.4951 -0.3645 0.7887
vn 0.6788 0.3655 0.6369
vn 0.6788 -0.3655 0.6369
vn 0.0668 -0.9066 -0.4167
vn 0.0668 0.9066 -0.4167
vn 0.3456 -0.9276 0.1417
vn -0.1747 0.3074 -0.9354
vn 0.3456 0.9276 0.1417
vn -0.1747 -0.3074 -0.9354
vn -0.6101 0.3295 -0.7206
vn 0.3860 0.9187 0.0841
vn -0.6101 -0.3294 -0.7206
vn 0.8357 0.3142 0.4504
vn 0.8358 -0.3142 0.4504
vn -0.1244 -0.9360 -0.3293
vn -0.1244 0.9360 -0.3293
vn 0.3859 -0.9187 0.0840
vn 0.7830 0.6114 0.1143
vn 0.7908 -0.6043 0.0977
vn -0.3735 -0.7009 -0.6077
vn -0.3943 0.7031 -0.5918
vn 0.4863 0.3574 -0.7974
vn 0.1760 -0.9354 -0.3067
vn 0.4884 -0.3032 -0.8183
vn 0.1714 0.9527 -0.2510
vn 0.3899 0.4326 -0.8129
vn 0.3109 0.9429 -0.1192
vn 0.2058 -0.2204 -0.9534
vn 0.8784 0.4397 -0.1874
vn -0.3597 -0.8237 -0.4383
vn 0.6281 0.7781 -0.0088
vn 0.4271 0.5298 -0.7327
vn 0.0522 0.1149 -0.9920
vn 0.4774 -0.3027 -0.8249
vn 0.1572 0.9543 -0.2542
vn 0.4752 0.3578 -0.8038
vn 0.1663 -0.9336 -0.3175
vn 0.3604 -0.3132 -0.8786
vn -0.0706 -0.9128 -0.4022
vn 0.4322 0.4063 -0.8051
vn -0.5421 -0.6073 -0.5808
vn 0.4904 -0.2622 -0.8311
vn 0.6743 0.2509 -0.6945
vn 0.6438 -0.3303 0.6902
vn -0.0383 0.9314 0.3620
vn -0.0874 -0.9638 0.2521
vn -0.0030 -0.0016 -1.0000
vt 0.375000 0.000000
vt 0.625000 0.000000
vt 0.625000 0.125000
vt 0.375000 0.125000
vt 0.125000 0.625000
vt 0.250000 0.625000
vt 0.250000 0.750000
vt 0.125000 0.750000
vt 0.375000 0.875000
vt 0.625000 0.875000
vt 0.625000 1.000000
vt 0.375000 1.000000
vt 0.375000 0.750000
vt 0.625000 0.750000
vt 0.375000 0.625000
vt 0.750000 0.625000
vt 0.875000 0.625000
vt 0.875000 0.750000
vt 0.750000 0.750000
vt 0.625000 0.625000
vt 0.750000 0.500000
vt 0.875000 0.500000
vt 0.625000 0.500000
vt 0.625000 0.250000
vt 0.375000 0.250000
vt 0.625000 0.375000
vt 0.375000 0.375000
vt 0.125000 0.500000
vt 0.250000 0.500000
vt 0.375000 0.500000
vt 1.000000 1.000000
vt 1.000000 1.000000
vt 0.000000 0.000000
vt 0.500000 1.000000
vt 1.000000 0.750000
vt 1.000000 0.500000
vt 1.000000 0.750000
vt 1.000000 0.500000
vt 1.000000 0.500000
vt 1.000000 0.750000
vt 1.000000 0.750000
vt 1.000000 0.500000
vt 1.000000 1.000000
vt 1.000000 0.750000
vt 0.500000 0.750000
vt 0.500000 0.500000
vt 0.000000 0.500000
vt 0.000000 0.750000
vt 0.000000 0.750000
vt 0.000000 0.500000
vt 0.000000 0.500000
vt 0.000000 0.750000
vt 0.000000 0.750000
vt 0.000000 1.000000
vt 0.000000 1.000000
vt 0.000000 1.000000
vt 0.000000 1.000000
vt 0.500000 1.000000
vt 0.500000 1.000000
vt 0.743243 0.500000
vt 0.743243 1.000000
vt 0.625000 0.375000
vt 0.625000 0.875000
vt 0.625000 0.750000
vt 0.625000 0.125000
vt 0.625000 1.000000
vt 0.625000 0.500000
vt 0.625000 0.875000
vt 0.625000 0.250000
vt 0.625000 0.750000
vt 0.625000 0.625000
vt 0.625000 0.500000
vt 0.625000 0.125000
vt 0.375000 0.166667
vt 0.625000 0.166667
vt 0.375000 0.416667
vt 0.625000 0.416667
vt 0.375000 0.666667
vt 0.625000 0.666667
vt 0.375000 0.916667
vt 0.625000 0.916667
vt 0.291667 0.666667
vt 0.291667 0.750000
vt 0.791667 0.666667
vt 0.875000 0.666667
vt 0.791667 0.750000
vt 0.791667 0.500000
vt 0.875000 0.583333
vt 0.791667 0.583333
vt 0.291667 0.500000
vt 0.375000 0.583333
vt 0.291667 0.583333
vt 0.625000 0.583333
vt 0.625000 0.083333
vt 0.375000 0.083333
vt 0.125000 0.583333
vt 0.208333 0.583333
vt 0.208333 0.666667
vt 0.125000 0.666667
vt 0.208333 0.500000
vt 0.708333 0.583333
vt 0.708333 0.666667
vt 0.708333 0.500000
vt 0.708333 0.750000
vt 0.208333 0.750000
vt 0.625000 0.833333
vt 0.375000 0.833333
vt 0.625000 0.333333
vt 0.375000 0.333333
vt 0.585076 0.125000
vt 0.585076 0.000000
vt 0.585076 0.375000
vt 0.585076 0.500000
vt 0.585076 0.625000
vt 0.585076 0.750000
vt 0.585076 0.875000
vt 0.585076 1.000000
vt 0.585076 0.250000
vt 0.187500 0.125000
vt 0.187500 0.187500
vt 0.187500 0.500000
vt 0.187500 0.437500
vt 0.750000 1.000000
vt 0.750000 0.250000
vt 1.000000 0.250000
vt 0.750000 0.125000
vt 1.000000 0.125000
vt 0.250000 0.750000
vt 0.250000 0.500000
vt 0.500000 0.750000
vt 0.500000 0.500000
vt 0.000000 0.125000
vt 0.000000 0.250000
vt 0.250000 0.250000
vt 0.250000 0.125000
vt 0.500000 0.250000
vt 0.500000 0.125000
vt 0.625000 0.125000
vt 0.625000 0.250000
vt 0.250000 1.000000
vt 0.500000 1.000000
vt 0.500000 0.000000
vt 0.500000 0.062500
vt 0.625000 0.062500
vt 0.250000 0.062500
vt 0.000000 0.062500
vt 0.750000 0.062500
vt 1.000000 0.062500
vt 0.750000 0.000000
vt 1.000000 0.000000
vt 0.250000 0.000000
vt 0.562500 0.125000
vt 0.562500 0.250000
vt 0.562500 0.500000
vt 0.562500 0.625000
vt 0.562500 0.750000
vt 0.562500 1.000000
vt 0.437500 0.750000
vt 0.437500 1.000000
vt 0.437500 0.625000
vt 0.500000 0.625000
vt 0.437500 0.250000
vt 0.437500 0.500000
vt 0.437500 0.125000
vt 0.500000 0.125000
vt 0.562500 0.000000
vt 0.437500 0.000000
vt 0.500000 0.750000
vt 1.000000 1.000000
vt 0.000000 0.750000
vt 0.576752 0.125000
vt 0.576752 0.250000
vt 0.576752 0.375000
vt 0.576752 0.500000
vt 0.576752 0.625000
vt 0.576752 0.750000
vt 0.576752 0.875000
vt 0.576752 1.000000
vt 0.576752 0.000000
vt 0.443233 0.250000
vt 0.443233 0.375000
vt 0.443233 0.750000
vt 0.443233 0.875000
vt 0.443233 0.000000
vt 0.443233 0.125000
vt 0.443233 0.500000
vt 0.443233 0.625000
vt 0.443233 1.000000
vt 0.576525 0.250000
vt 0.576525 0.375000
vt 0.576525 0.750000
vt 0.576525 0.875000
vt 0.576525 0.000000
vt 0.576525 0.125000
vt 0.576525 0.500000
vt 0.576525 0.625000
vt 0.576525 1.000000
vt 0.539321 0.125000
vt 0.545675 0.125000
vt 0.545675 0.250000
vt 0.539321 0.250000
vt 0.539321 0.375000
vt 0.545675 0.375000
vt 0.545675 0.500000
vt 0.539321 0.500000
vt 0.539321 0.625000
vt 0.545675 0.625000
vt 0.545675 0.750000
vt 0.539321 0.750000
vt 0.539321 0.875000
vt 0.545675 0.875000
vt 0.545675 1.000000
vt 0.539321 1.000000
vt 0.539321 0.000000
vt 0.545675 0.000000
vt 0.520147 0.125000
vt 0.520147 0.875000
vt 0.520147 1.000000
vt 0.520147 0.625000
vt 0.520147 0.750000
vt 0.520147 0.375000
vt 0.520147 0.250000
vt 0.520147 0.500000
vt 0.526341 0.250000
vt 0.526341 0.374999
vt 0.526341 0.750000
vt 0.526341 0.875000
vt 0.520147 0.000000
vt 0.526341 0.000000
vt 0.526341 0.125000
vt 0.526341 0.500000
vt 0.526341 0.625000
vt 0.526340 1.000000
s 0
usemtl Material.015
f 1/1/1 3/2/1 12/3/1 2/4/1
f 2/5/2 6/6/2 4/7/2 1/8/2
f 4/9/3 7/10/3 3/11/3 1/12/3
f 5/13/4 8/14/4 7/10/4 4/9/4
f 6/6/2 18/15/2 5/13/2 4/7/2
f 9/16/5 12/17/5 3/18/5 7/19/5
f 11/20/5 9/16/5 7/19/5 8/14/5
f 10/21/5 13/22/5 12/17/5 9/16/5
f 17/23/5 10/21/5 9/16/5 11/20/5
f 2/4/6 12/3/6 13/24/6 14/25/6
f 14/25/7 13/24/7 10/26/7 15/27/7
f 14/28/2 15/29/2 6/6/2 2/5/2
f 15/29/2 16/30/2 18/15/2 6/6/2
f 15/27/8 10/26/8 17/23/8 16/30/8
f 16/30/9 17/23/9 11/20/9 18/15/9
f 18/15/10 11/20/10 8/14/10 5/13/10
f 19/1/1 21/2/1 30/3/1 20/4/1
f 20/5/2 24/6/2 22/7/2 19/8/2
f 22/9/11 25/10/11 21/11/11 19/12/11
f 23/13/4 26/14/4 25/10/4 22/9/4
f 24/6/2 36/15/2 23/13/2 22/7/2
f 27/16/5 30/17/5 21/18/5 25/19/5
f 29/20/5 27/16/5 25/19/5 26/14/5
f 28/21/5 31/22/5 30/17/5 27/16/5
f 35/23/5 28/21/5 27/16/5 29/20/5
f 20/4/12 30/3/12 31/24/12 32/25/12
f 32/25/13 31/24/13 28/26/13 33/27/13
f 32/28/2 33/29/2 24/6/2 20/5/2
f 33/29/2 34/30/2 36/15/2 24/6/2
f 33/27/14 28/26/14 35/23/14 34/30/14
f 34/30/9 35/23/9 29/20/9 36/15/9
f 36/15/10 29/20/10 26/14/10 23/13/10
f 37/1/1 39/2/1 64/3/1 38/4/1
f 37/1/1 38/4/1 42/4/1 41/1/1
f 40/9/11 75/10/11 39/11/11 37/12/11
f 40/9/3 37/12/3 41/12/3 43/9/3
f 42/5/2 45/6/2 43/7/2 41/8/2
f 72/13/4 40/7/4 43/7/4 44/13/4
f 45/6/2 47/15/2 44/13/2 43/7/2
f 46/29/2 49/30/2 47/15/2 45/6/2
f 76/28/2 46/29/2 45/6/2 42/5/2
f 50/30/9 48/15/9 47/15/9 49/30/9
f 48/15/15 72/13/15 44/13/15 47/15/15
f 52/27/8 50/30/8 49/30/8 46/27/8
f 50/30/9 51/23/9 66/20/9 48/15/9
f 52/27/14 54/26/14 51/23/14 50/30/14
f 53/25/16 52/27/16 46/27/16 76/25/16
f 53/25/13 55/24/13 54/26/13 52/27/13
f 51/23/8 54/26/8 56/26/8 57/23/8
f 54/26/13 55/24/13 58/24/13 56/26/13
f 57/23/5 56/21/5 59/16/5 61/20/5
f 56/21/5 58/22/5 62/17/5 59/16/5
f 61/20/5 59/16/5 60/19/5 65/14/5
f 59/16/5 62/17/5 63/18/5 60/19/5
f 55/24/12 64/3/12 62/3/12 58/24/12
f 64/3/17 39/2/17 63/2/17 62/3/17
f 38/4/6 64/3/6 55/24/6 53/25/6
f 39/11/11 75/10/11 60/10/11 63/11/11
f 67/14/15 66/20/15 61/20/15 65/14/15
f 66/20/9 51/23/9 57/23/9 61/20/9
f 66/20/5 67/14/5 69/14/5 68/20/5
f 48/15/18 66/20/18 68/20/18 70/15/18
f 70/15/19 68/20/19 69/14/19 71/13/19
f 72/13/2 48/15/2 70/15/2 71/13/2
f 40/7/2 72/13/2 71/13/2 73/7/2
f 71/13/20 69/14/20 74/10/20 73/9/20
f 75/10/21 40/9/21 73/9/21 74/10/21
f 67/14/5 75/19/5 74/19/5 69/14/5
f 75/19/4 67/14/4 65/14/4 60/19/4
f 38/4/12 53/25/12 76/25/12 42/4/12
usemtl Material.005
f 81/31/22 78/32/22 77/33/22 80/33/22
f 78/32/23 137/34/23 79/33/23 77/33/23
f 81/31/24 80/33/24 82/33/24 83/35/24
f 84/36/25 85/37/25 83/35/25 82/38/25
f 86/38/26 87/35/26 85/37/26 84/36/26
f 88/39/27 90/40/27 87/35/27 86/38/27
f 92/41/28 90/40/28 88/39/28 89/42/28
f 90/40/29 91/43/29 139/43/29 87/35/29
f 93/43/30 91/43/30 90/40/30 92/41/30
f 95/31/31 93/43/31 92/41/31 94/44/31
f 94/44/32 92/41/32 89/42/32 97/38/32
f 96/45/33 130/34/33 95/31/33 94/44/33
f 98/46/34 96/45/34 94/44/34 97/38/34
f 99/47/35 131/48/35 96/45/35 98/46/35
f 99/47/36 100/47/36 101/49/36 131/48/36
f 141/50/37 102/47/37 103/49/37 148/48/37
f 102/47/38 104/47/38 105/48/38 103/49/38
f 105/48/39 104/47/39 106/51/39 107/52/39
f 107/52/40 106/51/40 108/47/40 109/53/40
f 109/53/41 108/47/41 110/47/41 111/48/41
f 113/54/42 111/48/42 110/33/42 112/33/42
f 143/55/43 113/54/43 112/33/43 142/33/43
f 116/55/44 114/33/44 115/33/44 117/55/44
f 144/56/45 119/54/45 113/54/45 143/55/45
f 120/55/46 118/56/46 116/55/46 117/55/46
f 145/56/47 122/54/47 119/54/47 144/56/47
f 123/54/48 121/54/48 118/56/48 120/55/48
f 146/57/49 126/55/49 122/54/49 145/56/49
f 127/55/50 124/54/50 121/54/50 123/54/50
f 147/54/51 146/57/51 124/54/51 125/55/51
f 125/55/52 124/54/52 127/55/52 129/55/52
f 128/34/53 127/55/53 123/54/53 133/58/53
f 129/55/54 127/55/54 128/34/54 130/34/54
f 131/48/55 101/49/55 125/55/55 129/55/55
f 131/48/56 129/55/56 130/34/56 96/45/56
f 130/34/57 128/34/57 132/43/57 95/31/57
f 132/43/58 128/34/58 133/58/58 134/43/58
f 133/58/59 123/54/59 120/55/59 135/59/59
f 134/43/60 133/58/60 135/59/60 136/43/60
f 135/59/61 120/55/61 117/55/61 137/34/61
f 136/43/62 135/59/62 137/34/62 78/32/62
f 137/34/63 117/55/63 115/33/63 79/33/63
f 138/32/64 136/43/64 78/32/64 81/31/64
f 139/43/65 134/43/65 136/43/65 138/32/65
f 85/37/66 138/32/66 81/31/66 83/35/66
f 87/35/67 139/43/67 138/32/67 85/37/67
f 91/43/68 132/43/68 134/43/68 139/43/68
f 95/31/69 132/43/69 91/43/69 93/43/69
f 103/49/70 105/48/70 126/55/70 140/55/70
f 126/55/71 105/48/71 107/52/71 122/54/71
f 148/48/72 103/49/72 140/55/72 147/54/72
f 122/54/73 107/52/73 109/53/73 119/54/73
f 119/54/74 109/53/74 111/48/74 113/54/74
f 101/49/75 148/48/75 147/54/75 125/55/75
f 140/55/76 126/55/76 146/57/76 147/54/76
f 124/54/77 146/57/77 145/56/77 121/54/77
f 121/54/78 145/56/78 144/56/78 118/56/78
f 118/56/79 144/56/79 143/55/79 116/55/79
f 116/55/80 143/55/80 142/33/80 114/33/80
f 100/47/81 141/50/81 148/48/81 101/49/81
f 472/19/347 463/123/347 453/43/347 458/35/347
f 469/124/347 466/21/347 455/38/347 457/125/347
f 479/126/347 469/124/347 457/125/347 476/127/347
f 466/21/347 472/19/347 458/35/347 455/38/347
f 454/47/348 459/48/348 474/128/348 468/129/348
f 468/129/348 474/128/348 473/130/348 467/131/348
f 488/23/349 490/14/349 472/19/349 466/21/349
f 475/132/347 456/133/347 471/134/347 477/135/347
f 477/135/347 471/134/347 470/136/347 478/137/347
f 491/138/350 489/139/350 469/124/350 479/126/350
f 456/133/351 454/47/351 468/129/351 471/134/351
f 471/134/351 468/129/351 467/131/351 470/136/351
f 489/139/352 488/23/352 466/21/352 469/124/352
f 459/48/347 452/55/347 465/140/347 474/128/347
f 474/128/347 465/140/347 464/141/347 473/130/347
f 490/14/347 487/66/347 463/123/347 472/19/347
f 461/142/347 483/143/347 486/144/347 485/2/347
f 482/145/347 477/135/347 478/137/347 483/143/347
f 480/146/353 475/132/353 477/135/353 482/145/353
f 484/147/347 479/126/347 476/127/347 481/148/347
f 462/149/347 484/147/347 481/148/347 451/150/347
f 450/33/354 480/146/354 482/145/354 460/151/354
f 460/151/347 482/145/347 483/143/347 461/142/347
f 485/2/347 486/144/347 484/147/347 462/149/347
f 473/130/347 464/141/347 487/66/347 490/14/347
f 470/136/355 467/131/355 488/23/355 489/139/355
f 478/137/356 470/136/356 489/139/356 491/138/356
f 467/131/357 473/130/357 490/14/357 488/23/357
f 514/19/358 500/35/358 495/43/358 505/123/358
f 511/124/358 499/125/358 497/38/358 508/21/358
f 521/126/358 518/127/358 499/125/358 511/124/358
f 508/21/358 497/38/358 500/35/358 514/19/358
f 496/47/359 510/129/359 516/128/359 501/48/359
f 510/129/359 509/131/359 515/130/359 516/128/359
f 530/23/360 508/21/360 514/19/360 532/14/360
f 517/132/358 519/135/358 513/134/358 498/133/358
f 519/135/358 520/137/358 512/136/358 513/134/358
f 533/138/361 521/126/361 511/124/361 531/139/361
f 498/133/362 513/134/362 510/129/362 496/47/362
f 513/134/362 512/136/362 509/131/362 510/129/362
f 531/139/363 511/124/363 508/21/363 530/23/363
f 501/48/358 516/128/358 507/140/358 494/55/358
f 516/128/358 515/130/358 506/141/358 507/140/358
f 532/14/358 514/19/358 505/123/358 529/66/358
f 503/142/358 527/2/358 528/144/358 525/143/358
f 524/145/358 525/143/358 520/137/358 519/135/358
f 522/146/364 524/145/364 519/135/364 517/132/364
f 526/147/358 523/148/358 518/127/358 521/126/358
f 504/149/358 493/150/358 523/148/358 526/147/358
f 492/33/365 502/151/365 524/145/365 522/146/365
f 502/151/358 503/142/358 525/143/358 524/145/358
f 527/2/358 504/149/358 526/147/358 528/144/358
f 515/130/358 532/14/358 529/66/358 506/141/358
f 512/136/366 531/139/366 530/23/366 509/131/366
f 520/137/367 533/138/367 531/139/367 512/136/367
f 509/131/368 530/23/368 532/14/368 515/130/368
f 478/137/369 491/138/369 533/138/369 520/137/369
f 457/125/370 455/38/370 497/38/370 499/125/370
f 484/147/371 486/144/371 528/144/371 526/147/371
f 454/47/372 456/133/372 498/133/372 496/47/372
f 463/123/373 487/66/373 529/66/373 505/123/373
f 476/127/374 457/125/374 499/125/374 518/127/374
f 475/132/375 480/146/375 522/146/375 517/132/375
f 451/150/376 481/148/376 523/148/376 493/150/376
f 455/38/377 458/35/377 500/35/377 497/38/377
f 452/55/378 459/48/378 501/48/378 494/55/378
f 491/138/379 479/126/379 521/126/379 533/138/379
f 450/33/380 460/151/380 502/151/380 492/33/380
f 456/133/381 475/132/381 517/132/381 498/133/381
f 480/146/382 450/33/382 492/33/382 522/146/382
f 460/151/383 461/142/383 503/142/383 502/151/383
f 481/148/374 476/127/374 518/127/374 523/148/374
f 462/149/384 451/150/384 493/150/384 504/149/384
f 485/2/385 462/149/385 504/149/385 527/2/385
f 458/35/386 453/43/386 495/43/386 500/35/386
f 453/43/387 463/123/387 505/123/387 495/43/387
f 483/143/388 478/137/388 520/137/388 525/143/388
f 465/140/389 452/55/389 494/55/389 507/140/389
f 486/144/390 483/143/390 525/143/390 528/144/390
f 487/66/373 464/141/373 506/141/373 529/66/373
f 479/126/391 484/147/391 526/147/391 521/126/391
f 459/48/392 454/47/392 496/47/392 501/48/392
f 461/142/393 485/2/393 527/2/393 503/142/393
f 464/141/394 465/140/394 507/140/394 506/141/394
usemtl Material.002
f 171/60/82 152/38/82 150/43/82 170/61/82
f 170/61/83 150/43/83 154/43/83 172/61/83
f 172/61/84 154/43/84 156/43/84 173/61/84
f 173/61/84 156/43/84 158/43/84 174/61/84
f 174/61/85 158/43/85 160/43/85 175/61/85
f 175/61/86 160/43/86 162/43/86 176/61/86
f 159/55/87 168/34/87 169/34/87 161/55/87
f 157/55/88 167/34/88 168/34/88 159/55/88
f 155/55/89 166/34/89 167/34/89 157/55/89
f 153/55/89 165/34/89 166/34/89 155/55/89
f 149/55/90 163/34/90 165/34/90 153/55/90
f 151/47/91 164/46/91 163/34/91 149/55/91
f 168/34/92 175/61/92 176/61/92 169/34/92
f 167/34/93 174/61/93 175/61/93 168/34/93
f 166/34/94 173/61/94 174/61/94 167/34/94
f 165/34/94 172/61/94 173/61/94 166/34/94
f 163/34/95 170/61/95 172/61/95 165/34/95
f 164/46/96 171/60/96 170/61/96 163/34/96
f 1026/4/702 1027/3/702 1017/24/702 1016/25/702
f 1022/27/703 1023/26/703 1021/23/703 1020/30/703
f 1028/15/704 1029/20/704 1019/14/704 1018/13/704
f 1024/9/705 1025/10/705 1015/11/705 1014/12/705
f 1031/6/706 1028/15/706 1018/13/706 1024/7/706
f 1030/16/707 1027/17/707 1015/18/707 1025/19/707
f 1029/20/707 1030/16/707 1025/19/707 1019/14/707
f 1026/5/706 1031/6/706 1024/7/706 1014/8/706
f 1018/13/708 1019/14/708 1025/10/708 1024/9/708
f 1016/25/709 1017/24/709 1023/26/709 1022/27/709
f 1016/28/706 1022/29/706 1031/6/706 1026/5/706
f 1021/23/707 1023/21/707 1030/16/707 1029/20/707
f 1023/21/707 1017/22/707 1027/17/707 1030/16/707
f 1022/29/706 1020/30/706 1028/15/706 1031/6/706
f 1020/30/710 1021/23/710 1029/20/710 1028/15/710
f 1014/1/711 1015/2/711 1027/3/711 1026/4/711
f 1044/4/702 1045/3/702 1035/24/702 1034/25/702
f 1040/27/703 1041/26/703 1039/23/703 1038/30/703
f 1046/15/704 1047/20/704 1037/14/704 1036/13/704
f 1042/9/705 1043/10/705 1033/11/705 1032/12/705
f 1049/6/706 1046/15/706 1036/13/706 1042/7/706
f 1048/16/707 1045/17/707 1033/18/707 1043/19/707
f 1047/20/707 1048/16/707 1043/19/707 1037/14/707
f 1044/5/706 1049/6/706 1042/7/706 1032/8/706
f 1036/13/708 1037/14/708 1043/10/708 1042/9/708
f 1034/25/709 1035/24/709 1041/26/709 1040/27/709
f 1034/28/706 1040/29/706 1049/6/706 1044/5/706
f 1039/23/707 1041/21/707 1048/16/707 1047/20/707
f 1041/21/707 1035/22/707 1045/17/707 1048/16/707
f 1040/29/706 1038/30/706 1046/15/706 1049/6/706
f 1038/30/710 1039/23/710 1047/20/710 1046/15/710
f 1032/1/711 1033/2/711 1045/3/711 1044/4/711
f 1102/4/704 1103/3/704 1093/24/704 1092/25/704
f 1098/27/705 1099/26/705 1097/23/705 1096/30/705
f 1104/15/702 1105/20/702 1095/14/702 1094/13/702
f 1100/9/703 1101/10/703 1091/11/703 1090/12/703
f 1107/6/706 1104/15/706 1094/13/706 1100/7/706
f 1106/16/707 1103/17/707 1091/18/707 1101/19/707
f 1105/20/707 1106/16/707 1101/19/707 1095/14/707
f 1102/5/706 1107/6/706 1100/7/706 1090/8/706
f 1094/13/709 1095/14/709 1101/10/709 1100/9/709
f 1092/25/708 1093/24/708 1099/26/708 1098/27/708
f 1092/28/706 1098/29/706 1107/6/706 1102/5/706
f 1097/23/707 1099/21/707 1106/16/707 1105/20/707
f 1099/21/707 1093/22/707 1103/17/707 1106/16/707
f 1098/29/706 1096/30/706 1104/15/706 1107/6/706
f 1096/30/711 1097/23/711 1105/20/711 1104/15/711
f 1090/1/710 1091/2/710 1103/3/710 1102/4/710
f 1228/1/792 1229/2/792 1231/24/792 1230/25/792
f 1230/25/707 1231/24/707 1235/23/707 1234/30/707
f 1234/30/793 1235/23/793 1233/14/793 1232/13/793
f 1232/13/706 1233/14/706 1229/11/706 1228/12/706
f 1230/28/399 1234/30/399 1232/13/399 1228/8/399
f 1235/23/163 1231/22/163 1229/18/163 1233/14/163
f 1517/1/711 1519/2/711 1528/3/711 1518/4/711
f 1518/5/706 1522/6/706 1520/7/706 1517/8/706
f 1520/9/923 1523/10/923 1519/11/923 1517/12/923
f 1521/13/924 1524/14/924 1523/10/924 1520/9/924
f 1522/6/706 1534/15/706 1521/13/706 1520/7/706
f 1525/16/707 1528/17/707 1519/18/707 1523/19/707
f 1527/20/707 1525/16/707 1523/19/707 1524/14/707
f 1526/21/707 1529/22/707 1528/17/707 1525/16/707
f 1533/23/707 1526/21/707 1525/16/707 1527/20/707
f 1518/4/925 1528/3/925 1529/24/925 1530/25/925
f 1530/25/926 1529/24/926 1526/26/926 1531/27/926
f 1530/28/706 1531/29/706 1522/6/706 1518/5/706
f 1531/29/706 1532/30/706 1534/15/706 1522/6/706
f 1531/27/927 1526/26/927 1533/23/927 1532/30/927
f 1532/30/928 1533/23/928 1527/20/928 1534/15/928
f 1534/15/704 1527/20/704 1524/14/704 1521/13/704
f 1596/152/793 1588/3/793 1570/24/793 1578/153/793
f 1578/153/939 1570/24/939 1574/23/939 1581/154/939
f 1593/155/792 1590/20/792 1572/14/792 1584/156/792
f 1584/156/940 1572/14/940 1568/11/940 1577/157/940
f 1567/1/793 1587/4/793 1597/4/793 1598/1/793
f 1590/20/941 1588/17/941 1568/18/941 1572/14/941
f 1571/13/942 1586/158/942 1575/159/942 1567/12/942
f 1586/158/943 1585/130/943 1576/34/943 1575/159/943
f 1585/130/944 1584/156/944 1577/157/944 1576/34/944
f 1589/15/945 1591/160/945 1586/158/945 1571/13/945
f 1591/160/946 1592/161/946 1585/130/946 1586/158/946
f 1592/161/792 1593/155/792 1584/156/792 1585/130/792
f 1569/25/947 1580/162/947 1583/163/947 1573/30/947
f 1580/162/948 1579/136/948 1582/131/948 1583/163/948
f 1579/136/949 1578/153/949 1581/154/949 1582/131/949
f 1587/4/950 1594/164/950 1580/162/950 1569/25/950
f 1594/164/951 1595/165/951 1579/136/951 1580/162/951
f 1595/165/793 1596/152/793 1578/153/793 1579/136/793
f 1576/142/793 1577/166/793 1596/152/793 1595/165/793
f 1575/167/951 1576/142/951 1595/165/951 1594/164/951
f 1567/1/950 1575/167/950 1594/164/950 1587/4/950
f 1582/131/792 1581/154/792 1593/155/792 1592/161/792
f 1583/163/946 1582/131/946 1592/161/946 1591/160/946
f 1573/30/945 1583/163/945 1591/160/945 1589/15/945
f 1574/23/952 1570/22/952 1588/17/952 1590/20/952
f 1569/25/953 1573/30/953 1599/30/953 1600/25/953
f 1581/154/792 1574/23/792 1590/20/792 1593/155/792
f 1577/166/793 1568/2/793 1588/3/793 1596/152/793
f 1573/30/792 1589/15/792 1601/15/792 1599/30/792
f 1589/15/792 1571/13/792 1602/13/792 1601/15/792
f 1587/4/793 1569/25/793 1600/25/793 1597/4/793
f 1571/13/954 1567/12/954 1598/12/954 1602/13/954
f 1632/152/792 1624/3/792 1606/24/792 1614/153/792
f 1614/153/955 1606/24/955 1610/23/955 1617/154/955
f 1629/155/793 1626/20/793 1608/14/793 1620/156/793
f 1620/156/956 1608/14/956 1604/11/956 1613/157/956
f 1603/1/792 1623/4/792 1633/4/792 1634/1/792
f 1626/20/957 1624/17/957 1604/18/957 1608/14/957
f 1607/13/958 1622/158/958 1611/159/958 1603/12/958
f 1622/158/959 1621/130/959 1612/34/959 1611/159/959
f 1621/130/960 1620/156/960 1613/157/960 1612/34/960
f 1625/15/961 1627/160/961 1622/158/961 1607/13/961
f 1627/160/962 1628/161/962 1621/130/962 1622/158/962
f 1628/161/793 1629/155/793 1620/156/793 1621/130/793
f 1605/25/963 1616/162/963 1619/163/963 1609/30/963
f 1616/162/964 1615/136/964 1618/131/964 1619/163/964
f 1615/136/965 1614/153/965 1617/154/965 1618/131/965
f 1623/4/966 1630/164/966 1616/162/966 1605/25/966
f 1630/164/967 1631/165/967 1615/136/967 1616/162/967
f 1631/165/792 1632/152/792 1614/153/792 1615/136/792
f 1612/142/792 1613/166/792 1632/152/792 1631/165/792
f 1611/167/967 1612/142/967 1631/165/967 1630/164/967
f 1603/1/966 1611/167/966 1630/164/966 1623/4/966
f 1618/131/793 1617/154/793 1629/155/793 1628/161/793
f 1619/163/962 1618/131/962 1628/161/962 1627/160/962
f 1609/30/961 1619/163/961 1627/160/961 1625/15/961
f 1610/23/968 1606/22/968 1624/17/968 1626/20/968
f 1605/25/969 1609/30/969 1635/30/969 1636/25/969
f 1617/154/793 1610/23/793 1626/20/793 1629/155/793
f 1613/166/792 1604/2/792 1624/3/792 1632/152/792
f 1609/30/793 1625/15/793 1637/15/793 1635/30/793
f 1625/15/793 1607/13/793 1638/13/793 1637/15/793
f 1623/4/792 1605/25/792 1636/25/792 1633/4/792
f 1607/13/970 1603/12/970 1634/12/970 1638/13/970
usemtl Material.003
f 189/4/97 190/3/97 180/24/97 179/25/97
f 185/27/98 186/26/98 184/23/98 183/30/98
f 191/15/99 192/20/99 182/14/99 181/13/99
f 187/9/100 188/10/100 178/11/100 177/12/100
f 193/6/101 191/15/101 181/13/101 187/7/101
f 225/62/102 221/24/102 195/24/102 196/26/102
f 224/63/103 222/64/103 199/14/103 200/10/103
f 189/5/104 193/6/104 187/7/104 177/8/104
f 181/13/105 182/14/105 188/10/105 187/9/105
f 179/25/106 180/24/106 186/26/106 185/27/106
f 179/28/107 185/29/107 193/6/107 189/5/107
f 222/64/108 219/20/108 198/20/108 199/14/108
f 223/65/109 220/2/109 201/2/109 194/3/109
f 185/29/110 183/30/110 191/15/110 193/6/110
f 183/30/111 184/23/111 192/20/111 191/15/111
f 177/1/112 178/2/112 190/3/112 189/4/112
f 202/16/113 194/17/113 201/18/113 200/19/113
f 198/20/114 202/16/114 200/19/114 199/14/114
f 197/23/115 196/21/115 202/16/115 198/20/115
f 196/21/116 195/22/116 194/17/116 202/16/116
f 221/24/117 223/65/117 194/3/117 195/24/117
f 220/66/118 224/63/118 200/10/118 201/11/118
f 226/23/119 225/62/119 196/26/119 197/23/119
f 219/20/120 226/23/120 197/23/120 198/20/120
f 216/20/121 215/23/121 210/67/121 204/20/121
f 215/23/122 214/62/122 209/62/122 210/67/122
f 217/66/123 213/68/123 207/10/123 206/11/123
f 218/24/124 212/3/124 205/3/124 208/69/124
f 212/3/125 217/2/125 206/2/125 205/3/125
f 211/70/126 216/20/126 204/20/126 203/70/126
f 213/68/127 211/70/127 203/70/127 207/10/127
f 214/62/128 218/24/128 208/69/128 209/62/128
f 186/26/129 180/24/129 218/24/129 214/62/129
f 188/10/130 182/14/130 211/70/130 213/68/130
f 182/14/131 192/20/131 216/20/131 211/70/131
f 190/3/132 178/2/132 217/2/132 212/3/132
f 180/24/133 190/3/133 212/3/133 218/24/133
f 178/11/134 188/10/134 213/68/134 217/66/134
f 184/23/135 186/26/135 214/62/135 215/23/135
f 192/20/136 184/23/136 215/23/136 216/20/136
f 232/71/137 231/72/137 226/23/137 219/20/137
f 231/72/138 230/62/138 225/62/138 226/23/138
f 233/11/139 229/10/139 224/63/139 220/66/139
f 234/24/140 228/73/140 223/65/140 221/24/140
f 228/73/141 233/2/141 220/2/141 223/65/141
f 227/14/142 232/71/142 219/20/142 222/64/142
f 229/10/143 227/14/143 222/64/143 224/63/143
f 230/62/144 234/24/144 221/24/144 225/62/144
f 209/62/145 208/69/145 234/24/145 230/62/145
f 207/10/146 203/70/146 227/14/146 229/10/146
f 203/70/147 204/20/147 232/71/147 227/14/147
f 205/3/148 206/2/148 233/2/148 228/73/148
f 208/69/149 205/3/149 228/73/149 234/24/149
f 206/11/150 207/10/150 229/10/150 233/11/150
f 210/67/151 209/62/151 230/62/151 231/72/151
f 204/20/152 210/67/152 231/72/152 232/71/152
f 247/4/153 248/3/153 238/24/153 237/25/153
f 243/27/154 244/26/154 242/23/154 241/30/154
f 249/15/155 250/20/155 240/14/155 239/13/155
f 245/9/156 246/10/156 236/11/156 235/12/156
f 251/6/157 249/15/157 239/13/157 245/7/157
f 283/62/158 279/24/158 253/24/158 254/26/158
f 282/63/159 280/64/159 257/14/159 258/10/159
f 247/5/160 251/6/160 245/7/160 235/8/160
f 239/13/161 240/14/161 246/10/161 245/9/161
f 237/25/162 238/24/162 244/26/162 243/27/162
f 237/28/163 243/29/163 251/6/163 247/5/163
f 280/64/164 277/20/164 256/20/164 257/14/164
f 281/65/165 278/2/165 259/2/165 252/3/165
f 243/29/166 241/30/166 249/15/166 251/6/166
f 241/30/167 242/23/167 250/20/167 249/15/167
f 235/1/168 236/2/168 248/3/168 247/4/168
f 260/16/169 252/17/169 259/18/169 258/19/169
f 256/20/170 260/16/170 258/19/170 257/14/170
f 255/23/171 254/21/171 260/16/171 256/20/171
f 254/21/172 253/22/172 252/17/172 260/16/172
f 279/24/173 281/65/173 252/3/173 253/24/173
f 278/66/174 282/63/174 258/10/174 259/11/174
f 284/23/175 283/62/175 254/26/175 255/23/175
f 277/20/176 284/23/176 255/23/176 256/20/176
f 274/20/177 273/23/177 268/67/177 262/20/177
f 273/23/178 272/62/178 267/62/178 268/67/178
f 275/66/179 271/68/179 265/10/179 264/11/179
f 276/24/180 270/3/180 263/3/180 266/69/180
f 270/3/181 275/2/181 264/2/181 263/3/181
f 269/70/182 274/20/182 262/20/182 261/70/182
f 271/68/183 269/70/183 261/70/183 265/10/183
f 272/62/184 276/24/184 266/69/184 267/62/184
f 244/26/185 238/24/185 276/24/185 272/62/185
f 246/10/186 240/14/186 269/70/186 271/68/186
f 240/14/187 250/20/187 274/20/187 269/70/187
f 248/3/188 236/2/188 275/2/188 270/3/188
f 238/24/189 248/3/189 270/3/189 276/24/189
f 236/11/190 246/10/190 271/68/190 275/66/190
f 242/23/191 244/26/191 272/62/191 273/23/191
f 250/20/192 242/23/192 273/23/192 274/20/192
f 290/71/193 289/72/193 284/23/193 277/20/193
f 289/72/194 288/62/194 283/62/194 284/23/194
f 291/11/195 287/10/195 282/63/195 278/66/195
f 292/24/196 286/73/196 281/65/196 279/24/196
f 286/73/197 291/2/197 278/2/197 281/65/197
f 285/14/198 290/71/198 277/20/198 280/64/198
f 287/10/199 285/14/199 280/64/199 282/63/199
f 288/62/200 292/24/200 279/24/200 283/62/200
f 267/62/201 266/69/201 292/24/201 288/62/201
f 265/10/202 261/70/202 285/14/202 287/10/202
f 261/70/203 262/20/203 290/71/203 285/14/203
f 263/3/204 264/2/204 291/2/204 286/73/204
f 266/69/205 263/3/205 286/73/205 292/24/205
f 264/11/206 265/10/206 287/10/206 291/11/206
f 268/67/207 267/62/207 288/62/207 289/72/207
f 262/20/208 268/67/208 289/72/208 290/71/208
f 560/4/404 561/3/404 555/24/404 554/25/404
f 564/27/405 565/26/405 559/23/405 558/30/405
f 562/15/406 563/20/406 557/14/406 556/13/406
f 566/9/407 567/10/407 553/11/407 552/12/407
f 566/9/408 552/12/408 589/12/408 594/9/408
f 557/14/409 563/20/409 608/20/409 609/14/409
f 565/26/410 555/24/410 605/24/410 606/26/410
f 554/25/411 564/27/411 590/27/411 591/25/411
f 558/30/412 559/23/412 563/20/412 562/15/412
f 552/1/413 553/2/413 561/3/413 560/4/413
f 556/13/414 566/9/414 594/9/414 595/13/414
f 567/10/415 557/14/415 609/14/415 610/10/415
f 559/23/416 565/26/416 606/26/416 607/23/416
f 560/4/417 554/25/417 591/25/417 588/4/417
f 556/13/418 557/14/418 567/10/418 566/9/418
f 554/25/419 555/24/419 565/26/419 564/27/419
f 578/4/404 579/3/404 573/24/404 572/25/404
f 582/27/420 583/26/420 577/23/420 576/30/420
f 580/15/421 581/20/421 575/14/421 574/13/421
f 584/9/422 585/10/422 571/11/422 570/12/422
f 587/6/423 580/15/423 574/13/423 584/7/423
f 586/16/424 579/17/424 571/18/424 585/19/424
f 583/21/424 573/22/424 579/17/424 586/16/424
f 582/29/423 576/30/423 580/15/423 587/6/423
f 576/30/412 577/23/412 581/20/412 580/15/412
f 570/1/425 571/2/425 579/3/425 578/4/425
f 572/28/423 582/29/423 587/6/423 578/5/423
f 577/23/424 583/21/424 586/16/424 581/20/424
f 581/20/424 586/16/424 585/19/424 575/14/424
f 578/5/423 587/6/423 584/7/423 570/8/423
f 574/13/426 575/14/426 585/10/426 584/9/426
f 572/25/427 573/24/427 583/26/427 582/27/427
f 588/4/428 591/25/428 598/25/428 569/4/428
f 594/9/429 589/12/429 596/12/429 601/9/429
f 591/25/430 590/27/430 597/27/430 598/25/430
f 595/13/431 594/9/431 601/9/431 602/13/431
f 552/1/432 560/4/432 588/4/432 589/1/432
f 564/27/433 558/30/433 593/30/433 590/27/433
f 558/30/434 562/15/434 592/15/434 593/30/434
f 562/15/435 556/13/435 595/13/435 592/15/435
f 603/6/436 599/15/436 602/13/436 601/7/436
f 597/29/437 600/30/437 599/15/437 603/6/437
f 598/28/438 597/29/438 603/6/438 569/5/438
f 569/5/439 603/6/439 601/7/439 596/8/439
f 593/30/440 592/15/440 599/15/440 600/30/440
f 589/1/425 588/4/425 569/4/425 596/1/425
f 590/27/405 593/30/405 600/30/405 597/27/405
f 592/15/421 595/13/421 602/13/421 599/15/421
f 605/24/428 604/3/428 568/3/428 612/24/428
f 609/14/421 608/20/421 615/20/421 616/14/421
f 604/3/425 611/2/425 618/2/425 568/3/425
f 610/10/431 609/14/431 616/14/431 617/10/431
f 563/20/441 559/23/441 607/23/441 608/20/441
f 561/3/442 553/2/442 611/2/442 604/3/442
f 555/24/443 561/3/443 604/3/443 605/24/443
f 553/11/444 567/10/444 610/10/444 611/11/444
f 619/16/424 568/17/424 618/18/424 617/19/424
f 613/21/424 612/22/424 568/17/424 619/16/424
f 614/23/424 613/21/424 619/16/424 615/20/424
f 615/20/424 619/16/424 617/19/424 616/14/424
f 606/26/430 605/24/430 612/24/430 613/26/430
f 608/20/440 607/23/440 614/23/440 615/20/440
f 611/11/429 610/10/429 617/10/429 618/11/429
f 607/23/445 606/26/445 613/26/445 614/23/445
f 628/4/446 629/3/446 623/24/446 622/25/446
f 632/27/447 633/26/447 627/23/447 626/30/447
f 630/15/448 631/20/448 625/14/448 624/13/448
f 634/9/449 635/10/449 621/11/449 620/12/449
f 634/9/450 620/12/450 657/12/450 662/9/450
f 625/14/451 631/20/451 676/20/451 677/14/451
f 633/26/452 623/24/452 673/24/452 674/26/452
f 622/25/453 632/27/453 658/27/453 659/25/453
f 626/30/454 627/23/454 631/20/454 630/15/454
f 620/1/455 621/2/455 629/3/455 628/4/455
f 624/13/456 634/9/456 662/9/456 663/13/456
f 635/10/457 625/14/457 677/14/457 678/10/457
f 627/23/458 633/26/458 674/26/458 675/23/458
f 628/4/459 622/25/459 659/25/459 656/4/459
f 624/13/460 625/14/460 635/10/460 634/9/460
f 622/25/461 623/24/461 633/26/461 632/27/461
f 646/4/446 647/3/446 641/24/446 640/25/446
f 650/27/462 651/26/462 645/23/462 644/30/462
f 648/15/463 649/20/463 643/14/463 642/13/463
f 652/9/464 653/10/464 639/11/464 638/12/464
f 655/6/465 648/15/465 642/13/465 652/7/465
f 654/16/466 647/17/466 639/18/466 653/19/466
f 651/21/466 641/22/466 647/17/466 654/16/466
f 650/29/465 644/30/465 648/15/465 655/6/465
f 644/30/454 645/23/454 649/20/454 648/15/454
f 638/1/467 639/2/467 647/3/467 646/4/467
f 640/28/465 650/29/465 655/6/465 646/5/465
f 645/23/466 651/21/466 654/16/466 649/20/466
f 649/20/466 654/16/466 653/19/466 643/14/466
f 646/5/465 655/6/465 652/7/465 638/8/465
f 642/13/468 643/14/468 653/10/468 652/9/468
f 640/25/469 641/24/469 651/26/469 650/27/469
f 656/4/470 659/25/470 666/25/470 637/4/470
f 662/9/471 657/12/471 664/12/471 669/9/471
f 659/25/472 658/27/472 665/27/472 666/25/472
f 663/13/473 662/9/473 669/9/473 670/13/473
f 620/1/474 628/4/474 656/4/474 657/1/474
f 632/27/475 626/30/475 661/30/475 658/27/475
f 626/30/476 630/15/476 660/15/476 661/30/476
f 630/15/477 624/13/477 663/13/477 660/15/477
f 671/6/478 667/15/478 670/13/478 669/7/478
f 665/29/479 668/30/479 667/15/479 671/6/479
f 666/28/480 665/29/480 671/6/480 637/5/480
f 637/5/481 671/6/481 669/7/481 664/8/481
f 661/30/482 660/15/482 667/15/482 668/30/482
f 657/1/467 656/4/467 637/4/467 664/1/467
f 658/27/447 661/30/447 668/30/447 665/27/447
f 660/15/463 663/13/463 670/13/463 667/15/463
f 673/24/470 672/3/470 636/3/470 680/24/470
f 677/14/463 676/20/463 683/20/463 684/14/463
f 672/3/467 679/2/467 686/2/467 636/3/467
f 678/10/473 677/14/473 684/14/473 685/10/473
f 631/20/483 627/23/483 675/23/483 676/20/483
f 629/3/484 621/2/484 679/2/484 672/3/484
f 623/24/485 629/3/485 672/3/485 673/24/485
f 621/11/486 635/10/486 678/10/486 679/11/486
f 687/16/466 636/17/466 686/18/466 685/19/466
f 681/21/466 680/22/466 636/17/466 687/16/466
f 682/23/466 681/21/466 687/16/466 683/20/466
f 683/20/466 687/16/466 685/19/466 684/14/466
f 674/26/472 673/24/472 680/24/472 681/26/472
f 676/20/482 675/23/482 682/23/482 683/20/482
f 679/11/471 678/10/471 685/10/471 686/11/471
f 675/23/487 674/26/487 681/26/487 682/23/487
f 783/4/548 784/3/548 778/24/548 777/25/548
f 787/27/549 788/26/549 782/23/549 781/30/549
f 785/15/550 786/20/550 780/14/550 779/13/550
f 789/9/551 790/10/551 776/11/551 775/12/551
f 789/9/552 775/12/552 812/12/552 817/9/552
f 780/14/553 786/20/553 831/20/553 832/14/553
f 788/26/554 778/24/554 828/24/554 829/26/554
f 777/25/555 787/27/555 813/27/555 814/25/555
f 781/30/556 782/23/556 786/20/556 785/15/556
f 775/1/557 776/2/557 784/3/557 783/4/557
f 779/13/558 789/9/558 817/9/558 818/13/558
f 790/10/559 780/14/559 832/14/559 833/10/559
f 782/23/560 788/26/560 829/26/560 830/23/560
f 783/4/561 777/25/561 814/25/561 811/4/561
f 779/13/562 780/14/562 790/10/562 789/9/562
f 777/25/563 778/24/563 788/26/563 787/27/563
f 801/4/548 802/3/548 796/24/548 795/25/548
f 805/27/549 806/26/549 800/23/549 799/30/549
f 803/15/564 804/20/564 798/14/564 797/13/564
f 807/9/551 808/10/551 794/11/551 793/12/551
f 810/6/565 803/15/565 797/13/565 807/7/565
f 809/16/566 802/17/566 794/18/566 808/19/566
f 806/21/566 796/22/566 802/17/566 809/16/566
f 805/29/567 799/30/567 803/15/567 810/6/567
f 799/30/556 800/23/556 804/20/556 803/15/556
f 793/1/557 794/2/557 802/3/557 801/4/557
f 795/28/567 805/29/567 810/6/567 801/5/567
f 800/23/566 806/21/566 809/16/566 804/20/566
f 804/20/568 809/16/568 808/19/568 798/14/568
f 801/5/565 810/6/565 807/7/565 793/8/565
f 797/13/569 798/14/569 808/10/569 807/9/569
f 795/25/563 796/24/563 806/26/563 805/27/563
f 811/4/548 814/25/548 821/25/548 792/4/548
f 817/9/551 812/12/551 819/12/551 824/9/551
f 814/25/570 813/27/570 820/27/570 821/25/570
f 818/13/569 817/9/569 824/9/569 825/13/569
f 775/1/571 783/4/571 811/4/571 812/1/571
f 787/27/572 781/30/572 816/30/572 813/27/572
f 781/30/573 785/15/573 815/15/573 816/30/573
f 785/15/574 779/13/574 818/13/574 815/15/574
f 826/6/575 822/15/575 825/13/575 824/7/575
f 820/29/576 823/30/576 822/15/576 826/6/576
f 821/28/577 820/29/577 826/6/577 792/5/577
f 792/5/578 826/6/578 824/7/578 819/8/578
f 816/30/556 815/15/556 822/15/556 823/30/556
f 812/1/557 811/4/557 792/4/557 819/1/557
f 813/27/549 816/30/549 823/30/549 820/27/549
f 815/15/564 818/13/564 825/13/564 822/15/564
f 828/24/548 827/3/548 791/3/548 835/24/548
f 832/14/564 831/20/564 838/20/564 839/14/564
f 827/3/557 834/2/557 841/2/557 791/3/557
f 833/10/562 832/14/562 839/14/562 840/10/562
f 786/20/579 782/23/579 830/23/579 831/20/579
f 784/3/580 776/2/580 834/2/580 827/3/580
f 778/24/581 784/3/581 827/3/581 828/24/581
f 776/11/582 790/10/582 833/10/582 834/11/582
f 842/16/566 791/17/566 841/18/566 840/19/566
f 836/21/566 835/22/566 791/17/566 842/16/566
f 837/23/566 836/21/566 842/16/566 838/20/566
f 838/20/566 842/16/566 840/19/566 839/14/566
f 829/26/563 828/24/563 835/24/563 836/26/563
f 831/20/556 830/23/556 837/23/556 838/20/556
f 834/11/551 833/10/551 840/10/551 841/11/551
f 830/23/549 829/26/549 836/26/549 837/23/549
f 851/4/583 852/3/583 846/24/583 845/25/583
f 855/27/584 856/26/584 850/23/584 849/30/584
f 853/15/585 854/20/585 848/14/585 847/13/585
f 857/9/586 858/10/586 844/11/586 843/12/586
f 857/9/587 843/12/587 880/12/587 885/9/587
f 848/14/588 854/20/588 899/20/588 900/14/588
f 856/26/589 846/24/589 896/24/589 897/26/589
f 845/25/590 855/27/590 881/27/590 882/25/590
f 849/30/591 850/23/591 854/20/591 853/15/591
f 843/1/592 844/2/592 852/3/592 851/4/592
f 847/13/593 857/9/593 885/9/593 886/13/593
f 858/10/594 848/14/594 900/14/594 901/10/594
f 850/23/595 856/26/595 897/26/595 898/23/595
f 851/4/596 845/25/596 882/25/596 879/4/596
f 847/13/597 848/14/597 858/10/597 857/9/597
f 845/25/598 846/24/598 856/26/598 855/27/598
f 869/4/583 870/3/583 864/24/583 863/25/583
f 873/27/584 874/26/584 868/23/584 867/30/584
f 871/15/599 872/20/599 866/14/599 865/13/599
f 875/9/586 876/10/586 862/11/586 861/12/586
f 878/6/600 871/15/600 865/13/600 875/7/600
f 877/16/601 870/17/601 862/18/601 876/19/601
f 874/21/601 864/22/601 870/17/601 877/16/601
f 873/29/602 867/30/602 871/15/602 878/6/602
f 867/30/591 868/23/591 872/20/591 871/15/591
f 861/1/592 862/2/592 870/3/592 869/4/592
f 863/28/602 873/29/602 878/6/602 869/5/602
f 868/23/601 874/21/601 877/16/601 872/20/601
f 872/20/603 877/16/603 876/19/603 866/14/603
f 869/5/600 878/6/600 875/7/600 861/8/600
f 865/13/604 866/14/604 876/10/604 875/9/604
f 863/25/598 864/24/598 874/26/598 873/27/598
f 879/4/583 882/25/583 889/25/583 860/4/583
f 885/9/586 880/12/586 887/12/586 892/9/586
f 882/25/605 881/27/605 888/27/605 889/25/605
f 886/13/604 885/9/604 892/9/604 893/13/604
f 843/1/606 851/4/606 879/4/606 880/1/606
f 855/27/607 849/30/607 884/30/607 881/27/607
f 849/30/608 853/15/608 883/15/608 884/30/608
f 853/15/609 847/13/609 886/13/609 883/15/609
f 894/6/610 890/15/610 893/13/610 892/7/610
f 888/29/611 891/30/611 890/15/611 894/6/611
f 889/28/612 888/29/612 894/6/612 860/5/612
f 860/5/613 894/6/613 892/7/613 887/8/613
f 884/30/591 883/15/591 890/15/591 891/30/591
f 880/1/592 879/4/592 860/4/592 887/1/592
f 881/27/584 884/30/584 891/30/584 888/27/584
f 883/15/599 886/13/599 893/13/599 890/15/599
f 896/24/583 895/3/583 859/3/583 903/24/583
f 900/14/599 899/20/599 906/20/599 907/14/599
f 895/3/592 902/2/592 909/2/592 859/3/592
f 901/10/597 900/14/597 907/14/597 908/10/597
f 854/20/614 850/23/614 898/23/614 899/20/614
f 852/3/615 844/2/615 902/2/615 895/3/615
f 846/24/616 852/3/616 895/3/616 896/24/616
f 844/11/617 858/10/617 901/10/617 902/11/617
f 910/16/601 859/17/601 909/18/601 908/19/601
f 904/21/601 903/22/601 859/17/601 910/16/601
f 905/23/601 904/21/601 910/16/601 906/20/601
f 906/20/601 910/16/601 908/19/601 907/14/601
f 897/26/598 896/24/598 903/24/598 904/26/598
f 899/20/591 898/23/591 905/23/591 906/20/591
f 902/11/586 901/10/586 908/10/586 909/11/586
f 898/23/584 897/26/584 904/26/584 905/23/584
f 1248/4/790 1249/3/790 1239/24/790 1238/25/790
f 1244/27/794 1245/26/794 1243/23/794 1242/30/794
f 1250/15/791 1251/20/791 1241/14/791 1240/13/791
f 1246/9/795 1247/10/795 1237/11/795 1236/12/795
f 1253/6/793 1250/15/793 1240/13/793 1246/7/793
f 1252/16/792 1249/17/792 1237/18/792 1247/19/792
f 1251/20/792 1252/16/792 1247/19/792 1241/14/792
f 1248/5/793 1253/6/793 1246/7/793 1236/8/793
f 1240/13/796 1241/14/796 1247/10/796 1246/9/796
f 1238/25/797 1239/24/797 1245/26/797 1244/27/797
f 1238/28/793 1244/29/793 1253/6/793 1248/5/793
f 1243/23/792 1245/21/792 1252/16/792 1251/20/792
f 1245/21/792 1239/22/792 1249/17/792 1252/16/792
f 1244/29/793 1242/30/793 1250/15/793 1253/6/793
f 1242/30/788 1243/23/788 1251/20/788 1250/15/788
f 1236/1/783 1237/2/783 1249/3/783 1248/4/783
f 1266/4/790 1267/3/790 1257/24/790 1256/25/790
f 1262/27/794 1263/26/794 1261/23/794 1260/30/794
f 1268/15/791 1269/20/791 1259/14/791 1258/13/791
f 1264/9/795 1265/10/795 1255/11/795 1254/12/795
f 1271/6/793 1268/15/793 1258/13/793 1264/7/793
f 1270/16/792 1267/17/792 1255/18/792 1265/19/792
f 1269/20/792 1270/16/792 1265/19/792 1259/14/792
f 1266/5/793 1271/6/793 1264/7/793 1254/8/793
f 1258/13/796 1259/14/796 1265/10/796 1264/9/796
f 1256/25/797 1257/24/797 1263/26/797 1262/27/797
f 1256/28/793 1262/29/793 1271/6/793 1266/5/793
f 1261/23/792 1263/21/792 1270/16/792 1269/20/792
f 1263/21/792 1257/22/792 1267/17/792 1270/16/792
f 1262/29/793 1260/30/793 1268/15/793 1271/6/793
f 1260/30/788 1261/23/788 1269/20/788 1268/15/788
f 1254/1/783 1255/2/783 1267/3/783 1266/4/783
usemtl Material.004
f 301/74/209 304/75/209 296/24/209 295/25/209
f 309/76/210 312/77/210 300/23/210 299/30/210
f 305/78/211 308/79/211 298/14/211 297/13/211
f 313/80/212 316/81/212 294/11/212 293/12/212
f 323/82/213 305/78/213 297/13/213 314/83/213
f 319/84/214 303/85/214 294/18/214 316/86/214
f 311/87/215 296/22/215 304/88/215 317/89/215
f 317/89/216 304/88/216 303/85/216 319/84/216
f 309/90/217 299/30/217 306/91/217 321/92/217
f 321/92/218 306/91/218 305/78/218 323/82/218
f 299/30/219 300/23/219 307/93/219 306/91/219
f 306/91/220 307/93/220 308/79/220 305/78/220
f 293/1/221 294/2/221 303/94/221 302/95/221
f 302/95/222 303/94/222 304/75/222 301/74/222
f 301/96/223 322/97/223 324/98/223 302/99/223
f 322/97/224 321/92/224 323/82/224 324/98/224
f 295/28/225 310/100/225 322/97/225 301/96/225
f 310/100/226 309/90/226 321/92/226 322/97/226
f 307/93/227 318/101/227 320/102/227 308/79/227
f 318/101/228 317/89/228 319/84/228 320/102/228
f 300/23/229 312/103/229 318/101/229 307/93/229
f 312/103/230 311/87/230 317/89/230 318/101/230
f 308/79/231 320/102/231 315/104/231 298/14/231
f 320/102/232 319/84/232 316/86/232 315/104/232
f 302/99/233 324/98/233 313/105/233 293/8/233
f 324/98/234 323/82/234 314/83/234 313/105/234
f 297/13/235 298/14/235 315/106/235 314/107/235
f 314/107/236 315/106/236 316/81/236 313/80/236
f 295/25/237 296/24/237 311/108/237 310/109/237
f 310/109/238 311/108/238 312/77/238 309/76/238
f 398/4/299 399/3/299 397/24/299 396/25/299
f 432/9/300 427/10/300 395/11/300 394/12/300
f 394/1/301 395/2/301 399/3/301 398/4/301
f 396/25/302 397/24/302 426/26/302 425/27/302
f 398/4/303 396/25/303 401/25/303 402/4/303
f 396/25/304 425/27/304 431/27/304 401/25/304
f 394/1/305 398/4/305 402/4/305 400/1/305
f 432/9/306 394/12/306 400/12/306
f 432/9/307 400/12/307 403/12/307 406/9/307
f 401/25/308 431/27/308 436/27/308 404/25/308
f 402/4/309 401/25/309 404/25/309 405/4/309
f 400/1/310 402/4/310 405/4/310 403/1/310
f 404/25/311 436/27/311 410/27/311 408/25/311
f 405/4/312 404/25/312 408/25/312 409/4/312
f 403/1/313 405/4/313 409/4/313 407/1/313
f 406/9/314 403/12/314 407/12/314 411/9/314
f 409/4/315 408/25/315 413/25/315 414/4/315
f 407/1/316 409/4/316 414/4/316 412/1/316
f 411/9/317 407/12/317 412/12/317 443/9/317
f 408/25/318 410/27/318 415/27/318 413/25/318
f 417/119/319 446/120/319 444/33/319 416/33/319
f 418/121/320 416/33/320 444/33/320 448/122/320
f 413/25/321 415/27/321 446/120/321 417/119/321
f 412/12/322 418/121/322 448/122/322 443/9/322
f 423/4/323 424/3/323 422/24/323 421/25/323
f 432/9/324 427/10/324 420/11/324 419/12/324
f 419/1/325 420/2/325 424/3/325 423/4/325
f 421/25/326 422/24/326 426/26/326 425/27/326
f 423/4/327 421/25/327 429/25/327 430/4/327
f 421/25/328 425/27/328 431/27/328 429/25/328
f 419/1/329 423/4/329 430/4/329 428/1/329
f 432/9/330 419/12/330 428/12/330
f 432/9/331 428/12/331 433/12/331 406/9/331
f 429/25/332 431/27/332 436/27/332 434/25/332
f 430/4/333 429/25/333 434/25/333 435/4/333
f 428/1/334 430/4/334 435/4/334 433/1/334
f 434/25/335 436/27/335 410/27/335 438/25/335
f 435/4/336 434/25/336 438/25/336 439/4/336
f 433/1/337 435/4/337 439/4/337 437/1/337
f 406/9/338 433/12/338 437/12/338 411/9/338
f 439/4/339 438/25/339 441/25/339 442/4/339
f 437/1/340 439/4/340 442/4/340 440/1/340
f 411/9/341 437/12/341 440/12/341 443/9/341
f 438/25/342 410/27/342 415/27/342 441/25/342
f 447/119/343 446/120/343 444/33/343 445/33/343
f 449/121/344 445/33/344 444/33/344 448/122/344
f 441/25/345 415/27/345 446/120/345 447/119/345
f 440/12/346 449/121/346 448/122/346 443/9/346
f 542/4/395 543/3/395 537/24/395 536/25/395
f 546/27/396 547/26/396 541/23/396 540/30/396
f 544/15/397 545/20/397 539/14/397 538/13/397
f 548/9/398 549/10/398 535/11/398 534/12/398
f 551/6/399 544/15/399 538/13/399 548/7/399
f 550/16/163 543/17/163 535/18/163 549/19/163
f 547/21/163 537/22/163 543/17/163 550/16/163
f 546/29/399 540/30/399 544/15/399 551/6/399
f 540/30/400 541/23/400 545/20/400 544/15/400
f 534/1/401 535/2/401 543/3/401 542/4/401
f 536/28/399 546/29/399 551/6/399 542/5/399
f 541/23/163 547/21/163 550/16/163 545/20/163
f 545/20/163 550/16/163 549/19/163 539/14/163
f 542/5/399 551/6/399 548/7/399 534/8/399
f 538/13/402 539/14/402 549/10/402 548/9/402
f 536/25/403 537/24/403 547/26/403 546/27/403
f 696/4/400 697/3/400 691/24/400 690/25/400
f 700/27/403 701/26/403 695/23/403 694/30/403
f 698/15/401 699/20/401 693/14/401 692/13/401
f 702/9/402 703/10/402 689/11/402 688/12/402
f 705/6/163 698/15/163 692/13/163 702/7/163
f 704/16/399 697/17/399 689/18/399 703/19/399
f 701/21/399 691/22/399 697/17/399 704/16/399
f 700/29/163 694/30/163 698/15/163 705/6/163
f 694/30/395 695/23/395 699/20/395 698/15/395
f 688/1/397 689/2/397 697/3/397 696/4/397
f 690/28/163 700/29/163 705/6/163 696/5/163
f 695/23/399 701/21/399 704/16/399 699/20/399
f 699/20/399 704/16/399 703/19/399 693/14/399
f 696/5/163 705/6/163 702/7/163 688/8/163
f 692/13/398 693/14/398 703/10/398 702/9/398
f 690/25/396 691/24/396 701/26/396 700/27/396
f 919/74/618 922/75/618 914/24/618 913/25/618
f 927/76/619 930/77/619 918/23/619 917/30/619
f 923/78/620 926/79/620 916/14/620 915/13/620
f 931/80/621 934/81/621 912/11/621 911/12/621
f 941/82/622 923/78/622 915/13/622 932/83/622
f 937/84/623 921/85/623 912/18/623 934/86/623
f 929/87/624 914/22/624 922/88/624 935/89/624
f 935/89/625 922/88/625 921/85/625 937/84/625
f 927/90/626 917/30/626 924/91/626 939/92/626
f 939/92/627 924/91/627 923/78/627 941/82/627
f 917/30/628 918/23/628 925/93/628 924/91/628
f 924/91/629 925/93/629 926/79/629 923/78/629
f 911/1/630 912/2/630 921/94/630 920/95/630
f 920/95/631 921/94/631 922/75/631 919/74/631
f 919/96/632 940/97/632 942/98/632 920/99/632
f 940/97/633 939/92/633 941/82/633 942/98/633
f 913/28/634 928/100/634 940/97/634 919/96/634
f 928/100/635 927/90/635 939/92/635 940/97/635
f 925/93/636 936/101/636 938/102/636 926/79/636
f 936/101/637 935/89/637 937/84/637 938/102/637
f 918/23/638 930/103/638 936/101/638 925/93/638
f 930/103/639 929/87/639 935/89/639 936/101/639
f 926/79/640 938/102/640 933/104/640 916/14/640
f 938/102/641 937/84/641 934/86/641 933/104/641
f 920/99/642 942/98/642 931/105/642 911/8/642
f 942/98/643 941/82/643 932/83/643 931/105/643
f 915/13/644 916/14/644 933/106/644 932/107/644
f 932/107/645 933/106/645 934/81/645 931/80/645
f 913/25/646 914/24/646 929/108/646 928/109/646
f 928/109/647 929/108/647 930/77/647 927/76/647
f 1157/152/707 1149/3/707 1131/24/707 1139/153/707
f 1139/153/756 1131/24/756 1135/23/756 1142/154/756
f 1154/155/706 1151/20/706 1133/14/706 1145/156/706
f 1145/156/757 1133/14/757 1129/11/757 1138/157/757
f 1128/1/707 1148/4/707 1158/4/707 1159/1/707
f 1151/20/758 1149/17/758 1129/18/758 1133/14/758
f 1132/13/759 1147/158/759 1136/159/759 1128/12/759
f 1147/158/760 1146/130/760 1137/34/760 1136/159/760
f 1146/130/761 1145/156/761 1138/157/761 1137/34/761
f 1150/15/762 1152/160/762 1147/158/762 1132/13/762
f 1152/160/763 1153/161/763 1146/130/763 1147/158/763
f 1153/161/706 1154/155/706 1145/156/706 1146/130/706
f 1130/25/764 1141/162/764 1144/163/764 1134/30/764
f 1141/162/765 1140/136/765 1143/131/765 1144/163/765
f 1140/136/766 1139/153/766 1142/154/766 1143/131/766
f 1148/4/767 1155/164/767 1141/162/767 1130/25/767
f 1155/164/768 1156/165/768 1140/136/768 1141/162/768
f 1156/165/707 1157/152/707 1139/153/707 1140/136/707
f 1137/142/707 1138/166/707 1157/152/707 1156/165/707
f 1136/167/768 1137/142/768 1156/165/768 1155/164/768
f 1128/1/767 1136/167/767 1155/164/767 1148/4/767
f 1143/131/706 1142/154/706 1154/155/706 1153/161/706
f 1144/163/763 1143/131/763 1153/161/763 1152/160/763
f 1134/30/762 1144/163/762 1152/160/762 1150/15/762
f 1135/23/769 1131/22/769 1149/17/769 1151/20/769
f 1130/25/770 1134/30/770 1160/30/770 1161/25/770
f 1142/154/706 1135/23/706 1151/20/706 1154/155/706
f 1138/166/707 1129/2/707 1149/3/707 1157/152/707
f 1134/30/706 1150/15/706 1162/15/706 1160/30/706
f 1150/15/706 1132/13/706 1163/13/706 1162/15/706
f 1148/4/707 1130/25/707 1161/25/707 1158/4/707
f 1132/13/771 1128/12/771 1159/12/771 1163/13/771
f 1172/4/395 1173/3/395 1167/24/395 1166/25/395
f 1176/27/396 1177/26/396 1171/23/396 1170/30/396
f 1174/15/772 1175/20/772 1169/14/772 1168/13/772
f 1178/9/398 1179/10/398 1165/11/398 1164/12/398
f 1178/9/773 1164/12/773 1181/12/773 1186/9/773
f 1166/25/774 1176/27/774 1182/27/774 1183/25/774
f 1170/30/775 1171/23/775 1175/20/775 1174/15/775
f 1164/1/401 1165/2/401 1173/3/401 1172/4/401
f 1168/13/776 1178/9/776 1186/9/776 1187/13/776
f 1172/4/777 1166/25/777 1183/25/777 1180/4/777
f 1168/13/778 1169/14/778 1179/10/778 1178/9/778
f 1166/25/779 1167/24/779 1177/26/779 1176/27/779
f 1181/1/780 1180/4/780 1188/4/780 1189/1/780
f 1185/30/781 1184/15/781 1192/15/781 1193/30/781
f 1180/4/782 1183/25/782 1191/25/782 1188/4/782
f 1186/9/783 1181/12/783 1189/12/783 1194/9/783
f 1164/1/784 1172/4/784 1180/4/784 1181/1/784
f 1176/27/785 1170/30/785 1185/30/785 1182/27/785
f 1170/30/786 1174/15/786 1184/15/786 1185/30/786
f 1174/15/787 1168/13/787 1187/13/787 1184/15/787
f 1182/27/788 1185/30/788 1193/30/788 1190/27/788
f 1184/15/789 1187/13/789 1195/13/789 1192/15/789
f 1187/13/790 1186/9/790 1194/9/790 1195/13/790
f 1183/25/791 1182/27/791 1190/27/791 1191/25/791
f 1204/4/395 1205/3/395 1199/24/395 1198/25/395
f 1208/27/396 1209/26/396 1203/23/396 1202/30/396
f 1206/15/772 1207/20/772 1201/14/772 1200/13/772
f 1210/9/398 1211/10/398 1197/11/398 1196/12/398
f 1210/9/773 1196/12/773 1213/12/773 1218/9/773
f 1198/25/774 1208/27/774 1214/27/774 1215/25/774
f 1202/30/775 1203/23/775 1207/20/775 1206/15/775
f 1196/1/401 1197/2/401 1205/3/401 1204/4/401
f 1200/13/776 1210/9/776 1218/9/776 1219/13/776
f 1204/4/777 1198/25/777 1215/25/777 1212/4/777
f 1200/13/778 1201/14/778 1211/10/778 1210/9/778
f 1198/25/779 1199/24/779 1209/26/779 1208/27/779
f 1213/1/780 1212/4/780 1220/4/780 1221/1/780
f 1217/30/781 1216/15/781 1224/15/781 1225/30/781
f 1212/4/782 1215/25/782 1223/25/782 1220/4/782
f 1218/9/783 1213/12/783 1221/12/783 1226/9/783
f 1196/1/784 1204/4/784 1212/4/784 1213/1/784
f 1208/27/785 1202/30/785 1217/30/785 1214/27/785
f 1202/30/786 1206/15/786 1216/15/786 1217/30/786
f 1206/15/787 1200/13/787 1219/13/787 1216/15/787
f 1214/27/788 1217/30/788 1225/30/788 1222/27/788
f 1216/15/789 1219/13/789 1227/13/789 1224/15/789
f 1219/13/790 1218/9/790 1226/9/790 1227/13/790
f 1215/25/791 1214/27/791 1222/27/791 1223/25/791
f 1439/4/702 1440/3/702 1430/24/702 1429/25/702
f 1435/27/703 1436/26/703 1434/23/703 1433/30/703
f 1441/15/704 1442/20/704 1432/14/704 1431/13/704
f 1437/9/705 1438/10/705 1428/11/705 1427/12/705
f 1444/6/706 1441/15/706 1431/13/706 1437/7/706
f 1443/16/707 1440/17/707 1428/18/707 1438/19/707
f 1442/20/707 1443/16/707 1438/19/707 1432/14/707
f 1439/5/706 1444/6/706 1437/7/706 1427/8/706
f 1431/13/708 1432/14/708 1438/10/708 1437/9/708
f 1429/25/709 1430/24/709 1436/26/709 1435/27/709
f 1429/28/706 1435/29/706 1444/6/706 1439/5/706
f 1434/23/707 1436/21/707 1443/16/707 1442/20/707
f 1436/21/707 1430/22/707 1440/17/707 1443/16/707
f 1435/29/706 1433/30/706 1441/15/706 1444/6/706
f 1433/30/710 1434/23/710 1442/20/710 1441/15/710
f 1427/1/711 1428/2/711 1440/3/711 1439/4/711
f 1457/4/702 1458/3/702 1448/24/702 1447/25/702
f 1453/27/703 1454/26/703 1452/23/703 1451/30/703
f 1459/15/704 1460/20/704 1450/14/704 1449/13/704
f 1455/9/705 1456/10/705 1446/11/705 1445/12/705
f 1462/6/706 1459/15/706 1449/13/706 1455/7/706
f 1461/16/707 1458/17/707 1446/18/707 1456/19/707
f 1460/20/707 1461/16/707 1456/19/707 1450/14/707
f 1457/5/706 1462/6/706 1455/7/706 1445/8/706
f 1449/13/708 1450/14/708 1456/10/708 1455/9/708
f 1447/25/709 1448/24/709 1454/26/709 1453/27/709
f 1447/28/706 1453/29/706 1462/6/706 1457/5/706
f 1452/23/707 1454/21/707 1461/16/707 1460/20/707
f 1454/21/707 1448/22/707 1458/17/707 1461/16/707
f 1453/29/706 1451/30/706 1459/15/706 1462/6/706
f 1451/30/710 1452/23/710 1460/20/710 1459/15/710
f 1445/1/711 1446/2/711 1458/3/711 1457/4/711
f 1475/4/702 1476/3/702 1466/24/702 1465/25/702
f 1471/27/703 1472/26/703 1470/23/703 1469/30/703
f 1477/15/704 1478/20/704 1468/14/704 1467/13/704
f 1473/9/705 1474/10/705 1464/11/705 1463/12/705
f 1480/6/706 1477/15/706 1467/13/706 1473/7/706
f 1479/16/707 1476/17/707 1464/18/707 1474/19/707
f 1478/20/707 1479/16/707 1474/19/707 1468/14/707
f 1475/5/706 1480/6/706 1473/7/706 1463/8/706
f 1467/13/708 1468/14/708 1474/10/708 1473/9/708
f 1465/25/709 1466/24/709 1472/26/709 1471/27/709
f 1465/28/706 1471/29/706 1480/6/706 1475/5/706
f 1470/23/707 1472/21/707 1479/16/707 1478/20/707
f 1472/21/707 1466/22/707 1476/17/707 1479/16/707
f 1471/29/706 1469/30/706 1477/15/706 1480/6/706
f 1469/30/710 1470/23/710 1478/20/710 1477/15/710
f 1463/1/711 1464/2/711 1476/3/711 1475/4/711
f 1481/1/711 1483/2/711 1492/3/711 1482/4/711
f 1482/5/706 1486/6/706 1484/7/706 1481/8/706
f 1484/9/705 1487/10/705 1483/11/705 1481/12/705
f 1485/13/708 1488/14/708 1487/10/708 1484/9/708
f 1486/6/706 1498/15/706 1485/13/706 1484/7/706
f 1489/16/707 1492/17/707 1483/18/707 1487/19/707
f 1491/20/707 1489/16/707 1487/19/707 1488/14/707
f 1490/21/707 1493/22/707 1492/17/707 1489/16/707
f 1497/23/707 1490/21/707 1489/16/707 1491/20/707
f 1482/4/702 1492/3/702 1493/24/702 1494/25/702
f 1494/25/709 1493/24/709 1490/26/709 1495/27/709
f 1494/28/706 1495/29/706 1486/6/706 1482/5/706
f 1495/29/706 1496/30/706 1498/15/706 1486/6/706
f 1495/27/703 1490/26/703 1497/23/703 1496/30/703
f 1496/30/710 1497/23/710 1491/20/710 1498/15/710
f 1498/15/704 1491/20/704 1488/14/704 1485/13/704
f 1499/1/711 1501/2/711 1510/3/711 1500/4/711
f 1500/5/706 1504/6/706 1502/7/706 1499/8/706
f 1502/9/705 1505/10/705 1501/11/705 1499/12/705
f 1503/13/708 1506/14/708 1505/10/708 1502/9/708
f 1504/6/706 1516/15/706 1503/13/706 1502/7/706
f 1507/16/707 1510/17/707 1501/18/707 1505/19/707
f 1509/20/707 1507/16/707 1505/19/707 1506/14/707
f 1508/21/707 1511/22/707 1510/17/707 1507/16/707
f 1515/23/707 1508/21/707 1507/16/707 1509/20/707
f 1500/4/702 1510/3/702 1511/24/702 1512/25/702
f 1512/25/709 1511/24/709 1508/26/709 1513/27/709
f 1512/28/706 1513/29/706 1504/6/706 1500/5/706
f 1513/29/706 1514/30/706 1516/15/706 1504/6/706
f 1513/27/703 1508/26/703 1515/23/703 1514/30/703
f 1514/30/710 1515/23/710 1509/20/710 1516/15/710
f 1516/15/704 1509/20/704 1506/14/704 1503/13/704
f 1535/1/929 1536/4/929 1540/4/929 1539/1/929
f 1535/1/781 1537/2/781 1565/3/781 1536/4/781
f 1538/9/930 1566/10/930 1537/11/930 1535/12/930
f 1538/9/931 1535/12/931 1539/12/931 1541/9/931
f 1539/1/775 1540/4/775 1543/4/775 1542/1/775
f 1541/9/396 1539/12/396 1542/12/396 1544/9/396
f 1547/13/403 1541/9/403 1544/9/403 1545/13/403
f 1549/15/395 1547/13/395 1545/13/395 1546/15/395
f 1551/15/932 1548/13/932 1547/13/932 1549/15/932
f 1548/13/933 1538/9/933 1541/9/933 1547/13/933
f 1552/30/934 1551/15/934 1549/15/934 1550/30/934
f 1550/30/401 1549/15/401 1546/15/401 1564/30/401
f 1552/30/780 1555/23/780 1553/20/780 1551/15/780
f 1551/15/782 1553/20/782 1554/14/782 1548/13/782
f 1558/27/783 1556/26/783 1555/23/783 1552/30/783
f 1559/25/935 1557/24/935 1556/26/935 1558/27/935
f 1559/25/936 1558/27/936 1560/27/936 1561/25/936
f 1558/27/937 1552/30/937 1550/30/937 1560/27/937
f 1561/25/778 1560/27/778 1562/27/778 1563/25/778
f 1560/27/798 1550/30/798 1564/30/798 1562/27/798
f 1540/4/772 1561/25/772 1563/25/772 1543/4/772
f 1536/4/938 1559/25/938 1561/25/938 1540/4/938
f 1536/4/789 1565/3/789 1557/24/789 1559/25/789
f 1548/13/791 1554/14/791 1566/10/791 1538/9/791
f 2061/198/1238 2037/199/1238 2033/200/1238 2062/201/1238
f 2060/202/1237 2039/203/1237 2034/204/1237 2086/205/1237
f 2088/206/1236 2036/207/1236 2035/208/1236 2087/209/1236
f 2089/210/1235 2038/211/1235 2040/212/1235 2081/213/1235
f 2086/205/1234 2034/204/1234 2036/207/1234 2088/206/1234
f 2081/214/1233 2040/215/1233 2037/199/1233 2061/198/1233
f 2087/209/1232 2035/208/1232 2038/211/1232 2089/210/1232
f 2062/201/1231 2033/200/1231 2039/203/1231 2060/202/1231
f 2040/215/1249 2038/211/1249 2049/33/1249 2037/199/1249
f 2037/199/1249 2049/33/1249 2039/203/1249 2033/200/1249
f 2039/203/1249 2049/33/1249 2036/207/1249 2034/204/1249
f 2036/207/1249 2049/33/1249 2038/211/1249 2035/208/1249
f 2045/216/1218 2050/33/1218 2046/217/1218 2048/218/1218
f 2046/217/1218 2050/33/1218 2044/219/1218 2043/220/1218
f 2047/221/1218 2050/33/1218 2045/216/1218 2041/222/1218
f 2042/223/1218 2044/219/1218 2050/33/1218 2047/221/1218
f 2055/4/1294 2056/3/1294 2054/24/1294 2053/25/1294
f 2077/9/1295 2072/10/1295 2052/11/1295 2051/12/1295
f 2051/1/1296 2052/2/1296 2056/3/1296 2055/4/1296
f 2053/25/1297 2054/24/1297 2071/26/1297 2070/27/1297
f 2055/4/1298 2053/25/1298 2058/25/1298 2059/4/1298
f 2053/25/1299 2070/27/1299 2076/27/1299 2058/25/1299
f 2051/1/1300 2055/4/1300 2059/4/1300 2057/1/1300
f 2090/33/1301 2073/33/1301 2078/33/1301 2063/33/1301
f 2057/33/1302 2060/33/1302 2063/33/1302 2090/33/1302
f 2058/25/1303 2076/27/1303 2081/27/1303 2061/25/1303
f 2059/4/1304 2058/25/1304 2061/25/1304 2062/4/1304
f 2057/1/1305 2059/4/1305 2062/4/1305 2060/1/1305
f 2068/4/1306 2069/3/1306 2067/24/1306 2066/25/1306
f 2077/9/1307 2072/10/1307 2065/11/1307 2064/12/1307
f 2064/1/1308 2065/2/1308 2069/3/1308 2068/4/1308
f 2066/25/1309 2067/24/1309 2071/26/1309 2070/27/1309
f 2068/4/1310 2066/25/1310 2074/25/1310 2075/4/1310
f 2066/25/1311 2070/27/1311 2076/27/1311 2074/25/1311
f 2064/1/1312 2068/4/1312 2075/4/1312 2073/1/1312
f 2074/25/1313 2076/27/1313 2081/27/1313 2079/25/1313
f 2075/4/1314 2074/25/1314 2079/25/1314 2080/4/1314
f 2073/1/1315 2075/4/1315 2080/4/1315 2078/1/1315
f 2041/222/1231 2078/224/1231 2063/225/1231 2047/221/1231
f 2043/220/1316 2083/226/1316 2085/227/1316 2046/217/1316
f 2048/228/1233 2079/229/1233 2080/230/1233 2045/216/1233
f 2042/223/1234 2082/231/1234 2084/232/1234 2044/219/1234
f 2046/217/1235 2085/227/1235 2079/233/1235 2048/218/1235
f 2044/219/1236 2084/232/1236 2083/226/1236 2043/220/1236
f 2047/221/1237 2063/225/1237 2082/231/1237 2042/223/1237
f 2045/216/1238 2080/230/1238 2078/224/1238 2041/222/1238
f 2078/224/1231 2062/201/1231 2060/202/1231 2063/225/1231
f 2083/226/1232 2087/209/1232 2089/210/1232 2085/227/1232
f 2079/229/1233 2081/214/1233 2061/198/1233 2080/230/1233
f 2082/231/1234 2086/205/1234 2088/206/1234 2084/232/1234
f 2085/227/1235 2089/210/1235 2081/213/1235 2079/233/1235
f 2084/232/1236 2088/206/1236 2087/209/1236 2083/226/1236
f 2063/225/1237 2060/202/1237 2086/205/1237 2082/231/1237
f 2080/230/1238 2061/198/1238 2062/201/1238 2078/224/1238
f 2057/1/1317 2051/1/1317 2077/9/1317 2090/33/1317
f 2077/9/1318 2090/33/1318 2073/1/1318 2064/1/1318
usemtl Material
f 333/4/239 334/3/239 328/24/239 327/25/239
f 337/27/240 338/26/240 332/23/240 331/30/240
f 335/15/241 336/20/241 330/14/241 329/13/241
f 339/9/242 340/10/242 326/11/242 325/12/242
f 342/6/243 335/15/243 329/13/243 339/7/243
f 341/16/244 334/17/244 326/18/244 340/19/244
f 334/17/245 341/16/245 348/16/245 343/17/245
f 337/29/246 331/30/246 335/15/246 342/6/246
f 331/30/247 332/23/247 336/20/247 335/15/247
f 325/1/248 326/2/248 334/3/248 333/4/248
f 327/28/249 337/29/249 342/6/249 333/5/249
f 336/20/250 332/23/250 346/23/250 347/20/250
f 336/20/251 341/16/251 340/19/251 330/14/251
f 333/5/252 342/6/252 339/7/252 325/8/252
f 329/13/253 330/14/253 340/10/253 339/9/253
f 327/25/254 328/24/254 338/26/254 337/27/254
f 345/21/255 344/22/255 343/17/255 348/16/255
f 346/23/256 345/21/256 348/16/256 347/20/256
f 328/24/239 334/3/239 343/3/239 344/24/239
f 332/23/257 338/26/257 345/26/257 346/23/257
f 341/16/258 336/20/258 347/20/258 348/16/258
f 338/26/254 328/24/254 344/24/254 345/26/254
f 369/110/259 364/111/259 372/111/259 378/110/259
f 371/112/260 360/26/260 355/23/260 366/113/260
f 368/114/261 358/20/261 353/14/261 367/115/261
f 370/116/262 362/10/262 350/11/262 364/117/262
f 366/113/263 355/23/263 358/20/263 368/114/263
f 367/115/264 353/14/264 362/10/264 370/116/264
f 357/15/265 363/33/265 359/27/265 354/30/265
f 359/27/266 363/33/266 356/4/266 351/25/266
f 352/13/267 361/9/267 363/33/267 357/15/267
f 356/4/268 363/33/268 361/9/268 349/12/268
f 351/25/269 365/118/269 371/112/269 359/27/269
f 352/13/264 367/115/264 370/116/264 361/9/264
f 349/1/270 364/111/270 369/110/270 356/4/270
f 354/30/263 366/113/263 368/114/263 357/15/263
f 361/9/271 370/116/271 364/117/271 349/12/271
f 357/15/261 368/114/261 367/115/261 352/13/261
f 359/27/272 371/112/272 366/113/272 354/30/272
f 356/4/273 369/110/273 365/118/273 351/25/273
f 378/110/274 374/3/274 375/24/274 377/118/274
f 372/111/275 373/2/275 374/3/275 378/110/275
f 377/118/276 375/24/276 376/26/276 379/112/276
f 371/112/277 365/118/277 377/118/277 379/112/277
f 365/118/278 369/110/278 378/110/278 377/118/278
f 364/117/279 350/11/279 373/11/279 372/117/279
f 391/33/280 390/33/280 392/3/280 393/24/280
f 360/26/281 371/112/281 379/112/281 376/26/281
f 375/24/282 376/26/282 383/26/282 382/24/282
f 373/2/283 374/3/283 381/3/283 380/2/283
f 374/3/284 375/24/284 382/24/284 381/3/284
f 382/24/285 383/26/285 387/26/285 386/24/285
f 380/2/286 381/3/286 385/3/286 384/2/286
f 381/3/287 382/24/287 386/24/287 385/3/287
f 389/33/288 360/33/288 376/33/288 383/33/288
f 380/33/289 373/33/289 350/33/289 388/33/289
f 387/26/290 391/33/290 389/33/290 383/26/290
f 390/33/291 388/33/291 380/33/291 384/2/291
f 385/3/292 386/24/292 393/24/292 392/3/292
f 385/3/293 392/3/293 390/33/293 384/2/293
f 386/24/294 387/26/294 391/33/294 393/24/294
f 391/33/295 389/33/295 388/33/295 390/33/295
f 388/33/296 350/33/296 360/33/296 389/33/296
f 360/33/297 350/33/297 362/10/297 355/23/297
f 353/14/298 358/20/298 355/23/298 362/10/298
f 726/110/488 721/111/488 729/111/488 735/110/488
f 728/112/489 717/26/489 712/23/489 723/113/489
f 725/114/490 715/20/490 710/14/490 724/115/490
f 727/116/491 719/10/491 707/11/491 721/117/491
f 723/113/492 712/23/492 715/20/492 725/114/492
f 724/115/493 710/14/493 719/10/493 727/116/493
f 714/15/494 720/33/494 716/27/494 711/30/494
f 716/27/495 720/33/495 713/4/495 708/25/495
f 709/13/496 718/9/496 720/33/496 714/15/496
f 713/4/497 720/33/497 718/9/497 706/12/497
f 708/25/498 722/118/498 728/112/498 716/27/498
f 709/13/493 724/115/493 727/116/493 718/9/493
f 706/1/499 721/111/499 726/110/499 713/4/499
f 711/30/492 723/113/492 725/114/492 714/15/492
f 718/9/500 727/116/500 721/117/500 706/12/500
f 714/15/490 725/114/490 724/115/490 709/13/490
f 716/27/501 728/112/501 723/113/501 711/30/501
f 713/4/502 726/110/502 722/118/502 708/25/502
f 735/110/503 731/3/503 732/24/503 734/118/503
f 729/111/504 730/2/504 731/3/504 735/110/504
f 734/118/505 732/24/505 733/26/505 736/112/505
f 728/112/506 722/118/506 734/118/506 736/112/506
f 722/118/507 726/110/507 735/110/507 734/118/507
f 721/117/508 707/11/508 730/11/508 729/117/508
f 748/33/509 747/33/509 749/3/509 750/24/509
f 717/26/510 728/112/510 736/112/510 733/26/510
f 732/24/511 733/26/511 740/26/511 739/24/511
f 730/2/512 731/3/512 738/3/512 737/2/512
f 731/3/513 732/24/513 739/24/513 738/3/513
f 739/24/514 740/26/514 744/26/514 743/24/514
f 737/2/515 738/3/515 742/3/515 741/2/515
f 738/3/516 739/24/516 743/24/516 742/3/516
f 746/33/517 717/33/517 733/33/517 740/33/517
f 737/33/518 730/33/518 707/33/518 745/33/518
f 744/26/519 748/33/519 746/33/519 740/26/519
f 747/33/520 745/33/520 737/33/520 741/2/520
f 742/3/521 743/24/521 750/24/521 749/3/521
f 742/3/522 749/3/522 747/33/522 741/2/522
f 743/24/523 744/26/523 748/33/523 750/24/523
f 748/33/524 746/33/524 745/33/524 747/33/524
f 745/33/525 707/33/525 717/33/525 746/33/525
f 717/33/526 707/33/526 719/10/526 712/23/526
f 710/14/527 715/20/527 712/23/527 719/10/527
f 759/4/528 760/3/528 754/24/528 753/25/528
f 763/27/529 764/26/529 758/23/529 757/30/529
f 761/15/530 762/20/530 756/14/530 755/13/530
f 765/9/531 766/10/531 752/11/531 751/12/531
f 768/6/532 761/15/532 755/13/532 765/7/532
f 767/16/533 760/17/533 752/18/533 766/19/533
f 760/17/534 767/16/534 774/16/534 769/17/534
f 763/29/535 757/30/535 761/15/535 768/6/535
f 757/30/536 758/23/536 762/20/536 761/15/536
f 751/1/537 752/2/537 760/3/537 759/4/537
f 753/28/538 763/29/538 768/6/538 759/5/538
f 762/20/539 758/23/539 772/23/539 773/20/539
f 762/20/540 767/16/540 766/19/540 756/14/540
f 759/5/541 768/6/541 765/7/541 751/8/541
f 755/13/542 756/14/542 766/10/542 765/9/542
f 753/25/543 754/24/543 764/26/543 763/27/543
f 771/21/544 770/22/544 769/17/544 774/16/544
f 772/23/545 771/21/545 774/16/545 773/20/545
f 754/24/528 760/3/528 769/3/528 770/24/528
f 758/23/546 764/26/546 771/26/546 772/23/546
f 767/16/547 762/20/547 773/20/547 774/16/547
f 764/26/543 754/24/543 770/24/543 771/26/543
f 945/47/648 946/38/648 944/43/648 943/55/648
f 943/55/649 944/43/649 948/43/649 947/55/649
f 943/55/650 947/55/650 951/55/650 949/55/650
f 945/47/651 943/55/651 949/55/651 950/47/651
f 949/55/652 951/55/652 954/55/652 952/55/652
f 950/47/653 949/55/653 952/55/653 953/47/653
f 954/55/654 951/55/654 957/55/654 958/55/654
f 951/55/655 947/55/655 955/55/655 957/55/655
f 947/55/656 948/43/656 956/43/656 955/55/656
f 958/55/657 957/55/657 961/55/657 962/55/657
f 957/55/658 955/55/658 959/55/658 961/55/658
f 955/55/659 956/43/659 960/43/659 959/55/659
f 962/55/660 961/55/660 965/55/660 966/55/660
f 961/55/661 959/55/661 963/55/661 965/55/661
f 959/55/662 960/43/662 964/43/662 963/55/662
f 958/55/663 962/55/663 971/55/663 970/55/663
f 962/55/664 966/55/664 972/55/664 971/55/664
f 953/47/665 952/55/665 967/55/665 968/47/665
f 952/55/666 954/55/666 969/55/666 967/55/666
f 954/55/667 958/55/667 970/55/667 969/55/667
f 972/55/668 966/55/668 974/55/668 975/55/668
f 966/55/669 965/55/669 973/55/669 974/55/669
f 975/55/670 974/55/670 977/55/670 978/55/670
f 974/55/671 973/55/671 976/55/671 977/55/671
f 979/33/672 976/55/672 973/55/672 965/55/672
f 980/33/673 979/33/673 965/55/673 963/55/673
f 981/33/674 980/33/674 963/55/674 964/43/674
f 968/47/675 967/55/675 969/55/675 982/33/675
f 945/47/676 983/55/676 984/43/676 985/38/676
f 983/55/677 986/55/677 987/43/677 984/43/677
f 983/55/678 988/55/678 989/55/678 986/55/678
f 945/47/679 950/47/679 988/55/679 983/55/679
f 988/55/680 990/55/680 991/55/680 989/55/680
f 950/47/681 953/47/681 990/55/681 988/55/681
f 991/55/682 995/55/682 994/55/682 989/55/682
f 989/55/683 994/55/683 992/55/683 986/55/683
f 986/55/684 992/55/684 993/43/684 987/43/684
f 995/55/685 999/55/685 998/55/685 994/55/685
f 994/55/686 998/55/686 996/55/686 992/55/686
f 992/55/687 996/55/687 997/43/687 993/43/687
f 999/55/688 1003/55/688 1002/55/688 998/55/688
f 998/55/689 1002/55/689 1000/55/689 996/55/689
f 996/55/690 1000/55/690 1001/43/690 997/43/690
f 995/55/691 1006/55/691 1007/55/691 999/55/691
f 999/55/692 1007/55/692 1008/55/692 1003/55/692
f 953/47/693 968/47/693 1004/55/693 990/55/693
f 990/55/694 1004/55/694 1005/55/694 991/55/694
f 991/55/695 1005/55/695 1006/55/695 995/55/695
f 1008/55/696 1011/55/696 1010/55/696 1003/55/696
f 1003/55/697 1010/55/697 1009/55/697 1002/55/697
f 1011/55/698 1013/55/698 977/55/698 1010/55/698
f 1010/55/699 977/55/699 1012/55/699 1009/55/699
f 979/33/700 1002/55/700 1009/55/700 1012/55/700
f 980/33/673 1000/55/673 1002/55/673 979/33/673
f 981/33/674 1001/43/674 1000/55/674 980/33/674
f 968/47/701 982/33/701 1005/55/701 1004/55/701
f 1058/15/712 1059/20/712 1053/14/712 1052/13/712
f 1054/9/713 1055/10/713 1051/11/713 1050/12/713
f 1052/13/714 1053/14/714 1055/10/714 1054/9/714
f 1050/1/715 1051/2/715 1057/3/715 1056/4/715
f 1068/15/716 1062/13/716 1063/14/716 1069/20/716
f 1064/9/717 1060/12/717 1061/11/717 1065/10/717
f 1062/13/718 1064/9/718 1065/10/718 1063/14/718
f 1060/1/719 1066/4/719 1067/3/719 1061/2/719
f 1050/1/720 1056/4/720 1066/4/720 1060/1/720
f 1053/14/721 1059/20/721 1069/20/721 1063/14/721
f 1052/13/722 1054/9/722 1064/9/722 1062/13/722
f 1051/11/723 1055/10/723 1065/10/723 1061/11/723
f 1054/9/724 1050/12/724 1060/12/724 1064/9/724
f 1055/10/725 1053/14/725 1063/14/725 1065/10/725
f 1057/3/726 1051/2/726 1061/2/726 1067/3/726
f 1058/15/727 1052/13/727 1062/13/727 1068/15/727
f 1059/20/728 1058/15/728 1068/15/728 1069/20/728
f 1056/4/729 1057/3/729 1067/3/729 1066/4/729
f 1078/15/730 1079/20/730 1073/14/730 1072/13/730
f 1074/9/731 1075/10/731 1071/11/731 1070/12/731
f 1072/13/732 1073/14/732 1075/10/732 1074/9/732
f 1070/1/733 1071/2/733 1077/3/733 1076/4/733
f 1088/15/734 1082/13/734 1083/14/734 1089/20/734
f 1084/9/735 1080/12/735 1081/11/735 1085/10/735
f 1082/13/736 1084/9/736 1085/10/736 1083/14/736
f 1080/1/737 1086/4/737 1087/3/737 1081/2/737
f 1070/1/738 1076/4/738 1086/4/738 1080/1/738
f 1073/14/739 1079/20/739 1089/20/739 1083/14/739
f 1072/13/740 1074/9/740 1084/9/740 1082/13/740
f 1071/11/741 1075/10/741 1085/10/741 1081/11/741
f 1074/9/742 1070/12/742 1080/12/742 1084/9/742
f 1075/10/743 1073/14/743 1083/14/743 1085/10/743
f 1077/3/744 1071/2/744 1081/2/744 1087/3/744
f 1078/15/745 1072/13/745 1082/13/745 1088/15/745
f 1079/20/746 1078/15/746 1088/15/746 1089/20/746
f 1076/4/747 1077/3/747 1087/3/747 1086/4/747
f 1116/15/730 1117/20/730 1111/14/730 1110/13/730
f 1112/9/731 1113/10/731 1109/11/731 1108/12/731
f 1110/13/732 1111/14/732 1113/10/732 1112/9/732
f 1108/1/733 1109/2/733 1115/3/733 1114/4/733
f 1126/15/734 1120/13/734 1121/14/734 1127/20/734
f 1122/9/735 1118/12/735 1119/11/735 1123/10/735
f 1120/13/736 1122/9/736 1123/10/736 1121/14/736
f 1118/1/737 1124/4/737 1125/3/737 1119/2/737
f 1108/1/748 1114/4/748 1124/4/748 1118/1/748
f 1111/14/749 1117/20/749 1127/20/749 1121/14/749
f 1110/13/750 1112/9/750 1122/9/750 1120/13/750
f 1109/11/751 1113/10/751 1123/10/751 1119/11/751
f 1112/9/752 1108/12/752 1118/12/752 1122/9/752
f 1113/10/753 1111/14/753 1121/14/753 1123/10/753
f 1115/3/754 1109/2/754 1119/2/754 1125/3/754
f 1116/15/755 1110/13/755 1120/13/755 1126/15/755
f 1117/20/746 1116/15/746 1126/15/746 1127/20/746
f 1114/4/747 1115/3/747 1125/3/747 1124/4/747
f 1325/55/839 1326/55/839 1332/55/839 1331/55/839
f 1322/55/840 1324/55/840 1330/55/840 1328/55/840
f 1323/55/841 1322/55/841 1328/55/841 1329/55/841
f 1326/55/842 1327/55/842 1333/55/842 1332/55/842
f 1324/55/843 1325/55/843 1331/55/843 1330/55/843
f 1372/47/844 1323/55/844 1329/55/844 1380/47/844
f 1327/55/845 1377/55/845 1385/55/845 1333/55/845
f 1361/54/846 1362/55/846 1334/55/846 1335/55/846
f 1363/54/847 1364/55/847 1339/55/847 1338/55/847
f 1365/55/848 1366/57/848 1337/55/848 1336/55/848
f 1422/47/849 1361/54/849 1335/55/849 1388/47/849
f 1364/55/850 1423/55/850 1393/55/850 1339/55/850
f 1366/57/851 1363/54/851 1338/55/851 1337/55/851
f 1362/55/852 1365/55/852 1336/55/852 1334/55/852
f 1355/55/853 1356/55/853 1346/55/853 1345/55/853
f 1358/50/854 1359/55/854 1341/55/854 1342/47/854
f 1356/55/855 1414/55/855 1401/55/855 1346/55/855
f 1357/56/856 1355/55/856 1345/55/856 1344/55/856
f 1359/55/857 1360/54/857 1340/55/857 1341/55/857
f 1345/55/858 1346/55/858 1353/55/858 1352/55/858
f 1343/55/859 1344/55/859 1351/55/859 1350/55/859
f 1342/47/860 1341/55/860 1348/55/860 1349/47/860
f 1346/55/861 1401/55/861 1354/55/861 1353/55/861
f 1344/55/862 1345/55/862 1352/55/862 1351/55/862
f 1340/55/863 1343/55/863 1350/55/863 1347/55/863
f 1341/55/864 1340/55/864 1347/55/864 1348/55/864
f 1335/55/865 1334/55/865 1360/54/865 1359/55/865
f 1337/55/866 1338/55/866 1355/55/866 1357/56/866
f 1339/55/867 1393/55/867 1414/55/867 1356/55/867
f 1388/47/868 1335/55/868 1359/55/868 1358/50/868
f 1338/55/869 1339/55/869 1356/55/869 1355/55/869
f 1328/55/870 1330/55/870 1365/55/870 1362/55/870
f 1331/55/871 1332/55/871 1363/54/871 1366/57/871
f 1333/55/872 1385/55/872 1423/55/872 1364/55/872
f 1380/47/873 1329/55/873 1361/54/873 1422/47/873
f 1330/55/874 1331/55/874 1366/57/874 1365/55/874
f 1332/55/875 1333/55/875 1364/55/875 1363/54/875
f 1329/55/876 1328/55/876 1362/55/876 1361/54/876
f 1367/33/877 1360/54/877 1334/55/877 1336/55/877
f 1368/33/878 1340/55/878 1360/54/878 1367/33/878
f 1369/33/879 1343/55/879 1340/55/879 1368/33/879
f 1343/55/880 1369/33/880 1357/56/880 1344/55/880
f 1374/55/881 1382/55/881 1383/55/881 1375/55/881
f 1370/55/882 1378/55/882 1381/55/882 1373/55/882
f 1371/55/883 1379/55/883 1378/55/883 1370/55/883
f 1375/55/884 1383/55/884 1384/55/884 1376/55/884
f 1373/55/885 1381/55/885 1382/55/885 1374/55/885
f 1372/47/886 1380/47/886 1379/55/886 1371/55/886
f 1376/55/887 1384/55/887 1385/55/887 1377/55/887
f 1416/54/888 1387/55/888 1386/55/888 1417/55/888
f 1418/54/889 1391/55/889 1392/55/889 1419/55/889
f 1420/55/890 1389/55/890 1390/55/890 1421/57/890
f 1422/47/891 1388/47/891 1387/55/891 1416/54/891
f 1419/55/892 1392/55/892 1393/55/892 1423/55/892
f 1421/57/893 1390/55/893 1391/55/893 1418/54/893
f 1417/55/894 1386/55/894 1389/55/894 1420/55/894
f 1410/55/895 1399/55/895 1400/55/895 1411/55/895
f 1358/50/896 1396/47/896 1395/55/896 1413/55/896
f 1411/55/897 1400/55/897 1401/55/897 1414/55/897
f 1412/56/898 1398/55/898 1399/55/898 1410/55/898
f 1413/55/899 1395/55/899 1394/55/899 1415/54/899
f 1399/55/900 1407/55/900 1408/55/900 1400/55/900
f 1397/55/901 1405/55/901 1406/55/901 1398/55/901
f 1396/47/902 1404/47/902 1403/55/902 1395/55/902
f 1400/55/903 1408/55/903 1409/55/903 1401/55/903
f 1398/55/904 1406/55/904 1407/55/904 1399/55/904
f 1394/55/905 1402/55/905 1405/55/905 1397/55/905
f 1395/55/906 1403/55/906 1402/55/906 1394/55/906
f 1387/55/907 1413/55/907 1415/54/907 1386/55/907
f 1390/55/908 1412/56/908 1410/55/908 1391/55/908
f 1392/55/909 1411/55/909 1414/55/909 1393/55/909
f 1388/47/910 1358/50/910 1413/55/910 1387/55/910
f 1391/55/911 1410/55/911 1411/55/911 1392/55/911
f 1378/55/912 1417/55/912 1420/55/912 1381/55/912
f 1382/55/913 1421/57/913 1418/54/913 1383/55/913
f 1384/55/914 1419/55/914 1423/55/914 1385/55/914
f 1380/47/915 1422/47/915 1416/54/915 1379/55/915
f 1381/55/916 1420/55/916 1421/57/916 1382/55/916
f 1383/55/917 1418/54/917 1419/55/917 1384/55/917
f 1379/55/918 1416/54/918 1417/55/918 1378/55/918
f 1424/33/919 1389/55/919 1386/55/919 1415/54/919
f 1425/33/920 1424/33/920 1415/54/920 1394/55/920
f 1426/33/921 1425/33/921 1394/55/921 1397/55/921
f 1397/55/922 1398/55/922 1412/56/922 1426/33/922
usemtl Material.011
f 1284/4/395 1285/3/395 1275/24/395 1274/25/395
f 1280/27/396 1281/26/396 1279/23/396 1278/30/396
f 1286/15/397 1287/20/397 1277/14/397 1276/13/397
f 1282/9/798 1283/10/798 1273/11/798 1272/12/798
f 1276/13/778 1277/14/778 1283/10/778 1282/9/778
f 1274/25/403 1275/24/403 1281/26/403 1280/27/403
f 1278/30/400 1279/23/400 1287/20/400 1286/15/400
f 1272/1/401 1273/2/401 1285/3/401 1284/4/401
f 1283/10/799 1277/14/799 1290/14/799 1293/10/799
f 1281/26/800 1275/24/800 1289/24/800 1292/26/800
f 1275/24/801 1285/3/801 1294/3/801 1289/24/801
f 1287/20/802 1279/23/802 1291/23/802 1295/20/802
f 1273/11/803 1283/10/803 1293/10/803 1288/11/803
f 1285/3/804 1273/2/804 1288/2/804 1294/3/804
f 1279/23/805 1281/26/805 1292/26/805 1291/23/805
f 1277/14/806 1287/20/806 1295/20/806 1290/14/806
f 1284/4/807 1274/25/807 1297/25/807 1302/4/807
f 1278/30/808 1286/15/808 1303/15/808 1299/30/808
f 1282/9/809 1272/12/809 1296/12/809 1301/9/809
f 1280/27/810 1278/30/810 1299/30/810 1300/27/810
f 1276/13/811 1282/9/811 1301/9/811 1298/13/811
f 1274/25/812 1280/27/812 1300/27/812 1297/25/812
f 1272/1/813 1284/4/813 1302/4/813 1296/1/813
f 1286/15/814 1276/13/814 1298/13/814 1303/15/814
f 1292/26/815 1289/24/815 1305/24/815 1308/26/815
f 1290/14/816 1295/20/816 1311/20/816 1306/14/816
f 1289/24/817 1294/3/817 1310/3/817 1305/24/817
f 1295/20/818 1291/23/818 1307/23/818 1311/20/818
f 1293/10/819 1290/14/819 1306/14/819 1309/10/819
f 1288/11/820 1293/10/820 1309/10/820 1304/11/820
f 1291/23/821 1292/26/821 1308/26/821 1307/23/821
f 1294/3/822 1288/2/822 1304/2/822 1310/3/822
f 1303/15/823 1298/13/823 1314/13/823 1319/15/823
f 1301/9/824 1296/12/824 1312/12/824 1317/9/824
f 1298/13/825 1301/9/825 1317/9/825 1314/13/825
f 1297/25/826 1300/27/826 1316/27/826 1313/25/826
f 1302/4/827 1297/25/827 1313/25/827 1318/4/827
f 1300/27/828 1299/30/828 1315/30/828 1316/27/828
f 1299/30/829 1303/15/829 1319/15/829 1315/30/829
f 1296/1/830 1302/4/830 1318/4/830 1312/1/830
f 1316/27/831 1321/33/831 1318/4/831 1313/25/831
f 1319/15/832 1321/33/832 1316/27/832 1315/30/832
f 1314/13/833 1317/9/833 1321/33/833 1319/15/833
f 1318/4/834 1321/33/834 1317/9/834 1312/12/834
f 1311/20/835 1320/33/835 1309/10/835 1306/14/835
f 1309/10/836 1320/33/836 1310/3/836 1304/2/836
f 1310/3/837 1320/33/837 1308/26/837 1305/24/837
f 1307/23/838 1308/26/838 1320/33/838 1311/20/838
usemtl Material.006
f 1661/168/971 1640/44/971 1639/169/971 1641/34/971
f 1639/169/972 1640/44/972 1657/41/972 1642/43/972
f 1641/34/973 1639/169/973 1643/43/973 1644/59/973
f 1639/169/974 1642/43/974 1645/169/974 1643/43/974
f 1647/34/975 1646/43/975 1648/32/975 1649/34/975
f 1649/34/976 1648/32/976 1650/43/976 1651/34/976
f 1650/43/977 1652/33/977 1653/33/977 1651/34/977
f 1657/41/978 1655/42/978 1654/39/978 1656/35/978
f 1642/43/979 1657/41/979 1656/35/979 1645/169/979
f 1640/44/980 1658/38/980 1655/42/980 1657/41/980
f 1659/46/981 1658/38/981 1640/44/981 1661/168/981
f 1660/47/982 1659/46/982 1661/168/982 1662/52/982
f 1662/52/983 1661/168/983 1641/34/983 1663/54/983
f 1660/47/984 1662/52/984 1664/48/984 1666/47/984
f 1662/52/985 1663/54/985 1665/55/985 1664/48/985
f 1664/48/986 1665/55/986 1670/55/986 1667/52/986
f 1666/47/987 1664/48/987 1667/52/987 1669/50/987
f 1669/50/988 1667/52/988 1668/49/988 1695/47/988
f 1667/52/989 1670/55/989 1671/55/989 1668/49/989
f 1671/55/990 1670/55/990 1672/56/990 1673/55/990
f 1670/55/991 1665/55/991 1674/55/991 1672/56/991
f 1673/55/992 1672/56/992 1675/55/992 1676/55/992
f 1672/56/993 1674/55/993 1677/55/993 1675/55/993
f 1676/55/994 1675/55/994 1678/55/994 1679/54/994
f 1675/55/995 1677/55/995 1680/55/995 1678/55/995
f 1679/54/996 1678/55/996 1681/55/996 1682/55/996
f 1678/55/997 1680/55/997 1683/55/997 1681/55/997
f 1681/55/998 1684/33/998 1686/33/998 1682/55/998
f 1683/55/999 1685/33/999 1684/33/999 1681/55/999
f 1682/55/1000 1686/33/1000 1687/33/1000 1689/52/1000
f 1688/47/1001 1690/52/1001 1689/52/1001 1687/47/1001
f 1690/52/1002 1679/54/1002 1682/55/1002 1689/52/1002
f 1692/51/1003 1691/170/1003 1690/52/1003 1688/47/1003
f 1691/170/1004 1676/55/1004 1679/54/1004 1690/52/1004
f 1694/47/1005 1693/48/1005 1691/170/1005 1692/51/1005
f 1693/48/1006 1673/55/1006 1676/55/1006 1691/170/1006
f 1695/47/1007 1668/49/1007 1693/48/1007 1694/47/1007
f 1668/49/1008 1671/55/1008 1673/55/1008 1693/48/1008
f 1683/55/1009 1697/55/1009 1696/33/1009 1685/33/1009
f 1651/34/1010 1653/33/1010 1696/33/1010 1697/55/1010
f 1680/55/1011 1698/54/1011 1697/55/1011 1683/55/1011
f 1698/54/1012 1649/34/1012 1651/34/1012 1697/55/1012
f 1677/55/1013 1699/55/1013 1698/54/1013 1680/55/1013
f 1699/55/1014 1647/34/1014 1649/34/1014 1698/54/1014
f 1674/55/1015 1700/54/1015 1699/55/1015 1677/55/1015
f 1700/54/1016 1644/59/1016 1647/34/1016 1699/55/1016
f 1665/55/1017 1663/54/1017 1700/54/1017 1674/55/1017
f 1663/54/1018 1641/34/1018 1644/59/1018 1700/54/1018
f 1652/33/1019 1650/43/1019 1703/43/1019 1704/33/1019
f 1650/43/1020 1648/32/1020 1702/32/1020 1703/43/1020
f 1648/32/1021 1646/43/1021 1701/43/1021 1702/32/1021
usemtl Material.009
f 1707/47/1022 1708/38/1022 1706/43/1022 1705/55/1022
f 1705/55/1023 1706/43/1023 1710/43/1023 1709/55/1023
f 1705/55/1024 1709/55/1024 1713/55/1024 1711/55/1024
f 1707/47/1025 1705/55/1025 1711/55/1025 1712/47/1025
f 1716/47/1022 1717/38/1022 1715/43/1022 1714/55/1022
f 1714/55/1026 1715/43/1026 1719/43/1026 1718/55/1026
f 1722/33/1027 1720/55/1027 1714/55/1027 1718/55/1027
f 1716/47/1028 1714/55/1028 1720/55/1028 1721/47/1028
f 1719/43/1029 1715/43/1029 1723/43/1029 1725/43/1029
f 1715/43/1022 1717/38/1022 1724/38/1022 1723/43/1022
f 1725/43/1030 1723/43/1030 1726/43/1030 1728/43/1030
f 1723/43/1031 1724/38/1031 1727/38/1031 1726/43/1031
f 1728/43/1032 1726/43/1032 1729/43/1032 1731/43/1032
f 1726/43/1033 1727/38/1033 1730/38/1033 1729/43/1033
f 1707/47/1034 1732/55/1034 1733/43/1034 1708/38/1034
f 1732/55/1035 1734/55/1035 1735/43/1035 1733/43/1035
f 1732/55/1036 1736/55/1036 1737/55/1036 1734/55/1036
f 1707/47/1037 1712/47/1037 1736/55/1037 1732/55/1037
f 1716/47/1034 1738/55/1034 1739/43/1034 1717/38/1034
f 1738/55/1038 1740/55/1038 1741/43/1038 1739/43/1038
f 1743/33/1039 1740/55/1039 1738/55/1039 1742/55/1039
f 1716/47/1040 1721/47/1040 1742/55/1040 1738/55/1040
f 1741/43/1041 1745/43/1041 1744/43/1041 1739/43/1041
f 1739/43/1034 1744/43/1034 1724/38/1034 1717/38/1034
f 1745/43/1042 1747/43/1042 1746/43/1042 1744/43/1042
f 1744/43/1043 1746/43/1043 1727/38/1043 1724/38/1043
f 1747/43/1044 1749/43/1044 1748/43/1044 1746/43/1044
f 1746/43/1045 1748/43/1045 1730/38/1045 1727/38/1045
f 1752/47/1046 1750/55/1046 1751/43/1046 1753/38/1046
f 1750/55/1047 1754/55/1047 1755/43/1047 1751/43/1047
f 1750/55/1048 1756/55/1048 1758/55/1048 1754/55/1048
f 1752/47/1049 1757/47/1049 1756/55/1049 1750/55/1049
f 1761/47/1050 1759/55/1050 1760/43/1050 1762/38/1050
f 1759/55/1051 1763/55/1051 1764/43/1051 1760/43/1051
f 1767/33/1052 1763/55/1052 1759/55/1052 1765/55/1052
f 1761/47/1053 1766/47/1053 1765/55/1053 1759/55/1053
f 1764/43/1054 1770/43/1054 1768/43/1054 1760/43/1054
f 1760/43/1055 1768/43/1055 1769/38/1055 1762/38/1055
f 1770/43/1056 1773/43/1056 1771/43/1056 1768/43/1056
f 1768/43/1057 1771/43/1057 1772/38/1057 1769/38/1057
f 1773/43/1058 1776/43/1058 1774/43/1058 1771/43/1058
f 1771/43/1059 1774/43/1059 1775/38/1059 1772/38/1059
f 1752/47/1060 1753/38/1060 1778/43/1060 1777/55/1060
f 1777/55/1061 1778/43/1061 1780/43/1061 1779/55/1061
f 1777/55/1062 1779/55/1062 1782/55/1062 1781/55/1062
f 1752/47/1063 1777/55/1063 1781/55/1063 1757/47/1063
f 1761/47/1064 1762/38/1064 1784/43/1064 1783/55/1064
f 1783/55/1065 1784/43/1065 1786/43/1065 1785/55/1065
f 1788/33/1066 1787/55/1066 1783/55/1066 1785/55/1066
f 1761/47/1067 1783/55/1067 1787/55/1067 1766/47/1067
f 1786/43/1068 1784/43/1068 1789/43/1068 1790/43/1068
f 1784/43/1069 1762/38/1069 1769/38/1069 1789/43/1069
f 1790/43/1070 1789/43/1070 1791/43/1070 1792/43/1070
f 1789/43/1071 1769/38/1071 1772/38/1071 1791/43/1071
f 1792/43/1072 1791/43/1072 1793/43/1072 1794/43/1072
f 1791/43/1073 1772/38/1073 1775/38/1073 1793/43/1073
f 1706/43/399 1708/38/399 1753/38/399 1751/43/399
f 1709/55/1074 1710/43/1074 1755/43/1074 1754/55/1074
f 1710/43/399 1706/43/399 1751/43/399 1755/43/399
f 1712/47/1075 1711/55/1075 1756/55/1075 1757/47/1075
f 1711/55/1076 1713/55/1076 1758/55/1076 1756/55/1076
f 1713/55/1077 1709/55/1077 1754/55/1077 1758/55/1077
f 1718/55/1078 1719/43/1078 1764/43/1078 1763/55/1078
f 1721/47/1079 1720/55/1079 1765/55/1079 1766/47/1079
f 1720/55/1080 1722/33/1080 1767/33/1080 1765/55/1080
f 1722/33/1081 1718/55/1081 1763/55/1081 1767/33/1081
f 1719/43/1082 1725/43/1082 1770/43/1082 1764/43/1082
f 1725/43/1083 1728/43/1083 1773/43/1083 1770/43/1083
f 1729/43/1084 1730/38/1084 1775/38/1084 1774/43/1084
f 1731/43/1085 1729/43/1085 1774/43/1085 1776/43/1085
f 1728/43/1086 1731/43/1086 1776/43/1086 1773/43/1086
f 1708/38/399 1733/43/399 1778/43/399 1753/38/399
f 1735/43/1087 1734/55/1087 1779/55/1087 1780/43/1087
f 1733/43/399 1735/43/399 1780/43/399 1778/43/399
f 1736/55/1088 1712/47/1088 1757/47/1088 1781/55/1088
f 1737/55/1089 1736/55/1089 1781/55/1089 1782/55/1089
f 1734/55/1090 1737/55/1090 1782/55/1090 1779/55/1090
f 1741/43/1091 1740/55/1091 1785/55/1091 1786/43/1091
f 1742/55/1092 1721/47/1092 1766/47/1092 1787/55/1092
f 1743/33/1093 1742/55/1093 1787/55/1093 1788/33/1093
f 1740/55/1094 1743/33/1094 1788/33/1094 1785/55/1094
f 1745/43/1095 1741/43/1095 1786/43/1095 1790/43/1095
f 1747/43/1096 1745/43/1096 1790/43/1096 1792/43/1096
f 1730/38/1097 1748/43/1097 1793/43/1097 1775/38/1097
f 1748/43/1098 1749/43/1098 1794/43/1098 1793/43/1098
f 1749/43/1099 1747/43/1099 1792/43/1099 1794/43/1099
f 1724/38/1100 1727/38/1100 1798/38/1100 1796/38/1100
f 1723/43/1101 1726/43/1101 1797/43/1101 1795/43/1101
f 1726/33/1102 1797/33/1102 1798/33/1102 1727/33/1102
f 1797/33/1103 1798/33/1103 1796/38/1103 1795/43/1103
f 2091/1/792 2092/2/792 2094/24/792 2093/25/792
f 2093/25/707 2094/24/707 2098/23/707 2097/30/707
f 2097/30/793 2098/23/793 2096/14/793 2095/13/793
f 2095/13/706 2096/14/706 2092/11/706 2091/12/706
f 2093/28/399 2097/30/399 2095/13/399 2091/8/399
f 2098/23/163 2094/22/163 2092/18/163 2096/14/163
usemtl Material.010
f 1801/47/1104 1802/38/1104 1800/43/1104 1799/55/1104
f 1801/47/1105 1799/55/1105 1803/55/1105 1804/47/1105
f 1804/47/1106 1803/55/1106 1805/55/1106 1806/47/1106
f 1806/47/1107 1805/55/1107 1807/55/1107 1808/47/1107
f 1808/47/1108 1807/55/1108 1809/55/1108 1810/47/1108
f 1810/47/1109 1809/55/1109 1811/55/1109 1812/47/1109
f 1812/47/1110 1811/55/1110 1813/55/1110 1814/47/1110
f 1814/47/1111 1813/55/1111 1815/55/1111 1816/47/1111
f 1800/43/1112 1802/38/1112 1818/38/1112 1817/43/1112
f 1819/33/1113 1820/33/1113 1822/33/1113 1821/33/1113
f 1821/33/1113 1822/33/1113 1824/33/1113 1823/33/1113
f 1823/33/1114 1824/33/1114 1826/33/1114 1825/33/1114
f 1829/33/1115 1830/33/1115 1828/33/1115 1827/33/1115
f 1825/33/1116 1826/33/1116 1830/33/1116 1829/33/1116
f 1833/47/1117 1831/55/1117 1832/43/1117 1834/38/1117
f 1833/47/1118 1836/47/1118 1835/55/1118 1831/55/1118
f 1836/47/1119 1838/47/1119 1837/55/1119 1835/55/1119
f 1838/47/1120 1840/47/1120 1839/55/1120 1837/55/1120
f 1840/47/1121 1842/47/1121 1841/55/1121 1839/55/1121
f 1842/47/1122 1844/47/1122 1843/55/1122 1841/55/1122
f 1844/47/1123 1846/47/1123 1845/55/1123 1843/55/1123
f 1846/47/1124 1848/47/1124 1847/55/1124 1845/55/1124
f 1832/43/1125 1849/43/1125 1850/38/1125 1834/38/1125
f 1851/33/1126 1853/33/1126 1854/33/1126 1852/33/1126
f 1853/33/1126 1855/33/1126 1856/33/1126 1854/33/1126
f 1855/33/1127 1857/33/1127 1858/33/1127 1856/33/1127
f 1861/33/1128 1859/33/1128 1860/33/1128 1862/33/1128
f 1857/33/1129 1861/33/1129 1862/33/1129 1858/33/1129
f 1865/47/1130 1863/55/1130 1864/43/1130 1866/38/1130
f 1865/47/1131 1868/47/1131 1867/55/1131 1863/55/1131
f 1868/47/1132 1870/47/1132 1869/55/1132 1867/55/1132
f 1870/47/1133 1872/47/1133 1871/55/1133 1869/55/1133
f 1872/47/1134 1874/47/1134 1873/55/1134 1871/55/1134
f 1874/47/1135 1876/47/1135 1875/55/1135 1873/55/1135
f 1876/47/1136 1878/47/1136 1877/55/1136 1875/55/1136
f 1878/47/1137 1880/47/1137 1879/55/1137 1877/55/1137
f 1864/43/1138 1881/43/1138 1882/38/1138 1866/38/1138
f 1883/33/1139 1885/33/1139 1886/33/1139 1884/33/1139
f 1885/33/1139 1887/33/1139 1888/33/1139 1886/33/1139
f 1887/33/1140 1889/33/1140 1890/33/1140 1888/33/1140
f 1893/33/1141 1891/33/1141 1892/33/1141 1894/33/1141
f 1889/33/1142 1893/33/1142 1894/33/1142 1890/33/1142
f 1897/47/1143 1898/38/1143 1896/43/1143 1895/55/1143
f 1897/47/1144 1895/55/1144 1899/55/1144 1900/47/1144
f 1900/47/1145 1899/55/1145 1901/55/1145 1902/47/1145
f 1902/47/1146 1901/55/1146 1903/55/1146 1904/47/1146
f 1904/47/1147 1903/55/1147 1905/55/1147 1906/47/1147
f 1906/47/1148 1905/55/1148 1907/55/1148 1908/47/1148
f 1908/47/1149 1907/55/1149 1909/55/1149 1910/47/1149
f 1910/47/1150 1909/55/1150 1911/55/1150 1912/47/1150
f 1896/43/1151 1898/38/1151 1914/38/1151 1913/43/1151
f 1915/33/1152 1916/33/1152 1918/33/1152 1917/33/1152
f 1917/33/1152 1918/33/1152 1920/33/1152 1919/33/1152
f 1919/33/1153 1920/33/1153 1922/33/1153 1921/33/1153
f 1925/33/1154 1926/33/1154 1924/33/1154 1923/33/1154
f 1921/33/1155 1922/33/1155 1926/33/1155 1925/33/1155
f 1799/55/1156 1800/43/1156 1864/43/1156 1863/55/1156
f 1802/38/1157 1801/47/1157 1865/47/1157 1866/38/1157
f 1801/47/1158 1804/47/1158 1868/47/1158 1865/47/1158
f 1803/55/1159 1799/55/1159 1863/55/1159 1867/55/1159
f 1804/47/1160 1806/47/1160 1870/47/1160 1868/47/1160
f 1805/55/1161 1803/55/1161 1867/55/1161 1869/55/1161
f 1806/47/1162 1808/47/1162 1872/47/1162 1870/47/1162
f 1807/55/1163 1805/55/1163 1869/55/1163 1871/55/1163
f 1808/47/1164 1810/47/1164 1874/47/1164 1872/47/1164
f 1809/55/1165 1807/55/1165 1871/55/1165 1873/55/1165
f 1810/47/1166 1812/47/1166 1876/47/1166 1874/47/1166
f 1811/55/1167 1809/55/1167 1873/55/1167 1875/55/1167
f 1812/47/1168 1814/47/1168 1878/47/1168 1876/47/1168
f 1813/55/1169 1811/55/1169 1875/55/1169 1877/55/1169
f 1816/47/1170 1815/55/1170 1879/55/1170 1880/47/1170
f 1814/47/1171 1816/47/1171 1880/47/1171 1878/47/1171
f 1815/55/1172 1813/55/1172 1877/55/1172 1879/55/1172
f 1817/43/1173 1818/38/1173 1882/38/1173 1881/43/1173
f 1800/43/1174 1817/43/1174 1881/43/1174 1864/43/1174
f 1818/38/1175 1802/38/1175 1866/38/1175 1882/38/1175
f 1820/33/163 1819/33/163 1883/33/163 1884/33/163
f 1819/33/1176 1821/33/1176 1885/33/1176 1883/33/1176
f 1822/33/1177 1820/33/1177 1884/33/1177 1886/33/1177
f 1821/33/1176 1823/33/1176 1887/33/1176 1885/33/1176
f 1824/33/1177 1822/33/1177 1886/33/1177 1888/33/1177
f 1823/33/1178 1825/33/1178 1889/33/1178 1887/33/1178
f 1826/33/1179 1824/33/1179 1888/33/1179 1890/33/1179
f 1827/33/1180 1828/33/1180 1892/33/1180 1891/33/1180
f 1825/33/1181 1829/33/1181 1893/33/1181 1889/33/1181
f 1828/33/1182 1830/33/1182 1894/33/1182 1892/33/1182
f 1829/33/1183 1827/33/1183 1891/33/1183 1893/33/1183
f 1830/33/1184 1826/33/1184 1890/33/1184 1894/33/1184
f 1832/43/1185 1831/55/1185 1895/55/1185 1896/43/1185
f 1833/47/1186 1834/38/1186 1898/38/1186 1897/47/1186
f 1836/47/1187 1833/47/1187 1897/47/1187 1900/47/1187
f 1831/55/1188 1835/55/1188 1899/55/1188 1895/55/1188
f 1838/47/1189 1836/47/1189 1900/47/1189 1902/47/1189
f 1835/55/1190 1837/55/1190 1901/55/1190 1899/55/1190
f 1840/47/1191 1838/47/1191 1902/47/1191 1904/47/1191
f 1837/55/1192 1839/55/1192 1903/55/1192 1901/55/1192
f 1842/47/1193 1840/47/1193 1904/47/1193 1906/47/1193
f 1839/55/1194 1841/55/1194 1905/55/1194 1903/55/1194
f 1844/47/1195 1842/47/1195 1906/47/1195 1908/47/1195
f 1841/55/1196 1843/55/1196 1907/55/1196 1905/55/1196
f 1846/47/1197 1844/47/1197 1908/47/1197 1910/47/1197
f 1843/55/1198 1845/55/1198 1909/55/1198 1907/55/1198
f 1847/55/1199 1848/47/1199 1912/47/1199 1911/55/1199
f 1848/47/1200 1846/47/1200 1910/47/1200 1912/47/1200
f 1845/55/1201 1847/55/1201 1911/55/1201 1909/55/1201
f 1850/38/1202 1849/43/1202 1913/43/1202 1914/38/1202
f 1849/43/1203 1832/43/1203 1896/43/1203 1913/43/1203
f 1834/38/1204 1850/38/1204 1914/38/1204 1898/38/1204
f 1851/33/163 1852/33/163 1916/33/163 1915/33/163
f 1853/33/1205 1851/33/1205 1915/33/1205 1917/33/1205
f 1852/33/1206 1854/33/1206 1918/33/1206 1916/33/1206
f 1855/33/1205 1853/33/1205 1917/33/1205 1919/33/1205
f 1854/33/1206 1856/33/1206 1920/33/1206 1918/33/1206
f 1857/33/1207 1855/33/1207 1919/33/1207 1921/33/1207
f 1856/33/1208 1858/33/1208 1922/33/1208 1920/33/1208
f 1860/33/1209 1859/33/1209 1923/33/1209 1924/33/1209
f 1861/33/1210 1857/33/1210 1921/33/1210 1925/33/1210
f 1862/33/1211 1860/33/1211 1924/33/1211 1926/33/1211
f 1859/33/1212 1861/33/1212 1925/33/1212 1923/33/1212
f 1858/33/1213 1862/33/1213 1926/33/1213 1922/33/1213
usemtl 
f 1966/171/1214 1936/3/1214 1930/24/1214 1962/172/1214
f 1968/173/1215 1940/26/1215 1934/23/1215 1963/174/1215
f 1965/175/1216 1938/20/1216 1932/14/1216 1964/176/1216
f 1967/177/1217 1942/10/1217 1928/11/1217 1961/178/1217
f 1944/6/1218 1937/15/1218 1931/13/1218 1941/7/1218
f 1938/20/1218 1934/23/1218 1971/23/1218 1973/20/1218
f 1932/14/1218 1938/20/1218 1973/20/1218 1970/14/1218
f 1939/29/1218 1933/30/1218 1937/15/1218 1944/6/1218
f 1963/174/1219 1934/23/1219 1938/20/1219 1965/175/1219
f 1961/179/1220 1928/2/1220 1936/3/1220 1966/171/1220
f 1929/28/1218 1939/29/1218 1944/6/1218 1935/5/1218
f 1940/26/1218 1930/24/1218 1969/24/1218 1974/26/1218
f 1942/10/1218 1932/14/1218 1970/14/1218 1975/10/1218
f 1935/5/1218 1944/6/1218 1941/7/1218 1927/8/1218
f 1964/176/1221 1932/14/1221 1942/10/1221 1967/177/1221
f 1962/172/1222 1930/24/1222 1940/26/1222 1968/173/1222
f 1929/25/1223 1946/180/1223 1952/181/1223 1939/27/1223
f 1931/13/1224 1948/182/1224 1951/183/1224 1941/9/1224
f 1927/1/1225 1945/184/1225 1950/185/1225 1935/4/1225
f 1933/30/1226 1947/186/1226 1949/187/1226 1937/15/1226
f 1941/9/1227 1951/183/1227 1945/188/1227 1927/12/1227
f 1937/15/1228 1949/187/1228 1948/182/1228 1931/13/1228
f 1939/27/1229 1952/181/1229 1947/186/1229 1933/30/1229
f 1935/4/1230 1950/185/1230 1946/180/1230 1929/25/1230
f 1946/180/1231 1954/189/1231 1960/190/1231 1952/181/1231
f 1948/182/1232 1956/191/1232 1959/192/1232 1951/183/1232
f 1945/184/1233 1953/193/1233 1958/194/1233 1950/185/1233
f 1947/186/1234 1955/195/1234 1957/196/1234 1949/187/1234
f 1951/183/1235 1959/192/1235 1953/197/1235 1945/188/1235
f 1949/187/1236 1957/196/1236 1956/191/1236 1948/182/1236
f 1952/181/1237 1960/190/1237 1955/195/1237 1947/186/1237
f 1950/185/1238 1958/194/1238 1954/189/1238 1946/180/1238
f 1954/189/1239 1962/172/1239 1968/173/1239 1960/190/1239
f 1956/191/1240 1964/176/1240 1967/177/1240 1959/192/1240
f 1953/193/1241 1961/179/1241 1966/171/1241 1958/194/1241
f 1955/195/1242 1963/174/1242 1965/175/1242 1957/196/1242
f 1959/192/1243 1967/177/1243 1961/178/1243 1953/197/1243
f 1957/196/1244 1965/175/1244 1964/176/1244 1956/191/1244
f 1960/190/1245 1968/173/1245 1963/174/1245 1955/195/1245
f 1958/194/1246 1966/171/1246 1962/172/1246 1954/189/1246
f 1936/3/1218 1928/2/1218 1943/2/1218 1972/3/1218
f 1930/24/1218 1936/3/1218 1972/3/1218 1969/24/1218
f 1928/11/1218 1942/10/1218 1975/10/1218 1943/11/1218
f 1934/23/1218 1940/26/1218 1974/26/1218 1971/23/1218
f 1972/3/1247 1943/2/1247 1976/2/1247 1980/3/1247
f 1975/10/1221 1970/14/1221 1978/14/1221 1983/10/1221
f 1969/24/1214 1972/3/1214 1980/3/1214 1977/24/1214
f 1973/20/1219 1971/23/1219 1979/23/1219 1981/20/1219
f 1970/14/1216 1973/20/1216 1981/20/1216 1978/14/1216
f 1974/26/1222 1969/24/1222 1977/24/1222 1982/26/1222
f 1943/11/1248 1975/10/1248 1983/10/1248 1976/11/1248
f 1971/23/1215 1974/26/1215 1982/26/1215 1979/23/1215
f 1982/26/1249 1977/24/1249 1985/24/1249 1990/26/1249
f 1980/3/1249 1976/2/1249 1984/2/1249 1988/3/1249
f 1979/23/1249 1982/26/1249 1990/26/1249 1987/23/1249
f 1976/11/1249 1983/10/1249 1991/10/1249 1984/11/1249
f 1983/10/1249 1978/14/1249 1986/14/1249 1991/10/1249
f 1981/20/1249 1979/23/1249 1987/23/1249 1989/20/1249
f 1977/24/1249 1980/3/1249 1988/3/1249 1985/24/1249
f 1978/14/1249 1981/20/1249 1989/20/1249 1986/14/1249
f 1988/3/1250 1984/2/1250 1992/2/1250 1996/3/1250
f 1987/23/1251 1990/26/1251 1998/26/1251 1995/23/1251
f 1984/11/1252 1991/10/1252 1999/10/1252 1992/11/1252
f 1991/10/1253 1986/14/1253 1994/14/1253 1999/10/1253
f 1989/20/1254 1987/23/1254 1995/23/1254 1997/20/1254
f 1985/24/1255 1988/3/1255 1996/3/1255 1993/24/1255
f 1986/14/1256 1989/20/1256 1997/20/1256 1994/14/1256
f 1990/26/1257 1985/24/1257 1993/24/1257 1998/26/1257
f 1998/26/1258 1993/24/1258 2001/24/1258 2006/26/1258
f 1996/3/1259 1992/2/1259 2000/2/1259 2004/3/1259
f 1995/23/1260 1998/26/1260 2006/26/1260 2003/23/1260
f 1992/11/1261 1999/10/1261 2007/10/1261 2000/11/1261
f 1999/10/1262 1994/14/1262 2002/14/1262 2007/10/1262
f 1997/20/1263 1995/23/1263 2003/23/1263 2005/20/1263
f 1993/24/1264 1996/3/1264 2004/3/1264 2001/24/1264
f 1994/14/1265 1997/20/1265 2005/20/1265 2002/14/1265
f 2005/20/1266 2003/23/1266 2011/23/1266 2013/20/1266
f 2001/24/1267 2004/3/1267 2012/3/1267 2009/24/1267
f 2002/14/1268 2005/20/1268 2013/20/1268 2010/14/1268
f 2006/26/1269 2001/24/1269 2009/24/1269 2014/26/1269
f 2004/3/1270 2000/2/1270 2008/2/1270 2012/3/1270
f 2003/23/1271 2006/26/1271 2014/26/1271 2011/23/1271
f 2000/11/1272 2007/10/1272 2015/10/1272 2008/11/1272
f 2007/10/1273 2002/14/1273 2010/14/1273 2015/10/1273
f 2008/11/1274 2015/10/1274 2023/10/1274 2016/11/1274
f 2015/10/1275 2010/14/1275 2018/14/1275 2023/10/1275
f 2013/20/1276 2011/23/1276 2019/23/1276 2021/20/1276
f 2009/24/1277 2012/3/1277 2020/3/1277 2017/24/1277
f 2010/14/1278 2013/20/1278 2021/20/1278 2018/14/1278
f 2014/26/1279 2009/24/1279 2017/24/1279 2022/26/1279
f 2012/3/1280 2008/2/1280 2016/2/1280 2020/3/1280
f 2011/23/1281 2014/26/1281 2022/26/1281 2019/23/1281
f 2022/26/1282 2017/24/1282 2025/24/1282 2030/26/1282
f 2020/3/1283 2016/2/1283 2024/2/1283 2028/3/1283
f 2019/23/1284 2022/26/1284 2030/26/1284 2027/23/1284
f 2016/11/1285 2023/10/1285 2031/10/1285 2024/11/1285
f 2023/10/1286 2018/14/1286 2026/14/1286 2031/10/1286
f 2021/20/1287 2019/23/1287 2027/23/1287 2029/20/1287
f 2017/24/1288 2020/3/1288 2028/3/1288 2025/24/1288
f 2018/14/1289 2021/20/1289 2029/20/1289 2026/14/1289
f 2031/10/1290 2032/33/1290 2028/3/1290 2024/2/1290
f 2029/20/1291 2032/33/1291 2031/10/1291 2026/14/1291
f 2027/23/1292 2030/26/1292 2032/33/1292 2029/20/1292
f 2028/3/1293 2032/33/1293 2030/26/1293 2025/24/1293
usemtl face
f 2099/33/1319 2100/33/1319 2118/33/1319 2117/33/1319 2120/33/1319 2116/33/1319 2115/47/1319 2114/47/1319 2113/51/1319 2112/47/1319 2111/47/1319 2119/50/1319 2110/47/1319 2109/47/1319 2108/46/1319 2107/38/1319 2106/42/1319 2105/39/1319 2104/38/1319 2103/36/1319 2102/33/1319 2101/33/1319
