# Blender 5.1.1
# www.blender.org
mtllib brigadier general merged.mtl
o Forearm
v -1.150499 17.641956 -9.212189
v -1.150499 17.641956 -7.041266
v -2.253688 17.641956 -9.212189
v -2.253688 17.641954 -6.676377
v -1.150499 18.745150 -9.212189
v -1.150499 18.745150 -7.041266
v -2.253688 18.745150 -9.212189
v -2.253688 18.745148 -6.676377
v -1.823182 17.461641 -7.265541
v -1.580982 17.461641 -7.265541
v -1.580981 17.461641 -7.100311
v -1.823182 17.461641 -7.100311
v -1.610710 18.925461 -7.265541
v -1.852910 18.925461 -7.265541
v -1.852910 18.925461 -7.097621
v -1.610710 18.925461 -7.097621
v -2.434005 18.437523 -9.212189
v -2.434005 17.949583 -9.212189
v -2.434005 17.949579 -6.528941
v -2.434005 18.437521 -6.528941
v -0.970184 17.949583 -9.212189
v -0.970184 18.437523 -9.212189
v -0.970183 18.437521 -7.041266
v -0.970183 17.949581 -7.041266
v -1.946063 17.949581 -7.289667
v -1.946063 18.437521 -7.289667
v -1.458122 17.949581 -7.289667
v -1.458122 18.437521 -7.289667
v -2.406961 18.898422 -9.264109
v -0.997224 18.898422 -9.264109
v -2.406961 17.488682 -9.264109
v -0.997224 17.488682 -9.264109
v -2.013856 17.258265 -9.264109
v -1.390327 17.258265 -9.264109
v -1.390327 19.128841 -9.264109
v -2.013857 19.128841 -9.264109
v -2.637384 18.505316 -9.264109
v -2.637384 17.881790 -9.264109
v -0.766805 17.881790 -9.264109
v -0.766805 18.505316 -9.264109
v -2.343505 18.832682 -10.119715
v -1.065254 18.832678 -10.119540
v -2.343505 17.554422 -10.119715
v -1.065254 17.554426 -10.119540
v -1.987129 17.353315 -10.119908
v -1.421627 17.353317 -10.119832
v -1.421626 19.033789 -10.119832
v -1.987129 19.033791 -10.119908
v -2.544620 18.476303 -10.120030
v -2.544620 17.910803 -10.120030
v -0.864147 17.910805 -10.119736
v -0.864146 18.476301 -10.119736
v -1.917261 18.328703 -10.050376
v -1.841873 18.012695 -10.050339
v -1.722345 18.012695 -10.050354
v -1.722345 18.374411 -10.050354
v -1.841873 18.374411 -10.050339
v -1.962970 18.253317 -10.050315
v -1.962970 18.133789 -10.050315
v -1.601253 18.253317 -10.050373
v -2.000736 18.409870 -10.817421
v -1.568108 18.409870 -10.817421
v -2.000736 17.977240 -10.817421
v -1.568108 17.977240 -10.817421
v -1.880098 17.906527 -10.817421
v -1.688745 17.906527 -10.817421
v -1.688745 18.480581 -10.817421
v -1.880098 18.480581 -10.817421
v -2.071451 18.289230 -10.817421
v -2.071451 18.097879 -10.817421
v -1.497395 18.097879 -10.817421
v -1.497395 18.289230 -10.817421
v -1.688747 18.289230 -10.953111
v -1.880098 18.289230 -10.953111
v -1.688747 18.097879 -10.953111
v -1.880098 18.097879 -10.953111
v -1.688745 18.480579 -10.485422
v -1.688745 17.906527 -10.485422
v -1.497394 18.289228 -10.485422
v -2.071451 18.289228 -10.485422
v -1.880098 17.906525 -10.485422
v -1.880098 18.480579 -10.485422
v -1.568107 17.977240 -10.485422
v -1.497394 18.097878 -10.485422
v -1.568107 18.409868 -10.485422
v -2.071451 18.097878 -10.485422
v -2.000736 18.409868 -10.485422
v -2.000736 17.977238 -10.485422
v -1.922008 18.331137 -10.350894
v -1.845276 18.376116 -10.350894
v -1.723570 18.376116 -10.350894
v -1.646839 18.331137 -10.350894
v -1.601864 18.254408 -10.350894
v -1.601864 18.132700 -10.350894
v -1.646839 18.055967 -10.350894
v -1.723570 18.010994 -10.350894
v -1.845276 18.010992 -10.350894
v -1.922008 18.055967 -10.350894
v -1.966986 18.132700 -10.350894
v -1.966986 18.254408 -10.350894
v -0.766805 17.881790 -10.117770
v -0.766805 18.505316 -10.117770
v -0.997224 17.488682 -10.117770
v -2.637384 18.505316 -10.117770
v -2.637384 17.881790 -10.117770
v -2.406961 18.898422 -10.117770
v -1.390327 19.128841 -10.117770
v -2.013856 19.128841 -10.117770
v -0.997224 18.898422 -10.117770
v -2.013856 17.258265 -10.117770
v -1.390327 17.258265 -10.117770
v -2.406961 17.488682 -10.117770
v -1.601253 18.133787 -10.050373
v -1.646959 18.058401 -10.050409
v -1.646959 18.328705 -10.050409
v -1.917261 18.058401 -10.050376
v -1.065082 17.554426 -10.013071
v -1.421455 17.353317 -10.013361
v -0.863975 17.910803 -10.013265
v -1.065082 18.832676 -10.013071
v -0.863975 18.476299 -10.013265
v -1.421455 19.033787 -10.013361
v -2.544448 17.910803 -10.013559
v -2.544448 18.476303 -10.013559
v -2.343334 18.832682 -10.013246
v -1.986957 19.033791 -10.013439
v -1.986957 17.353315 -10.013439
v -2.343334 17.554422 -10.013246
v -1.458122 18.925463 -9.212189
v -1.946064 18.925463 -9.212189
v -1.946063 18.925461 -6.876332
v -1.458122 18.925461 -7.041266
v -1.946064 17.461643 -9.212189
v -1.458122 17.461643 -9.212189
v -1.458122 17.461641 -7.041266
v -1.946063 17.461639 -6.876331
v -1.852910 19.048216 -7.265541
v -1.852910 19.048216 -7.097621
v -1.610710 19.048199 -7.097618
v -1.610710 19.048216 -7.265541
v -1.580981 17.309227 -7.265541
v -1.580981 17.309227 -7.100311
v -1.823182 17.309227 -7.100311
v -1.823182 17.309227 -7.265541
v -1.852915 18.993517 -7.097621
v -1.852910 18.993517 -7.265541
v -1.610720 18.993517 -7.097621
v -1.610325 18.993517 -7.265541
v -1.580981 17.385433 -7.100311
v -1.580981 17.385433 -7.265541
v -1.823182 17.385433 -7.100311
v -1.823182 17.385433 -7.265541
v -1.180213 17.612228 -6.090329
v -1.180214 17.612234 -1.999120
v -2.283402 17.612228 -6.090329
v -2.283403 17.612234 -1.999120
v -1.180213 18.715422 -6.090329
v -1.180214 18.715427 -1.999120
v -2.283402 18.715422 -6.090329
v -2.283403 18.715427 -1.999120
v -1.975778 17.431915 -6.090329
v -1.487836 17.431915 -6.090329
v -1.487837 17.431919 -1.999120
v -1.975779 17.431919 -1.999120
v -1.487836 18.895737 -6.090329
v -1.975778 18.895737 -6.090329
v -1.975779 18.895741 -1.999120
v -1.487837 18.895741 -1.999120
v -2.463720 18.407795 -6.090329
v -2.463720 17.919855 -6.090329
v -2.463720 17.919859 -1.999120
v -2.463720 18.407799 -1.999120
v -0.999898 17.919855 -6.090329
v -0.999898 18.407795 -6.090329
v -0.999899 18.407799 -1.999120
v -0.999899 17.919859 -1.999120
v -1.975779 17.919859 -1.653838
v -1.975779 18.407799 -1.653838
v -1.487837 17.919859 -1.653838
v -1.487837 18.407799 -1.653838
v -1.975778 18.407795 -6.354190
v -1.975778 17.919855 -6.354190
v -1.487836 18.407795 -6.354190
v -1.487836 17.919855 -6.354190
v -1.180213 17.612228 -5.598234
v -1.180213 17.612228 -5.218789
v -2.283403 17.612228 -5.218789
v -2.283403 17.612228 -5.598234
v -2.283403 18.715422 -5.218789
v -2.283403 18.715422 -5.598234
v -1.180213 18.715422 -5.218789
v -1.180213 18.715422 -5.598234
v -1.975778 18.895737 -5.218789
v -1.975778 18.895737 -5.598235
v -1.487836 18.895737 -5.218789
v -1.487836 18.895737 -5.598235
v -1.487836 17.431915 -5.218789
v -1.487836 17.431915 -5.598234
v -1.975778 17.431915 -5.218789
v -1.975778 17.431915 -5.598234
v -0.999898 18.407795 -5.218789
v -0.999898 18.407795 -5.598234
v -0.999898 17.919855 -5.218789
v -0.999898 17.919855 -5.598234
v -2.463720 17.919855 -5.218789
v -2.463720 17.919855 -5.598234
v -2.463720 18.407795 -5.218789
v -2.463720 18.407795 -5.598234
v -2.116248 18.548265 -6.553312
v -2.116248 17.779385 -6.553312
v -1.347366 18.548265 -6.553312
v -1.347366 17.779385 -6.553312
v -1.106519 17.538536 -5.623581
v -1.106519 17.538536 -5.193441
v -2.357097 17.538536 -5.193441
v -2.357097 17.538536 -5.623581
v -2.357097 18.789116 -5.193441
v -2.357097 18.789116 -5.623581
v -1.106519 18.789116 -5.193441
v -1.106519 18.789116 -5.623581
v -1.852905 18.993521 -5.290908
v -1.852905 18.993521 -5.526115
v -1.610709 18.993521 -5.290908
v -1.610709 18.993521 -5.526115
v -1.610709 17.334131 -5.290908
v -1.610709 17.334131 -5.526115
v -1.852905 17.334131 -5.290908
v -1.852905 17.334131 -5.526115
v -0.902114 18.440390 -5.193441
v -0.902114 18.440390 -5.623581
v -0.902114 17.887260 -5.193441
v -0.902114 17.887260 -5.623581
v -2.561504 17.887260 -5.193441
v -2.561504 17.887260 -5.623581
v -2.561504 18.440390 -5.193441
v -2.561504 18.440390 -5.623581
v -2.008373 18.993521 -5.193441
v -2.008373 18.993521 -5.623581
v -1.455241 18.993521 -5.193441
v -1.455241 18.993521 -5.623581
v -1.455241 17.334131 -5.193441
v -1.455241 17.334131 -5.623581
v -2.008373 17.334131 -5.193441
v -2.008373 17.334131 -5.623581
v -1.610709 17.279501 -5.526115
v -1.610709 17.279501 -5.290908
v -1.852905 17.279501 -5.290908
v -1.852905 17.279501 -5.526115
v -1.852897 19.048153 -5.526114
v -1.852897 19.048153 -5.290906
v -1.610696 19.048153 -5.290908
v -1.610696 19.048153 -5.526115
v -1.610709 17.334131 -7.263019
v -1.852904 17.334131 -7.263019
v -1.610709 17.279501 -7.263019
v -1.852904 17.279501 -7.263019
v -0.323532 16.467892 -1.532548
v -0.323519 14.803487 -1.000185
v 0.163882 16.467705 -0.000000
v 0.000019 15.437921 -0.000000
v -0.992770 16.467890 -2.041781
v -0.992758 14.575503 -1.509417
v -1.753020 16.467890 -2.338044
v -1.753007 14.467891 -1.805681
v -2.458659 16.467890 -2.041781
v -2.320886 14.518783 -1.509417
v -2.974555 16.467890 -1.307210
v -2.690950 14.644196 -0.774847
v -3.253557 16.467890 -0.000000
v -2.951795 14.899826 0.000000
v -0.323532 17.783205 -1.648713
v 0.240922 17.783020 -0.000000
v -0.992770 17.783205 -2.157945
v -1.753020 17.213366 -2.454208
v -2.458659 17.783205 -2.157945
v -3.023165 17.783205 -1.423375
v -3.293209 17.783205 0.000000
v -0.613029 18.688118 -1.656151
v -0.357997 18.687935 -0.000000
v -0.932044 18.997877 -2.165383
v -1.739831 19.043142 -2.458882
v -2.504573 18.997877 -2.165383
v -2.741032 18.688116 -1.430812
v -2.999452 18.688114 0.000000
v -0.738024 19.054302 -0.470914
v -0.572819 18.976801 -0.000000
v -1.178408 19.238285 -0.831153
v -1.711361 19.238285 -0.839333
v -2.063696 19.238285 -0.647934
v -2.250630 19.238285 -0.435167
v -2.337008 19.238285 0.000000
v -1.739831 19.214857 -2.458882
v -0.932044 19.169594 -2.165383
v -2.504573 19.169592 -2.165383
v -1.711361 19.410002 -0.839333
v -1.178408 19.410002 -0.831153
v -2.063697 19.410002 -0.647934
v -1.740744 19.043142 -3.876154
v -0.881589 18.997877 -3.328970
v -2.554115 18.997877 -3.328970
v -0.881589 19.169594 -3.328970
v -1.740744 19.214857 -3.876154
v -2.554115 19.169594 -3.328970
v -0.932044 18.165787 -2.334000
v -2.504573 18.165787 -2.334000
v -1.740743 18.211048 -4.044770
v -0.881589 18.165787 -3.497587
v -2.554115 18.165787 -3.497587
v -0.738024 19.819328 -0.393590
v -0.572819 19.381977 -0.000000
v -1.178408 19.816799 -0.831153
v -2.063697 19.816757 -0.647934
v -2.250630 19.816799 -0.435167
v -2.337008 19.816799 0.000000
v -1.711361 19.988562 -0.839333
v -1.178408 19.988518 -0.831153
v -2.063697 19.988560 -0.647934
v -1.711361 19.816759 -0.839333
v -2.250630 19.988560 -0.435167
v -2.337008 19.988560 0.000000
v -0.878506 19.915556 -0.529531
v -0.323532 16.467892 1.532548
v -0.323519 14.803487 1.000185
v -0.992770 16.467892 2.041781
v -0.992758 14.575503 1.509417
v -1.753020 16.467890 2.338044
v -1.753007 14.467891 1.805681
v -2.458659 16.467890 2.041780
v -2.320886 14.518783 1.509417
v -2.974555 16.467890 1.307211
v -2.690950 14.644196 0.774847
v -0.323532 17.783207 1.648713
v -0.992770 17.783207 2.157945
v -1.753020 17.213367 2.454208
v -2.458659 17.783205 2.157945
v -3.023165 17.783205 1.423375
v -0.613029 18.688118 1.656150
v -0.932044 18.997879 2.165382
v -1.739831 19.043144 2.458881
v -2.504573 18.997879 2.165382
v -2.741032 18.688118 1.430812
v -0.738024 19.054302 0.470914
v -1.178408 19.238285 0.831153
v -1.711361 19.238285 0.839333
v -2.063696 19.238285 0.647934
v -2.250630 19.238285 0.435167
v -1.739832 19.214859 2.458881
v -0.932044 19.169594 2.165382
v -2.504573 19.169594 2.165382
v -1.711361 19.410002 0.839333
v -1.178408 19.410002 0.831153
v -2.063696 19.410002 0.647934
v -1.740744 19.043144 3.876154
v -0.881589 18.997879 3.328970
v -2.554115 18.997879 3.328970
v -0.881589 19.169594 3.328970
v -1.740744 19.214859 3.876154
v -2.554115 19.169594 3.328970
v -0.932044 18.165787 2.333999
v -2.504573 18.165787 2.333999
v -1.740743 18.211050 4.044771
v -0.881589 18.165787 3.497587
v -2.554115 18.165787 3.497587
v -0.738024 19.819330 0.393590
v -1.178408 19.816801 0.831153
v -2.063696 19.816759 0.647934
v -2.250630 19.816799 0.435167
v -1.711361 19.988562 0.839333
v -1.178408 19.988518 0.831153
v -2.063696 19.988562 0.647934
v -1.711361 19.816759 0.839333
v -2.250630 19.988560 0.435167
v -0.878506 19.915556 0.529531
v -2.324078 1.242569 -0.814478
v -2.540524 0.203586 -0.747663
v -2.324078 1.242569 -1.357561
v -2.540524 0.203586 -1.424206
v 0.067869 0.307508 -0.773938
v 0.302517 -0.027547 -0.660837
v 0.067869 0.307508 -1.510519
v 0.302517 -0.027547 -1.637596
v -2.431790 1.242569 -1.217251
v -2.431790 1.242569 -0.954175
v -2.712665 0.203586 -0.954175
v -2.712665 0.203586 -1.217251
v 0.459487 0.307508 -0.995146
v 0.459487 0.307508 -1.193534
v 0.694135 -0.027547 -1.217251
v 0.694135 -0.027547 -0.954175
v -2.523631 0.609319 -0.747663
v -2.523835 0.418247 -0.747663
v -2.523836 0.418247 -1.424206
v -2.523631 0.609319 -1.424206
v 0.302517 0.132824 -1.637596
v 0.212206 0.230235 -1.572230
v 0.302517 0.132824 -0.660837
v 0.212207 0.230235 -0.718386
v 0.694135 0.132824 -1.217251
v 0.603824 0.230235 -1.204781
v 0.694135 0.132824 -0.954175
v 0.603824 0.230235 -0.974811
v -2.712665 0.418247 -0.954175
v -2.642577 0.609319 -0.954175
v -2.712665 0.418247 -1.217251
v -2.642577 0.609319 -1.217251
v -1.613879 1.263965 -1.399011
v -1.779316 0.203586 -1.592229
v -1.613879 1.263965 -0.752509
v -1.771961 0.203586 -0.671321
v -1.779316 0.203586 -1.217251
v -1.779316 0.203586 -0.954175
v -1.560320 1.263965 -1.197868
v -1.560320 1.263965 -0.996725
v -1.638761 0.609319 -0.691100
v -1.631405 0.418247 -0.671321
v -1.638761 0.609319 -1.577450
v -1.638761 0.418247 -1.592229
v -2.162272 1.289796 -1.423712
v -2.062675 0.203586 -0.671320
v -2.319843 1.328492 -1.217251
v -2.261693 1.328492 -0.954175
v -2.070032 0.609319 -0.691100
v -2.062675 0.418247 -0.671320
v -2.070032 0.203586 -1.556535
v -2.099758 1.289796 -0.808295
v -2.070032 0.609319 -1.541757
v -2.070032 0.418247 -1.556535
v -0.368629 -0.027547 -1.722516
v -0.328643 0.417257 -0.689604
v -0.274243 -0.027547 -1.217251
v -0.274243 -0.027547 -0.954175
v -0.364553 0.319923 -1.646464
v -0.368629 0.132824 -1.722516
v -0.328643 0.417257 -1.574558
v -0.368629 -0.027547 -0.549005
v -0.184306 0.417257 -1.204781
v -0.184306 0.417257 -0.974811
v -0.364553 0.319923 -0.620626
v -0.368629 0.132824 -0.549005
v -2.666207 -0.027547 -1.231005
v -2.515881 -0.027547 -1.425564
v -2.070032 -0.027547 -0.691100
v -2.508278 -0.027547 -0.759454
v -2.680420 -0.027547 -0.967929
v -2.070032 -0.027547 -1.554186
v -1.779316 -0.027547 -1.577450
v -2.070032 -0.027547 -1.217251
v -1.779316 -0.027547 -1.217251
v -2.070032 -0.027547 -0.954175
v -1.779316 -0.027547 -0.954175
v -1.779316 -0.027547 -0.691100
v -2.324078 1.110609 0.778632
v -2.540524 0.203586 0.711817
v -2.324078 1.110609 1.321715
v -2.540524 0.203586 1.388360
v 0.067869 0.307508 0.738091
v 0.302517 -0.027547 0.624990
v 0.067869 0.307508 1.474672
v 0.302517 -0.027547 1.601749
v -2.431790 1.110609 1.181404
v -2.431790 1.110609 0.918329
v -2.712665 0.203586 0.918329
v -2.712665 0.203586 1.181404
v 0.459487 0.307508 0.959299
v 0.459487 0.307508 1.157687
v 0.694135 -0.027547 1.181404
v 0.694135 -0.027547 0.918329
v -2.523631 0.609319 0.711817
v -2.523835 0.418247 0.711817
v -2.523835 0.418247 1.388360
v -2.523630 0.609319 1.388360
v 0.302517 0.132824 1.601749
v 0.212206 0.230235 1.536384
v 0.302517 0.132824 0.624990
v 0.212206 0.230235 0.682539
v 0.694135 0.132824 1.181404
v 0.603824 0.230235 1.168934
v 0.694135 0.132824 0.918329
v 0.603824 0.230235 0.938964
v -2.712665 0.418247 0.918329
v -2.642577 0.609319 0.918329
v -2.712665 0.418247 1.181404
v -2.642577 0.609319 1.181404
v -1.613879 1.132004 1.363165
v -1.779316 0.203585 1.556382
v -1.613879 1.132004 0.716663
v -1.771960 0.203585 0.635474
v -1.779316 0.203585 1.181404
v -1.779316 0.203586 0.918329
v -1.560320 1.217706 1.162021
v -1.560320 1.217706 0.960878
v -1.638761 0.609319 0.655253
v -1.631405 0.418247 0.635474
v -1.638761 0.609319 1.541603
v -1.638761 0.418247 1.556382
v -2.162272 1.157835 1.387865
v -2.062675 0.203586 0.635474
v -2.070031 0.609319 0.655253
v -2.062675 0.418247 0.635474
v -2.070031 0.203585 1.520689
v -2.099758 1.157835 0.772448
v -2.070031 0.609319 1.505910
v -2.070031 0.418247 1.520689
v -0.368629 -0.027547 1.686669
v -0.328644 0.417257 0.653757
v -0.274243 -0.027547 1.181404
v -0.274243 -0.027547 0.918329
v -0.364554 0.319923 1.610617
v -0.368629 0.132824 1.686669
v -0.328644 0.417257 1.538711
v -0.368630 -0.027547 0.513158
v -0.184307 0.417257 1.168934
v -0.184307 0.417257 0.938964
v -0.364554 0.319923 0.584780
v -0.368630 0.132824 0.513158
v -2.666207 -0.027547 1.195158
v -2.515880 -0.027547 1.389718
v -2.070031 -0.027547 0.655253
v -2.508278 -0.027547 0.723607
v -2.680420 -0.027547 0.932083
v -2.070031 -0.027547 1.518339
v -1.779316 -0.027547 1.541603
v -2.070031 -0.027547 1.181404
v -1.779316 -0.027547 1.181404
v -2.070031 -0.027547 0.918329
v -1.779316 -0.027547 0.918329
v -1.779316 -0.027547 0.655253
v -2.398004 1.778936 0.995659
v -2.290291 1.778936 0.855962
v -2.128485 1.826162 1.465195
v -2.290291 1.778936 1.399045
v -2.398004 1.778936 1.258734
v -2.286057 1.864859 1.258734
v -2.227907 1.864859 0.995659
v -2.065972 1.826162 0.849778
v -1.580092 1.800331 0.793993
v -1.526533 1.886033 1.239352
v -1.526533 1.886033 1.038208
v -1.580092 1.800331 1.440495
v -2.085174 18.069765 -10.471324
v -2.117970 18.398031 -10.471324
v -2.270163 18.164558 -11.400015
v -2.297238 18.601444 -11.507362
v -1.165675 18.175098 -11.474278
v -1.458626 18.126341 -11.407221
v -1.770410 18.097418 -11.407221
v -2.077118 18.121996 -11.407221
v -2.057814 18.634058 -11.507362
v -1.781221 18.659071 -11.507362
v -1.504628 18.659071 -11.507323
v -1.228034 18.601444 -11.507323
v -1.990143 17.966944 -10.514465
v -1.757522 17.938042 -10.695629
v -1.465732 17.966944 -10.513101
v -1.376381 18.069765 -10.460484
v -1.382007 18.398138 -10.474072
v -1.531764 18.517178 -10.513101
v -1.757522 18.557903 -10.561023
v -2.032673 18.517178 -10.514465
v -2.291886 18.109680 -11.146600
v -2.242222 18.063364 -10.796762
v -2.247982 18.517124 -10.796762
v -2.326252 18.570227 -11.158761
v -1.244997 18.545307 -11.158761
v -1.299262 18.517124 -10.796762
v -1.489001 18.638107 -11.158761
v -1.516103 18.562393 -10.796762
v -1.763266 18.623728 -11.158761
v -1.757583 18.562252 -10.796762
v -2.075679 18.614384 -11.158761
v -2.048455 18.562393 -10.796762
v -2.054275 18.081444 -11.158761
v -2.048455 17.971336 -10.796762
v -1.760209 18.058571 -11.150222
v -1.757583 17.938042 -10.796762
v -1.456328 17.995306 -11.158761
v -1.516103 17.938042 -10.796762
v -1.195663 17.938042 -11.158761
v -1.249927 17.938042 -10.796762
v -0.988850 18.399103 -10.853893
v -1.214808 18.384565 -10.562414
v -0.998358 18.056030 -10.871062
v -1.257912 18.056030 -10.536243
v -0.941610 18.413639 -11.063318
v -0.944093 18.056030 -11.111626
v -2.118199 18.213493 -10.453414
v -2.419814 18.255768 -11.507362
v -1.376381 18.213493 -10.434765
v -1.465732 18.212078 -10.513101
v -1.757522 18.213493 -10.695629
v -2.044360 18.212078 -10.453778
v -2.102903 18.255768 -11.507362
v -1.782401 18.255768 -11.507323
v -1.461899 18.255768 -11.507323
v -1.141398 18.255768 -11.507323
v -1.195663 18.241674 -11.158761
v -2.311649 18.227583 -10.796762
v -2.365732 18.241674 -11.158761
v -1.195054 18.219234 -10.536243
v -0.935500 18.227583 -10.871062
v -0.881235 18.235933 -11.111626
v -1.369671 18.314884 -11.596516
v -1.233626 18.314884 -11.596516
v -1.233626 18.541817 -11.596480
v -1.369671 18.541817 -11.596516
v -1.690257 18.541790 -11.596506
v -1.554044 18.541790 -11.596506
v -1.690257 18.314859 -11.596506
v -1.554044 18.314859 -11.596506
v -2.328702 18.541790 -11.596506
v -2.194015 18.541790 -11.596506
v -2.328702 18.314859 -11.596506
v -2.194015 18.314859 -11.596506
v -1.874541 18.314856 -11.596477
v -2.010755 18.314856 -11.596506
v -1.874541 18.541786 -11.596516
v -2.010755 18.541786 -11.596516
v -1.369632 18.577560 -12.083321
v -1.369632 18.376417 -12.125280
v -1.233588 18.376417 -12.125281
v -1.233588 18.577560 -12.083289
v -1.690219 18.577534 -12.137152
v -1.554005 18.577534 -12.137152
v -1.690219 18.376387 -12.183756
v -1.554005 18.376387 -12.183756
v -2.328664 18.577534 -11.960305
v -2.193976 18.577534 -11.960305
v -2.328664 18.376387 -11.991785
v -2.193976 18.376387 -11.991785
v -1.874503 18.577532 -12.083320
v -1.874503 18.376385 -12.125262
v -2.010716 18.577532 -12.083321
v -2.010716 18.376385 -12.125280
v -1.369628 18.597839 -12.143776
v -1.369628 18.379074 -12.155454
v -1.233584 18.379074 -12.155454
v -1.233584 18.597839 -12.143742
v -1.690214 18.597813 -12.204291
v -1.554001 18.597813 -12.204291
v -1.690214 18.379045 -12.217263
v -1.554001 18.379045 -12.217263
v -2.328659 18.597813 -12.005653
v -2.193972 18.597813 -12.005653
v -2.328659 18.379045 -12.014416
v -2.193972 18.379045 -12.014416
v -1.874499 18.597811 -12.143776
v -1.874499 18.379042 -12.155418
v -2.010712 18.597811 -12.143776
v -2.010712 18.379044 -12.155455
v -1.369631 18.579346 -12.206284
v -1.369624 18.379847 -12.186986
v -1.233580 18.379847 -12.186988
v -1.233587 18.579346 -12.206250
v -1.690210 18.579315 -12.273713
v -1.553997 18.579315 -12.273713
v -1.690210 18.379820 -12.252287
v -1.553997 18.379820 -12.252287
v -2.328655 18.579315 -12.052544
v -2.193967 18.579315 -12.052544
v -2.328655 18.379820 -12.038071
v -2.193967 18.379820 -12.038071
v -1.874502 18.579315 -12.206284
v -1.874494 18.379816 -12.186968
v -2.010715 18.579315 -12.206285
v -2.010708 18.379816 -12.186986
v -1.374697 18.585646 -12.620226
v -1.374696 18.401438 -12.658821
v -1.238652 18.401438 -12.658821
v -1.238652 18.585644 -12.620192
v -1.693242 18.585619 -12.733663
v -1.557027 18.585619 -12.733663
v -1.695283 18.401411 -12.776304
v -1.559070 18.401411 -12.776304
v -2.330330 18.585619 -12.363306
v -2.197018 18.585619 -12.363203
v -2.333728 18.401411 -12.392006
v -2.199040 18.401411 -12.392006
v -1.879567 18.585615 -12.620226
v -1.879567 18.401409 -12.658803
v -2.015780 18.585615 -12.620226
v -2.015780 18.401409 -12.658822
v -1.374693 18.601490 -12.680148
v -1.374693 18.400951 -12.682455
v -1.238649 18.400951 -12.682455
v -1.238649 18.601490 -12.680114
v -1.693238 18.601463 -12.800214
v -1.557024 18.601463 -12.800214
v -1.695279 18.400923 -12.802546
v -1.559066 18.400923 -12.802546
v -2.330428 18.601463 -12.408249
v -2.197014 18.601463 -12.408154
v -2.333724 18.400923 -12.409730
v -2.199037 18.400923 -12.409730
v -1.879564 18.601458 -12.680150
v -1.879564 18.400921 -12.682416
v -2.015777 18.601460 -12.680150
v -2.015777 18.400919 -12.682455
v -1.374689 18.580919 -12.740508
v -1.374689 18.398975 -12.713283
v -1.238645 18.398975 -12.713283
v -1.238645 18.580921 -12.740475
v -1.693063 18.580891 -12.867270
v -1.557020 18.580891 -12.867251
v -1.695276 18.398951 -12.836790
v -1.559062 18.398951 -12.836790
v -2.330401 18.580891 -12.453527
v -2.196838 18.580891 -12.453445
v -2.333720 18.398951 -12.432858
v -2.199033 18.398951 -12.432858
v -1.879281 18.580889 -12.740539
v -1.879560 18.398947 -12.713264
v -2.015494 18.580889 -12.740539
v -2.015773 18.398947 -12.713284
v -1.371119 18.531492 -13.001833
v -1.370822 18.393652 -13.001863
v -1.234778 18.393652 -13.001863
v -1.235075 18.531492 -13.001798
v -1.690664 18.531475 -13.157363
v -1.554641 18.531475 -13.157341
v -1.691409 18.393637 -13.157281
v -1.555195 18.393637 -13.157281
v -2.329109 18.531475 -12.713241
v -2.194422 18.531475 -12.713241
v -2.329854 18.393637 -12.713190
v -2.195166 18.393637 -12.713190
v -1.875109 18.531471 -13.001921
v -1.875693 18.393635 -13.001824
v -2.011322 18.531471 -13.001921
v -2.011906 18.393631 -13.001863
v -0.974205 18.241674 -11.444842
v -0.974205 18.424728 -11.444842
v -0.846679 18.235933 -11.397708
v -0.846679 18.415836 -11.397708
v -0.846679 18.056030 -11.397708
v -0.974205 18.058624 -11.444842
v -0.912870 18.241674 -11.821517
v -0.944338 18.380074 -11.823125
v -0.808702 18.235933 -11.779920
v -0.808702 18.373320 -11.779920
v -0.808702 18.100000 -11.779920
v -0.944338 18.101971 -11.821394
v -0.908793 18.241674 -11.848875
v -0.940261 18.380074 -11.851461
v -0.804625 18.235933 -11.839121
v -0.804625 18.373320 -11.839121
v -0.804625 18.100000 -11.839121
v -0.940261 18.101971 -11.848462
v -0.904019 18.241674 -11.886837
v -0.935487 18.380074 -11.890574
v -0.799851 18.235933 -11.908454
v -0.799851 18.373320 -11.908454
v -0.799851 18.100000 -11.908454
v -0.935487 18.101971 -11.885679
v -0.946540 18.259642 -12.233120
v -0.946540 18.385386 -12.227814
v -0.822436 18.236383 -12.237533
v -0.822436 18.361887 -12.237184
v -0.822436 18.111805 -12.237533
v -0.946540 18.125204 -12.241570
v -2.085174 18.069767 10.471324
v -2.117969 18.398033 10.471324
v -2.270163 18.164557 11.400016
v -2.297238 18.601442 11.507364
v -1.165674 18.175097 11.474280
v -1.458626 18.126339 11.407222
v -1.770409 18.097416 11.407222
v -2.077117 18.121994 11.407222
v -2.057814 18.634056 11.507364
v -1.781221 18.659069 11.507364
v -1.504627 18.659069 11.507325
v -1.228034 18.601442 11.507325
v -1.990142 17.966946 10.514465
v -1.757522 17.938042 10.695630
v -1.465732 17.966946 10.513101
v -1.376380 18.069767 10.460484
v -1.382007 18.398138 10.474072
v -1.531763 18.517178 10.513101
v -1.757522 18.557903 10.561024
v -2.032672 18.517178 10.514466
v -2.291886 18.109680 11.146601
v -2.242221 18.063364 10.796763
v -2.247981 18.517124 10.796762
v -2.326252 18.570227 11.158761
v -1.244996 18.545307 11.158761
v -1.299261 18.517124 10.796763
v -1.489001 18.638107 11.158761
v -1.516103 18.562393 10.796763
v -1.763266 18.623728 11.158761
v -1.757583 18.562252 10.796763
v -2.075679 18.614384 11.158761
v -2.048455 18.562393 10.796763
v -2.054275 18.081444 11.158761
v -2.048455 17.971336 10.796763
v -1.760209 18.058571 11.150223
v -1.757583 17.938042 10.796763
v -1.456328 17.995306 11.158761
v -1.516103 17.938042 10.796763
v -1.195662 17.938042 11.158761
v -1.249927 17.938042 10.796763
v -0.988850 18.399103 10.853894
v -1.214807 18.384565 10.562415
v -0.998357 18.056030 10.871063
v -1.257911 18.056030 10.536243
v -0.941609 18.413639 11.063318
v -0.944092 18.056030 11.111627
v -2.118199 18.213495 10.453414
v -2.419813 18.255766 11.507364
v -1.376380 18.213495 10.434765
v -1.465732 18.212080 10.513101
v -1.757522 18.213493 10.695630
v -2.044359 18.212080 10.453778
v -2.102902 18.255766 11.507364
v -1.782401 18.255766 11.507325
v -1.461899 18.255766 11.507325
v -1.141397 18.255766 11.507325
v -1.195662 18.241673 11.158762
v -2.311649 18.227583 10.796763
v -2.365731 18.241674 11.158761
v -1.195054 18.219234 10.536243
v -0.935499 18.227583 10.871063
v -0.881235 18.235933 11.111627
v -1.369670 18.314882 11.596517
v -1.233626 18.314882 11.596517
v -1.233626 18.541815 11.596482
v -1.369670 18.541815 11.596517
v -1.690256 18.541788 11.596508
v -1.554043 18.541788 11.596508
v -1.690256 18.314857 11.596508
v -1.554043 18.314857 11.596508
v -2.328701 18.541788 11.596508
v -2.194014 18.541788 11.596508
v -2.328701 18.314857 11.596508
v -2.194014 18.314857 11.596508
v -1.874541 18.314854 11.596478
v -2.010754 18.314854 11.596508
v -1.874541 18.541784 11.596518
v -2.010754 18.541784 11.596518
v -1.369632 18.577559 12.083323
v -1.369632 18.376415 12.125281
v -1.233588 18.376415 12.125282
v -1.233588 18.577559 12.083290
v -1.690218 18.577532 12.137154
v -1.554005 18.577532 12.137154
v -1.690218 18.376385 12.183758
v -1.554005 18.376385 12.183758
v -2.328663 18.577532 11.960307
v -2.193976 18.577532 11.960307
v -2.328663 18.376385 11.991786
v -2.193976 18.376385 11.991786
v -1.874503 18.577530 12.083321
v -1.874503 18.376383 12.125263
v -2.010716 18.577530 12.083323
v -2.010716 18.376383 12.125281
v -1.369628 18.597837 12.143777
v -1.369628 18.379072 12.155455
v -1.233584 18.379072 12.155455
v -1.233584 18.597837 12.143744
v -1.690214 18.597811 12.204293
v -1.554001 18.597811 12.204293
v -1.690214 18.379044 12.217264
v -1.554001 18.379044 12.217264
v -2.328659 18.597811 12.005655
v -2.193971 18.597811 12.005655
v -2.328659 18.379044 12.014418
v -2.193971 18.379044 12.014418
v -1.874498 18.597809 12.143777
v -1.874498 18.379040 12.155420
v -2.010711 18.597809 12.143777
v -2.010711 18.379042 12.155457
v -1.369631 18.579344 12.206285
v -1.369623 18.379845 12.186988
v -1.233579 18.379845 12.186989
v -1.233586 18.579344 12.206251
v -1.690210 18.579313 12.273715
v -1.553996 18.579313 12.273715
v -1.690210 18.379818 12.252289
v -1.553996 18.379818 12.252289
v -2.328654 18.579313 12.052546
v -2.193967 18.579313 12.052546
v -2.328654 18.379818 12.038072
v -2.193967 18.379818 12.038072
v -1.874501 18.579313 12.206285
v -1.874494 18.379814 12.186970
v -2.010714 18.579313 12.206286
v -2.010707 18.379814 12.186988
v -1.374696 18.585644 12.620228
v -1.374696 18.401436 12.658822
v -1.238652 18.401436 12.658822
v -1.238652 18.585642 12.620193
v -1.693242 18.585617 12.733664
v -1.557027 18.585617 12.733664
v -1.695282 18.401409 12.776306
v -1.559069 18.401409 12.776306
v -2.330329 18.585617 12.363308
v -2.197017 18.585617 12.363204
v -2.333727 18.401409 12.392007
v -2.199040 18.401409 12.392007
v -1.879567 18.585613 12.620228
v -1.879567 18.401407 12.658804
v -2.015780 18.585613 12.620228
v -2.015780 18.401407 12.658824
v -1.374693 18.601488 12.680150
v -1.374693 18.400949 12.682456
v -1.238649 18.400949 12.682456
v -1.238649 18.601488 12.680115
v -1.693238 18.601461 12.800215
v -1.557023 18.601461 12.800215
v -1.695279 18.400921 12.802547
v -1.559066 18.400921 12.802547
v -2.330427 18.601461 12.408251
v -2.197014 18.601461 12.408155
v -2.333724 18.400921 12.409732
v -2.199037 18.400921 12.409732
v -1.879563 18.601456 12.680151
v -1.879563 18.400919 12.682417
v -2.015776 18.601458 12.680151
v -2.015776 18.400917 12.682456
v -1.374689 18.580917 12.740509
v -1.374689 18.398973 12.713284
v -1.238645 18.398973 12.713284
v -1.238645 18.580919 12.740476
v -1.693063 18.580889 12.867270
v -1.557019 18.580889 12.867252
v -1.695275 18.398949 12.836791
v -1.559062 18.398949 12.836791
v -2.330401 18.580889 12.453529
v -2.196838 18.580889 12.453446
v -2.333719 18.398949 12.432859
v -2.199032 18.398949 12.432859
v -1.879280 18.580887 12.740541
v -1.879560 18.398945 12.713265
v -2.015493 18.580887 12.740541
v -2.015772 18.398945 12.713285
v -1.371118 18.531490 13.001834
v -1.370822 18.393650 13.001863
v -1.234778 18.393650 13.001863
v -1.235074 18.531490 13.001800
v -1.690664 18.531473 13.157365
v -1.554641 18.531473 13.157342
v -1.691408 18.393635 13.157282
v -1.555195 18.393635 13.157282
v -2.329108 18.531473 12.713242
v -2.194421 18.531473 12.713242
v -2.329853 18.393635 12.713191
v -2.195166 18.393635 12.713191
v -1.875108 18.531469 13.001923
v -1.875693 18.393633 13.001825
v -2.011321 18.531469 13.001923
v -2.011905 18.393629 13.001865
v -0.974205 18.241673 11.444844
v -0.974205 18.424728 11.444843
v -0.846679 18.235933 11.397709
v -0.846679 18.415836 11.397709
v -0.846679 18.056030 11.397709
v -0.974205 18.058622 11.444844
v -0.912870 18.241673 11.821518
v -0.944338 18.380072 11.823127
v -0.808701 18.235931 11.779922
v -0.808701 18.373318 11.779922
v -0.808701 18.099998 11.779922
v -0.944338 18.101969 11.821396
v -0.908793 18.241673 11.848877
v -0.940261 18.380072 11.851462
v -0.804625 18.235931 11.839123
v -0.804625 18.373318 11.839123
v -0.804625 18.099998 11.839123
v -0.940261 18.101969 11.848463
v -0.904018 18.241673 11.886839
v -0.935486 18.380072 11.890575
v -0.799850 18.235931 11.908455
v -0.799850 18.373318 11.908455
v -0.799850 18.099998 11.908455
v -0.935486 18.101969 11.885680
v -0.946540 18.259640 12.233121
v -0.946540 18.385384 12.227815
v -0.822435 18.236382 12.237535
v -0.822435 18.361885 12.237185
v -0.822435 18.111803 12.237535
v -0.946540 18.125202 12.241571
v -2.242849 17.723669 2.617300
v -1.224357 17.723665 2.792367
v -1.226308 17.723669 2.617300
v -1.226308 18.740242 2.617300
v -2.242849 18.740242 2.617300
v -1.509771 18.906399 2.617300
v -1.959388 18.906399 2.617300
v -1.959388 17.557514 2.617300
v -1.509771 17.557514 2.617300
v -2.409001 18.456770 2.617300
v -2.409001 18.007141 2.617300
v -1.060154 18.007141 2.617300
v -1.060154 18.456770 2.617300
v -2.310928 17.655764 2.617300
v -2.307990 17.655764 3.029409
v -1.155637 17.655764 3.029409
v -1.158575 17.655764 2.618800
v -1.155637 18.808149 3.029409
v -1.158576 18.808149 2.618800
v -2.307989 18.808149 3.029409
v -2.310928 18.808149 2.617300
v -1.622501 18.996506 2.693753
v -1.845673 18.996506 2.695528
v -1.844468 17.467411 2.927214
v -1.845673 17.467409 2.695528
v -1.620894 17.467409 2.926143
v -1.622501 17.467409 2.693753
v -2.496339 18.486805 3.029409
v -2.499279 18.486805 2.617300
v -2.496339 17.977106 3.029409
v -2.499279 17.977106 2.617300
v -0.967285 17.977106 3.029409
v -0.970224 17.977106 2.617303
v -0.967285 18.486805 3.029409
v -0.970224 18.486805 2.617300
v -1.476971 18.996506 3.029409
v -1.479910 18.996506 2.621350
v -1.986657 18.996506 3.029409
v -1.989596 18.996506 2.617300
v -1.986657 17.467409 3.029409
v -1.989596 17.467409 2.617300
v -1.476971 17.467409 3.029409
v -1.479910 17.467409 2.621355
v -1.845673 17.417068 2.695528
v -1.620894 17.417068 2.926143
v -1.622501 17.417068 2.693753
v -1.622508 19.046848 2.693755
v -1.845686 19.046848 2.695528
v -1.224958 17.737457 9.243608
v -2.228873 17.737457 9.243608
v -1.224958 18.741379 9.243608
v -2.228873 18.741379 9.243608
v -1.849459 17.573372 7.344172
v -1.628254 17.573372 7.344172
v -1.628254 17.573370 7.177556
v -1.849459 17.573370 7.177556
v -1.628254 18.905462 7.344172
v -1.848658 18.905462 7.344172
v -1.848658 18.905462 7.180324
v -1.628254 18.905462 7.180324
v -2.392963 18.461435 9.243608
v -2.392963 18.017405 9.243608
v -1.060870 18.017405 9.243608
v -1.060870 18.461435 9.243608
v -2.363218 18.836796 9.359099
v -1.194119 18.836796 9.359099
v -2.363217 17.667694 9.359099
v -1.194119 17.667694 9.359099
v -2.037214 17.476610 9.359099
v -1.520120 17.476610 9.359099
v -1.520120 19.027885 9.359099
v -2.037215 19.027885 9.359099
v -2.554308 18.510792 9.359099
v -2.554308 17.993702 9.359099
v -1.003032 17.993702 9.359099
v -1.003032 18.510792 9.359099
v -2.310593 18.782278 10.119913
v -1.250535 18.782276 10.119757
v -2.310593 17.722214 10.119913
v -1.250535 17.722216 10.119757
v -2.015049 17.555437 10.120086
v -1.546077 17.555439 10.120015
v -1.546077 18.949059 10.120015
v -2.015049 18.949059 10.120086
v -2.477378 18.486732 10.120193
v -2.477378 18.017765 10.120193
v -1.083757 18.017767 10.119929
v -1.083757 18.486731 10.119929
v -1.922720 18.323652 10.061467
v -1.854115 18.036083 10.061433
v -1.752368 17.947506 10.061501
v -1.745344 18.365246 10.061446
v -1.854116 18.365246 10.061433
v -1.964316 18.255051 10.061409
v -1.964316 18.146280 10.061409
v -1.635149 18.255051 10.061464
v -1.998683 18.397509 10.783870
v -1.604986 18.397509 10.783870
v -1.998683 18.003813 10.783870
v -1.604986 18.003813 10.783870
v -1.888901 17.939463 10.783870
v -1.714768 17.939463 10.783870
v -1.714768 18.461859 10.783870
v -1.888901 18.461859 10.783870
v -2.063034 18.287729 10.783870
v -2.063034 18.113598 10.783870
v -1.540636 18.113598 10.783870
v -1.540636 18.287729 10.783870
v -1.714770 18.287729 10.916268
v -1.888901 18.287729 10.916268
v -1.714770 18.113596 10.916269
v -1.888901 18.113598 10.916268
v -1.714768 18.461859 10.459922
v -1.714768 17.939465 10.459922
v -1.540636 18.287729 10.459922
v -2.063034 18.287729 10.459922
v -1.888901 17.939465 10.459922
v -1.888901 18.461859 10.459922
v -1.604986 18.003813 10.459922
v -1.540636 18.113600 10.459922
v -1.604986 18.397511 10.459922
v -2.063034 18.113600 10.459922
v -1.998683 18.397511 10.459922
v -1.998683 18.003813 10.459922
v -1.927040 18.325869 10.328655
v -1.857213 18.366796 10.328655
v -1.746459 18.366796 10.328655
v -1.676633 18.325869 10.328655
v -1.635705 18.256041 10.328655
v -1.635705 18.145290 10.328655
v -1.676633 18.075462 10.328655
v -1.746459 18.034534 10.328655
v -1.857212 18.034534 10.328655
v -1.927040 18.075462 10.328655
v -1.967970 18.145290 10.328655
v -1.967970 18.256041 10.328655
v -1.003031 17.993704 10.118185
v -1.003031 18.510792 10.118185
v -1.194118 17.667696 10.118185
v -2.554307 18.510792 10.118185
v -2.554307 17.993704 10.118185
v -2.363217 18.836796 10.118185
v -1.520120 19.027885 10.118185
v -2.037215 19.027885 10.118185
v -1.194119 18.836796 10.118185
v -2.037214 17.476610 10.118185
v -1.520120 17.476612 10.118185
v -2.363217 17.667696 10.118185
v -1.635149 18.146278 10.061464
v -1.690410 17.874521 10.061501
v -1.676742 18.323654 10.061501
v -1.919960 17.874521 10.061501
v -1.690410 17.801420 10.061501
v -1.752368 17.728420 10.061501
v -1.083615 18.017767 10.025256
v -1.250393 18.782276 10.025083
v -1.083615 18.486731 10.025256
v -1.545934 18.949059 10.025343
v -2.477235 18.017765 10.025517
v -2.477235 18.486732 10.025517
v -2.310451 18.782278 10.025238
v -2.014907 18.949059 10.025409
v -2.014907 17.555437 10.025409
v -1.918780 17.801420 10.061501
v -1.504898 18.905466 9.243608
v -1.948931 18.905466 9.243608
v -1.948931 17.573374 9.243608
v -1.504899 17.573374 9.243608
v -1.848658 19.017168 7.344172
v -1.848658 19.017168 7.180324
v -1.628254 19.017153 7.180322
v -1.628254 19.017168 7.344172
v -1.628254 17.454630 7.344172
v -1.628254 17.454618 7.177554
v -1.848654 17.454630 7.177554
v -1.849459 17.454632 7.344172
v -1.848662 18.967390 7.180324
v -1.848658 18.967390 7.344172
v -1.628262 18.967390 7.180324
v -1.627903 18.967390 7.344172
v -1.628254 17.504333 7.177554
v -1.628254 17.504021 7.344172
v -1.848658 17.504333 7.177556
v -1.848658 17.504021 7.344172
v -1.224998 17.723675 5.660147
v -1.224998 17.723675 5.155541
v -2.241566 17.723675 5.291675
v -2.241567 17.723675 5.764969
v -2.241566 18.740248 5.291675
v -2.241566 18.740248 5.764969
v -1.224998 18.740248 5.392583
v -1.224998 18.740248 5.660147
v -1.958096 18.906404 5.392583
v -1.841168 18.906256 5.972535
v -1.508466 18.906404 5.392583
v -1.628127 18.906256 5.972535
v -1.508466 17.557520 5.155541
v -1.633996 17.558735 5.841151
v -1.958096 17.557520 5.392583
v -1.849328 17.558735 5.841151
v -1.058841 18.456776 5.392583
v -1.058841 18.456776 5.660147
v -1.058841 18.007147 5.392583
v -1.058841 18.007147 5.660147
v -2.407725 18.007147 5.071683
v -2.407725 18.007149 5.984962
v -2.407725 18.456776 5.071683
v -2.407725 18.456776 5.984962
v -1.844874 18.996508 5.412124
v -1.844874 18.996508 5.644520
v -1.621696 18.996508 5.412124
v -1.621696 18.996508 5.644520
v -1.844867 19.046850 5.644518
v -1.844867 19.046850 5.412122
v -1.621683 19.046850 5.412124
v -1.621683 19.046850 5.644520
v -2.240912 17.723665 3.029409
v -2.240912 18.740238 3.029409
v -1.224357 18.740238 3.029409
v -1.957446 18.906393 3.029409
v -1.507823 18.906393 3.029409
v -1.507823 17.557508 2.792367
v -1.957446 17.557508 3.029409
v -1.058202 18.456764 3.029409
v -1.058202 18.007139 3.029409
v -2.407068 18.007139 3.029409
v -2.407068 18.456764 3.029409
v -1.844465 18.996494 2.927442
v -1.621290 18.996494 2.926555
v -1.621287 19.046835 2.926555
v -1.844468 19.046835 2.927441
v -1.844468 17.417070 2.927214
v -1.224958 17.737457 7.712816
v -1.224958 17.737457 7.345961
v -1.224958 18.741377 7.345961
v -1.224958 18.741379 7.712816
v -1.504898 18.905462 7.345962
v -1.504898 18.905466 7.712816
v -1.504898 17.573372 7.345961
v -1.504898 17.573374 7.712816
v -1.060869 18.461433 7.345962
v -1.060869 18.461435 7.712817
v -1.060869 18.017403 7.345961
v -1.060869 18.017405 7.712816
v -2.228873 17.737457 7.345962
v -2.228873 17.737457 7.712817
v -2.228873 18.741377 7.345962
v -2.228873 18.741379 7.712817
v -1.948931 18.905464 7.345963
v -1.948931 18.905466 7.712817
v -1.948931 17.573372 7.345962
v -1.948931 17.573374 7.712817
v -2.392963 18.017403 7.345962
v -2.392963 18.017405 7.712817
v -2.392963 18.461433 7.345962
v -2.392963 18.461435 7.712817
v -0.998937 18.478245 7.712817
v -0.998937 18.000591 7.712816
v -0.998936 18.478245 7.345962
v -0.998936 18.000589 7.345961
v -1.179580 18.786755 7.712816
v -1.179580 18.786755 7.345961
v -1.179580 17.692083 7.712816
v -1.488085 17.511442 7.712816
v -1.179580 17.692081 7.345961
v -1.488085 17.511440 7.345961
v -1.488085 18.967396 7.712816
v -1.488085 18.967396 7.345962
v -2.454896 18.000591 7.712817
v -2.454896 18.478245 7.712817
v -2.454895 18.000589 7.345962
v -2.454895 18.478245 7.345962
v -2.274251 17.692080 7.712817
v -2.274251 17.692080 7.345962
v -2.274251 18.786757 7.712817
v -1.965744 18.967396 7.712817
v -2.274251 18.786757 7.345962
v -1.965744 18.967396 7.345963
v -1.965744 17.511442 7.712817
v -1.965744 17.511440 7.345962
v -2.230198 18.741257 7.180183
v -2.394505 18.016333 7.180183
v -2.394505 18.460945 7.180183
v -1.949888 18.905560 7.180183
v -1.505271 18.905560 7.180182
v -1.224962 18.741257 7.180182
v -1.060658 18.460945 7.180183
v -1.060658 18.016333 7.180182
v -1.224962 17.736019 7.180182
v -2.230198 17.736019 7.180183
v -1.958096 18.906404 5.660147
v -1.508466 18.906404 5.660147
v -1.508467 17.557520 5.660147
v -1.958096 17.557520 5.660147
v -1.505271 17.571716 7.180182
v -1.949888 17.571716 7.180183
v -1.848162 17.947517 10.061501
v -1.745344 18.036083 10.061446
v -1.848162 17.728420 10.061501
v -1.545934 17.555439 10.025343
v -2.310451 17.722214 10.025238
v -1.250393 17.722216 10.025083
v -1.922720 18.077677 10.061467
v -1.676742 18.077677 10.061501
v -1.752369 17.947502 11.437732
v -1.690411 17.874517 11.437732
v -1.919960 17.874517 11.437732
v -1.690411 17.801416 11.437732
v -1.752369 17.728416 11.437732
v -1.918781 17.801416 11.437732
v -1.848163 17.947512 11.437732
v -1.848163 17.728416 11.437732
v -1.582504 19.046850 5.528322
v -1.884040 19.046850 5.528320
v -1.582523 18.996508 5.528322
v -1.884050 18.996508 5.528322
v -1.621686 17.475466 5.412124
v -1.621686 17.475466 5.644519
v -1.844864 17.475466 5.443438
v -1.844864 17.475466 5.644519
v -1.621693 17.425123 5.644518
v -1.621693 17.425123 5.412122
v -1.844877 17.425123 5.412124
v -1.844877 17.425123 5.644519
v -1.884053 17.425123 5.528322
v -1.582519 17.425123 5.528320
v -1.884037 17.475466 5.528322
v -1.582510 17.475466 5.528322
v -1.224998 17.723675 5.528322
v -1.058841 18.007147 5.528322
v -1.224998 18.740248 5.528322
v -1.058841 18.456776 5.528322
v -1.508467 17.557520 5.528322
v -1.958096 17.557520 5.528322
v -2.241566 17.723675 5.528322
v -2.241566 18.740248 5.528322
v -1.958096 18.906404 5.528322
v -2.407725 18.456776 5.528323
v -1.508466 18.906404 5.528322
v -2.407725 18.007147 5.528323
v -2.504741 18.028418 5.850062
v -2.504741 18.437885 5.850062
v -2.743700 18.028421 3.213418
v -2.743700 18.437889 3.213418
v -1.994816 18.009079 5.850062
v -1.994816 18.457228 5.850061
v -1.994816 18.009081 3.213418
v -1.994816 18.457230 3.213418
v -2.743700 18.028421 3.740747
v -2.743700 18.028421 4.268075
v -2.378612 18.028418 5.420612
v -2.504741 18.028418 5.601690
v -2.504741 18.437885 5.601690
v -2.378611 18.437885 5.420612
v -2.743700 18.437889 4.268075
v -2.743700 18.437889 3.740747
v -1.994816 18.009079 5.601690
v -1.994816 18.009079 5.446044
v -1.994816 18.009081 4.268075
v -1.994816 18.009081 3.740747
v -1.994816 18.457230 3.740747
v -1.994816 18.457230 4.268075
v -1.994816 18.457228 5.446044
v -1.994816 18.457228 5.601690
v -2.378611 18.028418 5.352184
v -2.378611 18.437885 5.352183
v -1.994816 18.009079 5.376105
v -1.994816 18.457228 5.376106
v -2.412330 18.028418 6.010710
v -2.412330 18.437885 6.010710
v -1.994817 18.457228 6.010710
v -1.994817 18.009079 6.010710
v -3.287929 17.998634 -1.935496
v -3.287929 13.706775 -1.935496
v -3.287929 17.998634 -0.000000
v -3.287929 13.706775 -0.000000
v -4.987501 13.706775 -0.000000
v -4.987501 13.706775 -1.935496
v -4.987501 17.998634 -1.935496
v -4.987501 17.998634 -0.000000
v -3.287929 14.200425 -1.935496
v -3.287929 14.200426 -0.000000
v -4.987501 14.200426 -1.935496
v -4.987501 14.200426 -0.000000
v -3.287929 14.459666 -1.935496
v -3.287929 14.459666 -0.000000
v -4.987501 14.459666 -1.935496
v -4.987501 14.459666 -0.000000
v -4.137714 17.998634 -0.000000
v -4.137714 17.998634 -1.935496
v -4.137714 13.706775 -1.935496
v -4.137714 13.706775 -0.000000
v -4.137715 14.200426 -1.935496
v -4.137715 14.459666 -1.935496
v -3.287929 14.200426 -1.987360
v -3.287929 14.459666 -1.987360
v -4.137715 14.200426 -1.987360
v -4.137715 14.459666 -1.987360
v -1.510500 14.178632 -1.744824
v -1.510500 14.437873 -1.744824
v -1.510500 14.178632 -1.796688
v -1.510500 14.437873 -1.796688
v -0.607866 14.178632 -1.390011
v -0.607866 14.437873 -1.390011
v -0.591967 14.178632 -1.439378
v -0.591967 14.437873 -1.439378
v -0.236352 14.178632 -0.992870
v -0.236352 14.437873 -0.992870
v -0.201456 14.178632 -1.031238
v -0.201456 14.437873 -1.031238
v -0.106896 14.178632 -0.477512
v -0.106896 14.437873 -0.477512
v -0.055032 14.178632 -0.477512
v -0.055032 14.437873 -0.477512
v -0.106896 14.178632 -0.000000
v -0.106896 14.437873 -0.000000
v -0.055032 14.178632 -0.000000
v -0.055032 14.437873 -0.000000
v -3.287929 13.706775 -1.587407
v -3.287929 17.998634 -1.587407
v -4.987501 13.706775 -1.587407
v -4.987501 17.998634 -1.587407
v -4.987501 14.200426 -1.587407
v -3.287929 14.200426 -1.587407
v -3.287929 14.459666 -1.587407
v -4.987501 14.459666 -1.587407
v -4.137714 13.706775 -1.587407
v -4.137714 17.998634 -1.587407
v -3.512608 17.998634 -1.935496
v -3.512608 13.706775 -0.000000
v -3.512608 17.998634 -0.000000
v -3.512608 13.706775 -1.935496
v -3.512608 14.200426 -1.935496
v -3.512608 14.459666 -1.935496
v -3.512608 14.200426 -1.987360
v -3.512608 14.459666 -1.987360
v -3.512608 17.998634 -1.587407
v -3.512608 13.706775 -1.587407
v -4.562608 17.998634 -0.000000
v -4.562608 13.706775 -1.935496
v -4.562608 14.200426 -1.935496
v -4.562608 14.459666 -1.935496
v -4.562608 17.998634 -1.935496
v -4.562608 13.706775 -0.000000
v -4.562608 13.706775 -1.587407
v -4.562608 17.998634 -1.587407
v -3.512608 18.817211 -0.000000
v -4.137714 18.817211 -0.000000
v -4.137714 18.817211 -1.587407
v -3.512608 18.817211 -1.587407
v -4.562608 18.817211 -0.000000
v -4.562608 18.817211 -1.587407
v -3.287929 17.998634 1.935496
v -3.287929 13.706774 1.935496
v -4.987501 13.706774 1.935496
v -4.987501 17.998634 1.935496
v -3.287929 14.200425 1.935496
v -4.987501 14.200426 1.935496
v -3.287929 14.459666 1.935496
v -4.987501 14.459666 1.935496
v -4.137714 17.998634 1.935496
v -4.137715 13.706774 1.935496
v -4.137715 14.200426 1.935496
v -4.137715 14.459666 1.935496
v -3.287929 14.200425 1.987360
v -3.287929 14.459666 1.987360
v -4.137715 14.200426 1.987360
v -4.137715 14.459666 1.987360
v -1.510499 14.178632 1.744824
v -1.510499 14.437873 1.744824
v -1.510499 14.178632 1.796688
v -1.510499 14.437873 1.796688
v -0.607866 14.178632 1.390011
v -0.607866 14.437873 1.390011
v -0.591967 14.178632 1.439378
v -0.591967 14.437873 1.439378
v -0.236352 14.178632 0.992870
v -0.236352 14.437873 0.992870
v -0.201456 14.178632 1.031238
v -0.201456 14.437873 1.031238
v -0.106897 14.178632 0.477512
v -0.106897 14.437873 0.477512
v -0.055032 14.178632 0.477512
v -0.055032 14.437873 0.477512
v -3.287929 13.706775 1.587407
v -3.287929 17.998634 1.587407
v -4.987501 13.706775 1.587407
v -4.987501 17.998634 1.587407
v -4.987501 14.200426 1.587407
v -3.287929 14.200426 1.587407
v -3.287929 14.459666 1.587407
v -4.987501 14.459666 1.587407
v -4.137715 13.706775 1.587407
v -4.137714 17.998634 1.587407
v -3.512608 17.998634 1.935496
v -3.512608 13.706774 1.935496
v -3.512608 14.200426 1.935496
v -3.512608 14.459666 1.935496
v -3.512608 14.200426 1.987360
v -3.512608 14.459666 1.987360
v -3.512608 17.998634 1.587407
v -3.512608 13.706775 1.587407
v -4.562608 13.706774 1.935496
v -4.562608 14.200426 1.935496
v -4.562608 14.459666 1.935496
v -4.562608 17.998634 1.935496
v -4.562608 13.706775 1.587407
v -4.562608 17.998634 1.587407
v -4.137714 18.817211 1.587407
v -3.512608 18.817211 1.587407
v -4.562608 18.817211 1.587407
v -4.845292 20.146654 2.658617
v -4.845292 20.146654 -2.658603
v -4.845292 18.617983 2.658617
v -4.845292 18.617983 -2.658603
v -3.316622 20.146654 2.658616
v -3.316622 20.146654 -2.658603
v -3.316622 18.617983 2.658616
v -3.316622 18.617983 -2.658603
v -4.080957 18.358398 2.658596
v -4.080957 18.358398 -2.658623
v -4.080957 20.406239 2.658596
v -4.080957 20.406239 -2.658613
v -5.104876 19.041010 2.658596
v -5.104876 19.723625 2.658596
v -5.104876 19.723625 -2.658623
v -5.104876 19.041010 -2.658623
v -3.057038 19.723625 2.658616
v -3.057038 19.041010 2.658596
v -3.057038 19.041010 -2.658623
v -3.057038 19.723625 -2.658623
v -4.080957 19.021477 -3.027721
v -4.080957 19.743158 -3.027721
v -4.080956 19.021477 3.027694
v -4.080956 19.743158 3.027694
v -4.889038 20.190399 2.170313
v -4.889038 20.190399 -2.170265
v -4.889038 18.574238 -2.170264
v -4.889038 18.574238 2.170313
v -3.272877 18.574238 -2.170265
v -3.272877 18.574238 2.170313
v -3.272877 20.190399 -2.170265
v -3.272877 20.190399 2.170313
v -4.080957 20.464840 -2.170298
v -4.080957 20.464840 2.170272
v -4.080957 18.299797 -2.170315
v -4.080957 18.299797 2.170263
v -2.998437 19.021477 -2.170315
v -2.998436 19.021477 2.170263
v -2.998437 19.743158 -2.170298
v -2.998436 19.743158 2.170296
v -5.163478 19.743158 -2.170315
v -5.163478 19.743158 2.170263
v -5.163478 19.021477 -2.170315
v -5.163478 19.021477 2.170263
v -4.289997 18.971668 3.857093
v -4.289997 18.971668 3.439011
v -3.871916 18.971668 3.439011
v -3.871916 18.971668 3.857093
v -4.080957 18.971621 3.928087
v -4.080957 18.971613 3.368017
v -3.800922 18.971613 3.554707
v -3.800922 18.971653 3.741397
v -4.360991 18.971613 3.741397
v -4.360991 18.971613 3.554707
v -4.289997 19.223824 3.791827
v -4.289997 19.014782 3.429757
v -3.871916 19.014782 3.429757
v -3.871916 19.223824 3.791827
v -4.080957 19.259279 3.853333
v -4.080957 18.979237 3.368302
v -3.800922 19.072582 3.529981
v -3.800922 19.165962 3.691639
v -4.360991 19.165926 3.691659
v -4.360991 19.072582 3.529981
v -4.289997 19.408880 3.612861
v -4.289997 19.046808 3.403821
v -3.871916 19.046808 3.403821
v -3.871916 19.408880 3.612861
v -4.080957 19.470339 3.648399
v -4.080957 18.985298 3.368371
v -3.800922 19.146976 3.461716
v -3.800922 19.308676 3.555027
v -4.360991 19.308655 3.555062
v -4.360991 19.146976 3.461716
v -4.289997 19.479391 3.369079
v -4.289997 19.061306 3.369081
v -3.871916 19.061306 3.369081
v -3.871916 19.479391 3.369080
v -4.080957 19.550385 3.369128
v -4.080957 18.990313 3.369136
v -3.800922 19.177004 3.369136
v -3.800922 19.363693 3.369096
v -4.360991 19.363693 3.369136
v -4.360991 19.177004 3.369136
v -4.289998 16.670944 3.857093
v -4.289998 16.670944 3.439011
v -3.871916 16.670944 3.439011
v -3.871916 16.670944 3.857093
v -4.080957 16.670904 3.928087
v -4.080957 16.670893 3.368017
v -3.800922 16.670893 3.554707
v -3.800922 16.670921 3.741397
v -4.360992 16.670893 3.741397
v -4.360992 16.670893 3.554707
v -3.871916 16.418417 3.791827
v -3.871916 16.627457 3.429757
v -4.289998 16.627457 3.429757
v -4.289998 16.418417 3.791827
v -4.080957 16.382959 3.853333
v -4.080957 16.663002 3.368302
v -4.360992 16.569656 3.529981
v -4.360992 16.476278 3.691639
v -3.800922 16.476313 3.691659
v -3.800922 16.569656 3.529981
v -3.871916 16.233356 3.612861
v -3.871916 16.595430 3.403821
v -4.289998 16.595430 3.403821
v -4.289998 16.233356 3.612861
v -4.080957 16.171900 3.648399
v -4.080957 16.656940 3.368371
v -4.360992 16.495264 3.461716
v -4.360992 16.333561 3.555027
v -3.800922 16.333584 3.555062
v -3.800922 16.495264 3.461716
v -3.871916 16.162846 3.369080
v -3.871916 16.580933 3.369081
v -4.289998 16.580933 3.369081
v -4.289998 16.162846 3.369079
v -4.080957 16.091854 3.369128
v -4.080957 16.651926 3.369136
v -4.360992 16.465239 3.369136
v -4.360992 16.278545 3.369095
v -3.800922 16.278545 3.369136
v -3.800922 16.465239 3.369136
v -4.289998 18.971668 -3.857093
v -4.289998 18.971668 -3.439011
v -3.871917 18.971668 -3.439011
v -3.871917 18.971668 -3.857093
v -4.080957 18.971621 -3.928087
v -4.080957 18.971613 -3.368017
v -3.800922 18.971613 -3.554707
v -3.800922 18.971653 -3.741397
v -4.360992 18.971613 -3.741397
v -4.360992 18.971613 -3.554707
v -4.289998 19.223824 -3.791827
v -4.289998 19.014782 -3.429758
v -3.871917 19.014782 -3.429757
v -3.871917 19.223824 -3.791827
v -4.080957 19.259279 -3.853333
v -4.080957 18.979237 -3.368303
v -3.800922 19.072582 -3.529981
v -3.800922 19.165962 -3.691639
v -4.360992 19.165926 -3.691659
v -4.360992 19.072582 -3.529981
v -4.289998 19.408880 -3.612861
v -4.289998 19.046808 -3.403821
v -3.871917 19.046808 -3.403821
v -3.871917 19.408880 -3.612861
v -4.080957 19.470339 -3.648399
v -4.080957 18.985298 -3.368371
v -3.800922 19.146976 -3.461716
v -3.800922 19.308676 -3.555027
v -4.360992 19.308655 -3.555062
v -4.360992 19.146976 -3.461716
v -4.289998 19.479391 -3.369080
v -4.289998 19.061306 -3.369081
v -3.871917 19.061306 -3.369081
v -3.871917 19.479391 -3.369080
v -4.080957 19.550385 -3.369128
v -4.080957 18.990313 -3.369136
v -3.800922 19.177004 -3.369136
v -3.800922 19.363693 -3.369096
v -4.360992 19.363693 -3.369137
v -4.360992 19.177004 -3.369136
v -4.289998 16.670944 -3.857093
v -4.289998 16.670944 -3.439011
v -3.871917 16.670944 -3.439011
v -3.871917 16.670944 -3.857093
v -4.080957 16.670904 -3.928087
v -4.080957 16.670893 -3.368017
v -3.800922 16.670893 -3.554707
v -3.800922 16.670921 -3.741397
v -4.360992 16.670893 -3.741397
v -4.360992 16.670893 -3.554707
v -3.871917 16.418417 -3.791827
v -3.871917 16.627457 -3.429757
v -4.289998 16.627457 -3.429758
v -4.289998 16.418417 -3.791827
v -4.080957 16.382959 -3.853333
v -4.080957 16.663002 -3.368303
v -4.360992 16.569656 -3.529981
v -4.360992 16.476278 -3.691639
v -3.800922 16.476313 -3.691659
v -3.800922 16.569656 -3.529981
v -3.871917 16.233356 -3.612861
v -3.871917 16.595430 -3.403821
v -4.289998 16.595430 -3.403821
v -4.289998 16.233356 -3.612861
v -4.080957 16.171900 -3.648399
v -4.080957 16.656940 -3.368371
v -4.360992 16.495264 -3.461716
v -4.360992 16.333561 -3.555027
v -3.800922 16.333584 -3.555062
v -3.800922 16.495264 -3.461716
v -3.871917 16.162846 -3.369080
v -3.871917 16.580933 -3.369081
v -4.289998 16.580933 -3.369081
v -4.289998 16.162846 -3.369080
v -4.080957 16.091854 -3.369128
v -4.080957 16.651926 -3.369136
v -4.360992 16.465239 -3.369136
v -4.360992 16.278545 -3.369096
v -3.800922 16.278545 -3.369136
v -3.800922 16.465239 -3.369136
v -3.981826 17.199287 2.613164
v -3.981771 17.128292 2.497468
v -4.233981 17.199287 2.547898
v -2.956391 17.199289 2.613164
v -3.981779 17.408331 2.684158
v -2.956352 17.408331 2.684158
v -3.981826 17.617371 2.613164
v -4.269437 17.408329 2.609404
v -4.233981 17.617371 2.547898
v -4.480496 17.408329 2.404470
v -4.419038 17.617371 2.368932
v -4.560541 17.408329 2.125198
v -4.419038 17.199287 2.368932
v -4.318812 17.128292 2.311133
v -4.489549 17.199287 2.125150
v -4.373851 17.128292 2.125207
v -4.489549 17.617371 2.125150
v -4.373851 17.688364 2.125166
v -4.187160 17.688364 2.125207
v -4.318833 17.688364 2.311097
v -4.157134 17.688364 2.217787
v -4.176120 17.688364 2.447710
v -4.082740 17.688364 2.286052
v -3.981811 17.688364 2.497468
v -2.956368 17.688366 2.497468
v -3.981771 17.688364 2.310777
v -2.956340 17.688366 2.310777
v -3.981826 17.617371 2.195082
v -2.956391 17.617371 2.195082
v -4.024940 17.617371 2.185828
v -3.981771 17.408329 2.124088
v -2.956340 17.408331 2.124088
v -3.981826 17.199287 2.195082
v -3.989394 17.408329 2.124373
v -4.024940 17.199287 2.185828
v -3.995456 17.408329 2.124442
v -4.056966 17.199287 2.159891
v -4.000470 17.407124 2.125207
v -4.056966 17.617371 2.159891
v -4.071464 17.617371 2.125152
v -4.071464 17.199287 2.125152
v -4.187160 17.128292 2.125207
v -4.157134 17.128292 2.217787
v -4.082740 17.128292 2.286052
v -4.176084 17.128292 2.447730
v -3.981771 17.128292 2.310777
v -2.956340 17.128296 2.310777
v -2.956340 17.128296 2.497468
v -2.956391 17.199289 2.195082
v -2.855104 17.128296 2.286051
v -2.761725 17.128296 2.447710
v -2.912904 17.199289 2.185828
v -2.780711 17.128296 2.217787
v -2.619008 17.128296 2.311097
v -2.880877 17.199289 2.159891
v -2.750686 17.128296 2.125206
v -2.563993 17.128296 2.125166
v -2.866380 17.199289 2.125152
v -2.937373 17.408331 2.125207
v -2.866380 17.617371 2.125152
v -2.942388 17.408331 2.124442
v -2.880877 17.617371 2.159891
v -2.948449 17.408331 2.124373
v -2.912904 17.617371 2.185828
v -2.855104 17.688366 2.286051
v -2.761760 17.688366 2.447730
v -2.780711 17.688366 2.217787
v -2.619031 17.688366 2.311132
v -2.750686 17.688366 2.125206
v -2.563993 17.688366 2.125207
v -2.448293 17.617371 2.125150
v -2.518804 17.617371 2.368932
v -2.377301 17.408331 2.125198
v -2.448293 17.199289 2.125150
v -2.457347 17.408331 2.404470
v -2.518804 17.199289 2.368932
v -2.668406 17.408331 2.609404
v -2.703864 17.199289 2.547898
v -2.703864 17.617371 2.547898
v -2.956391 17.617371 2.613164
v -3.981826 17.199287 -2.613164
v -3.981771 17.128292 -2.497468
v -4.233981 17.199287 -2.547898
v -2.956392 17.199287 -2.613164
v -3.981779 17.408329 -2.684158
v -2.956352 17.408329 -2.684158
v -3.981826 17.617369 -2.613164
v -4.269437 17.408329 -2.609404
v -4.233981 17.617369 -2.547898
v -4.480496 17.408329 -2.404470
v -4.419037 17.617369 -2.368932
v -4.560541 17.408329 -2.125198
v -4.419038 17.199287 -2.368932
v -4.318812 17.128292 -2.311132
v -4.489549 17.199287 -2.125150
v -4.373851 17.128292 -2.125207
v -4.489549 17.617369 -2.125150
v -4.373851 17.688362 -2.125166
v -4.187160 17.688362 -2.125207
v -4.318833 17.688362 -2.311097
v -4.157134 17.688362 -2.217787
v -4.176120 17.688362 -2.447710
v -4.082740 17.688362 -2.286052
v -3.981811 17.688362 -2.497468
v -2.956369 17.688364 -2.497468
v -3.981771 17.688362 -2.310777
v -2.956340 17.688364 -2.310778
v -3.981826 17.617369 -2.195082
v -2.956392 17.617369 -2.195082
v -4.024940 17.617369 -2.185828
v -3.981771 17.408329 -2.124088
v -2.956340 17.408329 -2.124088
v -3.981826 17.199287 -2.195082
v -3.989395 17.408329 -2.124373
v -4.024940 17.199287 -2.185828
v -3.995456 17.408329 -2.124442
v -4.056966 17.199287 -2.159891
v -4.000470 17.407124 -2.125207
v -4.056966 17.617369 -2.159891
v -4.071464 17.617369 -2.125152
v -4.071464 17.199287 -2.125152
v -4.187160 17.128292 -2.125207
v -4.157134 17.128292 -2.217787
v -4.082740 17.128292 -2.286052
v -4.176084 17.128292 -2.447730
v -3.981771 17.128292 -2.310777
v -2.956340 17.128292 -2.310778
v -2.956340 17.128292 -2.497468
v -2.956392 17.199287 -2.195082
v -2.855104 17.128292 -2.286052
v -2.761725 17.128292 -2.447710
v -2.912904 17.199287 -2.185829
v -2.780711 17.128292 -2.217787
v -2.619008 17.128292 -2.311097
v -2.880877 17.199287 -2.159892
v -2.750686 17.128292 -2.125207
v -2.563993 17.128292 -2.125167
v -2.866380 17.199287 -2.125152
v -2.937374 17.408329 -2.125207
v -2.866380 17.617369 -2.125152
v -2.942388 17.408329 -2.124442
v -2.880877 17.617369 -2.159892
v -2.948449 17.408329 -2.124373
v -2.912904 17.617369 -2.185829
v -2.855104 17.688364 -2.286052
v -2.761760 17.688364 -2.447730
v -2.780711 17.688364 -2.217787
v -2.619031 17.688364 -2.311133
v -2.750686 17.688364 -2.125207
v -2.563993 17.688364 -2.125208
v -2.448293 17.617369 -2.125151
v -2.518804 17.617369 -2.368932
v -2.377301 17.408329 -2.125199
v -2.448293 17.199287 -2.125151
v -2.457347 17.408329 -2.404470
v -2.518804 17.199287 -2.368932
v -2.668406 17.408329 -2.609404
v -2.703864 17.199287 -2.547898
v -2.703864 17.617369 -2.547898
v -2.956392 17.617369 -2.613164
v 0.455537 20.890028 0.002037
v -0.427201 21.068659 -1.000899
v -0.531721 20.365084 -0.753553
v -0.345235 20.112822 -0.584519
v 0.124519 20.398272 0.002037
v 0.042770 19.882128 0.002037
v 0.397283 21.345518 0.002037
v -0.523225 21.372503 -0.987725
v -0.237117 19.973566 -0.404749
v -0.127824 20.580532 -0.650729
v 0.019500 21.022297 -0.708986
v -0.076550 21.315826 -0.754137
v 0.060708 20.416992 -0.341404
v 0.261735 20.924006 -0.283145
v 0.204371 21.324394 -0.138053
v -0.050385 19.902979 -0.251283
v 0.144966 20.913649 -0.318224
v 0.243227 20.826569 0.002037
v 0.109724 21.414539 -0.211127
v 0.306141 21.538639 0.002037
v -0.808090 20.345465 -0.774552
v -0.695426 20.035431 -0.560228
v -0.226452 19.787287 0.002037
v -0.502813 19.869850 -0.320258
v -0.284980 19.808140 -0.179652
v -1.143056 20.316576 -0.753553
v -0.948893 20.064314 -0.533020
v -0.579207 19.807739 0.002037
v -0.723837 19.895033 -0.310908
v -0.611226 19.830055 -0.154436
v -0.921706 21.051422 -1.018737
v -1.091165 21.597841 -1.079228
v -1.263561 21.007179 -1.011610
v -1.287090 21.585079 -1.052673
v 0.455537 20.890028 -0.002037
v -0.427201 21.068659 1.000899
v -0.531721 20.365084 0.753553
v -0.345235 20.112822 0.584519
v 0.124519 20.398272 -0.002037
v 0.042770 19.882128 -0.002037
v 0.397283 21.345518 -0.002037
v -0.523225 21.372503 0.987725
v -0.237117 19.973566 0.404749
v -0.127824 20.580532 0.650729
v 0.019500 21.022297 0.708986
v -0.076550 21.315826 0.754137
v 0.092728 20.448368 0.239111
v 0.261735 20.924006 0.283145
v 0.204371 21.324394 0.138053
v -0.050385 19.902979 0.251283
v 0.120773 20.540991 0.236418
v 0.243227 20.826569 -0.002037
v 0.109724 21.414539 0.211127
v 0.306141 21.538639 -0.002037
v -0.808090 20.345465 0.774552
v -0.695426 20.035431 0.560228
v -0.226452 19.787287 -0.002037
v -0.502813 19.869850 0.320258
v -0.284980 19.808140 0.179652
v -1.143056 20.316576 0.753553
v -0.948893 20.064314 0.533020
v -0.579207 19.807739 -0.002037
v -0.723837 19.895033 0.310908
v -0.611226 19.830055 0.154435
v -0.921706 21.051422 1.018737
v -1.091165 21.597841 1.079228
v -1.263561 21.007179 1.011609
v -1.287090 21.585079 1.052673
v 0.138801 20.528715 0.152459
v 0.120882 20.439623 0.156974
v 0.060708 20.416992 0.341404
v 0.144966 20.913649 0.318224
v 0.894292 20.430744 0.354986
v 1.107014 20.376043 0.371379
v 1.012344 20.368628 0.662172
v 0.820126 20.421143 0.545024
v 0.935226 20.527639 0.324243
v 1.211646 20.490671 0.379148
v 1.097061 20.478487 0.717909
v 0.838524 20.502541 0.590807
v 0.963201 20.686468 0.317772
v 1.200187 20.687984 0.378337
v 1.089446 20.675184 0.704021
v 0.839479 20.675009 0.636019
v 0.680677 20.421064 0.439710
v 0.705917 20.417501 0.355751
v 0.701780 20.327124 0.439831
v 0.732867 20.330915 0.358376
v 0.784272 20.402777 0.510547
v 0.873505 20.307240 0.580125
v 0.948170 20.307924 0.371183
v 0.830898 20.406919 0.361998
v 0.426724 20.903307 0.001127
v -0.456014 21.078157 -0.979386
v -0.560534 20.389467 -0.737570
v -0.374047 20.142542 -0.572315
v 0.095706 20.421953 0.001127
v 0.013957 19.916729 0.001127
v 0.382140 21.349163 0.001127
v -0.641930 21.540167 -0.986101
v 0.314624 21.803167 0.001127
v -0.395845 21.812784 -0.889392
v -0.265930 20.006233 -0.396565
v -0.156637 20.600359 -0.637045
v -0.009313 21.032778 -0.693999
v -0.295088 21.517782 -0.830549
v -0.113187 21.762480 -0.708625
v 0.031895 20.440279 -0.296733
v 0.232922 20.936565 -0.277679
v 0.215688 21.328487 -0.104385
v 0.168363 21.806885 -0.287589
v -0.079198 19.937140 -0.246529
v 0.116153 20.926428 -0.311974
v 0.214415 20.864943 0.001127
v 0.091894 21.509108 -0.175825
v 0.235064 21.651073 0.001127
v -0.649256 22.186754 -1.002583
v 0.043750 22.493599 0.001127
v -0.395045 22.411926 -0.817643
v -0.238191 22.561556 -0.576305
v -0.055084 22.540665 -0.292501
v -0.839348 22.495104 -0.900735
v -0.195517 22.791058 0.001127
v -1.951136 22.728964 -0.762031
v -2.020022 20.386101 -0.527520
v -0.836903 20.370266 -0.758099
v -0.724239 20.066790 -0.548567
v -0.255265 19.823895 0.001127
v -0.531626 19.904711 -0.313962
v -0.313793 19.844305 -0.151847
v -1.138816 20.341986 -0.737570
v -0.977705 20.095060 -0.521967
v -0.608020 19.825638 0.001127
v -0.752650 19.958750 -0.304821
v -0.640039 19.889658 -0.151847
v -2.001735 19.884340 -0.563305
v -0.512022 22.888704 0.001127
v -0.601781 22.641443 -0.752334
v -0.497532 22.772133 -0.499611
v -0.950519 21.061285 -0.996824
v -0.978576 21.523300 -1.055963
v -1.015933 22.087448 -1.053542
v -1.218863 22.566589 -0.936536
v -1.473957 22.584814 -0.942887
v -2.607155 21.701675 -0.812777
v -1.409369 23.042572 0.001127
v -1.476090 22.925350 -0.579744
v -1.898193 22.508173 -0.919776
v -2.023313 22.961855 0.001127
v -2.003560 22.845127 -0.588797
v -2.388484 22.240086 -0.799348
v -2.047587 22.107464 -0.994076
v -2.680874 22.350628 0.009179
v -2.576829 22.300985 -0.521822
v -2.294524 21.615997 -0.979564
v -2.849467 21.812216 0.001127
v -2.745422 21.762573 -0.487333
v -2.117926 20.984503 -0.921457
v -2.687664 21.104902 0.001127
v -2.583619 21.055260 -0.510400
v -1.986425 20.716442 -0.828508
v -2.492920 20.622995 0.001127
v -2.384095 20.661034 -0.398482
v -1.415207 20.357254 -0.751429
v -1.100616 20.120850 -0.597439
v -0.707753 19.754847 0.010261
v -0.830316 19.838629 -0.370747
v -0.752268 19.776119 -0.086316
v -1.429045 19.817020 -0.758994
v -1.097526 19.724676 -0.663404
v -0.774081 19.606121 0.012054
v -0.885744 19.633680 -0.387038
v -0.792591 19.597490 -0.187478
v -1.790205 20.422535 -0.700243
v -2.204280 20.293913 0.001127
v -2.095455 20.331955 -0.383177
v -1.759546 19.865568 -0.685270
v -2.212331 19.854231 0.010261
v -2.127339 19.882582 -0.354014
v -2.445352 20.994360 -0.749693
v -1.259322 21.017981 -0.989857
v -1.299481 21.583654 -1.030002
v -1.432050 22.075747 -1.037784
v -1.476057 20.776773 -0.896167
v -0.933886 22.979139 0.001127
v -1.106793 22.881054 -0.577976
v -1.182650 22.765665 -0.741934
v -0.347143 22.772358 -0.213732
v -2.274990 20.715185 -0.657959
v -1.552212 22.803217 -0.741934
v -2.105243 19.331526 -0.550107
v -1.389249 19.273224 -0.690118
v -1.031492 19.180883 -0.610462
v -0.717513 19.062326 0.012054
v -0.843283 19.089888 -0.412071
v -0.738852 19.053696 -0.134536
v -1.795156 19.312756 -0.688800
v -2.295664 19.301416 0.010261
v -2.197679 19.329769 -0.395242
v -1.439955 20.955122 -1.051874
v -1.516987 21.539598 -1.144339
v -1.694759 21.150940 -1.190139
v -1.807075 21.552458 -1.268094
v -1.326022 21.762524 -1.064372
v -1.593380 21.883497 -1.188485
v -1.789521 21.765762 -1.281323
v -2.300059 20.116030 -0.112261
v -2.228128 20.157402 -0.304350
v -2.042327 20.271410 -0.586893
v -2.205474 20.235771 -0.442551
v -2.029434 20.280533 -0.601129
v -1.928170 20.224676 -0.732735
v -2.030209 20.173325 -0.625896
v -1.955056 20.070366 -0.744139
v -2.075514 20.213266 -0.597921
v -2.238661 20.092167 -0.453579
v -2.103096 20.218800 -0.417506
v -2.244204 20.126917 -0.323815
v -2.237591 20.086138 -0.470600
v -2.251945 20.076794 -0.461070
v -2.390128 20.080648 -0.100967
v -2.356659 20.099895 -0.190343
v -2.351260 20.134708 0.000000
v -2.347761 20.018682 -0.030402
v -2.358104 20.031544 -0.094285
v -2.378348 20.008114 -0.074583
v -0.747242 22.498285 -0.843493
v -1.328111 22.622509 -0.833092
v -2.704457 21.509146 -0.797771
v -2.771087 21.465961 -0.633862
v -2.751375 21.373123 -0.839374
v -2.797809 21.307005 -0.900785
v -2.708540 21.503914 -0.951875
v -2.467597 21.437883 -1.080417
v -2.243101 21.286324 -1.057653
v -1.810124 21.499115 -1.133328
v -2.363184 21.093269 -1.151035
v -2.055544 21.217817 -1.139751
v -2.404912 21.112120 -1.303842
v -2.316265 21.126930 -1.319335
v -2.638021 21.274710 -0.980777
v -2.478301 21.230936 -1.065987
v -2.507976 21.176033 -0.973028
v -2.463044 21.163717 -0.996999
v -2.908120 21.616358 -0.120572
v -2.891917 21.517385 -0.436072
v -3.006186 21.452084 -0.145654
v -2.884921 21.311594 -0.362058
v -2.956704 21.212690 -0.181044
v -2.826863 21.053391 -0.230028
v -2.903754 21.340591 -0.505660
v -2.896758 21.262077 -0.416846
v -2.882021 21.182949 -0.654091
v -2.875025 21.159815 -0.513075
v -2.999505 21.605021 0.017424
v -2.969495 21.409159 -0.104275
v -3.052315 21.364292 -0.048017
v -3.059809 21.178679 -0.171546
v -2.892288 21.081764 -0.018216
v -2.689734 21.334347 -0.389717
v -2.880859 20.857477 -0.196185
v -2.725120 21.008949 -0.228183
v -2.606726 21.123968 -0.752319
v -2.744993 21.184866 -0.426875
v -2.653050 20.938648 -0.685250
v -2.726450 20.852654 -0.699971
v -2.593200 21.120861 -0.817631
v -2.280569 21.035181 -0.984418
v -2.657626 20.929302 -0.880377
v -2.504334 20.887291 -0.962157
v -2.633138 20.667561 -0.828950
v -2.576687 20.726427 -0.905382
v -2.322281 21.050095 -1.054466
v -1.994403 21.143621 -1.070500
v -2.244809 20.869064 -1.073106
v -2.074790 20.863371 -1.030126
v -2.178234 20.717436 -1.074446
v -2.074438 20.627354 -1.077668
v -1.779019 21.171576 -1.082100
v -2.004925 21.028530 -1.067355
v -1.825004 20.893988 -1.142628
v -1.913754 20.837790 -1.136835
v -1.742862 20.780117 -1.163087
v -1.785910 20.752857 -1.160277
v -2.793670 20.804070 -0.083661
v -2.689624 20.754425 -0.275981
v -2.759572 20.536509 -0.061394
v -2.684348 20.660101 -0.207829
v -2.795563 20.856344 -0.010818
v -2.748212 20.665514 -0.037321
v -2.623590 20.808950 -0.527154
v -2.485323 20.748051 -0.766446
v -2.723639 20.644741 -0.527484
v -2.541844 20.654678 -0.735757
v -2.838581 20.587267 -0.515798
v -2.656787 20.597204 -0.644640
v -2.667770 20.711706 -0.500601
v -2.767818 20.651527 -0.462035
v -2.123385 20.792654 -0.964699
v -2.450811 20.802511 -0.792935
v -2.300771 20.616512 -0.971631
v -2.445621 20.709017 -0.861317
v -2.286592 20.479855 -0.901950
v -2.423254 20.595190 -0.890501
v -2.144814 20.692329 -0.757522
v -1.827008 20.919573 -1.072873
v -2.192777 20.585920 -0.923703
v -1.985585 20.624805 -0.970017
v -2.082306 20.488962 -0.916262
v -1.933238 20.407951 -1.075848
v -2.148184 20.494637 -0.764544
v -2.318547 20.581059 -0.593995
v -2.216504 20.367802 -0.768612
v -2.286090 20.492865 -0.638765
v -2.447643 20.509333 -0.338626
v -2.338539 20.563486 -0.598102
v -2.501302 20.433205 -0.365111
v -2.445558 20.475647 -0.565880
v -2.451913 20.248093 -0.299682
v -2.477434 20.358932 -0.430369
v -2.564168 20.494579 -0.112413
v -2.447319 20.594732 -0.292970
v -2.574399 20.341803 -0.128640
v -2.524047 20.447340 -0.333196
v -2.521193 20.250683 -0.170422
v -2.502890 20.289047 -0.244778
v -2.491760 20.423204 -0.040348
v -2.535871 20.373241 -0.072928
v -2.510327 20.343191 -0.060314
v -2.532002 20.318638 -0.076323
v -1.462106 20.954618 -0.993756
v -1.516567 20.809954 -1.096929
v -1.935255 20.739538 -1.090792
v -1.794235 20.626406 -1.097345
v -1.857698 20.557110 -1.117448
v -1.805606 20.515320 -1.119869
v -2.462276 20.389620 0.000883
v -2.309978 20.418909 -0.337342
v -2.521663 20.174536 -0.042402
v -2.369365 20.272495 -0.380626
v -2.354211 20.393307 -0.407629
v -2.174609 20.447458 -0.623800
v -2.268739 20.327213 -0.468326
v -2.274144 20.285679 -0.693470
v -1.985421 20.375023 -0.836651
v -2.118523 20.455736 -0.643897
v -1.925180 20.170019 -0.941634
v -2.058282 20.291368 -0.686056
v -1.962996 20.479486 -0.825188
v -1.726920 20.507395 -0.856484
v -1.920351 20.362890 -0.786139
v -1.684275 20.269810 -0.817435
v -2.051996 21.805212 -1.069488
v -1.694573 21.773495 -1.136449
v -2.139350 21.410933 -1.200351
v -1.845958 21.558125 -1.140705
v -2.491344 21.935061 -0.876098
v -2.200068 21.802439 -1.070827
v -2.654833 21.666645 -0.874228
v -2.354621 21.742519 -1.068957
v -2.532504 22.103741 -0.740984
v -2.568544 22.164640 -0.501575
v -2.599129 21.847090 -0.770671
v -2.737397 21.907986 -0.531262
v -2.703045 21.686684 -0.804142
v -2.841312 21.747580 -0.564733
v -2.742518 22.119238 0.000000
v -2.638474 22.069595 -0.531297
v -2.885266 21.937731 -0.176217
v -2.781221 21.888088 -0.540153
v -3.052673 21.706198 -0.255824
v -2.940387 21.780388 -0.521300
v -2.847360 21.884865 -0.028602
v -2.911948 21.841221 -0.108199
v -2.959231 21.686647 -0.065767
v -2.973085 21.783909 -0.108812
v 0.426724 20.903307 -0.001127
v -0.456014 21.078157 0.979386
v -0.560534 20.389467 0.737570
v -0.374047 20.142542 0.572315
v 0.095706 20.421953 -0.001127
v 0.013957 19.916729 -0.001127
v 0.382140 21.349163 -0.001127
v -0.641930 21.540167 0.986101
v 0.314624 21.803167 -0.001127
v -0.395845 21.812784 0.889392
v -0.265930 20.006233 0.396565
v -0.156637 20.600359 0.637045
v -0.009313 21.032778 0.693999
v -0.295088 21.517782 0.830549
v -0.113187 21.762480 0.708625
v 0.031895 20.440279 0.296733
v 0.232922 20.936565 0.277679
v 0.215688 21.328487 0.104385
v 0.168363 21.806885 0.287589
v -0.079198 19.937140 0.246529
v 0.116153 20.926428 0.311974
v 0.214415 20.864943 -0.001127
v 0.091894 21.509108 0.175825
v 0.235064 21.651073 -0.001127
v -0.649256 22.186754 1.002583
v 0.043750 22.493599 -0.001127
v -0.395045 22.411926 0.817643
v -0.238191 22.561556 0.576305
v -0.055084 22.540665 0.292501
v -0.839348 22.495104 0.900736
v -0.195517 22.791058 -0.001127
v -1.951136 22.728964 0.762031
v -2.020022 20.386101 0.527520
v -0.836903 20.370266 0.758099
v -0.724239 20.066790 0.548567
v -0.255265 19.823895 -0.001127
v -0.531626 19.904711 0.313962
v -0.313793 19.844305 0.151847
v -1.138816 20.341986 0.737570
v -0.977705 20.095060 0.521967
v -0.608020 19.825638 -0.001127
v -0.752650 19.958750 0.304821
v -0.640039 19.889658 0.151847
v -2.001735 19.884340 0.563305
v -0.512022 22.888704 -0.001127
v -0.601781 22.641443 0.752334
v -0.497532 22.772133 0.499611
v -0.950519 21.061285 0.996825
v -0.978576 21.523300 1.055964
v -1.015933 22.087448 1.053542
v -1.218863 22.566589 0.936536
v -1.473957 22.584814 0.942887
v -2.607155 21.701675 0.812777
v -1.409369 23.042572 -0.001127
v -1.476090 22.925350 0.579744
v -1.898193 22.508173 0.919776
v -2.023313 22.961855 -0.001127
v -2.003560 22.845127 0.588797
v -2.388484 22.240086 0.799348
v -2.047587 22.107464 0.994076
v -2.680874 22.350628 -0.009179
v -2.576829 22.300985 0.521822
v -2.294524 21.615997 0.979564
v -2.849467 21.812216 -0.001127
v -2.745422 21.762573 0.487333
v -2.117926 20.984503 0.921457
v -2.687664 21.104902 -0.001127
v -2.583619 21.055260 0.510400
v -1.986425 20.716442 0.828508
v -2.492920 20.622995 -0.001127
v -2.384095 20.661034 0.398482
v -1.415207 20.357254 0.751429
v -1.100616 20.120850 0.597439
v -0.707753 19.754847 -0.010261
v -0.830316 19.838629 0.370747
v -0.752268 19.776119 0.086316
v -1.429045 19.817020 0.758994
v -1.097526 19.724676 0.663404
v -0.774081 19.606121 -0.012054
v -0.885744 19.633680 0.387038
v -0.792591 19.597490 0.187478
v -1.790205 20.422535 0.700243
v -2.204280 20.293913 -0.001127
v -2.095455 20.331955 0.383177
v -1.759546 19.865568 0.685270
v -2.212331 19.854231 -0.010261
v -2.127339 19.882582 0.354014
v -2.445352 20.994360 0.749693
v -1.259321 21.017981 0.989857
v -1.299482 21.583654 1.030002
v -1.432050 22.075747 1.037784
v -1.476057 20.776773 0.896167
v -0.933886 22.979139 -0.001127
v -1.106793 22.881054 0.577976
v -1.182650 22.765665 0.741934
v -0.347143 22.772358 0.213732
v -2.274990 20.715185 0.657959
v -1.552212 22.803217 0.741934
v -2.105243 19.331526 0.550107
v -1.389249 19.273224 0.690118
v -1.031492 19.180883 0.610462
v -0.717513 19.062326 -0.012054
v -0.843283 19.089888 0.412071
v -0.738852 19.053696 0.134536
v -1.795156 19.312756 0.688800
v -2.295664 19.301416 -0.010261
v -2.197679 19.329769 0.395242
v -1.439955 20.955122 1.051874
v -1.516987 21.539598 1.144339
v -1.694759 21.150940 1.190139
v -1.807075 21.552458 1.268094
v -1.326022 21.762524 1.064372
v -1.593380 21.883497 1.188485
v -1.789521 21.765762 1.281323
v -2.300059 20.116030 0.112261
v -2.228128 20.157402 0.304350
v -2.042327 20.271410 0.586893
v -2.205474 20.235771 0.442550
v -2.029434 20.280533 0.601129
v -1.928170 20.224676 0.732735
v -2.030209 20.173325 0.625896
v -1.955056 20.070366 0.744139
v -2.075514 20.213266 0.597921
v -2.238661 20.092167 0.453578
v -2.103096 20.218800 0.417506
v -2.244204 20.126917 0.323815
v -2.237591 20.086138 0.470600
v -2.251945 20.076794 0.461070
v -2.390128 20.080648 0.100967
v -2.356659 20.099895 0.190343
v -2.347761 20.018682 0.030402
v -2.358104 20.031544 0.094285
v -2.378348 20.008114 0.074583
v -0.747242 22.498285 0.843493
v -1.328111 22.622509 0.833092
v -2.704457 21.509146 0.797771
v -2.771087 21.465961 0.633862
v -2.751375 21.373123 0.839374
v -2.797809 21.307005 0.900786
v -2.708540 21.503914 0.951875
v -2.467597 21.437883 1.080417
v -2.243101 21.286324 1.057653
v -1.810124 21.499115 1.133328
v -2.363184 21.093269 1.151035
v -2.055544 21.217817 1.139751
v -2.404912 21.112120 1.303842
v -2.316265 21.126930 1.319335
v -2.638021 21.274710 0.980777
v -2.478301 21.230936 1.065987
v -2.507976 21.176033 0.973028
v -2.463044 21.163717 0.996999
v -2.908120 21.616358 0.120572
v -2.891917 21.517385 0.436072
v -3.006186 21.452084 0.145654
v -2.884921 21.311594 0.362058
v -2.956704 21.212690 0.181044
v -2.826863 21.053391 0.230028
v -2.903754 21.340591 0.505660
v -2.896758 21.262077 0.416846
v -2.882021 21.182949 0.654091
v -2.875025 21.159815 0.513075
v -2.999505 21.605021 -0.017424
v -2.969495 21.409159 0.104275
v -3.052315 21.364292 0.048017
v -3.059809 21.178679 0.171546
v -2.892288 21.081764 0.018216
v -2.689734 21.334347 0.389717
v -2.880859 20.857477 0.196185
v -2.725120 21.008949 0.228182
v -2.606726 21.123968 0.752319
v -2.744993 21.184866 0.426875
v -2.653050 20.938648 0.685250
v -2.726450 20.852654 0.699971
v -2.593200 21.120861 0.817631
v -2.280569 21.035181 0.984418
v -2.657626 20.929302 0.880377
v -2.504334 20.887291 0.962157
v -2.633138 20.667561 0.828950
v -2.576687 20.726427 0.905382
v -2.322281 21.050095 1.054466
v -1.994403 21.143621 1.070500
v -2.244809 20.869064 1.073106
v -2.074790 20.863371 1.030126
v -2.178234 20.717436 1.074446
v -2.074438 20.627354 1.077668
v -1.779019 21.171576 1.082100
v -2.004925 21.028530 1.067355
v -1.825003 20.893988 1.142628
v -1.913754 20.837790 1.136835
v -1.742862 20.780117 1.163087
v -1.785910 20.752857 1.160277
v -2.793670 20.804070 0.083661
v -2.689624 20.754425 0.275981
v -2.759572 20.536509 0.061394
v -2.684348 20.660101 0.207829
v -2.795563 20.856344 0.010818
v -2.748212 20.665514 0.037321
v -2.623590 20.808950 0.527153
v -2.485323 20.748051 0.766446
v -2.723639 20.644741 0.527484
v -2.541844 20.654678 0.735757
v -2.838581 20.587267 0.515798
v -2.656787 20.597204 0.644639
v -2.667770 20.711706 0.500601
v -2.767818 20.651527 0.462034
v -2.123385 20.792654 0.964699
v -2.450811 20.802511 0.792935
v -2.300771 20.616512 0.971631
v -2.445621 20.709017 0.861317
v -2.286592 20.479855 0.901951
v -2.423254 20.595190 0.890501
v -2.144814 20.692329 0.757522
v -1.827007 20.919573 1.072873
v -2.192777 20.585920 0.923703
v -1.985585 20.624805 0.970017
v -2.082306 20.488962 0.916262
v -1.933238 20.407951 1.075848
v -2.148183 20.494637 0.764544
v -2.318547 20.581059 0.593996
v -2.216504 20.367802 0.768612
v -2.286090 20.492865 0.638765
v -2.447643 20.509333 0.338626
v -2.338539 20.563486 0.598102
v -2.501302 20.433205 0.365111
v -2.445558 20.475647 0.565881
v -2.451913 20.248093 0.299682
v -2.477434 20.358932 0.430369
v -2.564168 20.494579 0.112413
v -2.447319 20.594732 0.292970
v -2.574399 20.341803 0.128640
v -2.524047 20.447340 0.333196
v -2.521193 20.250683 0.170422
v -2.502890 20.289047 0.244778
v -2.491760 20.423204 0.040348
v -2.535871 20.373241 0.072928
v -2.510327 20.343191 0.060314
v -2.532002 20.318638 0.076323
v -1.462106 20.954618 0.993756
v -1.516567 20.809954 1.096929
v -1.935255 20.739538 1.090792
v -1.794235 20.626406 1.097345
v -1.857698 20.557110 1.117448
v -1.805606 20.515320 1.119869
v -2.462276 20.389620 -0.000883
v -2.309978 20.418909 0.337342
v -2.521663 20.174536 0.042402
v -2.369365 20.272495 0.380626
v -2.354211 20.393307 0.407629
v -2.174609 20.447458 0.623800
v -2.268739 20.327213 0.468326
v -2.274144 20.285679 0.693470
v -1.985421 20.375023 0.836651
v -2.118523 20.455736 0.643897
v -1.925180 20.170019 0.941634
v -2.058282 20.291368 0.686056
v -1.962995 20.479486 0.825188
v -1.726920 20.507395 0.856484
v -1.920351 20.362890 0.786139
v -1.684275 20.269810 0.817435
v -2.051996 21.805212 1.069488
v -1.694573 21.773495 1.136449
v -2.139350 21.410933 1.200351
v -1.845958 21.558125 1.140705
v -2.491344 21.935061 0.876098
v -2.200068 21.802439 1.070827
v -2.654833 21.666645 0.874228
v -2.354621 21.742519 1.068957
v -2.532504 22.103741 0.740985
v -2.568544 22.164640 0.501575
v -2.599129 21.847090 0.770671
v -2.737397 21.907986 0.531262
v -2.703045 21.686684 0.804142
v -2.841312 21.747580 0.564733
v -2.638474 22.069595 0.531297
v -2.885266 21.937731 0.176216
v -2.781221 21.888088 0.540153
v -3.052673 21.706198 0.255824
v -2.940387 21.780388 0.521300
v -2.847360 21.884865 0.028602
v -2.911948 21.841221 0.108199
v -2.959231 21.686647 0.065767
v -2.973085 21.783909 0.108812
v -2.549147 22.047550 0.801878
v -2.564565 25.282869 0.867572
v -2.549147 22.047550 -0.802072
v -2.564565 25.282869 -0.862290
v -0.237131 22.116119 0.816184
v -0.333083 25.351440 0.867572
v -0.237131 22.116119 -0.816379
v -0.333083 25.351440 -0.862290
v -2.803808 22.035851 -0.203252
v -2.803808 22.035851 0.204354
v -2.899760 25.271173 0.205796
v -2.899760 25.271173 -0.201810
v 0.220853 22.127895 0.261227
v 0.220853 22.127895 -0.261422
v 0.338737 25.977715 -0.363698
v 0.338736 25.977757 0.410368
v -0.743122 22.143414 -1.078189
v -2.112285 22.066534 -1.009336
v -2.115908 25.301855 -1.158459
v -0.938509 25.332541 -1.158459
v -2.112285 22.066534 1.009141
v -0.743121 22.143389 1.077995
v -0.938509 25.332541 1.163741
v -2.115908 25.301855 1.163741
v -2.115908 25.301855 -0.384392
v -0.269997 25.332541 -0.384392
v -2.115908 25.301855 0.389675
v -0.269997 25.332541 0.389675
v -0.842557 22.097218 -0.387131
v -1.823182 22.066534 -0.387131
v -0.842557 22.097218 0.386936
v -1.823182 22.066534 0.386936
v -2.550113 22.250256 0.805994
v -2.550113 22.250256 -0.805845
v -0.243143 22.380131 -0.819255
v -0.243143 22.380131 0.819255
v 0.228239 22.568850 -0.302225
v 0.228239 22.568851 0.304967
v -2.809820 22.238554 0.204444
v -2.809820 22.238554 -0.203161
v -0.755363 22.253687 1.083367
v -2.112512 22.269238 1.018827
v -2.112512 22.269238 -1.018679
v -0.755364 22.253708 -1.083219
v 0.611116 22.062599 -0.690161
v 0.617128 21.908072 -0.616860
v 1.200796 22.081369 -0.107265
v 0.611116 21.992729 0.690283
v 0.617128 21.838203 0.616693
v -0.212075 22.023781 0.858643
v 1.200796 22.081369 0.107640
v 1.208182 22.233772 -0.163838
v 1.208182 22.233776 0.166011
v -0.212076 22.023800 -0.858811
v -0.224317 22.107864 0.912651
v -0.224318 22.107880 -0.912530
v -0.112259 18.079189 -0.722999
v 0.077501 18.079189 -0.766826
v -0.249050 18.079189 -1.315275
v -0.059289 18.079189 -1.359102
v -0.112259 17.471325 -0.722999
v 0.077501 17.471325 -0.766826
v -0.249050 17.471325 -1.315275
v -0.059289 17.471325 -1.359102
v -0.180654 18.185566 -1.019137
v 0.009106 18.185566 -1.062964
v -0.180654 17.364948 -1.019137
v 0.009106 17.364948 -1.062964
v -0.272988 17.775257 -1.418924
v -0.083228 17.775257 -1.462750
v -0.088321 17.775257 -0.619351
v 0.101440 17.775257 -0.663178
v 0.085377 17.411928 -0.200686
v 0.208344 17.411928 -0.229085
v -0.003265 17.411928 -0.584486
v 0.119702 17.411928 -0.612886
v 0.085377 17.018023 -0.200686
v 0.208344 17.018023 -0.229085
v -0.003265 17.018023 -0.584486
v 0.119702 17.018023 -0.612886
v 0.041056 17.480862 -0.392586
v 0.164023 17.480862 -0.420986
v 0.041056 16.949089 -0.392586
v 0.164023 16.949089 -0.420986
v -0.018777 17.214977 -0.651651
v 0.104190 17.214977 -0.680052
v 0.100889 17.214977 -0.133520
v 0.223856 17.214977 -0.161920
v -0.146508 17.089720 -0.868458
v -0.023541 17.089720 -0.896858
v -0.235150 17.089720 -1.252259
v -0.112183 17.089720 -1.280658
v -0.146508 16.695816 -0.868458
v -0.023541 16.695816 -0.896858
v -0.235150 16.695816 -1.252259
v -0.112183 16.695816 -1.280658
v -0.190829 17.158653 -1.060358
v -0.067862 17.158653 -1.088758
v -0.190829 16.626883 -1.060358
v -0.067862 16.626883 -1.088758
v -0.250662 16.892767 -1.319424
v -0.127695 16.892767 -1.347824
v -0.130996 16.892767 -0.801293
v -0.008029 16.892767 -0.829693
v -0.446774 15.735775 -1.000000
v -0.477677 14.150690 -1.069264
v -0.986849 15.735775 -1.458746
v -0.105726 15.735774 -0.000000
v -0.093518 14.150690 -0.000000
v -0.401659 14.159501 -1.081632
v 0.010952 14.159501 -0.000000
v -0.981733 14.159501 -1.574353
v -0.406642 13.903924 -1.092800
v -0.482316 13.912736 -1.079661
v 0.012921 13.903924 -0.000000
v -0.986716 13.903924 -1.585521
v -2.071092 13.903925 -1.630116
v -1.022392 13.912736 -1.538408
v -2.031995 13.912738 -1.579927
v -0.916125 13.394587 -1.766023
v -2.031995 13.394588 -1.807542
v -0.376050 13.394587 -1.307277
v -0.959821 12.866450 -1.836508
v -2.005170 12.815843 -1.855373
v -0.332857 12.487206 -1.270961
v -0.275228 11.542711 -0.515370
v -0.165112 12.003408 -0.000000
v -0.110205 13.394588 -0.000000
v -0.440110 11.353195 -0.000000
v -0.332857 12.487206 1.270961
v -0.275228 11.542711 0.515369
v -0.959821 12.866450 1.836508
v -0.376049 13.394588 1.307277
v -0.916125 13.394588 1.766023
v -0.482316 13.912738 1.079662
v -1.022391 13.912738 1.538408
v -0.406642 13.903925 1.092800
v -0.091685 13.912736 -0.000000
v -0.986716 13.903925 1.585521
v -0.401659 14.159501 1.081632
v -0.477677 14.150690 1.069264
v -0.981733 14.159501 1.574353
v -0.446774 15.735775 1.000000
v -1.017752 14.150690 1.528010
v -0.986849 15.735775 1.458746
v -2.031995 14.150690 1.569529
v -2.031995 15.735775 1.500265
v -2.555192 14.150690 1.069264
v -2.071092 14.159501 1.618947
v -2.071092 13.903925 1.630115
v -2.633039 14.159501 1.081632
v -2.633039 13.903925 1.092800
v -2.873497 14.159501 0.544601
v -2.873497 13.903925 0.555769
v -2.983520 14.159501 0.000000
v -2.779071 14.150690 0.569264
v -2.779071 15.735775 0.500000
v -2.881506 14.150690 0.000000
v -2.881506 15.735775 0.000000
v -2.881506 13.912738 0.000000
v -2.779071 14.150690 -0.569264
v -2.779071 15.735775 -0.500000
v -2.555192 14.150690 -1.069264
v -2.873497 14.159501 -0.544601
v -2.873497 13.903925 -0.555769
v -2.633039 14.159501 -1.081632
v -2.071092 14.159501 -1.618948
v -2.633039 13.903925 -1.092799
v -2.555192 13.912738 -1.079662
v -2.779071 13.912738 -0.579662
v -2.646358 13.394588 -1.307277
v -2.872560 13.394588 -0.541182
v -2.882217 12.492249 -1.304549
v -3.111072 12.378508 -0.631986
v -3.196705 12.343978 -0.000000
v -2.988278 11.580546 -0.321747
v -2.296634 10.973828 -0.107267
v -2.942991 11.526359 -0.000000
v -2.389921 10.988968 -0.000000
v -2.988278 11.580547 0.316093
v -2.296634 10.973828 0.085300
v -3.111072 12.378508 0.631985
v -2.882216 12.492249 1.304550
v -2.872560 13.394588 0.541182
v -3.034434 13.394588 -0.000000
v -2.646358 13.394588 1.307277
v -2.779071 13.912738 0.579662
v -2.555192 13.912738 1.079662
v -2.031995 13.912738 1.579926
v -2.031995 13.394588 1.807542
v -2.005169 12.815843 1.855373
v -1.156181 10.934218 0.225956
v -1.175643 10.901839 -0.000000
v -1.156181 10.934218 -0.225956
v -2.031995 14.150690 -1.569529
v -2.031995 15.735775 -1.500265
v -1.017752 14.150690 -1.528010
v -2.555192 15.735775 -1.000000
v -2.983520 13.903925 0.000000
v -2.555192 15.735775 1.000000
v -2.498914 7.925795 -0.803954
v -2.637090 10.795882 -0.812168
v -2.498914 7.937091 -1.337289
v -2.637091 10.809528 -1.456378
v -1.354683 8.012853 -0.270236
v -1.141637 10.721780 -0.174015
v -1.413076 8.049311 -1.870188
v -1.141637 10.762715 -2.106645
v -0.738457 7.998982 -0.894456
v -0.738457 8.008367 -1.337480
v -0.348436 10.714211 -1.463173
v -0.348436 10.696218 -0.613623
v -1.983486 8.074378 -1.869657
v -1.830630 10.792994 -2.106004
v -1.991094 7.892179 -0.271091
v -1.830630 10.751959 -0.168600
v -2.914034 11.907701 -1.404018
v -1.114416 12.319334 -2.000607
v -0.443754 11.919642 -1.435816
v -2.089242 12.247433 -1.998339
v -2.556302 6.419084 -0.953578
v -2.556302 6.427824 -1.366180
v -1.588706 6.302195 -0.387617
v -1.609806 6.333583 -1.825667
v -1.003016 7.060977 -0.901200
v -1.003016 7.068584 -1.260388
v -2.115152 6.365988 -1.839615
v -2.145036 6.389513 -0.411213
v -2.511278 9.540274 -0.843508
v -2.511278 9.553363 -1.461424
v -1.147015 9.507613 -2.045092
v -1.085732 9.465654 -0.191397
v -0.381935 9.460902 -1.427886
v -0.381935 9.447813 -0.809969
v -1.807887 9.498142 -0.226206
v -1.807887 9.536656 -2.044476
v -1.189683 6.286833 -0.490613
v -1.189944 6.311049 -1.633249
v -0.973524 6.286126 -0.905900
v -0.973524 6.295382 -1.342856
v -2.810623 4.755156 -1.047422
v -2.810623 4.765419 -1.531989
v -1.448335 4.808209 -0.663630
v -1.448335 4.833055 -1.836631
v -1.254291 4.823831 -0.989715
v -1.254291 4.835349 -1.533501
v -1.773068 4.822303 -2.017564
v -2.291846 4.798994 -2.017060
v -2.291846 4.768201 -0.563360
v -1.773068 4.791512 -0.563864
v -2.459591 1.181636 -0.968717
v -2.459591 1.188453 -1.240573
v -1.555733 1.069106 -0.799256
v -1.555733 1.084457 -1.411455
v -1.426987 1.181085 -0.969529
v -1.426987 1.187902 -1.241385
v -1.771188 0.807791 -1.512971
v -2.115390 0.822918 -1.512701
v -2.115390 0.802467 -0.697130
v -1.771188 0.787341 -0.697401
v -2.590315 6.294808 -1.385239
v -2.590315 6.285306 -0.936656
v -1.199646 5.686549 -1.300807
v -1.379872 5.700680 -1.593883
v -1.674749 5.850038 -1.821665
v -2.141396 6.168401 -1.869449
v -1.302759 5.675667 -0.573064
v -1.199646 5.679215 -0.954556
v -1.583565 6.091785 -0.442494
v -2.058360 6.249499 -0.406408
v -1.534232 1.730704 -1.447443
v -1.771565 1.738163 -1.551052
v -2.529868 1.745520 -1.273028
v -2.529868 1.738013 -0.995564
v -1.392413 1.723225 -1.273867
v -2.150717 1.745596 -1.550772
v -1.534232 1.713452 -0.809797
v -1.392413 1.715467 -0.987122
v -1.771565 1.715643 -0.718660
v -2.150717 1.723074 -0.718380
v -1.544982 1.350644 -1.475537
v -2.494730 1.318461 -1.276414
v -1.409700 1.329553 -1.278664
v -1.544982 1.289246 -0.758641
v -1.771377 1.242019 -0.647990
v -2.494730 1.291486 -0.961452
v -1.771377 1.322944 -1.592876
v -2.133054 1.334190 -1.592127
v -1.409700 1.302105 -0.958180
v -2.133053 1.253265 -0.647240
v -0.738908 6.203782 -1.344904
v -1.129282 6.217914 -1.722091
v -1.052168 6.192901 -0.408301
v -0.738908 6.196448 -0.899279
v -0.611044 6.851402 -1.413085
v -1.001418 6.865533 -1.798377
v -0.924304 6.840521 -0.353281
v -0.611044 6.844068 -0.875775
v -2.498914 7.925795 0.803954
v -2.637090 10.795881 0.812168
v -2.498914 7.937092 1.337289
v -2.637090 10.809527 1.456378
v -1.354683 8.012854 0.270236
v -1.141637 10.721780 0.174015
v -1.413076 8.049311 1.870188
v -1.141637 10.762715 2.106645
v -0.738457 7.998983 0.894457
v -0.738457 8.008368 1.337481
v -0.348436 10.714211 1.463173
v -0.348436 10.696217 0.613623
v -1.983486 8.074379 1.869657
v -1.830629 10.792994 2.106004
v -1.991093 7.892181 0.271091
v -1.830629 10.751958 0.168600
v -2.914033 11.907700 1.404018
v -1.114416 12.319334 2.000607
v -0.443754 11.919642 1.435816
v -2.089242 12.247433 1.998339
v -2.556301 6.419084 0.953578
v -2.556301 6.427824 1.366180
v -1.588706 6.302195 0.387617
v -1.609806 6.333583 1.825667
v -1.003016 7.060977 0.901200
v -1.003016 7.068585 1.260388
v -2.115152 6.365988 1.839615
v -2.145036 6.389514 0.411213
v -2.511278 9.540274 0.843508
v -2.511278 9.553362 1.461424
v -1.147015 9.507612 2.045092
v -1.085732 9.465654 0.191397
v -0.381935 9.460901 1.427886
v -0.381935 9.447812 0.809969
v -1.807887 9.498142 0.226206
v -1.807887 9.536655 2.044476
v -1.189682 6.286833 0.490613
v -1.189943 6.311047 1.633249
v -0.973524 6.286125 0.905900
v -0.973524 6.295381 1.342857
v -2.810623 4.755155 1.047422
v -2.810623 4.765419 1.531989
v -1.448335 4.808208 0.663630
v -1.448335 4.833055 1.836631
v -1.254291 4.823831 0.989715
v -1.254291 4.835349 1.533501
v -1.773068 4.822302 2.017564
v -2.291846 4.798993 2.017060
v -2.291846 4.768200 0.563360
v -1.773068 4.791511 0.563864
v -2.459591 1.181635 0.968717
v -2.459591 1.188452 1.240573
v -1.555733 1.069105 0.799256
v -1.555733 1.084456 1.411455
v -1.426987 1.181084 0.969529
v -1.426987 1.187902 1.241385
v -1.771188 0.807790 1.512971
v -2.115390 0.822917 1.512701
v -2.115390 0.802466 0.697131
v -1.771188 0.787340 0.697401
v -2.590315 6.294807 1.385240
v -2.590315 6.285305 0.936656
v -1.199646 5.686547 1.300807
v -1.379872 5.700679 1.593883
v -1.674749 5.850037 1.821665
v -2.141396 6.168400 1.869449
v -1.302759 5.675666 0.573064
v -1.199646 5.679213 0.954556
v -1.583565 6.091784 0.442494
v -2.058360 6.249499 0.406408
v -1.534232 1.730703 1.447443
v -1.771565 1.738163 1.551052
v -2.529868 1.745519 1.273028
v -2.529868 1.738012 0.995564
v -1.392413 1.723225 1.273867
v -2.150717 1.745595 1.550772
v -1.534232 1.713451 0.809797
v -1.392413 1.715466 0.987122
v -1.771565 1.715642 0.718659
v -2.150717 1.723074 0.718380
v -1.544982 1.350644 1.475537
v -2.494730 1.318460 1.276414
v -1.409700 1.329552 1.278664
v -1.544982 1.289245 0.758641
v -1.771377 1.242019 0.647990
v -2.494730 1.291485 0.961452
v -1.771376 1.322943 1.592876
v -2.133054 1.334190 1.592126
v -1.409700 1.302104 0.958180
v -2.133054 1.253265 0.647240
v -0.738908 6.203780 1.344904
v -1.129282 6.217911 1.722091
v -1.052168 6.192899 0.408301
v -0.738908 6.196446 0.899280
v -0.611044 6.851401 1.413085
v -1.001418 6.865532 1.798377
v -0.924304 6.840519 0.353280
v -0.611044 6.844067 0.875775
v -0.304042 12.014959 0.893166
v -0.304042 12.014959 -0.893165
v -0.302611 11.678301 -0.000000
v -2.144389 17.694387 1.634000
v -1.127849 17.694387 1.634000
v -1.127849 18.710960 1.634000
v -2.144389 18.710958 1.634000
v -1.411311 18.877117 1.634000
v -1.860928 18.877117 1.634000
v -1.860928 17.528233 1.634000
v -1.411311 17.528233 1.634000
v -2.310541 18.427486 1.634000
v -2.310541 17.977858 1.634000
v -0.961694 17.977859 1.634000
v -0.961694 18.427488 1.634000
v -1.411311 18.427486 1.345365
v -1.411311 17.977861 1.345365
v -1.860928 18.427486 1.345365
v -1.860928 17.977861 1.345365
vn -0.5057 -0.8627 -0.0000
vn -0.8627 0.5057 -0.0000
vn 0.5057 0.8627 -0.0000
vn 0.8627 -0.5057 -0.0000
vn -0.1215 -0.2073 0.9707
vn -0.3506 0.3506 0.8684
vn 0.7515 0.3560 0.5555
vn 0.1385 0.5558 0.8197
vn -0.2474 -0.0000 0.9689
vn 0.2073 -0.1215 0.9707
vn -0.5057 0.8627 -0.0000
vn 0.5057 -0.8627 -0.0000
vn -0.2073 0.1215 0.9707
vn -0.2073 -0.1215 0.9707
vn -0.1215 0.2073 0.9707
vn 0.1215 -0.2073 0.9707
vn 0.1385 -0.5558 0.8197
vn -0.0000 -0.0000 1.0000
vn 0.7515 -0.3560 0.5555
vn 0.8417 -0.0000 0.5399
vn -0.3506 -0.3506 0.8684
vn -0.4537 -0.0000 0.8912
vn -0.0000 0.2474 0.9689
vn 0.2073 0.1215 0.9707
vn 0.8627 0.5057 -0.0000
vn 1.0000 -0.0000 -0.0000
vn -0.8627 -0.5057 -0.0000
vn -1.0000 -0.0000 -0.0000
vn 0.2474 -0.0000 0.9689
vn 0.1215 0.2073 0.9707
vn -0.0000 -0.2474 0.9689
vn -0.0000 -1.0000 -0.0000
vn -0.0000 1.0000 -0.0000
vn -0.4915 -0.8709 0.0008
vn -0.4915 0.8709 0.0008
vn 0.8709 -0.4915 -0.0014
vn 0.8709 0.4915 -0.0014
vn 1.0000 -0.0000 -0.0016
vn 0.4915 -0.8709 -0.0008
vn -0.4402 0.4401 -0.7826
vn 0.5784 -0.0000 0.8157
vn -0.5784 -0.0000 0.8157
vn -0.0000 0.5784 -0.8157
vn -0.0000 -0.5784 -0.8157
vn 0.4402 0.4401 -0.7827
vn 0.4401 -0.4401 -0.7827
vn -0.4401 -0.4401 -0.7827
vn 0.5120 -0.8589 -0.0129
vn -0.0000 -1.0000 -0.0057
vn -0.5120 -0.8589 -0.0050
vn -0.8590 -0.5120 -0.0023
vn 0.7898 -0.0000 0.6133
vn 0.6734 -0.3947 0.6251
vn 0.3947 -0.6734 0.6251
vn -0.0000 -0.7898 0.6133
vn -0.3947 -0.6734 0.6251
vn -0.6734 -0.3947 0.6251
vn -0.7898 -0.0000 0.6133
vn 0.8588 -0.5120 -0.0155
vn 0.6734 -0.3947 -0.6251
vn -0.9999 -0.0000 0.0134
vn -0.8588 -0.5120 0.0155
vn -0.5120 -0.8589 0.0129
vn -0.0000 -1.0000 0.0057
vn 0.5120 -0.8590 0.0050
vn 0.8590 -0.5120 0.0023
vn 1.0000 -0.0000 -0.0020
vn -0.6734 -0.3947 -0.6251
vn -0.3947 -0.6734 -0.6251
vn -0.0000 -0.7898 -0.6133
vn 0.3947 -0.6734 -0.6251
vn 0.0202 -0.0000 -0.9998
vn 0.0169 -0.0100 -0.9998
vn -0.0244 -0.0000 -0.9997
vn -0.0198 0.0118 -0.9997
vn 0.0001 0.0221 -0.9998
vn 0.0104 0.0174 -0.9998
vn 0.0001 -0.0221 -0.9998
vn -0.0112 -0.0191 -0.9998
vn 0.0169 0.0100 -0.9998
vn -0.0112 0.0191 -0.9998
vn -0.0198 -0.0118 -0.9997
vn 0.0104 -0.0174 -0.9998
vn 0.0258 -0.0442 -0.9987
vn 0.0427 -0.0248 -0.9988
vn 0.0427 0.0248 -0.9988
vn 0.0258 0.0442 -0.9987
vn -0.0631 -0.0000 -0.9980
vn -0.0286 0.0495 -0.9984
vn 0.0001 -0.0559 -0.9984
vn -0.0515 0.0300 -0.9982
vn -0.0515 -0.0300 -0.9982
vn 0.0503 -0.0000 -0.9987
vn -0.0286 -0.0495 -0.9984
vn 0.0001 0.0559 -0.9984
vn 0.4915 0.8709 -0.0008
vn -1.0000 -0.0000 0.0016
vn -0.8709 -0.4915 0.0014
vn -0.8709 0.4915 0.0014
vn -0.0000 1.0000 0.0001
vn 1.0000 0.0034 0.0012
vn -0.0000 -0.0000 -1.0000
vn 1.0000 -0.0028 0.0012
vn 0.3667 0.3667 -0.8550
vn 0.4396 -0.4396 0.7833
vn -0.4396 -0.4396 0.7833
vn -0.0000 -0.5776 0.8163
vn -0.3667 0.3667 -0.8550
vn -0.0000 0.4757 -0.8796
vn -0.0000 -0.4757 -0.8796
vn -0.0000 -0.8171 0.5764
vn -0.3667 -0.3667 -0.8550
vn -0.4757 -0.0000 -0.8796
vn -0.0000 0.5776 0.8163
vn -0.4396 0.4396 0.7833
vn -0.5776 -0.0000 0.8163
vn 0.4396 0.4396 0.7833
vn 0.5776 -0.0000 0.8163
vn 0.3667 -0.3667 -0.8550
vn 0.4757 -0.0000 -0.8796
vn 0.2509 -0.0000 -0.9680
vn 0.1233 0.2103 -0.9698
vn -0.2103 -0.1233 0.9698
vn 0.1233 -0.2103 -0.9698
vn 0.2103 -0.1233 0.9698
vn -0.2103 -0.1233 -0.9698
vn -0.0000 -0.2509 0.9680
vn 0.2103 -0.1233 -0.9698
vn -0.2509 -0.0000 0.9680
vn -0.0000 -0.2509 -0.9680
vn -0.1233 -0.2103 0.9698
vn -0.2509 -0.0000 -0.9680
vn -0.0000 0.8171 0.5764
vn 0.8171 -0.0000 0.5764
vn -0.8171 -0.0000 0.5764
vn 0.1233 -0.2103 0.9698
vn -0.0000 0.2509 -0.9680
vn 0.1233 0.2103 0.9698
vn 0.2509 -0.0000 0.9680
vn -0.2103 0.1233 -0.9698
vn -0.0000 0.2509 0.9680
vn 0.2103 0.1233 -0.9698
vn -0.2103 0.1233 0.9698
vn -0.1233 0.2103 -0.9698
vn 0.2103 0.1233 0.9698
vn -0.1233 -0.2103 -0.9698
vn -0.1233 0.2103 0.9698
vn -1.0000 0.0001 -0.0000
vn 1.0000 -0.0002 -0.0000
vn 0.9541 -0.1128 -0.2773
vn 0.6140 -0.2264 -0.7562
vn 0.3670 -0.2454 -0.8973
vn -0.4166 -0.2502 -0.8740
vn -0.8417 -0.2317 -0.4878
vn -0.9542 -0.1997 -0.2229
vn 0.9486 -0.0416 -0.3137
vn -0.4197 -0.1017 -0.9019
vn 0.6041 -0.0701 -0.7939
vn -0.8038 -0.0671 -0.5911
vn 0.3944 -0.1029 -0.9131
vn -0.9795 -0.0416 -0.1970
vn -0.9386 0.2980 -0.1738
vn 0.7268 0.0737 -0.6829
vn -0.8823 0.0951 -0.4610
vn 0.8766 0.4294 -0.2173
vn 0.4773 -0.0000 0.8787
vn 0.7661 0.6297 -0.1284
vn -0.6312 0.7668 -0.1166
vn 0.9834 -0.0000 0.1816
vn 0.6180 0.7802 -0.0967
vn -0.6173 0.7865 -0.0187
vn 0.0650 0.9879 -0.1409
vn -0.0935 0.9880 -0.1232
vn -0.9603 -0.0000 0.2790
vn -0.9991 -0.0000 0.0425
vn -0.0567 0.9984 0.0011
vn -0.0153 -0.0000 0.9999
vn 0.5372 -0.0000 -0.8435
vn -0.5582 -0.0000 -0.8297
vn -0.0537 -0.9986 -0.0010
vn 0.9991 -0.0000 0.0433
vn 0.0567 -0.9984 -0.0011
vn 0.0537 0.9986 0.0010
vn 0.9991 0.0086 -0.0425
vn -0.5359 -0.1677 0.8275
vn 0.5568 -0.1650 0.8141
vn 0.9990 -0.0088 0.0433
vn 0.6755 0.0424 -0.7361
vn -0.7512 -0.0000 -0.6600
vn 0.9383 0.0228 -0.3450
vn -0.9809 -0.0000 -0.1947
vn 0.0153 -0.0000 -0.9999
vn 0.7071 0.0120 -0.7070
vn 0.9541 -0.1128 0.2773
vn 0.6140 -0.2264 0.7562
vn 0.3670 -0.2454 0.8972
vn -0.4166 -0.2502 0.8740
vn -0.8417 -0.2317 0.4878
vn -0.9542 -0.1997 0.2229
vn 0.9486 -0.0416 0.3137
vn -0.4197 -0.1017 0.9019
vn 0.6041 -0.0701 0.7939
vn -0.8038 -0.0671 0.5911
vn 0.3944 -0.1029 0.9131
vn -0.9795 -0.0416 0.1970
vn -0.9386 0.2980 0.1738
vn 0.7268 0.0737 0.6829
vn -0.8823 0.0951 0.4610
vn 0.8766 0.4294 0.2173
vn 0.4773 -0.0000 -0.8787
vn 0.7662 0.6297 0.1284
vn -0.6312 0.7668 0.1166
vn 0.9834 -0.0000 -0.1816
vn 0.6180 0.7802 0.0967
vn -0.6173 0.7865 0.0187
vn 0.0650 0.9879 0.1409
vn -0.0935 0.9880 0.1232
vn -0.9603 -0.0000 -0.2790
vn -0.9991 -0.0000 -0.0425
vn -0.0567 0.9984 -0.0011
vn -0.0153 -0.0000 -0.9999
vn 0.5372 -0.0000 0.8435
vn -0.5582 -0.0000 0.8297
vn -0.0537 -0.9986 0.0010
vn 0.9991 -0.0000 -0.0433
vn 0.0567 -0.9984 0.0011
vn 0.0537 0.9986 -0.0010
vn 0.9991 0.0086 0.0425
vn -0.5359 -0.1677 -0.8275
vn 0.5568 -0.1650 -0.8141
vn 0.9990 -0.0088 -0.0433
vn 0.6755 0.0424 0.7361
vn -0.7512 -0.0000 0.6600
vn 0.9383 0.0228 0.3450
vn -0.9809 -0.0000 0.1947
vn 0.0153 -0.0000 0.9999
vn 0.7071 0.0120 0.7070
vn 0.7533 -0.0293 0.6570
vn -0.1255 -0.0000 0.9921
vn -0.5995 -0.0000 -0.8004
vn 0.1605 -0.0062 -0.9870
vn -0.2233 -0.9457 -0.2363
vn 0.1008 0.0368 0.9942
vn 0.7759 0.0990 0.6231
vn -0.2151 -0.9620 0.1679
vn -0.1680 -0.9858 -0.0000
vn -0.7317 -0.0000 0.6817
vn 0.7526 -0.0293 -0.6578
vn 0.9488 -0.3158 -0.0000
vn 0.9388 -0.3444 -0.0000
vn 0.8014 -0.2873 -0.5246
vn 0.7933 -0.1459 -0.5911
vn -0.4720 -0.8816 -0.0000
vn -0.7333 -0.6799 -0.0000
vn -0.3512 -0.8457 0.4019
vn -0.5169 -0.6846 0.5139
vn 0.1015 -0.1509 -0.9833
vn 0.1436 -0.0485 -0.9884
vn -0.3038 -0.8121 -0.4982
vn -0.4353 -0.6525 -0.6202
vn -0.2378 -0.6791 0.6945
vn -0.1448 -0.4753 0.8678
vn 0.8021 -0.2874 0.5235
vn 0.7939 -0.1460 0.5903
vn 0.0822 -0.0769 0.9936
vn 0.0052 -0.2165 0.9763
vn 0.0207 -0.2347 -0.9718
vn -0.0236 -0.1689 -0.9853
vn -0.0878 -0.9961 0.0110
vn -0.0713 -0.9945 0.0762
vn 0.1518 0.9884 -0.0000
vn 0.1558 0.9876 -0.0167
vn 0.1561 0.9875 0.0197
vn -0.0748 -0.9942 -0.0778
vn 0.0852 -0.0319 -0.9959
vn 0.0983 -0.0322 0.9946
vn 0.2753 -0.0107 0.9613
vn 0.2988 -0.8666 -0.3996
vn 0.4762 -0.7562 0.4487
vn 0.5195 -0.8526 -0.0574
vn 0.2935 -0.1566 0.9430
vn 0.2653 -0.0374 0.9634
vn -0.0000 -0.1030 -0.9947
vn 0.0565 -0.1322 -0.9896
vn -0.9998 0.0153 0.0135
vn 0.2738 0.0167 0.9616
vn 0.9857 0.1662 0.0266
vn -0.1644 -0.0000 -0.9864
vn -0.2668 -0.6639 -0.6986
vn -0.1793 -0.4512 -0.8742
vn 0.0233 -0.2337 0.9720
vn -0.0478 -0.3120 0.9489
vn -0.5241 -0.8517 -0.0000
vn -0.5193 -0.8354 0.1800
vn -0.5221 -0.8303 -0.1952
vn 0.0902 -0.0338 0.9953
vn -0.0000 0.0853 -0.9964
vn 0.7619 0.1412 -0.6321
vn 0.1556 0.0756 -0.9849
vn -0.7533 0.0293 0.6570
vn 0.1255 -0.0000 0.9921
vn 0.5995 -0.0000 -0.8004
vn -0.1605 0.0062 -0.9870
vn 0.2233 0.9457 -0.2363
vn -0.1008 -0.0368 0.9942
vn -0.7758 -0.0990 0.6231
vn 0.2151 0.9620 0.1679
vn 0.1680 0.9858 -0.0000
vn 0.7317 -0.0000 0.6817
vn -0.7526 0.0293 -0.6578
vn -0.9218 0.3876 -0.0000
vn -0.9388 0.3444 -0.0000
vn -0.7824 0.3543 -0.5122
vn -0.7933 0.1459 -0.5911
vn 0.4720 0.8816 -0.0000
vn 0.7333 0.6799 -0.0000
vn 0.3512 0.8457 0.4019
vn 0.5169 0.6846 0.5139
vn -0.1035 0.1879 -0.9767
vn -0.1436 0.0485 -0.9884
vn 0.3038 0.8121 -0.4982
vn 0.4353 0.6525 -0.6202
vn 0.2378 0.6791 0.6945
vn 0.1448 0.4753 0.8678
vn -0.7830 0.3545 0.5111
vn -0.7939 0.1460 0.5903
vn -0.0822 0.0769 0.9936
vn -0.0038 0.2665 0.9638
vn -0.0207 0.2347 -0.9718
vn 0.0286 0.2030 -0.9788
vn 0.9711 -0.0753 0.2265
vn -0.7929 -0.0303 0.6087
vn -0.1518 -0.9884 -0.0000
vn -0.1558 -0.9876 -0.0167
vn -0.1561 -0.9875 0.0197
vn 0.9987 -0.0505 -0.0000
vn -0.0852 0.0319 -0.9959
vn -0.0983 0.0322 0.9946
vn -0.2753 0.0107 0.9613
vn -0.1070 0.1196 -0.9870
vn -0.3543 -0.0898 0.9308
vn -0.7871 0.1100 -0.6069
vn -0.2942 0.1947 0.9357
vn -0.2653 0.0374 0.9634
vn -0.0000 0.1030 -0.9947
vn -0.0553 0.1640 -0.9849
vn 0.9998 -0.0153 0.0135
vn -0.2738 -0.0167 0.9616
vn -0.9857 -0.1662 0.0266
vn 0.1644 -0.0000 -0.9864
vn 0.2668 0.6639 -0.6986
vn 0.1793 0.4512 -0.8742
vn -0.0233 0.2337 0.9720
vn 0.0562 0.3691 0.9277
vn 0.5028 0.8644 -0.0000
vn 0.4593 0.8411 0.2855
vn 0.4633 0.8310 -0.3077
vn -0.0902 0.0338 0.9953
vn -0.0000 -0.0853 -0.9964
vn -0.7619 -0.1412 -0.6321
vn -0.1556 -0.0756 -0.9849
vn -0.0289 0.9996 -0.0036
vn 0.0131 0.9573 0.2888
vn 0.0004 0.9528 -0.3037
vn -0.2988 0.8666 -0.3996
vn -0.4762 0.7562 0.4487
vn -0.5195 0.8526 -0.0574
vn 0.0392 -0.1168 0.9924
vn -0.0521 0.1174 -0.9917
vn -0.9987 0.0505 -0.0000
vn 0.9783 -0.0257 -0.2055
vn -0.9711 0.2334 0.0501
vn 0.1537 0.1530 0.9762
vn -0.4338 0.8382 0.3307
vn 0.3638 0.8825 0.2980
vn 0.0762 0.9924 0.0970
vn -0.0632 0.9933 0.0970
vn -0.5294 -0.8268 0.1903
vn -0.1158 -0.9932 0.0063
vn 0.0297 -0.9970 0.0710
vn 0.2303 -0.9348 0.2705
vn 0.9930 -0.0536 0.1057
vn -0.4374 0.0082 0.8992
vn -0.4116 -0.2249 0.8832
vn 0.4603 -0.1086 0.8811
vn 0.4978 -0.1732 0.8498
vn 0.3662 0.9208 0.1339
vn -0.0791 -0.8330 -0.5476
vn -0.1076 -0.9896 -0.0952
vn -0.0572 -0.9468 -0.3168
vn -0.1155 -0.9618 -0.2482
vn -0.0757 -0.9858 -0.1499
vn -0.0866 -0.9485 -0.3047
vn -0.1675 -0.9686 -0.1838
vn -0.2687 -0.9450 -0.1867
vn -0.0580 0.9952 0.0785
vn -0.0151 0.9877 0.1555
vn -0.0260 0.9963 0.0817
vn -0.0277 0.9823 0.1853
vn 0.2760 0.9553 0.1062
vn 0.2830 0.9444 0.1673
vn -0.1545 0.9861 0.0616
vn -0.1921 0.9668 0.1683
vn -0.8810 0.1359 0.4532
vn -0.9680 0.1615 0.1920
vn 0.7592 -0.2851 0.5850
vn 0.9221 -0.3298 0.2023
vn 0.9697 0.1363 0.2028
vn 0.4268 -0.9011 0.0769
vn 0.3487 0.8641 0.3631
vn 0.3927 -0.8332 0.3894
vn -0.7908 -0.0000 -0.6121
vn 0.9381 0.2633 0.2250
vn 0.7736 0.1841 0.6064
vn -0.8977 -0.4303 0.0943
vn -0.8445 -0.3065 0.4391
vn 0.4725 0.1951 0.8595
vn -0.0503 -0.5310 -0.8459
vn 0.0261 -0.5700 -0.8213
vn -0.0222 -0.5672 -0.8233
vn -0.0688 -0.7048 -0.7061
vn 0.6305 -0.0248 0.7758
vn -0.5303 -0.0000 0.8478
vn -0.5694 -0.0542 0.8202
vn 0.9717 0.2035 0.1198
vn 0.1504 -0.1633 0.9750
vn -0.6938 -0.7188 -0.0451
vn 0.1038 0.7428 -0.6614
vn 0.8690 0.1315 -0.4770
vn -0.6237 -0.0423 -0.7805
vn -0.0000 0.9978 0.0660
vn -0.0689 0.7904 -0.6087
vn 0.0001 -0.8335 -0.5525
vn 0.7738 0.0525 -0.6312
vn -0.0000 -0.8335 -0.5525
vn -0.0000 -0.9933 -0.1156
vn 0.0001 0.6052 -0.7961
vn -0.0000 -0.8336 -0.5523
vn -0.6975 0.0013 -0.7166
vn -1.0000 -0.0000 -0.0001
vn -0.9292 0.1989 -0.3115
vn 0.6207 -0.0462 -0.7827
vn -0.7816 0.0582 -0.6211
vn -0.0395 0.6526 -0.7567
vn 1.0000 -0.0000 0.0001
vn 0.6933 -0.0014 -0.7207
vn -0.0000 -0.9969 -0.0791
vn -0.0000 0.9573 0.2891
vn -0.0000 0.9952 0.0978
vn -0.0000 0.9973 0.0732
vn -0.0000 -0.9946 -0.1042
vn -0.0000 -0.9881 -0.1538
vn -0.0000 -0.9995 -0.0327
vn -0.0000 -0.9997 -0.0245
vn -0.0000 -0.9961 -0.0878
vn -0.0000 0.9481 0.3180
vn -0.0000 0.9129 0.4082
vn -0.0000 -0.9961 -0.0877
vn -0.0000 -0.9932 -0.1167
vn -0.0001 0.9481 0.3180
vn -0.9999 -0.0006 0.0114
vn 1.0000 -0.0049 -0.0084
vn -0.0000 -0.9990 -0.0457
vn -1.0000 0.0049 0.0084
vn 0.0001 0.9589 -0.2837
vn -0.0000 0.9663 -0.2575
vn -0.0000 -0.9998 -0.0221
vn -0.0000 0.9589 -0.2837
vn -0.0000 0.9302 -0.3670
vn -0.0000 -0.9998 0.0186
vn -0.0000 0.9728 0.2316
vn 0.9999 -0.0103 -0.0024
vn -0.0000 0.9999 0.0152
vn -0.0000 0.9998 0.0203
vn -0.9999 0.0085 0.0105
vn 0.9999 0.0006 -0.0114
vn -0.0000 -0.9981 -0.0609
vn 0.9999 -0.0048 -0.0124
vn -0.0000 0.9999 0.0137
vn -0.0000 -0.9992 -0.0412
vn 0.0001 0.9465 -0.3226
vn -0.0000 -0.9964 0.0850
vn -0.9998 0.0170 -0.0060
vn -0.9999 0.0104 0.0016
vn -0.0000 -0.9998 0.0207
vn 0.9999 -0.0104 -0.0017
vn -0.0000 0.9668 0.2556
vn -0.0002 0.9431 0.3325
vn -0.0000 -0.9998 0.0206
vn -0.9998 0.0170 0.0057
vn -0.0000 -0.9996 0.0275
vn -0.0001 0.9668 0.2556
vn -0.0000 0.9826 -0.1858
vn -0.9999 -0.0021 -0.0133
vn 0.9999 -0.0071 0.0109
vn -0.0000 -0.9998 0.0184
vn 0.9999 -0.0107 0.0062
vn -0.0000 0.9560 -0.2933
vn 1.0000 -0.0005 0.0033
vn -0.0000 -0.9983 0.0575
vn -1.0000 0.0005 -0.0033
vn -0.9999 0.0108 -0.0042
vn -0.0000 -0.9980 0.0639
vn 0.9999 -0.0105 0.0024
vn -0.0000 0.9466 -0.3224
vn 0.0003 0.9105 -0.4136
vn -0.0000 -0.9980 0.0640
vn 0.0001 0.0003 -1.0000
vn 0.0001 -0.0005 -1.0000
vn -0.0000 -0.0004 -1.0000
vn 0.0001 -0.0006 -1.0000
vn 0.0001 0.9824 -0.1869
vn -0.9999 0.0120 -0.0108
vn 0.9999 0.0021 0.0133
vn -0.0000 -0.9998 0.0190
vn 0.9999 -0.0084 0.0125
vn -0.0000 0.9858 -0.1679
vn 0.9999 -0.0014 0.0148
vn -0.0000 -0.9999 0.0166
vn -0.9999 0.0014 -0.0148
vn -0.9999 0.0082 -0.0110
vn 0.0206 -0.9934 -0.1125
vn 0.9951 -0.0000 0.0989
vn 0.9606 -0.1678 0.2216
vn 0.3098 0.9508 0.0012
vn -0.7638 -0.0774 -0.6408
vn 0.2989 -0.9537 -0.0344
vn 0.0488 0.9988 0.0045
vn -0.9654 0.2172 -0.1446
vn -0.9888 0.0964 -0.1142
vn 0.0949 0.9899 -0.1050
vn -0.9887 -0.0974 -0.1137
vn 0.9976 -0.0000 0.0687
vn -0.0146 -0.9999 -0.0013
vn -0.9649 -0.2215 -0.1413
vn -0.0143 -0.9999 -0.0013
vn -0.9902 -0.1184 0.0736
vn 0.1141 0.9934 -0.0149
vn -0.9683 0.2174 -0.1230
vn 0.0498 0.9987 0.0044
vn -0.9675 -0.2227 -0.1199
vn -0.0512 0.0225 -0.9984
vn 0.0033 0.0326 -0.9995
vn 0.9977 -0.0000 -0.0685
vn -0.0624 -0.9969 -0.0479
vn 0.9977 0.0001 -0.0685
vn -0.9904 0.1115 0.0821
vn 0.9711 -0.2334 0.0501
vn -0.1537 -0.1530 0.9762
vn 0.4337 -0.8382 0.3307
vn -0.3638 -0.8825 0.2980
vn -0.0762 -0.9924 0.0970
vn 0.0632 -0.9933 0.0970
vn 0.5294 0.8268 0.1903
vn 0.1158 0.9932 0.0063
vn -0.0297 0.9970 0.0710
vn -0.2303 0.9348 0.2705
vn -0.9930 0.0536 0.1057
vn 0.4374 -0.0082 0.8992
vn 0.4116 0.2249 0.8832
vn -0.4603 0.1086 0.8811
vn -0.4978 0.1732 0.8498
vn -0.3662 -0.9208 0.1339
vn 0.0791 0.8330 -0.5476
vn 0.1076 0.9896 -0.0952
vn 0.0572 0.9468 -0.3168
vn 0.1155 0.9618 -0.2482
vn 0.0757 0.9858 -0.1499
vn 0.0866 0.9485 -0.3047
vn 0.1675 0.9686 -0.1838
vn 0.2687 0.9450 -0.1867
vn 0.0581 -0.9952 0.0785
vn 0.0151 -0.9877 0.1555
vn 0.0260 -0.9963 0.0817
vn 0.0277 -0.9823 0.1853
vn -0.2760 -0.9553 0.1062
vn -0.2829 -0.9444 0.1673
vn 0.1545 -0.9861 0.0616
vn 0.1921 -0.9668 0.1683
vn 0.8810 -0.1359 0.4532
vn 0.9680 -0.1615 0.1920
vn -0.7592 0.2851 0.5850
vn -0.9221 0.3298 0.2023
vn -0.9697 -0.1363 0.2028
vn -0.4268 0.9011 0.0769
vn -0.3487 -0.8641 0.3631
vn -0.3926 0.8332 0.3894
vn 0.7908 -0.0000 -0.6121
vn -0.9381 -0.2633 0.2250
vn -0.7736 -0.1841 0.6064
vn 0.8977 0.4303 0.0943
vn 0.8445 0.3065 0.4391
vn -0.4725 -0.1951 0.8595
vn 0.0503 0.5310 -0.8459
vn -0.0261 0.5700 -0.8213
vn 0.0222 0.5672 -0.8233
vn 0.0688 0.7048 -0.7060
vn -0.6305 0.0248 0.7758
vn 0.5303 -0.0000 0.8478
vn 0.5694 0.0542 0.8202
vn -0.9717 -0.2035 0.1198
vn -0.1504 0.1633 0.9750
vn 0.6938 0.7188 -0.0451
vn -0.1038 -0.7428 -0.6614
vn -0.8690 -0.1315 -0.4770
vn 0.6237 0.0423 -0.7805
vn -0.0000 -0.9978 0.0660
vn 0.0689 -0.7904 -0.6087
vn -0.0001 0.8335 -0.5525
vn -0.7738 -0.0525 -0.6312
vn -0.0000 0.8335 -0.5525
vn -0.0000 0.9933 -0.1156
vn -0.0001 -0.6052 -0.7961
vn -0.0000 0.8336 -0.5523
vn 0.6975 -0.0013 -0.7166
vn 1.0000 -0.0000 -0.0001
vn 0.9292 -0.1989 -0.3115
vn -0.6207 0.0462 -0.7827
vn 0.7816 -0.0582 -0.6211
vn 0.0395 -0.6526 -0.7567
vn -1.0000 -0.0000 0.0001
vn -0.6933 0.0014 -0.7207
vn -0.0000 0.9969 -0.0791
vn -0.0000 -0.9573 0.2891
vn -0.0000 -0.9952 0.0978
vn -0.0000 -0.9973 0.0732
vn -0.0000 0.9946 -0.1042
vn -0.0000 0.9881 -0.1538
vn -0.0000 0.9995 -0.0327
vn -0.0000 0.9997 -0.0245
vn -0.0000 0.9961 -0.0878
vn -0.0000 -0.9481 0.3180
vn -0.0000 -0.9129 0.4082
vn -0.0000 0.9961 -0.0877
vn -0.0000 0.9932 -0.1167
vn 0.0001 -0.9481 0.3180
vn 0.9999 0.0006 0.0114
vn -1.0000 0.0049 -0.0084
vn -0.0000 0.9990 -0.0457
vn 1.0000 -0.0049 0.0084
vn -0.0001 -0.9589 -0.2837
vn -0.0000 -0.9663 -0.2575
vn -0.0000 0.9998 -0.0221
vn -0.0000 -0.9589 -0.2837
vn -0.0000 -0.9302 -0.3670
vn -0.0000 0.9998 0.0186
vn -0.0000 -0.9728 0.2316
vn -0.9999 0.0103 -0.0024
vn -0.0000 -0.9999 0.0152
vn -0.0000 -0.9998 0.0203
vn 0.9999 -0.0085 0.0105
vn -0.9999 -0.0006 -0.0114
vn -0.0000 0.9981 -0.0609
vn -0.9999 0.0048 -0.0124
vn -0.0000 -0.9999 0.0137
vn -0.0000 0.9992 -0.0412
vn -0.0001 -0.9465 -0.3226
vn -0.0000 0.9964 0.0850
vn 0.9998 -0.0170 -0.0060
vn 0.9999 -0.0104 0.0017
vn -0.0000 0.9998 0.0207
vn -0.9999 0.0104 -0.0017
vn -0.0000 -0.9668 0.2556
vn 0.0002 -0.9431 0.3325
vn -0.0000 0.9998 0.0206
vn 0.9998 -0.0170 0.0057
vn -0.0000 0.9996 0.0275
vn 0.0001 -0.9668 0.2556
vn -0.0000 -0.9826 -0.1858
vn 0.9999 0.0021 -0.0133
vn -0.9999 0.0071 0.0109
vn -0.0000 0.9998 0.0184
vn -0.9999 0.0107 0.0062
vn -0.0000 -0.9560 -0.2933
vn -1.0000 0.0005 0.0033
vn -0.0000 0.9983 0.0575
vn 1.0000 -0.0005 -0.0033
vn 0.9999 -0.0108 -0.0042
vn -0.0000 0.9980 0.0638
vn -0.9999 0.0105 0.0024
vn -0.0000 -0.9466 -0.3224
vn -0.0003 -0.9105 -0.4136
vn -0.0000 0.9980 0.0640
vn -0.0001 -0.0003 -1.0000
vn -0.0001 0.0005 -1.0000
vn -0.0000 0.0004 -1.0000
vn -0.0001 0.0006 -1.0000
vn -0.0001 -0.9824 -0.1869
vn 0.9999 -0.0120 -0.0108
vn -0.9999 -0.0021 0.0133
vn -0.0000 0.9998 0.0190
vn -0.9999 0.0084 0.0125
vn -0.0000 -0.9858 -0.1679
vn -0.9999 0.0014 0.0148
vn -0.0000 0.9999 0.0166
vn 0.9999 -0.0014 -0.0148
vn 0.9999 -0.0082 -0.0110
vn -0.0206 0.9934 -0.1125
vn -0.9951 -0.0000 0.0989
vn -0.9606 0.1678 0.2216
vn -0.3098 -0.9508 0.0012
vn 0.7638 0.0774 -0.6408
vn -0.2989 0.9537 -0.0344
vn -0.0488 -0.9988 0.0045
vn 0.9654 -0.2172 -0.1446
vn 0.9888 -0.0964 -0.1142
vn -0.0949 -0.9899 -0.1050
vn 0.9887 0.0974 -0.1137
vn -0.9976 -0.0000 0.0687
vn 0.0146 0.9999 -0.0013
vn 0.9649 0.2215 -0.1413
vn 0.0143 0.9999 -0.0013
vn 0.9902 0.1184 0.0736
vn -0.1142 -0.9934 -0.0149
vn 0.9683 -0.2174 -0.1230
vn -0.0498 -0.9987 0.0044
vn 0.9675 0.2227 -0.1199
vn 0.0512 -0.0225 -0.9984
vn -0.0033 -0.0326 -0.9995
vn -0.9977 -0.0000 -0.0685
vn 0.0625 0.9969 -0.0479
vn -0.9977 -0.0001 -0.0685
vn 0.9904 -0.1115 0.0821
vn -0.0120 0.0277 0.9995
vn -0.0120 -0.0277 0.9995
vn -0.0058 -0.0059 1.0000
vn -0.0042 -0.0225 0.9997
vn -1.0000 -0.0000 0.0071
vn -0.8627 0.5057 0.0062
vn 1.0000 -0.0000 -0.0071
vn 0.8627 -0.5057 -0.0062
vn 0.5057 0.8627 -0.0036
vn -0.5057 -0.8627 0.0036
vn 0.8627 0.5057 -0.0062
vn 0.5057 -0.8627 -0.0036
vn -0.8627 -0.5057 0.0062
vn -0.5057 0.8627 0.0036
vn -0.0042 0.0225 0.9997
vn 0.4705 -0.8027 -0.3664
vn -0.1477 -0.7878 -0.5979
vn -0.0059 0.0059 1.0000
vn 0.7674 -0.2128 -0.6048
vn -0.0000 -1.0000 0.0001
vn 1.0000 -0.0000 -0.0052
vn -0.0048 -0.0000 -1.0000
vn -1.0000 -0.0000 0.0069
vn -0.0000 -1.0000 -0.0001
vn -1.0000 -0.0000 0.0052
vn 1.0000 0.0002 -0.0052
vn 0.3386 0.5776 0.7428
vn 0.5821 -0.0000 0.8131
vn -0.7604 0.4457 0.4723
vn 0.4964 -0.2910 0.8179
vn 0.5237 0.3070 0.7947
vn 0.3082 -0.5258 0.7929
vn -0.4228 0.7213 0.5486
vn -0.0000 -0.6862 0.7274
vn -0.7239 -0.4243 0.5439
vn -0.8941 -0.0000 0.4478
vn -0.3857 -0.6580 0.6467
vn -0.0000 0.7665 0.6422
vn 0.4915 0.8709 0.0007
vn 0.4915 -0.8709 0.0007
vn -0.8709 0.4915 -0.0013
vn -0.8709 -0.4915 -0.0013
vn -1.0000 -0.0000 -0.0015
vn -0.4915 0.8709 -0.0007
vn 0.4588 -0.4588 -0.7609
vn -0.6053 -0.0000 0.7960
vn 0.6052 -0.0000 0.7960
vn -0.0000 -0.6053 -0.7960
vn -0.0000 0.6053 -0.7960
vn -0.4588 -0.4588 -0.7609
vn -0.4588 0.4588 -0.7609
vn 0.4588 0.4588 -0.7609
vn -0.5120 0.8589 -0.0132
vn -0.0000 1.0000 -0.0058
vn 0.5120 0.8589 -0.0051
vn 0.8590 0.5120 -0.0024
vn -0.8099 -0.0000 0.5866
vn -0.6912 0.4051 0.5984
vn -0.4052 0.6912 0.5984
vn -0.0000 0.8099 0.5866
vn 0.4052 0.6912 0.5984
vn 0.6912 0.4052 0.5984
vn 0.8099 -0.0000 0.5865
vn -0.8588 0.5120 -0.0159
vn -0.6912 0.4052 -0.5984
vn 0.9999 -0.0000 0.0137
vn 0.8588 0.5120 0.0159
vn 0.5120 0.8589 0.0132
vn -0.0000 1.0000 0.0058
vn -0.5120 0.8589 0.0051
vn -0.8590 0.5120 0.0024
vn -1.0000 -0.0000 -0.0021
vn 0.6912 0.4051 -0.5984
vn 0.4051 0.6912 -0.5984
vn -0.0000 0.8099 -0.5865
vn -0.4051 0.6912 -0.5984
vn -0.0216 -0.0000 -0.9998
vn -0.0181 0.0107 -0.9998
vn 0.0261 -0.0000 -0.9997
vn 0.0212 -0.0126 -0.9997
vn -0.0001 -0.0237 -0.9997
vn -0.0111 -0.0186 -0.9998
vn -0.0001 0.0236 -0.9997
vn 0.0121 0.0204 -0.9997
vn -0.0181 -0.0107 -0.9998
vn 0.0121 -0.0204 -0.9997
vn 0.0212 0.0126 -0.9997
vn -0.0111 0.0186 -0.9998
vn -0.0576 0.0333 -0.9978
vn -0.0526 -0.0305 -0.9981
vn -0.0300 -0.0514 -0.9982
vn 0.0698 -0.0000 -0.9976
vn 0.0307 -0.0530 -0.9981
vn 0.0552 -0.0322 -0.9980
vn 0.0608 0.0354 -0.9975
vn -0.0655 -0.0000 -0.9979
vn -0.0001 -0.0617 -0.9981
vn -0.4915 -0.8709 -0.0007
vn 1.0000 -0.0000 0.0015
vn 0.8709 0.4915 0.0013
vn 0.8709 -0.4914 0.0013
vn -1.0000 -0.0034 0.0011
vn 1.0000 -0.0080 0.0024
vn -1.0000 0.0028 0.0011
vn 0.9999 0.0116 -0.0000
vn 0.8615 -0.5077 -0.0071
vn 0.9999 -0.0000 -0.0111
vn -1.0000 0.0001 -0.0002
vn -0.0000 -0.9998 -0.0193
vn -1.0000 0.0002 -0.0043
vn 1.0000 -0.0001 0.0025
vn 0.8627 0.5058 0.0003
vn -1.0000 -0.0000 -0.0003
vn -0.8627 -0.5057 -0.0002
vn -0.5057 0.8627 -0.0001
vn 0.5057 -0.8627 0.0001
vn -0.8626 0.5058 -0.0002
vn -0.5057 -0.8627 -0.0001
vn 0.8627 -0.5058 0.0003
vn 0.5057 0.8627 0.0001
vn 0.0040 -0.0000 1.0000
vn 1.0000 -0.0000 0.0002
vn 0.0080 -0.0000 1.0000
vn -0.8630 -0.5053 -0.0000
vn -0.5053 0.8630 -0.0000
vn -0.8630 0.5053 -0.0000
vn -0.5053 -0.8630 -0.0000
vn 0.8630 0.5053 -0.0000
vn 0.5053 -0.8630 -0.0000
vn 0.8629 -0.5053 -0.0000
vn 0.5053 0.8630 -0.0000
vn 0.5052 -0.8630 -0.0033
vn -0.5057 -0.8627 0.0006
vn -0.8627 -0.5057 0.0004
vn -1.0000 -0.0000 -0.0013
vn -0.8627 0.5057 -0.0044
vn -0.5057 0.8627 -0.0075
vn 0.8606 0.5092 -0.0123
vn 0.5056 0.8627 -0.0115
vn -0.0000 0.9999 -0.0110
vn 0.5041 0.8636 -0.0112
vn 0.8627 0.5057 -0.0113
vn -0.5057 0.8627 -0.0070
vn -0.8627 0.5057 -0.0041
vn -1.0000 -0.0000 -0.0012
vn 0.5057 -0.8627 -0.0034
vn 1.0000 -0.0000 -0.0093
vn 0.8627 -0.5057 -0.0065
vn 0.0004 -1.0000 -0.0003
vn -0.0005 -1.0000 -0.0003
vn -0.0000 -1.0000 -0.0007
vn -0.0000 -1.0000 -0.0005
vn -0.0003 -1.0000 -0.0006
vn 0.0003 -1.0000 -0.0006
vn -0.0000 0.8236 0.5672
vn -0.0000 1.0000 -0.0067
vn 0.0043 0.9999 -0.0101
vn -0.0051 0.9999 -0.0101
vn -0.0000 0.8463 0.5326
vn -0.0084 1.0000 -0.0050
vn 0.0068 1.0000 -0.0050
vn 0.0001 -0.0007 -1.0000
vn -0.0001 0.2044 -0.9789
vn 0.0761 0.1156 -0.9904
vn -0.0707 0.1043 -0.9920
vn -0.0002 -0.0004 -1.0000
vn 0.0920 0.0012 -0.9958
vn 0.0004 -0.0002 -1.0000
vn -0.0811 0.0040 -0.9967
vn -0.7623 -0.6472 -0.0000
vn 0.7129 -0.7012 -0.0000
vn 0.7187 0.6953 -0.0000
vn -0.0001 -1.0000 -0.0000
vn 0.9999 0.0161 -0.0000
vn -0.7624 0.6471 -0.0000
vn -0.9476 0.0003 -0.3195
vn 0.9476 -0.0002 -0.3195
vn 0.9476 -0.0001 0.3195
vn -0.9476 0.0003 0.3195
vn 1.0000 -0.0002 0.0002
vn -0.0000 0.9998 -0.0192
vn -0.0000 -0.9998 0.0188
vn -1.0000 0.0001 -0.0043
vn -1.0000 0.0001 -0.0003
vn 0.0002 -1.0000 0.0032
vn -0.0000 1.0000 -0.0032
vn 0.9476 -0.0003 -0.3195
vn -0.9476 0.0002 -0.3195
vn -0.9476 0.0001 0.3195
vn 0.9259 -0.1125 0.3607
vn -0.0417 0.9991 0.0120
vn -0.0379 -0.9993 -0.0000
vn -0.0379 0.9993 -0.0000
vn -0.0258 0.9997 -0.0000
vn -0.0503 0.9987 -0.0000
vn -0.0428 0.9990 -0.0160
vn -0.0258 -0.9997 -0.0000
vn -0.0503 -0.9987 -0.0000
vn -0.0428 -0.9990 -0.0160
vn -0.8206 -0.0000 -0.5716
vn -0.9477 -0.0000 0.3192
vn -0.0343 -0.9994 0.0057
vn -0.0343 0.9994 0.0057
vn -0.8668 -0.0000 0.4986
vn -0.0417 -0.9991 0.0120
vn -0.1067 -0.0000 0.9943
vn 0.0123 0.9999 -0.0000
vn -0.0123 -0.9999 -0.0000
vn 0.1067 -0.0000 -0.9943
vn -0.3625 -0.0000 0.9320
vn 0.3658 -0.0000 -0.9307
vn 0.9699 -0.0000 -0.2436
vn 0.7303 -0.0000 -0.6832
vn -0.7225 -0.0000 0.6913
vn -0.9668 -0.0000 0.2556
vn -0.1067 -0.0000 -0.9943
vn 0.1067 -0.0000 0.9943
vn -0.3625 -0.0000 -0.9320
vn 0.3658 -0.0000 0.9307
vn 0.9699 -0.0000 0.2436
vn 0.7303 -0.0000 0.6832
vn -0.7225 -0.0000 -0.6913
vn -0.9668 -0.0000 -0.2556
vn -0.8459 -0.5191 -0.1223
vn 0.3195 -0.9408 -0.1129
vn 0.8459 0.5191 -0.1223
vn -0.3195 0.9408 -0.1129
vn 0.2424 0.3636 0.8995
vn -0.2424 0.3636 -0.8995
vn 0.2424 0.3636 -0.8995
vn -0.2424 0.3636 0.8995
vn 0.3195 0.9408 -0.1129
vn -0.3195 -0.9408 -0.1129
vn -0.2424 -0.3636 0.8995
vn -0.3391 -0.0000 0.9407
vn 0.2424 -0.3636 -0.8995
vn 0.3391 -0.0000 -0.9407
vn -0.2424 -0.3636 -0.8995
vn -0.3391 -0.0000 -0.9407
vn 0.2424 -0.3636 0.8995
vn 0.3391 -0.0000 0.9407
vn 0.8459 -0.5191 -0.1223
vn 0.9929 -0.0000 -0.1192
vn -0.8459 0.5191 -0.1223
vn -0.9929 -0.0000 -0.1192
vn -0.9929 -0.0000 0.1191
vn -0.8459 0.5191 0.1223
vn -0.8523 0.5230 -0.0000
vn 0.9929 -0.0000 0.1192
vn 0.8459 -0.5191 0.1223
vn 0.8523 -0.5230 -0.0000
vn -0.3195 -0.9408 0.1129
vn -0.3216 -0.9469 -0.0000
vn 0.3195 0.9408 0.1129
vn 0.3216 0.9469 -0.0000
vn -0.3195 0.9408 0.1129
vn -0.3216 0.9469 -0.0000
vn 0.8459 0.5191 0.1223
vn 0.8523 0.5230 -0.0000
vn 0.3195 -0.9408 0.1129
vn 0.3216 -0.9469 -0.0000
vn -0.8459 -0.5191 0.1223
vn -0.8523 -0.5230 -0.0000
vn 0.8441 -0.1338 -0.5193
vn 0.3117 -0.2386 -0.9197
vn -0.8440 0.1231 0.5221
vn -0.3106 0.1655 0.9360
vn 0.3106 0.1654 0.9360
vn -0.3117 -0.2386 -0.9197
vn -0.8441 -0.1338 -0.5193
vn -0.8436 0.3559 0.4020
vn -0.3067 0.5348 0.7874
vn -0.3117 -0.6613 -0.6823
vn 0.8440 -0.3719 -0.3863
vn 0.3117 -0.6613 -0.6823
vn 0.3067 0.5348 0.7874
vn -0.8440 -0.3720 -0.3863
vn 0.8440 -0.5148 -0.1504
vn 0.3117 -0.9131 -0.2628
vn 0.3022 0.8266 0.4747
vn -0.8440 -0.5148 -0.1504
vn -0.8434 0.5071 0.1774
vn -0.3022 0.8266 0.4747
vn -0.3117 -0.9131 -0.2628
vn -0.3216 -0.0000 0.9469
vn -0.8523 -0.0000 -0.5230
vn 0.3216 -0.0000 -0.9469
vn -0.3216 -0.0000 -0.9469
vn 0.3216 -0.0000 0.9469
vn -0.8523 -0.0000 0.5230
vn 0.8523 -0.0000 -0.5230
vn 0.8523 -0.0000 0.5230
vn 0.8440 0.1231 0.5221
vn 0.8436 0.3559 0.4020
vn 0.8434 0.5071 0.1774
vn -0.8440 0.1336 -0.5194
vn -0.3117 0.2383 -0.9198
vn 0.8440 -0.1226 0.5222
vn 0.3105 -0.1635 0.9364
vn -0.3105 -0.1635 0.9364
vn 0.3117 0.2383 -0.9198
vn 0.8440 0.1336 -0.5194
vn 0.8436 -0.3559 0.4020
vn 0.3066 -0.5348 0.7874
vn 0.3117 0.6613 -0.6823
vn -0.8440 0.3719 -0.3863
vn -0.3117 0.6613 -0.6823
vn -0.3066 -0.5348 0.7874
vn 0.8440 0.3720 -0.3863
vn -0.8440 0.5148 -0.1504
vn -0.3116 0.9131 -0.2628
vn -0.3022 -0.8266 0.4747
vn 0.8440 0.5148 -0.1504
vn 0.8434 -0.5072 0.1774
vn 0.3022 -0.8266 0.4747
vn 0.3116 0.9131 -0.2628
vn -0.8440 -0.1226 0.5222
vn -0.8436 -0.3559 0.4020
vn -0.8434 -0.5072 0.1774
vn -0.8441 0.1338 -0.5193
vn -0.3117 0.2386 -0.9197
vn 0.8440 -0.1231 0.5221
vn 0.3106 -0.1655 0.9360
vn -0.3106 -0.1654 0.9360
vn 0.3117 0.2386 -0.9197
vn 0.8441 0.1338 -0.5193
vn 0.3067 -0.5348 0.7874
vn -0.3067 -0.5348 0.7874
vn -0.3117 0.9131 -0.2628
vn 0.8434 -0.5071 0.1774
vn 0.3117 0.9131 -0.2628
vn -0.8440 -0.1231 0.5221
vn -0.8434 -0.5071 0.1774
vn 0.8440 -0.1336 -0.5194
vn 0.3117 -0.2383 -0.9198
vn -0.8440 0.1226 0.5222
vn -0.3105 0.1634 0.9364
vn 0.3105 0.1635 0.9364
vn -0.3117 -0.2383 -0.9198
vn -0.8440 -0.1336 -0.5194
vn -0.3066 0.5348 0.7874
vn 0.3116 -0.9131 -0.2628
vn -0.8434 0.5072 0.1774
vn -0.3116 -0.9131 -0.2628
vn 0.8440 0.1226 0.5222
vn 0.8434 0.5072 0.1774
vn -0.0000 0.8523 -0.5230
vn 0.1338 0.8441 -0.5193
vn 0.2386 0.3117 -0.9197
vn -0.0000 0.3216 -0.9469
vn -0.0000 -0.3216 -0.9469
vn 0.2386 -0.3117 -0.9197
vn 0.6613 -0.3117 -0.6823
vn 0.6613 0.3117 -0.6823
vn 0.9131 -0.3117 -0.2628
vn 0.9131 0.3117 -0.2628
vn 0.5148 0.8440 -0.1504
vn 0.3719 0.8440 -0.3864
vn 0.5148 -0.8440 -0.1504
vn 0.3720 -0.8440 -0.3863
vn 0.1338 -0.8441 -0.5193
vn -0.0000 -0.8523 -0.5230
vn -0.0000 -0.8523 0.5230
vn -0.1231 -0.8440 0.5221
vn -0.0000 -0.3216 0.9469
vn -0.1654 -0.3106 0.9360
vn -0.0000 0.3216 0.9469
vn -0.1654 0.3106 0.9360
vn -0.5348 0.3066 0.7874
vn -0.5348 -0.3066 0.7874
vn -0.8308 0.3037 0.4664
vn -0.8224 -0.3007 0.4830
vn -0.5072 -0.8434 0.1774
vn -0.3559 -0.8436 0.4020
vn -0.5072 0.8434 0.1774
vn -0.3559 0.8436 0.4020
vn -0.1231 0.8440 0.5221
vn -0.0000 0.8523 0.5230
vn 0.1226 0.8440 0.5222
vn 0.3559 0.8436 0.4020
vn 0.5072 0.8434 0.1774
vn 0.8266 0.3022 0.4747
vn 0.8266 -0.3022 0.4747
vn 0.5348 -0.3066 0.7874
vn 0.5348 0.3066 0.7874
vn 0.1634 -0.3105 0.9364
vn 0.1634 0.3105 0.9364
vn 0.3559 -0.8436 0.4020
vn 0.1226 -0.8440 0.5222
vn 0.5072 -0.8434 0.1774
vn -0.5148 -0.8440 -0.1504
vn -0.9131 -0.3116 -0.2628
vn -0.9131 0.3116 -0.2628
vn -0.6613 0.3117 -0.6823
vn -0.6613 -0.3117 -0.6823
vn -0.2383 0.3117 -0.9198
vn -0.2383 -0.3117 -0.9198
vn -0.3719 -0.8440 -0.3864
vn -0.1336 -0.8440 -0.5194
vn -0.3719 0.8440 -0.3863
vn -0.1336 0.8440 -0.5194
vn -0.5148 0.8440 -0.1504
vn -0.1338 -0.8441 -0.5193
vn -0.2386 -0.3117 -0.9197
vn -0.2386 0.3117 -0.9197
vn -0.9131 0.3117 -0.2628
vn -0.9131 -0.3117 -0.2628
vn -0.3720 0.8440 -0.3863
vn -0.1338 0.8441 -0.5193
vn 0.1231 0.8440 0.5221
vn 0.1655 0.3106 0.9360
vn 0.1654 -0.3106 0.9360
vn 0.8308 -0.3037 0.4664
vn 0.8224 0.3007 0.4830
vn 0.5071 0.8434 0.1774
vn 0.1231 -0.8440 0.5221
vn -0.1226 -0.8440 0.5222
vn -0.8266 -0.3022 0.4747
vn -0.8266 0.3022 0.4747
vn -0.5348 0.3067 0.7874
vn -0.1635 0.3105 0.9364
vn -0.1634 -0.3105 0.9364
vn -0.1226 0.8440 0.5222
vn 0.9131 -0.3116 -0.2628
vn 0.2383 -0.3117 -0.9198
vn 0.2383 0.3117 -0.9198
vn 0.1336 0.8440 -0.5194
vn 0.1336 -0.8440 -0.5194
vn 0.9469 -0.3216 -0.0000
vn 0.9469 0.3216 -0.0000
vn 0.5230 0.8523 -0.0000
vn 0.5230 -0.8523 -0.0000
vn -0.5230 -0.8523 -0.0000
vn -0.9474 -0.3199 -0.0000
vn -0.9463 0.3232 -0.0000
vn -0.5230 0.8523 -0.0000
vn -0.9469 -0.3216 -0.0000
vn -0.9469 0.3216 -0.0000
vn 0.4926 -0.3422 -0.8002
vn 0.4504 -0.3213 -0.8330
vn 0.5136 0.1197 -0.8497
vn 0.9339 0.1785 -0.3099
vn 0.8523 -0.2279 -0.4709
vn 0.6428 -0.3332 -0.6898
vn 0.9443 -0.1997 -0.2616
vn 0.9439 -0.2005 -0.2625
vn 0.7266 0.2091 -0.6544
vn 0.6142 0.2063 -0.7617
vn 0.5188 0.2794 -0.8080
vn 0.0781 -0.5329 -0.8426
vn 0.3201 -0.9259 -0.2004
vn 0.1124 -0.7640 -0.6354
vn 0.1457 -0.8117 -0.5656
vn -0.1004 -0.9506 -0.2937
vn -0.1360 -0.8565 -0.4978
vn -0.0659 -0.9919 -0.1090
vn -0.0633 -0.6319 -0.7725
vn 0.0975 -0.0249 -0.9949
vn 0.0632 -0.3283 -0.9425
vn -0.0025 -0.3388 -0.9409
vn 0.0518 0.0987 0.9938
vn 0.2391 -0.9235 -0.3000
vn 0.4926 -0.3422 0.8002
vn 0.4504 -0.3213 0.8330
vn 0.5136 0.1197 0.8497
vn 0.9339 0.1785 0.3099
vn 0.8523 -0.2279 0.4709
vn 0.6428 -0.3332 0.6898
vn 0.9443 -0.1997 0.2616
vn -0.3675 0.9253 -0.0935
vn 0.7266 0.2091 0.6544
vn 0.6142 0.2063 0.7617
vn 0.5188 0.2794 0.8080
vn 0.0781 -0.5329 0.8426
vn 0.3201 -0.9259 0.2004
vn 0.1124 -0.7640 0.6354
vn 0.1457 -0.8117 0.5656
vn -0.1004 -0.9506 0.2937
vn -0.1360 -0.8565 0.4978
vn -0.0659 -0.9919 0.1090
vn -0.0633 -0.6319 0.7725
vn 0.0975 -0.0249 0.9949
vn 0.0632 -0.3283 0.9425
vn -0.0025 -0.3388 0.9409
vn 0.0518 0.0987 -0.9938
vn 0.2391 -0.9235 0.3000
vn 0.9596 -0.2523 0.1243
vn 0.8419 -0.4954 0.2139
vn 0.9404 -0.1471 0.3067
vn 0.9267 -0.1617 0.3392
vn -0.4923 -0.1859 0.8503
vn -0.5540 -0.0030 0.8325
vn 0.3706 -0.9222 0.1106
vn 0.0201 -0.1221 -0.9923
vn 0.9448 0.0578 0.3226
vn 0.7151 -0.6645 0.2170
vn -0.8940 0.3236 -0.3099
vn 0.1086 -0.1809 -0.9775
vn -0.0122 0.9994 0.0332
vn -0.9313 0.1215 -0.3434
vn 0.2174 -0.0300 -0.9756
vn -0.3604 -0.0853 0.9289
vn 0.3209 -0.0220 -0.9469
vn -0.1744 -0.9841 -0.0333
vn -0.3217 0.0262 0.9465
vn 0.2136 0.9762 -0.0370
vn 0.0538 -0.0218 -0.9983
vn -0.0910 -0.9947 -0.0485
vn -0.6130 -0.0674 0.7872
vn 0.1128 0.9929 0.0373
vn 0.4842 -0.3437 -0.8046
vn 0.4424 -0.3224 -0.8369
vn 0.4900 0.1133 -0.8644
vn 0.4698 -0.0156 -0.8827
vn 0.7947 -0.3695 -0.4816
vn 0.8778 0.2547 -0.4056
vn 0.8506 -0.2508 -0.4622
vn 0.6783 -0.3124 -0.6651
vn 0.9391 -0.1937 -0.2840
vn 0.9380 -0.2094 -0.2762
vn 0.7192 0.1912 -0.6679
vn 0.8301 -0.3875 -0.4009
vn 0.1657 -0.9578 -0.2350
vn 0.5928 0.2180 -0.7753
vn 0.5435 0.2750 -0.7931
vn 0.8092 0.2289 -0.5411
vn 0.4582 0.0418 -0.8878
vn 0.8866 0.3065 -0.3464
vn 0.6634 0.1654 -0.7297
vn 0.0764 -0.5325 -0.8430
vn 0.3032 -0.9296 -0.2095
vn 0.1100 -0.7638 -0.6360
vn 0.1387 -0.8382 -0.5275
vn -0.1781 -0.9617 -0.2084
vn -0.1858 -0.8901 -0.4162
vn -0.0671 -0.9667 -0.2469
vn -0.0656 -0.6302 -0.7736
vn 0.3352 0.9120 -0.2366
vn -0.6051 0.5762 -0.5495
vn 0.0983 0.3117 -0.9451
vn 0.1701 -0.0052 -0.9854
vn 0.1062 -0.0462 -0.9933
vn 0.0618 -0.3279 -0.9427
vn 0.1242 0.9707 -0.2058
vn -0.8178 0.2843 -0.5004
vn -0.1356 0.9726 -0.1889
vn -0.8703 0.0159 -0.4923
vn -0.6335 -0.6244 -0.4569
vn -0.6790 0.7116 -0.1806
vn -0.4090 0.3742 -0.8323
vn -0.9328 0.2867 -0.2183
vn -0.4254 0.1914 -0.8845
vn -0.9598 -0.2167 -0.1782
vn -0.4813 -0.1989 -0.8537
vn -0.8834 -0.4232 -0.2010
vn -0.4281 -0.4920 -0.7581
vn 0.1368 -0.5133 -0.8473
vn 0.6866 -0.5572 -0.4669
vn 0.6077 -0.1142 -0.7859
vn 0.5099 -0.7540 -0.4141
vn 0.9464 -0.2440 -0.2118
vn 0.3893 0.0677 -0.9186
vn 0.9274 -0.1234 -0.3532
vn 0.7325 0.0293 -0.6802
vn -0.7224 -0.6397 -0.2626
vn -0.4160 -0.5890 -0.6929
vn -0.5294 -0.0078 -0.8484
vn -0.7621 -0.5307 -0.3708
vn -0.9683 0.0328 -0.2478
vn -0.1758 -0.0093 -0.9844
vn -0.0027 -0.3384 -0.9410
vn 0.0117 -0.2069 0.9783
vn 0.0712 -0.1905 0.9791
vn 0.0575 0.0143 0.9982
vn 0.0590 0.0158 0.9981
vn 0.0547 0.0996 0.9935
vn 0.0636 0.0931 0.9936
vn 0.0707 0.3328 0.9403
vn -0.0036 0.3402 0.9403
vn -0.1245 -0.3934 -0.9109
vn -0.8945 -0.2157 -0.3915
vn 0.2012 0.9547 -0.2193
vn 0.1494 0.6346 -0.7583
vn 0.1900 0.8072 -0.5589
vn 0.0689 0.6898 -0.7207
vn 0.0884 0.7851 -0.6130
vn 0.1143 -0.6077 0.7859
vn -0.1177 0.8135 -0.5696
vn 0.6552 0.7001 -0.2837
vn 0.2447 0.4478 -0.8600
vn 0.4395 0.6615 -0.6076
vn 0.5471 0.7846 -0.2918
vn -0.8493 0.1464 -0.5071
vn 0.9884 0.0945 -0.1185
vn 0.2235 -0.0870 -0.9708
vn -0.9653 0.1423 -0.2190
vn -0.4239 0.0454 -0.9046
vn 0.9253 0.0723 -0.3722
vn 0.7748 0.0611 -0.6293
vn -0.1082 -0.0595 -0.9923
vn 0.4181 -0.0619 -0.9063
vn 0.4073 -0.0791 -0.9099
vn 0.4153 -0.0497 -0.9083
vn 0.4344 -0.0495 -0.8993
vn 0.8171 -0.5474 0.1808
vn -0.6814 0.6337 -0.3661
vn 0.5685 -0.5036 0.6506
vn 0.7519 -0.1677 0.6375
vn -0.7090 0.3029 -0.6369
vn 0.7173 -0.3451 0.6053
vn 0.6346 -0.7368 0.2333
vn 0.3576 -0.9315 -0.0667
vn 0.7789 -0.4555 0.4311
vn 0.7418 -0.6239 -0.2457
vn 0.0853 0.4721 -0.8774
vn 0.8698 -0.3197 0.3758
vn 0.7914 -0.5250 0.3131
vn 0.2213 -0.6344 0.7407
vn -0.1404 0.5237 -0.8403
vn -0.2507 0.3805 -0.8902
vn -0.3293 0.9393 0.0961
vn 0.4781 0.0365 0.8775
vn 0.4818 0.6785 0.5545
vn 0.8728 -0.4398 0.2118
vn 0.9279 -0.1856 0.3234
vn 0.8336 0.2734 0.4799
vn 0.9903 -0.0290 -0.1357
vn 0.9876 0.1566 0.0091
vn 0.7900 -0.3642 0.4932
vn 0.6520 -0.3824 0.6548
vn -0.9389 -0.0336 -0.3427
vn -0.7723 0.0526 -0.6331
vn -0.9223 -0.0409 -0.3842
vn -0.8087 0.2545 -0.5303
vn -0.4715 -0.0040 -0.8818
vn -0.3458 0.3951 -0.8511
vn -0.5895 -0.1371 -0.7961
vn 0.0567 -0.1539 0.9865
vn -0.0623 0.0474 0.9969
vn -0.1951 -0.1558 0.9683
vn 0.0738 -0.1600 0.9844
vn 0.2150 -0.2419 0.9462
vn 0.1215 -0.0900 0.9885
vn 0.9191 -0.2476 0.3066
vn 0.8430 0.2149 0.4931
vn 0.9805 -0.1466 0.1307
vn -0.8336 0.1710 -0.5252
vn -0.7321 0.3782 -0.5666
vn -0.5570 0.6088 -0.5649
vn -0.7506 0.6565 -0.0754
vn 0.4494 -0.2086 0.8686
vn 0.3776 -0.4648 0.8009
vn 0.5144 0.2095 0.8316
vn -0.3614 0.3732 -0.8545
vn -0.6498 0.4332 -0.6246
vn -0.4992 0.0126 -0.8664
vn 0.5897 -0.0505 0.8060
vn 0.6508 -0.2697 0.7097
vn -0.9099 0.2509 -0.3303
vn -0.7119 0.6938 -0.1094
vn -0.9720 -0.1667 -0.1657
vn 0.8060 -0.5641 0.1792
vn 0.9212 -0.3109 0.2339
vn 0.8635 0.3289 0.3823
vn 0.7383 0.0719 -0.6706
vn 0.5239 0.0898 -0.8470
vn 0.1799 0.2651 -0.9473
vn -0.0281 0.0800 -0.9964
vn 0.1049 0.1873 -0.9767
vn -0.9070 -0.2438 -0.3433
vn -0.8729 0.3645 -0.3245
vn 0.8101 0.2224 0.5424
vn 0.9018 -0.2551 0.3487
vn 0.5521 0.2771 0.7864
vn 0.8742 0.0955 0.4760
vn 0.1283 0.0266 0.9914
vn 0.1610 0.2493 0.9549
vn -0.0874 0.3111 -0.9464
vn -0.0527 0.2357 -0.9704
vn 0.3701 -0.3694 0.8524
vn 0.4638 -0.4405 0.7686
vn 0.8487 -0.2961 0.4382
vn 0.8134 -0.4197 0.4029
vn 0.6633 -0.5382 0.5200
vn 0.9428 -0.2596 0.2090
vn 0.7010 -0.6724 0.2375
vn 0.6857 -0.6974 0.2085
vn 0.8532 -0.3815 -0.3557
vn 0.6948 -0.3801 -0.6106
vn 0.4842 -0.3437 0.8046
vn 0.4424 -0.3224 0.8369
vn 0.4900 0.1133 0.8644
vn 0.4698 -0.0156 0.8827
vn 0.7947 -0.3695 0.4816
vn 0.8778 0.2547 0.4056
vn 0.8506 -0.2508 0.4622
vn 0.6783 -0.3124 0.6651
vn 0.9391 -0.1937 0.2840
vn 0.9380 -0.2094 0.2762
vn 0.7192 0.1912 0.6679
vn 0.8301 -0.3875 0.4009
vn 0.1657 -0.9578 0.2350
vn 0.5928 0.2180 0.7753
vn 0.5435 0.2750 0.7931
vn 0.8092 0.2289 0.5411
vn 0.4582 0.0418 0.8878
vn 0.8866 0.3065 0.3464
vn 0.6634 0.1654 0.7297
vn 0.0764 -0.5325 0.8430
vn 0.3032 -0.9296 0.2095
vn 0.1100 -0.7638 0.6360
vn 0.1387 -0.8382 0.5275
vn -0.1781 -0.9617 0.2084
vn -0.1858 -0.8901 0.4162
vn -0.0670 -0.9667 0.2469
vn -0.0656 -0.6302 0.7736
vn 0.3352 0.9120 0.2366
vn -0.6051 0.5762 0.5495
vn 0.0983 0.3117 0.9451
vn 0.1701 -0.0052 0.9854
vn 0.1062 -0.0462 0.9933
vn 0.0618 -0.3279 0.9427
vn 0.1242 0.9707 0.2058
vn -0.8178 0.2843 0.5004
vn -0.1356 0.9726 0.1889
vn -0.8703 0.0159 0.4922
vn -0.6335 -0.6244 0.4569
vn -0.6790 0.7116 0.1806
vn -0.4090 0.3742 0.8323
vn -0.9328 0.2867 0.2183
vn -0.4254 0.1914 0.8845
vn -0.9598 -0.2167 0.1782
vn -0.4813 -0.1989 0.8537
vn -0.8834 -0.4232 0.2010
vn -0.4281 -0.4920 0.7581
vn 0.1368 -0.5133 0.8473
vn 0.6866 -0.5572 0.4669
vn 0.6077 -0.1142 0.7859
vn 0.5099 -0.7540 0.4141
vn 0.9464 -0.2440 0.2118
vn 0.3893 0.0677 0.9186
vn 0.9274 -0.1234 0.3532
vn 0.7325 0.0293 0.6802
vn -0.7224 -0.6397 0.2626
vn -0.4160 -0.5890 0.6929
vn -0.5294 -0.0078 0.8484
vn -0.7621 -0.5307 0.3708
vn -0.9683 0.0328 0.2478
vn -0.1758 -0.0093 0.9844
vn -0.0027 -0.3384 0.9410
vn 0.0117 -0.2069 -0.9783
vn 0.0712 -0.1905 -0.9791
vn 0.0575 0.0143 -0.9982
vn 0.0590 0.0158 -0.9981
vn 0.0547 0.0996 -0.9935
vn 0.0636 0.0931 -0.9936
vn 0.0707 0.3328 -0.9403
vn -0.0036 0.3402 -0.9403
vn -0.1245 -0.3934 0.9109
vn -0.8945 -0.2157 0.3915
vn 0.2012 0.9547 0.2193
vn 0.1494 0.6346 0.7583
vn 0.1900 0.8072 0.5589
vn 0.0689 0.6898 0.7207
vn 0.0884 0.7851 0.6130
vn 0.1143 -0.6077 -0.7859
vn -0.1177 0.8135 0.5696
vn 0.6552 0.7001 0.2837
vn 0.2447 0.4478 0.8600
vn 0.4395 0.6615 0.6076
vn 0.5471 0.7846 0.2918
vn -0.8493 0.1464 0.5071
vn 0.9884 0.0945 0.1185
vn 0.2235 -0.0870 0.9708
vn -0.9653 0.1423 0.2190
vn -0.4239 0.0454 0.9046
vn 0.9253 0.0723 0.3722
vn 0.7748 0.0611 0.6293
vn -0.1082 -0.0595 0.9923
vn 0.4181 -0.0619 0.9063
vn 0.4073 -0.0791 0.9099
vn 0.4153 -0.0497 0.9083
vn 0.4344 -0.0495 0.8993
vn 0.8171 -0.5474 -0.1808
vn -0.6814 0.6337 0.3661
vn 0.5685 -0.5036 -0.6506
vn 0.7519 -0.1677 -0.6375
vn -0.7090 0.3029 0.6369
vn 0.7173 -0.3451 -0.6053
vn 0.6346 -0.7368 -0.2333
vn 0.3576 -0.9315 0.0667
vn 0.7789 -0.4555 -0.4311
vn 0.7418 -0.6240 0.2457
vn 0.0853 0.4721 0.8774
vn 0.8698 -0.3197 -0.3758
vn 0.7914 -0.5250 -0.3131
vn 0.2213 -0.6344 -0.7407
vn -0.1404 0.5237 0.8403
vn -0.2507 0.3805 0.8902
vn -0.3293 0.9393 -0.0961
vn 0.4781 0.0365 -0.8775
vn 0.4818 0.6785 -0.5545
vn 0.8728 -0.4398 -0.2118
vn 0.9279 -0.1856 -0.3234
vn 0.8336 0.2734 -0.4799
vn 0.9903 -0.0290 0.1357
vn 0.9876 0.1566 -0.0091
vn 0.7900 -0.3642 -0.4932
vn 0.6520 -0.3824 -0.6548
vn -0.9389 -0.0336 0.3427
vn -0.7723 0.0526 0.6331
vn -0.9223 -0.0409 0.3842
vn -0.8087 0.2545 0.5303
vn -0.4715 -0.0040 0.8818
vn -0.3458 0.3951 0.8511
vn -0.5895 -0.1371 0.7961
vn 0.0567 -0.1539 -0.9865
vn -0.0623 0.0474 -0.9969
vn -0.1951 -0.1558 -0.9683
vn 0.0738 -0.1600 -0.9844
vn 0.2150 -0.2419 -0.9462
vn 0.1215 -0.0900 -0.9885
vn 0.9191 -0.2476 -0.3066
vn 0.8430 0.2149 -0.4931
vn 0.9805 -0.1466 -0.1307
vn -0.8336 0.1710 0.5252
vn -0.7321 0.3782 0.5666
vn -0.5570 0.6088 0.5649
vn -0.7506 0.6565 0.0754
vn 0.4494 -0.2086 -0.8686
vn 0.3776 -0.4648 -0.8009
vn 0.5144 0.2095 -0.8316
vn -0.3614 0.3732 0.8545
vn -0.6498 0.4332 0.6246
vn -0.4992 0.0126 0.8664
vn 0.5897 -0.0505 -0.8060
vn 0.6508 -0.2697 -0.7097
vn -0.9099 0.2509 0.3303
vn -0.7119 0.6938 0.1094
vn -0.9720 -0.1667 0.1657
vn 0.8061 -0.5641 -0.1792
vn 0.9212 -0.3109 -0.2339
vn 0.8635 0.3289 -0.3823
vn 0.7383 0.0719 0.6706
vn 0.5239 0.0898 0.8470
vn 0.1799 0.2651 0.9473
vn -0.0281 0.0800 0.9964
vn 0.1049 0.1873 0.9767
vn -0.9070 -0.2438 0.3433
vn -0.8729 0.3645 0.3245
vn 0.8102 0.2224 -0.5424
vn 0.9018 -0.2551 -0.3487
vn 0.5521 0.2771 -0.7864
vn 0.8742 0.0955 -0.4760
vn 0.1283 0.0266 -0.9914
vn 0.1610 0.2493 -0.9549
vn -0.0874 0.3111 0.9464
vn -0.0527 0.2357 0.9704
vn 0.3701 -0.3694 -0.8524
vn 0.4638 -0.4405 -0.7686
vn 0.8487 -0.2961 -0.4382
vn 0.8134 -0.4197 -0.4029
vn 0.6633 -0.5382 -0.5200
vn 0.9428 -0.2596 -0.2090
vn 0.7010 -0.6724 -0.2375
vn 0.6857 -0.6974 -0.2085
vn 0.8532 -0.3815 0.3557
vn 0.6948 -0.3801 0.6106
vn -0.9044 -0.0194 -0.4263
vn 0.4478 0.0027 -0.8941
vn 0.6558 -0.0203 0.7547
vn -0.4968 -0.0310 0.8673
vn 0.0097 -0.9995 0.0304
vn -0.0408 0.9992 0.0014
vn -0.0408 0.9992 -0.0014
vn -0.0391 0.9992 -0.0000
vn 0.0097 -0.9995 -0.0304
vn 0.0288 -0.9996 -0.0000
vn 0.6698 -0.0143 -0.7424
vn 0.9995 -0.0324 -0.0000
vn -0.9044 -0.0200 0.4262
vn -0.9996 -0.0296 -0.0000
vn 0.0313 -0.9995 -0.0000
vn 0.0321 -0.9994 -0.0105
vn 0.0445 -0.9981 -0.0415
vn -0.7274 0.6863 -0.0000
vn -0.0166 0.9999 -0.0000
vn -0.4974 0.8618 0.0997
vn -0.0203 0.9998 0.0088
vn -0.4948 0.8633 -0.0995
vn -0.0203 0.9998 -0.0088
vn 0.0321 -0.9994 0.0105
vn 0.0445 -0.9981 0.0415
vn 0.4480 0.0012 0.8940
vn -0.0252 -0.0376 0.9990
vn -0.4969 -0.0295 -0.8673
vn -0.0252 -0.0359 -0.9990
vn -0.0477 -0.0477 -0.9977
vn -0.4318 -0.0304 -0.9015
vn -0.0477 -0.0499 0.9976
vn -0.3554 -0.4683 0.8090
vn -0.9187 -0.0199 0.3945
vn 0.3442 0.7211 -0.6013
vn 0.3032 0.3276 -0.8949
vn -0.4317 -0.0320 0.9015
vn 0.3184 0.3272 0.8897
vn -0.1946 -0.9164 0.3498
vn -0.9190 -0.0194 -0.3938
vn 0.1618 -0.4557 0.8753
vn 0.9988 -0.0484 -0.0000
vn 0.6776 -0.2892 -0.6762
vn 0.6948 -0.2867 0.6596
vn 0.1996 -0.4485 -0.8712
vn 0.2796 -0.2453 -0.9282
vn 0.2787 -0.2483 0.9277
vn -0.2379 -0.8657 -0.4403
vn 0.3593 0.6719 0.6477
vn -0.3762 -0.4694 -0.7988
vn 0.3235 0.9462 -0.0000
vn -0.0474 -0.9989 -0.0000
vn -0.0743 0.9439 -0.3219
vn -0.2124 -0.3304 -0.9196
vn 0.0743 -0.9439 0.3219
vn 0.2124 0.3304 0.9196
vn -0.0743 -0.9439 -0.3219
vn 0.0743 0.9439 0.3219
vn 0.2124 -0.3304 0.9196
vn -0.2124 0.3304 -0.9196
vn 0.9744 -0.0000 -0.2250
vn -0.9744 -0.0000 0.2250
vn -0.2124 -0.3303 -0.9197
vn 0.2124 -0.3303 0.9197
vn 0.2124 0.3303 0.9196
vn -0.2124 0.3303 -0.9196
vn 0.6472 0.0207 -0.7620
vn 0.9437 0.0017 -0.3307
vn -0.0947 0.9949 0.0351
vn 0.9339 0.0023 -0.3574
vn -0.0962 0.9889 0.1132
vn -0.0947 -0.9949 0.0353
vn -0.0956 -0.9890 0.1126
vn -0.0073 -0.9839 0.1785
vn 0.0410 0.0432 -0.9982
vn 0.0357 0.4050 -0.9136
vn 0.5864 0.4236 -0.6904
vn 0.0253 0.1059 -0.9941
vn 0.6628 0.0176 -0.7486
vn -0.9106 0.3851 0.1497
vn 0.9859 -0.0077 -0.1672
vn 0.9859 -0.0077 0.1672
vn -0.9106 0.3851 -0.1497
vn 0.6628 0.0176 0.7486
vn 0.5864 0.4236 0.6904
vn 0.9549 0.1385 0.2626
vn -0.0956 -0.9890 -0.1126
vn -0.0947 -0.9949 -0.0353
vn 0.9549 0.1385 -0.2626
vn 0.9339 0.0023 0.3574
vn 0.6472 0.0207 0.7620
vn -0.0947 0.9949 -0.0351
vn -0.0962 0.9889 -0.1132
vn 0.0403 0.0432 0.9983
vn -0.0074 0.9834 -0.1812
vn -0.6907 0.0316 0.7224
vn 0.0961 0.9903 -0.1005
vn 0.0410 0.0432 0.9982
vn 0.1050 0.9934 -0.0470
vn -0.9125 0.0179 0.4086
vn -0.9806 0.0043 0.1961
vn 0.0915 0.9957 -0.0175
vn -0.9821 0.0041 0.1882
vn -0.9821 0.0041 -0.1882
vn 0.0915 0.9957 0.0175
vn -0.9125 0.0179 -0.4086
vn 0.1050 0.9934 0.0470
vn -0.9806 0.0043 -0.1961
vn -0.6907 0.0316 -0.7224
vn 0.0961 0.9903 0.1005
vn 0.0953 -0.9904 0.0997
vn 0.1045 -0.9934 0.0468
vn -0.9185 0.2232 -0.3265
vn -0.6157 0.3617 -0.7000
vn -0.9303 0.2427 -0.2751
vn -0.5882 0.1074 -0.8015
vn -0.9692 -0.2380 -0.0631
vn -0.9608 0.1950 -0.1970
vn -0.6567 -0.7409 -0.1409
vn -0.6538 -0.7416 0.1503
vn -0.9691 -0.2383 0.0635
vn -0.9608 0.1950 0.1970
vn -0.9303 0.2427 0.2751
vn -0.9500 0.2176 0.2240
vn -0.9185 0.2232 0.3265
vn 0.0914 -0.9957 -0.0171
vn 0.1046 -0.9934 -0.0468
vn -0.6157 0.3617 0.7000
vn 0.0953 -0.9904 -0.0997
vn -0.0073 -0.9839 -0.1785
vn 0.0357 0.4050 0.9136
vn 0.0253 0.1059 0.9941
vn -0.5882 0.1074 0.8015
vn -0.9500 0.2176 -0.2240
vn -0.0581 -0.9954 0.0762
vn 0.5293 -0.8400 0.1198
vn -0.0572 -0.9958 -0.0709
vn 0.5293 -0.8400 -0.1198
vn 0.0914 -0.9957 0.0171
vn -0.0074 0.9834 0.1812
vn 0.0403 0.0432 -0.9983
vn 0.9437 0.0017 0.3307
vn 0.5748 -0.0645 0.8158
vn -0.6418 -0.0651 0.7641
vn 0.6270 -0.0398 -0.7780
vn 0.9996 -0.0267 -0.0006
vn -0.9950 -0.0996 -0.0021
vn -0.0222 -0.0305 0.9993
vn -0.6322 -0.0548 -0.7729
vn -0.0031 -0.0490 -0.9988
vn -0.5591 -0.6986 0.4464
vn 0.6452 0.0527 -0.7622
vn 0.4167 -0.0627 0.9069
vn -0.9522 -0.2894 -0.0981
vn 0.9957 0.0163 -0.0912
vn -0.5953 -0.0747 -0.8000
vn -0.0035 0.0705 -0.9975
vn 0.0697 0.0556 0.9960
vn -0.7604 -0.0091 0.6494
vn 0.0112 -0.0228 -0.9997
vn -0.0183 -0.0777 0.9968
vn 0.7307 -0.1686 0.6615
vn -0.9993 0.0380 0.0008
vn 0.9624 -0.2714 -0.0057
vn 0.6893 -0.1522 -0.7083
vn -0.7256 0.0424 -0.6869
vn -0.0061 -0.1180 -0.9930
vn -0.6727 -0.0361 -0.7390
vn -0.0238 -0.0369 0.9990
vn -1.0000 -0.0077 -0.0002
vn 0.9711 -0.2387 -0.0051
vn 0.6041 -0.1995 -0.7715
vn -0.6870 0.0352 0.7258
vn 0.6713 -0.1851 0.7177
vn 0.5969 0.2309 -0.7684
vn 0.6291 0.2404 0.7392
vn 0.9993 0.0380 0.0008
vn -0.9898 0.1423 0.0030
vn 0.8446 0.0857 -0.5285
vn 0.0870 0.1325 -0.9874
vn 0.9150 -0.1341 0.3806
vn 0.2730 -0.1353 0.9524
vn -0.6935 0.0406 0.7193
vn 0.9980 -0.0637 -0.0013
vn 0.0227 -0.1030 0.9944
vn -0.6909 0.1600 -0.7051
vn 0.5667 0.1381 -0.8123
vn 0.5249 -0.1611 -0.8358
vn -0.9590 -0.2829 -0.0163
vn 0.8166 -0.1915 -0.5446
vn -0.0072 -0.1535 -0.9881
vn 0.8279 -0.1503 0.5403
vn 0.5025 -0.1221 0.8559
vn -0.6794 -0.1375 0.7208
vn 0.9913 -0.1312 -0.0076
vn -0.0026 -0.1091 0.9940
vn -0.6812 -0.1835 -0.7088
vn 0.4753 -0.1451 -0.8678
vn -0.6906 0.2274 -0.6866
vn -0.0230 -0.1473 0.9888
vn 0.9372 -0.3486 -0.0074
vn -0.7505 -0.0924 0.6544
vn 0.2103 -0.1880 0.9594
vn 0.8898 -0.2861 0.3555
vn 0.0734 0.0280 -0.9969
vn 0.7809 -0.3030 -0.5463
vn -0.9690 0.2470 0.0052
vn -0.6024 0.2218 -0.7668
vn -0.9769 -0.0936 -0.1922
vn -0.0083 0.2670 -0.9637
vn 0.6748 0.0564 -0.7358
vn -0.6386 -0.1348 -0.7576
vn 0.0018 -0.0505 0.9987
vn 0.9990 -0.0444 -0.0010
vn -0.6457 -0.0579 0.7614
vn 0.3224 -0.0505 0.9453
vn 0.8318 -0.0428 0.5534
vn 0.0018 -0.1502 -0.9887
vn 0.8138 -0.0893 -0.5743
vn -0.9957 -0.0927 -0.0022
vn 0.4485 -0.1285 -0.8845
vn -0.6252 0.0023 -0.7804
vn 0.0051 0.1487 0.9889
vn 0.9991 -0.0429 -0.0025
vn -0.6206 0.0541 0.7823
vn 0.3864 0.1196 0.9146
vn 0.8047 0.0298 0.5929
vn 0.0011 0.1001 -0.9950
vn 0.8006 -0.0035 -0.5992
vn -0.9968 -0.0803 -0.0047
vn 0.4263 0.0736 -0.9016
vn -0.6345 0.5300 0.5625
vn -0.7368 0.5804 -0.3469
vn -0.7467 0.6650 0.0123
vn -0.6788 0.2124 0.7029
vn -0.8347 0.1960 -0.5146
vn -0.9810 0.1938 0.0029
vn -0.5748 0.0645 0.8158
vn 0.6418 0.0651 0.7641
vn -0.6270 0.0398 -0.7780
vn -0.9996 0.0267 -0.0006
vn 0.9950 0.0996 -0.0021
vn 0.0222 0.0305 0.9993
vn 0.6322 0.0548 -0.7729
vn 0.0031 0.0490 -0.9988
vn 0.5601 0.7051 0.4349
vn -0.6452 -0.0527 -0.7622
vn -0.4167 0.0627 0.9069
vn 0.9523 0.2892 -0.0977
vn -0.9957 -0.0163 -0.0912
vn 0.5953 0.0747 -0.8000
vn 0.0035 -0.0705 -0.9975
vn -0.0802 -0.0168 0.9966
vn 0.7604 0.0091 0.6494
vn -0.0112 0.0228 -0.9997
vn 0.0183 0.0777 0.9968
vn -0.7307 0.1686 0.6615
vn 0.9993 -0.0380 0.0008
vn -0.9624 0.2714 -0.0057
vn -0.6893 0.1522 -0.7083
vn 0.7256 -0.0424 -0.6869
vn 0.0061 0.1180 -0.9930
vn 0.6727 0.0361 -0.7390
vn 0.0238 0.0369 0.9990
vn 1.0000 0.0077 -0.0002
vn -0.9711 0.2387 -0.0051
vn -0.6041 0.1995 -0.7715
vn 0.6870 -0.0352 0.7258
vn -0.6713 0.1851 0.7177
vn -0.5969 -0.2309 -0.7684
vn -0.6291 -0.2404 0.7392
vn -0.9993 -0.0380 0.0008
vn 0.9898 -0.1423 0.0030
vn -0.8446 -0.0857 -0.5285
vn -0.0870 -0.1325 -0.9874
vn -0.9150 0.1341 0.3806
vn -0.2730 0.1353 0.9524
vn 0.6935 -0.0406 0.7193
vn -0.9980 0.0637 -0.0013
vn -0.0227 0.1030 0.9944
vn 0.6909 -0.1600 -0.7051
vn -0.5667 -0.1381 -0.8123
vn -0.5249 0.1611 -0.8358
vn 0.9590 0.2829 -0.0163
vn -0.8166 0.1915 -0.5446
vn 0.0072 0.1535 -0.9881
vn -0.8279 0.1503 0.5403
vn -0.5025 0.1220 0.8559
vn 0.6794 0.1375 0.7208
vn -0.9913 0.1312 -0.0076
vn 0.0026 0.1091 0.9940
vn 0.6812 0.1835 -0.7088
vn -0.4753 0.1451 -0.8678
vn 0.6906 -0.2274 -0.6866
vn 0.0230 0.1473 0.9888
vn -0.9372 0.3486 -0.0074
vn 0.7505 0.0924 0.6543
vn -0.2103 0.1880 0.9594
vn -0.8898 0.2861 0.3555
vn -0.0734 -0.0280 -0.9969
vn -0.7809 0.3030 -0.5463
vn 0.9690 -0.2470 0.0052
vn 0.6024 -0.2218 -0.7668
vn 0.9769 0.0943 -0.1918
vn 0.0083 -0.2670 -0.9637
vn -0.6748 -0.0564 -0.7358
vn 0.9661 -0.1228 0.2272
vn 0.6386 0.1348 -0.7576
vn -0.0018 0.0505 0.9987
vn -0.9990 0.0444 -0.0010
vn 0.6457 0.0579 0.7614
vn -0.3224 0.0505 0.9453
vn -0.8318 0.0428 0.5534
vn -0.0018 0.1502 -0.9887
vn -0.8138 0.0893 -0.5743
vn 0.9957 0.0927 -0.0022
vn -0.4485 0.1285 -0.8845
vn 0.6252 -0.0023 -0.7804
vn -0.0051 -0.1487 0.9889
vn -0.9991 0.0429 -0.0025
vn 0.6206 -0.0541 0.7823
vn -0.3864 -0.1196 0.9146
vn -0.8047 -0.0298 0.5929
vn -0.0011 -0.1001 -0.9950
vn -0.8006 0.0035 -0.5992
vn 0.9968 0.0803 -0.0047
vn -0.4263 -0.0736 -0.9016
vn 0.6345 -0.5300 0.5625
vn 0.7368 -0.5804 -0.3469
vn 0.7467 -0.6650 0.0123
vn 0.6788 -0.2124 0.7029
vn 0.8347 -0.1960 -0.5146
vn 0.9810 -0.1938 0.0029
vn 0.9661 -0.1228 -0.2272
vn 0.9860 -0.0632 -0.1542
vn -0.9860 0.0632 -0.1542
vn -0.8583 0.5031 -0.1009
vn 0.8605 0.5044 0.0711
vn 0.5055 0.8624 0.0249
vn 0.9950 -0.0000 0.0996
vn 0.5042 -0.8602 0.0761
vn -0.0000 -0.9996 0.0298
vn 0.8583 -0.5031 0.1009
vn -0.8605 -0.5044 -0.0711
vn -0.9950 -0.0000 -0.0996
vn -0.5055 -0.8624 -0.0249
vn -0.0000 0.9996 -0.0298
vn -0.5042 0.8602 -0.0761
vn -0.4132 -0.4132 0.8115
vn -0.5402 -0.0000 0.8415
vn -0.4132 0.4132 0.8115
vn -0.0000 0.5402 0.8415
vn 0.4132 0.4132 0.8115
vn 0.5402 -0.0000 0.8415
vn 0.4132 -0.4132 0.8115
vn -0.0000 -0.5402 0.8415
vt 0.375000 0.166667
vt 0.625000 0.166667
vt 0.625000 0.250000
vt 0.375000 0.250000
vt 0.375000 0.416667
vt 0.625000 0.416667
vt 0.625000 0.500000
vt 0.375000 0.500000
vt 0.375000 0.666667
vt 0.625000 0.666667
vt 0.625000 0.750000
vt 0.375000 0.750000
vt 0.375000 0.916667
vt 0.625000 0.916667
vt 0.625000 1.000000
vt 0.375000 1.000000
vt 0.791667 0.666667
vt 0.875000 0.666667
vt 0.875000 0.750000
vt 0.791667 0.750000
vt 0.791667 0.500000
vt 0.875000 0.500000
vt 0.875000 0.583333
vt 0.791667 0.583333
vt 0.375000 0.333333
vt 0.625000 0.583333
vt 0.375000 0.583333
vt 0.375000 0.000000
vt 0.625000 0.000000
vt 0.625000 0.083333
vt 0.375000 0.083333
vt 0.708333 0.583333
vt 0.708333 0.666667
vt 0.708333 0.500000
vt 0.708333 0.750000
vt 0.375000 0.833333
vt 0.625000 0.833333
vt 0.625000 0.333333
vt 0.375000 0.668257
vt 0.375000 0.750598
vt 0.375000 0.583833
vt 0.375000 -0.000611
vt 0.375000 0.081743
vt 0.375000 0.417668
vt 0.375000 0.500708
vt 0.375000 0.249275
vt 0.375000 0.332332
vt 0.375000 0.583333
vt 0.375000 0.083333
vt 0.375000 0.833333
vt 0.375000 0.416667
vt 0.000000 0.000000
vt 0.375000 0.694444
vt 0.375000 0.555556
vt 0.375000 0.527778
vt 0.375000 0.722222
vt 0.375000 0.916942
vt 0.375000 0.833058
vt 0.375000 0.999402
vt 0.375000 0.166167
vt 0.375000 0.084372
vt 0.375000 0.000403
vt 0.375000 1.000398
vt 0.375000 0.916484
vt 0.375000 0.833516
vt 0.375000 0.749602
vt 0.375000 0.665627
vt 0.375000 0.416048
vt 0.375000 0.333952
vt 0.375000 0.583020
vt 0.375000 0.499552
vt 0.375000 0.166980
vt 0.375000 0.250452
vt 0.384017 0.597386
vt 0.384263 0.652614
vt 0.615312 0.652614
vt 0.615561 0.597386
vt 0.384066 0.097085
vt 0.383823 0.152915
vt 0.615763 0.152915
vt 0.615518 0.097085
vt 0.489325 0.166667
vt 0.489325 0.250000
vt 0.489325 0.416667
vt 0.489325 0.500000
vt 0.489325 0.666667
vt 0.489325 0.750000
vt 0.489325 0.916667
vt 0.489325 1.000000
vt 0.291667 0.666667
vt 0.291667 0.750000
vt 0.291667 0.500000
vt 0.291667 0.583333
vt 0.489325 0.583333
vt 0.489325 0.000000
vt 0.489325 0.083333
vt 0.125000 0.583333
vt 0.208333 0.583333
vt 0.208333 0.666667
vt 0.125000 0.666667
vt 0.125000 0.500000
vt 0.208333 0.500000
vt 0.208333 0.750000
vt 0.125000 0.750000
vt 0.489325 0.833333
vt 0.489325 0.333333
vt 0.405992 0.333333
vt 0.405992 0.416667
vt 0.405992 0.250000
vt 0.405992 0.166667
vt 0.405992 0.833333
vt 0.405992 0.916667
vt 0.405992 0.750000
vt 0.405992 0.583333
vt 0.405992 0.500000
vt 0.405992 0.083333
vt 0.405992 0.000000
vt 0.405992 0.666667
vt 0.405992 1.000000
vt 0.479033 0.591337
vt 0.416284 0.591337
vt 0.416284 0.658663
vt 0.479033 0.658663
vt 0.479033 0.091337
vt 0.416284 0.091337
vt 0.416284 0.158663
vt 0.479033 0.158663
vt 0.000000 0.500000
vt 1.000000 0.500000
vt 1.000000 1.000000
vt 0.000000 1.000000
vt 0.542748 0.166667
vt 0.542748 0.250000
vt 0.542748 0.437500
vt 0.625000 0.437500
vt 0.542748 0.500000
vt 0.542748 0.666667
vt 0.542748 0.750000
vt 0.542748 0.937500
vt 0.625000 0.937500
vt 0.542748 1.000000
vt 0.312500 0.666667
vt 0.312500 0.750000
vt 0.750000 0.666667
vt 0.750000 0.583333
vt 0.625000 0.375000
vt 0.625000 0.312500
vt 0.312500 0.500000
vt 0.312500 0.583333
vt 0.542748 0.583333
vt 0.542748 0.000000
vt 0.542748 0.083333
vt 0.459415 0.083333
vt 0.459415 0.166667
vt 0.459415 0.000000
vt 0.459415 0.583333
vt 0.459415 0.666667
vt 0.459415 0.500000
vt 0.375000 0.937500
vt 0.459415 0.937500
vt 0.459415 1.000000
vt 0.459415 0.750000
vt 0.375000 0.437500
vt 0.459415 0.437500
vt 0.459415 0.250000
vt 0.459415 0.312500
vt 0.542748 0.312500
vt 0.542748 0.375000
vt 0.459415 0.375000
vt 0.375000 0.312500
vt 0.375000 0.375000
vt 0.459415 0.812500
vt 0.542748 0.812500
vt 0.542748 0.875000
vt 0.459415 0.875000
vt 0.375000 0.812500
vt 0.375000 0.875000
vt 0.187500 0.583333
vt 0.250000 0.583333
vt 0.250000 0.666667
vt 0.187500 0.666667
vt 0.187500 0.500000
vt 0.250000 0.500000
vt 0.687500 0.583333
vt 0.687500 0.666667
vt 0.687500 0.500000
vt 0.750000 0.500000
vt 0.750000 0.750000
vt 0.687500 0.750000
vt 0.250000 0.750000
vt 0.187500 0.750000
vt 0.625000 0.812500
vt 0.625000 0.875000
vt 0.812500 0.666667
vt 0.812500 0.750000
vt 0.812500 0.500000
vt 0.812500 0.583333
vt 0.500000 0.166667
vt 0.500000 0.250000
vt 0.500000 0.950560
vt 0.625000 0.950560
vt 0.500000 1.000000
vt 0.825560 0.666667
vt 0.825560 0.750000
vt 0.675560 0.666667
vt 0.725560 0.666667
vt 0.725560 0.750000
vt 0.675560 0.750000
vt 0.775560 0.666667
vt 0.775560 0.750000
vt 0.174440 0.666667
vt 0.174440 0.750000
vt 0.224440 0.666667
vt 0.224440 0.750000
vt 0.274440 0.666667
vt 0.274440 0.750000
vt 0.324440 0.666667
vt 0.324440 0.750000
vt 0.483147 0.583333
vt 0.341293 0.600187
vt 0.324440 0.500000
vt 0.474720 0.474720
vt 0.500000 0.800560
vt 0.625000 0.800560
vt 0.625000 0.850560
vt 0.500000 0.850560
vt 0.625000 0.900560
vt 0.500000 0.900560
vt 0.375000 0.800560
vt 0.500000 0.800560
vt 0.675560 0.583333
vt 0.274440 0.500000
vt 0.324440 0.583333
vt 0.274440 0.583333
vt 0.224440 0.500000
vt 0.224440 0.583333
vt 0.174440 0.500000
vt 0.174440 0.583333
vt 0.775560 0.500000
vt 0.825560 0.500000
vt 0.825560 0.583333
vt 0.775560 0.583333
vt 0.725560 0.500000
vt 0.725560 0.583333
vt 0.675560 0.500000
vt 0.500000 0.000000
vt 0.500000 0.083333
vt 0.358147 0.700373
vt 0.491573 0.691947
vt 0.625000 0.566480
vt 0.625000 0.683520
vt 0.375000 0.399440
vt 0.500000 0.399440
vt 0.500000 0.449440
vt 0.375000 0.449440
vt 0.375000 0.349440
vt 0.500000 0.349440
vt 0.375000 0.299440
vt 0.500000 0.299440
vt 0.375000 0.900560
vt 0.375000 0.950560
vt 0.375000 0.850560
vt 0.625000 0.449440
vt 0.527497 0.500000
vt 0.527497 0.416667
vt 0.527497 0.333334
vt 0.447658 0.916667
vt 0.447658 0.833333
vt 0.447658 1.000000
vt 0.447658 0.750000
vt 0.557163 0.250000
vt 0.557163 0.333333
vt 0.557163 0.833333
vt 0.557163 0.916667
vt 0.557163 0.750000
vt 0.557163 0.083333
vt 0.557163 0.166667
vt 0.557163 0.000000
vt 0.557163 0.583333
vt 0.557163 0.666667
vt 0.557163 0.500000
vt 0.557163 1.000000
vt 0.557163 0.416667
vt 0.458333 0.833333
vt 0.458333 0.916667
vt 0.458333 0.750000
vt 0.458333 0.000000
vt 0.458333 0.083333
vt 0.458333 1.000000
vt 0.458333 0.666667
vt 0.458333 0.333333
vt 0.458333 0.416667
vt 0.458333 0.250000
vt 0.458333 0.500000
vt 0.458333 0.583333
vt 0.458333 0.166667
vt 0.541667 0.416667
vt 0.541667 0.500000
vt 0.541667 0.916667
vt 0.541667 1.000000
vt 0.541667 0.583333
vt 0.541667 0.000000
vt 0.541667 0.083333
vt 0.541667 0.833333
vt 0.541667 0.750000
vt 0.541667 0.666667
vt 0.541667 0.333333
vt 0.541667 0.250000
vt 0.541667 0.166667
vt 0.527497 0.583333
vt 0.527497 0.750000
vt 0.527497 0.666667
vt 0.527497 0.833333
vt 0.527497 0.916667
vt 0.527497 1.000000
vt 0.527497 0.083333
vt 0.527497 0.104441
vt 0.527497 0.250000
vt 0.527497 0.166667
vt 0.402067 0.142763
vt 0.404196 0.127409
vt 0.186558 0.054370
vt 0.389320 0.100868
vt 0.042402 0.069627
vt 0.413945 0.650079
vt 0.519544 0.649931
vt 0.519544 0.600069
vt 0.413945 0.599921
vt 0.042402 0.008703
vt 0.375000 0.090784
vt 0.375000 0.164025
vt 0.375000 0.168234
vt 0.375000 0.078272
vt 0.375000 0.222829
vt 0.375000 0.026073
vt 0.375000 0.188368
vt 0.375000 0.063794
vt 0.447658 0.083333
vt 0.447658 0.500000
vt 0.447658 0.166667
vt 0.447658 0.250000
vt 0.447658 0.583333
vt 0.447658 0.416667
vt 0.447658 0.666667
vt 0.447658 0.658663
vt 0.447658 0.591337
vt 0.447658 0.658663
vt 0.447658 0.591337
vt 0.447658 0.333333
vt 0.375000 0.200000
vt 0.625000 0.200000
vt 0.375000 0.700000
vt 0.625000 0.700000
vt 0.125000 0.700000
vt 0.875000 0.700000
vt 0.875000 0.550000
vt 0.625000 0.550000
vt 0.875000 0.600000
vt 0.625000 0.600000
vt 0.625000 0.647031
vt 0.875000 0.647031
vt 0.875000 0.650000
vt 0.625000 0.650000
vt 0.375000 0.550000
vt 0.125000 0.550000
vt 0.375000 0.600000
vt 0.125000 0.600000
vt 0.125000 0.647031
vt 0.375000 0.647031
vt 0.375000 0.650000
vt 0.125000 0.650000
vt 0.625000 0.050000
vt 0.375000 0.050000
vt 0.625000 0.100000
vt 0.375000 0.100000
vt 0.375000 0.102969
vt 0.625000 0.102969
vt 0.625000 0.150000
vt 0.375000 0.150000
vt 0.919463 0.750000
vt 0.919463 1.000000
vt 1.000000 0.750000
vt 0.000000 0.750000
vt 0.859060 1.000000
vt 0.859060 0.750000
vt 0.859060 0.500000
vt 0.919463 0.500000
vt 0.919463 0.500000
vt 0.541667 0.166667
vt 0.541667 0.375000
vt 0.708333 0.416667
vt 0.541667 0.750000
vt 0.541667 0.875000
vt 0.708333 0.833333
vt 0.291667 0.833333
vt 0.750000 0.666667
vt 0.291667 0.416667
vt 0.750000 0.583333
vt 0.458333 0.500000
vt 0.458333 0.250000
vt 0.458333 0.375000
vt 0.458333 0.750000
vt 0.458333 0.875000
vt 0.458333 0.916667
vt 0.458333 0.833333
vt 0.500000 0.416667
vt 0.500000 0.500000
vt 0.500000 0.666667
vt 0.500000 0.750000
vt 0.500000 0.916667
vt 0.500000 1.000000
vt 0.500000 0.833333
vt 0.500000 0.333333
vt 0.500000 0.583333
vt 0.500000 0.000000
vt 0.500000 0.083333
vt 0.500000 0.166667
vt 0.479167 0.875000
vt 0.479167 0.375000
vt 0.000000 0.625000
vt 1.000000 0.625000
vt 0.000000 0.613214
vt 0.000000 0.606031
vt 0.000000 0.519741
vt 0.000000 0.605275
vt 0.000000 0.519741
vt 0.000000 0.519444
vt 0.000000 0.605559
vt 0.000000 0.605559
vt 0.000000 0.519741
vt 0.000000 0.605275
vt 0.000000 0.166667
vt 0.000000 0.437500
vt 0.000000 0.875000
vt 0.000000 0.875000
vt 0.000000 0.875000
vt 0.390663 0.166667
vt 0.390664 0.250000
vt 0.390664 0.416667
vt 0.390664 0.500000
vt 0.390663 0.666667
vt 0.390664 0.750000
vt 0.390663 0.916667
vt 0.390664 1.000000
vt 0.390663 0.583333
vt 0.390663 0.000000
vt 0.390663 0.083333
vt 0.390664 0.833333
vt 0.390663 0.333333
vt 0.375000 0.125000
vt 0.625000 0.125000
vt 0.375000 0.625000
vt 0.625000 0.625000
vt 0.869475 1.000000
vt 0.869475 1.000000
vt 0.869475 0.500000
vt 0.869475 1.000000
vt 0.812500 0.708333
vt 1.000000 0.583333
vt 1.000000 0.541667
vt 0.869475 1.000000
vt 0.869475 1.000000
vt 1.000000 0.958333
vt 1.000000 0.916667
vt 1.000000 0.833333
vt 1.000000 0.666667
vt 1.000000 0.833333
vt 0.500000 0.666667
vt 0.500000 0.833333
vt 0.500000 0.916667
vt 0.500000 0.083333
vt 0.500000 0.416667
vt 0.500000 0.583333
vt 0.500000 0.333333
vt 0.375000 0.166667
vt 0.375000 0.333333
vt 0.375000 0.416667
vt 0.375000 0.750000
vt 0.375000 0.916667
vt 0.375000 0.416667
vt 0.375000 0.583333
vt 0.375000 0.666667
vt 0.375000 0.833333
vt 0.375000 0.916667
vt 0.375000 0.833333
vt 0.375000 0.083333
vt 0.375000 0.416667
vt 0.375000 0.500000
s 0
f 133/1/1 136/2/1 4/3/1 3/4/1
f 17/5/2 20/6/2 8/7/2 7/8/2
f 129/9/3 132/10/3 6/11/3 5/12/3
f 21/13/4 24/14/4 2/15/4 1/16/4
f 133/1/5 3/4/5 31/4/5 33/1/5
f 27/17/6 135/18/6 2/19/6 24/20/6
f 19/21/7 4/22/7 136/23/7 25/24/7
f 25/24/8 136/23/8 135/18/8 27/17/8
f 18/25/9 17/5/9 37/5/9 38/25/9
f 21/13/10 1/16/10 32/16/10 39/13/10
f 7/8/11 8/7/11 131/26/11 130/27/11
f 1/28/12 2/29/12 135/30/12 134/31/12
f 17/5/13 7/8/13 29/8/13 37/5/13
f 3/4/14 18/25/14 38/25/14 31/4/14
f 7/8/15 130/27/15 36/27/15 29/8/15
f 1/28/16 134/31/16 34/31/16 32/28/16
f 131/26/17 26/32/17 28/33/17 132/10/17
f 26/32/18 25/24/18 27/17/18 28/33/18
f 8/7/19 20/34/19 26/32/19 131/26/19
f 20/34/20 19/21/20 25/24/20 26/32/20
f 132/10/21 28/33/21 23/35/21 6/11/21
f 28/33/22 27/17/22 24/20/22 23/35/22
f 130/27/23 129/9/23 35/9/23 36/27/23
f 5/12/24 22/36/24 40/36/24 30/12/24
f 5/12/25 6/11/25 23/37/25 22/36/25
f 22/36/26 23/37/26 24/14/26 21/13/26
f 3/4/27 4/3/27 19/38/27 18/25/27
f 18/25/28 19/38/28 20/6/28 17/5/28
f 22/36/29 21/13/29 39/13/29 40/36/29
f 129/9/30 5/12/30 30/12/30 35/9/30
f 134/31/31 133/1/31 33/1/31 34/31/31
f 40/36/26 39/13/26 101/13/26 102/36/26
f 30/12/25 40/36/25 102/36/25 109/12/25
f 35/9/3 30/12/3 109/12/3 107/9/3
f 39/13/4 32/16/4 103/16/4 101/13/4
f 38/25/28 37/5/28 104/5/28 105/25/28
f 29/8/11 36/27/11 108/27/11 106/8/11
f 31/4/27 38/25/27 105/25/27 112/4/27
f 34/31/32 33/1/32 110/1/32 111/31/32
f 37/5/2 29/8/2 106/8/2 104/5/2
f 32/28/12 34/31/12 111/31/12 103/28/12
f 33/1/1 31/4/1 112/4/1 110/1/1
f 36/27/33 35/9/33 107/9/33 108/27/33
f 47/39/34 42/40/34 120/40/34 122/39/34
f 48/41/32 47/39/32 122/39/32 126/41/32
f 44/42/35 46/43/35 118/43/35 117/42/35
f 49/44/36 41/45/36 125/45/36 124/44/36
f 43/46/37 50/47/37 123/47/37 128/46/37
f 50/47/38 49/44/38 124/44/38 123/47/38
f 41/45/39 48/41/39 126/41/39 125/45/39
f 82/48/33 77/9/33 67/9/33 68/27/33
f 83/28/12 78/49/12 66/31/12 64/28/12
f 84/13/4 83/16/4 64/16/4 71/13/4
f 85/12/25 79/50/25 72/36/25 62/12/25
f 77/9/3 85/12/3 62/12/3 67/9/3
f 86/25/28 80/51/28 69/5/28 70/25/28
f 87/8/11 82/48/11 68/27/11 61/8/11
f 78/49/32 81/1/32 65/1/32 66/31/32
f 80/51/2 87/8/2 61/8/2 69/5/2
f 88/4/27 86/25/27 70/25/27 63/4/27
f 79/50/26 84/13/26 71/13/26 72/36/26
f 81/1/1 88/4/1 63/4/1 65/1/1
f 69/52/40 61/8/40 68/27/40 74/52/40
f 74/52/41 69/52/41 70/52/41 76/52/41
f 75/52/42 71/52/42 72/52/42 73/52/42
f 68/27/43 67/9/43 73/53/43 74/54/43
f 65/1/44 76/55/44 75/56/44 66/31/44
f 67/9/45 62/12/45 72/52/45 73/53/45
f 71/52/46 64/28/46 66/31/46 75/52/46
f 63/4/47 70/25/47 76/52/47 65/1/47
f 90/52/48 57/52/48 53/52/48 89/52/48
f 91/52/49 56/52/49 57/52/49 90/52/49
f 92/52/50 115/52/50 56/52/50 91/52/50
f 93/52/51 60/52/51 115/52/51 92/52/51
f 94/52/52 84/52/52 79/52/52 93/52/52
f 95/52/53 83/52/53 84/52/53 94/52/53
f 96/52/54 78/52/54 83/52/54 95/52/54
f 97/52/55 81/52/55 78/52/55 96/52/55
f 98/52/56 88/52/56 81/52/56 97/52/56
f 99/52/57 86/52/57 88/52/57 98/52/57
f 100/52/58 80/52/58 86/52/58 99/52/58
f 89/52/59 53/52/59 58/52/59 100/52/59
f 87/52/60 89/52/60 100/52/60 80/52/60
f 58/52/61 100/52/61 99/52/61 59/52/61
f 59/52/62 99/52/62 98/52/62 116/52/62
f 116/52/63 98/52/63 97/52/63 54/52/63
f 54/52/64 97/52/64 96/52/64 55/52/64
f 55/52/65 96/52/65 95/52/65 114/52/65
f 114/52/66 95/52/66 94/52/66 113/52/66
f 113/52/67 94/52/67 93/52/67 60/52/67
f 79/52/68 93/52/68 92/52/68 85/52/68
f 85/52/69 92/52/69 91/52/69 77/52/69
f 77/52/70 91/52/70 90/52/70 82/52/70
f 82/52/71 90/52/71 89/52/71 87/52/71
f 51/57/72 52/58/72 102/36/72 101/13/72
f 44/59/73 51/57/73 101/13/73 103/16/73
f 49/44/74 50/47/74 105/25/74 104/5/74
f 41/45/75 49/44/75 104/5/75 106/8/75
f 47/39/76 48/41/76 108/27/76 107/9/76
f 42/40/77 47/39/77 107/9/77 109/12/77
f 45/60/78 46/43/78 111/31/78 110/1/78
f 43/46/79 45/60/79 110/1/79 112/4/79
f 52/58/80 42/40/80 109/12/80 102/36/80
f 48/41/81 41/45/81 106/8/81 108/27/81
f 50/47/82 43/46/82 112/4/82 105/25/82
f 46/43/83 44/42/83 103/28/83 111/31/83
f 117/42/84 118/43/84 55/61/84 114/62/84
f 119/57/85 117/59/85 114/63/85 113/64/85
f 120/40/86 121/58/86 60/65/86 115/66/86
f 122/39/87 120/40/87 115/66/87 56/67/87
f 123/47/88 124/44/88 58/68/88 59/69/88
f 125/45/89 126/41/89 57/70/89 53/71/89
f 118/43/90 127/60/90 54/72/90 55/61/90
f 124/44/91 125/45/91 53/71/91 58/68/91
f 128/46/92 123/47/92 59/69/92 116/73/92
f 121/58/93 119/57/93 113/64/93 60/65/93
f 127/60/94 128/46/94 116/73/94 54/72/94
f 126/41/95 122/39/95 56/67/95 57/70/95
f 46/43/33 45/60/33 127/60/33 118/43/33
f 45/60/96 43/46/96 128/46/96 127/60/96
f 52/58/97 51/57/97 119/57/97 121/58/97
f 42/40/98 52/58/98 121/58/98 120/40/98
f 51/57/99 44/59/99 117/59/99 119/57/99
f 14/74/33 13/75/33 129/9/33 130/27/33
f 16/76/33 15/77/33 131/26/33 132/10/33
f 15/77/33 14/74/33 130/27/33 131/26/33
f 13/75/33 16/76/33 132/10/33 129/9/33
f 10/78/32 9/79/32 133/1/32 134/31/32
f 12/80/32 11/81/32 135/30/32 136/2/32
f 11/81/32 10/78/32 134/31/32 135/30/32
f 9/79/32 12/80/32 136/2/32 133/1/32
f 137/74/100 138/77/100 139/76/100 140/75/100
f 145/77/28 138/77/28 137/74/28 146/74/28
f 147/76/18 139/76/18 138/77/18 145/77/18
f 148/75/101 140/75/101 139/76/101 147/76/101
f 146/74/102 137/74/102 140/75/102 148/75/102
f 141/78/32 142/81/32 143/80/32 144/79/32
f 149/81/26 142/81/26 141/78/26 150/78/26
f 151/80/18 143/80/18 142/81/18 149/81/18
f 152/79/28 144/79/28 143/80/28 151/80/28
f 150/78/102 141/78/102 144/79/102 152/79/102
f 14/74/102 146/74/102 148/75/102 13/75/102
f 13/75/103 148/75/103 147/76/103 16/76/103
f 16/76/18 147/76/18 145/77/18 15/77/18
f 15/77/28 145/77/28 146/74/28 14/74/28
f 10/78/102 150/78/102 152/79/102 9/79/102
f 9/79/28 152/79/28 151/80/28 12/80/28
f 12/80/18 151/80/18 149/81/18 11/81/18
f 11/81/26 149/81/26 150/78/26 10/78/26
f 199/82/1 164/2/1 156/3/1 187/83/1
f 207/84/2 172/6/2 160/7/2 189/85/2
f 195/86/3 168/10/3 158/11/3 191/87/3
f 203/88/4 176/14/4 154/15/4 186/89/4
f 183/90/104 165/9/104 157/12/104 174/91/104
f 179/17/105 163/18/105 154/19/105 176/20/105
f 171/21/106 156/22/106 164/23/106 177/24/106
f 177/24/107 164/23/107 163/18/107 179/17/107
f 169/92/108 159/8/108 166/27/108 181/93/108
f 181/93/109 166/27/109 165/9/109 183/90/109
f 189/85/11 160/7/11 167/26/11 193/94/11
f 193/94/33 167/26/33 168/10/33 195/86/33
f 186/95/12 154/29/12 163/30/12 197/96/12
f 197/96/32 163/30/32 164/2/32 199/82/32
f 161/97/110 182/98/110 184/99/110 162/100/110
f 184/99/111 182/98/111 210/98/111 212/99/111
f 155/101/112 170/102/112 182/98/112 161/97/112
f 170/102/113 169/92/113 181/93/113 182/98/113
f 167/26/114 178/32/114 180/33/114 168/10/114
f 178/32/18 177/24/18 179/17/18 180/33/18
f 160/7/115 172/34/115 178/32/115 167/26/115
f 172/34/116 171/21/116 177/24/116 178/32/116
f 168/10/117 180/33/117 175/35/117 158/11/117
f 180/33/118 179/17/118 176/20/118 175/35/118
f 162/100/119 184/99/119 173/103/119 153/104/119
f 184/99/120 183/90/120 174/91/120 173/103/120
f 191/87/25 158/11/25 175/37/25 201/105/25
f 201/105/26 175/37/26 176/14/26 203/88/26
f 187/83/27 156/3/27 171/38/27 205/106/27
f 205/106/28 171/38/28 172/6/28 207/84/28
f 170/25/28 206/107/28 208/108/28 169/5/28
f 208/108/121 206/107/121 234/107/121 236/108/121
f 155/4/27 188/109/27 206/107/27 170/25/27
f 188/109/122 200/110/122 244/110/122 216/109/122
f 174/36/26 202/111/26 204/112/26 173/13/26
f 191/87/123 201/105/123 229/105/123 219/87/123
f 157/12/25 192/113/25 202/111/25 174/36/25
f 194/114/124 190/115/124 218/115/124 238/114/124
f 162/31/32 198/116/32 200/110/32 161/1/32
f 207/84/125 189/85/125 217/85/125 235/84/125
f 153/28/12 185/117/12 198/116/12 162/31/12
f 202/111/126 192/113/126 220/113/126 230/111/126
f 166/27/33 194/114/33 196/118/33 165/9/33
f 193/94/127 195/86/127 239/86/127 237/94/127
f 159/8/11 190/115/11 194/114/11 166/27/11
f 190/115/128 208/108/128 236/108/128 218/115/128
f 173/13/4 204/112/4 185/119/4 153/16/4
f 201/105/129 203/88/129 231/88/129 229/105/129
f 165/9/3 196/118/3 192/113/3 157/12/3
f 196/118/130 194/114/130 238/114/130 240/118/130
f 169/5/2 208/108/2 190/115/2 159/8/2
f 195/86/131 191/87/131 219/87/131 239/86/131
f 161/1/1 200/110/1 188/109/1 155/4/1
f 204/112/132 202/111/132 230/111/132 232/112/132
f 210/98/102 209/93/102 211/90/102 212/99/102
f 181/93/133 183/90/133 211/90/133 209/93/133
f 183/90/134 184/99/134 212/99/134 211/90/134
f 182/98/135 181/93/135 209/93/135 210/98/135
f 234/107/28 233/106/28 235/84/28 236/108/28
f 216/109/27 215/83/27 233/106/27 234/107/27
f 230/111/26 229/105/26 231/88/26 232/112/26
f 220/113/25 219/87/25 229/105/25 230/111/25
f 213/117/12 214/95/12 241/96/12 242/116/12
f 218/115/11 217/85/11 237/94/11 238/114/11
f 232/112/4 231/88/4 214/89/4 213/119/4
f 240/118/3 239/86/3 219/87/3 220/113/3
f 236/108/2 235/84/2 217/85/2 218/115/2
f 244/110/1 243/82/1 215/83/1 216/109/1
f 189/85/136 193/94/136 237/94/136 217/85/136
f 200/110/137 198/116/137 242/116/137 244/110/137
f 199/82/138 187/83/138 215/83/138 243/82/138
f 205/106/139 207/84/139 235/84/139 233/106/139
f 185/119/140 204/112/140 232/112/140 213/119/140
f 197/96/141 199/82/141 243/82/141 241/96/141
f 206/107/142 188/109/142 216/109/142 234/107/142
f 203/88/143 186/89/143 214/89/143 231/88/143
f 198/116/144 185/117/144 213/117/144 242/116/144
f 187/83/145 205/106/145 233/106/145 215/83/145
f 192/113/146 196/118/146 240/118/146 220/113/146
f 186/95/147 197/96/147 241/96/147 214/95/147
f 221/120/33 222/121/33 238/114/33 237/94/33
f 224/122/33 223/123/33 239/86/33 240/118/33
f 225/124/32 226/125/32 242/116/32 241/96/32
f 228/126/32 227/127/32 243/82/32 244/110/32
f 226/125/32 228/126/32 244/110/32 242/116/32
f 227/127/32 225/124/32 241/96/32 243/82/32
f 222/121/33 224/122/33 240/118/33 238/114/33
f 223/123/33 221/120/33 237/94/33 239/86/33
f 245/125/32 246/124/32 247/127/32 248/126/32
f 225/124/26 246/124/26 245/125/26 226/125/26
f 227/127/18 247/127/18 246/124/18 225/124/18
f 228/126/28 248/126/28 247/127/28 227/127/28
f 248/126/28 228/126/28 254/126/28 256/126/28
f 249/121/33 250/120/33 251/123/33 252/122/33
f 221/120/148 250/120/148 249/121/148 222/121/148
f 223/123/18 251/123/18 250/120/18 221/120/18
f 224/122/149 252/122/149 251/123/149 223/123/149
f 249/121/33 252/122/33 139/122/33 138/121/33
f 224/122/32 222/121/32 145/121/32 147/122/32
f 252/122/149 224/122/149 147/122/149 139/122/149
f 222/121/148 249/121/148 138/121/148 145/121/148
f 253/125/102 255/125/102 256/126/102 254/126/102
f 226/125/26 245/125/26 255/125/26 253/125/26
f 245/125/32 248/126/32 256/126/32 255/125/32
f 228/126/33 226/125/33 253/125/33 254/126/33
f 259/128/150 260/129/150 258/130/150 257/131/150
f 257/131/151 258/130/151 262/130/151 261/131/151
f 261/131/152 262/130/152 264/130/152 263/131/152
f 263/131/153 264/130/153 266/130/153 265/131/153
f 265/131/154 266/130/154 268/130/154 267/131/154
f 267/131/155 268/130/155 270/130/155 269/131/155
f 259/128/156 257/131/156 271/131/156 272/128/156
f 263/131/157 265/131/157 275/131/157 274/131/157
f 257/131/158 261/131/158 273/131/158 271/131/158
f 265/131/159 267/131/159 276/131/159 275/131/159
f 261/131/160 263/131/160 274/131/160 273/131/160
f 267/131/161 269/131/161 277/131/161 276/131/161
f 276/131/162 277/131/162 284/131/162 283/131/162
f 271/131/163 273/131/163 280/131/163 278/131/163
f 275/131/164 276/131/164 283/131/164 282/131/164
f 272/128/165 271/131/165 278/131/165 279/128/165
f 289/52/166 288/52/166 295/52/166 297/52/166
f 279/128/167 278/131/167 285/131/167 286/128/167
f 283/131/168 284/131/168 291/131/168 290/131/168
f 287/131/169 280/131/169 293/131/169 296/131/169
f 278/131/170 280/131/170 287/131/170 285/131/170
f 282/131/171 283/131/171 290/131/171 289/131/171
f 293/131/172 292/131/172 295/131/172 296/131/172
f 292/131/173 294/131/173 297/131/173 295/131/173
f 282/131/174 289/131/174 297/131/174 294/131/174
f 282/131/175 294/131/175 303/131/175 300/131/175
f 294/131/176 292/131/176 302/131/176 303/131/176
f 288/52/177 287/52/177 296/52/177 295/52/177
f 299/52/178 298/52/178 302/52/178 301/52/178
f 298/52/179 300/52/179 303/52/179 302/52/179
f 280/52/180 281/52/180 298/52/180 299/52/180
f 293/131/181 280/131/181 299/131/181 301/131/181
f 281/52/182 282/52/182 300/52/182 298/52/182
f 292/131/183 293/131/183 301/131/183 302/131/183
f 300/131/184 282/131/184 305/131/184 308/131/184
f 299/52/185 298/52/185 306/52/185 307/52/185
f 298/52/186 300/52/186 308/52/186 306/52/186
f 299/52/187 280/52/187 304/52/187 307/52/187
f 285/131/188 287/131/188 311/131/188 309/131/188
f 295/131/177 296/131/177 316/131/177 315/131/177 318/131/177
f 289/131/189 290/131/189 313/131/189 312/131/189
f 286/128/190 285/131/190 309/131/190 310/128/190
f 296/131/18 287/131/18 311/131/18 316/131/18
f 290/131/191 291/131/191 314/131/191 313/131/191
f 295/52/192 318/52/192 311/52/192 296/52/192
f 312/52/166 297/52/166 295/52/166 318/52/166
f 318/52/192 315/52/192 316/52/192 311/52/192
f 317/52/166 312/52/166 318/52/166 315/52/166
f 313/131/191 314/131/191 320/131/191 319/131/191
f 312/131/189 313/131/189 319/131/189 317/131/189
f 311/52/193 316/52/193 321/52/193 309/52/193
f 259/128/194 322/131/194 323/130/194 260/129/194
f 322/131/195 324/131/195 325/130/195 323/130/195
f 324/131/196 326/131/196 327/130/196 325/130/196
f 326/131/197 328/131/197 329/130/197 327/130/197
f 328/131/198 330/131/198 331/130/198 329/130/198
f 330/131/199 269/131/199 270/130/199 331/130/199
f 259/128/200 272/128/200 332/131/200 322/131/200
f 326/131/201 334/131/201 335/131/201 328/131/201
f 322/131/202 332/131/202 333/131/202 324/131/202
f 328/131/203 335/131/203 336/131/203 330/131/203
f 324/131/204 333/131/204 334/131/204 326/131/204
f 330/131/205 336/131/205 277/131/205 269/131/205
f 336/131/206 341/131/206 284/131/206 277/131/206
f 332/131/207 337/131/207 338/131/207 333/131/207
f 335/131/208 340/131/208 341/131/208 336/131/208
f 272/128/209 279/128/209 337/131/209 332/131/209
f 345/52/210 352/52/210 350/52/210 344/52/210
f 279/128/211 286/128/211 342/131/211 337/131/211
f 341/131/212 346/131/212 291/131/212 284/131/212
f 343/131/213 351/131/213 348/131/213 338/131/213
f 337/131/214 342/131/214 343/131/214 338/131/214
f 340/131/215 345/131/215 346/131/215 341/131/215
f 348/131/216 351/131/216 350/131/216 347/131/216
f 347/131/217 350/131/217 352/131/217 349/131/217
f 340/131/218 349/131/218 352/131/218 345/131/218
f 340/131/219 355/131/219 358/131/219 349/131/219
f 349/131/220 358/131/220 357/131/220 347/131/220
f 344/52/221 350/52/221 351/52/221 343/52/221
f 354/52/222 356/52/222 357/52/222 353/52/222
f 353/52/223 357/52/223 358/52/223 355/52/223
f 338/52/224 354/52/224 353/52/224 339/52/224
f 348/131/225 356/131/225 354/131/225 338/131/225
f 339/52/226 353/52/226 355/52/226 340/52/226
f 347/131/227 357/131/227 356/131/227 348/131/227
f 355/131/228 363/131/228 360/131/228 340/131/228
f 354/52/229 362/52/229 361/52/229 353/52/229
f 353/52/230 361/52/230 363/52/230 355/52/230
f 354/52/231 362/52/231 359/52/231 338/52/231
f 342/131/232 364/131/232 365/131/232 343/131/232
f 350/131/221 371/131/221 368/131/221 369/131/221 351/131/221
f 345/131/233 366/131/233 367/131/233 346/131/233
f 286/128/234 310/128/234 364/131/234 342/131/234
f 351/131/33 369/131/33 365/131/33 343/131/33
f 346/131/235 367/131/235 314/131/235 291/131/235
f 350/52/236 351/52/236 365/52/236 371/52/236
f 366/52/210 371/52/210 350/52/210 352/52/210
f 371/52/236 365/52/236 369/52/236 368/52/236
f 370/52/210 368/52/210 371/52/210 366/52/210
f 367/131/235 372/131/235 320/131/235 314/131/235
f 366/131/233 370/131/233 372/131/233 367/131/233
f 365/52/237 364/52/237 373/52/237 369/52/237
f 404/132/238 385/2/238 377/3/238 392/133/238
f 433/134/239 428/135/239 381/7/239 394/136/239
f 400/137/240 389/10/240 379/11/240 396/138/240
f 423/139/241 419/140/241 375/15/241 391/141/241
f 437/142/242 386/9/242 378/12/242 429/143/242
f 411/144/28 410/145/28 448/145/28 450/144/28
f 407/146/243 424/147/243 445/147/243 446/146/243
f 377/3/244 385/2/244 440/2/244 441/3/244
f 434/148/245 380/8/245 387/27/245 436/149/245
f 436/149/246 387/27/246 386/9/246 437/142/246
f 394/136/247 381/7/247 388/26/247 398/150/247
f 398/150/28 388/26/28 389/10/28 400/137/28
f 391/151/248 375/29/248 384/30/248 402/152/248
f 402/152/26 384/30/26 385/2/26 404/132/26
f 383/31/249 403/153/249 405/154/249 382/1/249
f 403/153/250 402/152/250 404/132/250 405/154/250
f 374/28/251 390/155/251 403/153/251 383/31/251
f 390/155/252 391/151/252 402/152/252 403/153/252
f 387/27/253 399/156/253 401/157/253 386/9/253
f 399/156/254 398/150/254 400/137/254 401/157/254
f 380/8/255 395/158/255 399/156/255 387/27/255
f 395/158/256 394/136/256 398/150/256 399/156/256
f 425/159/257 422/160/257 390/161/257 374/16/257
f 422/160/258 423/139/258 391/141/258 390/161/258
f 386/9/259 401/157/259 397/162/259 378/12/259
f 401/157/260 400/137/260 396/138/260 397/162/260
f 434/163/261 432/164/261 395/158/261 380/8/261
f 432/164/262 433/134/262 394/136/262 395/158/262
f 382/1/263 405/154/263 393/165/263 376/4/263
f 405/154/264 404/132/264 392/133/264 393/165/264
f 426/166/265 427/167/265 417/168/265 416/169/265
f 418/170/266 426/166/266 416/169/266 406/171/266
f 438/172/267 439/173/267 415/174/267 414/175/267
f 429/176/268 438/172/268 414/175/268 408/177/268
f 420/178/269 412/179/269 413/180/269 421/181/269
f 418/182/270 406/183/270 412/179/270 420/178/270
f 430/184/271 410/145/271 411/144/271 431/185/271
f 428/186/272 407/187/272 410/145/272 430/184/272
f 431/185/273 411/144/273 409/188/273 435/189/273
f 421/181/274 413/180/274 408/190/274 425/191/274
f 439/173/275 435/192/275 409/193/275 415/174/275
f 427/167/276 424/147/276 407/146/276 417/168/276
f 392/133/277 377/3/277 424/147/277 427/167/277
f 383/100/278 421/181/278 425/191/278 374/104/278
f 376/101/279 418/182/279 420/178/279 382/97/279
f 382/97/280 420/178/280 421/181/280 383/100/280
f 376/4/281 393/165/281 426/166/281 418/170/281
f 393/165/282 392/133/282 427/167/282 426/166/282
f 414/175/283 415/174/283 423/139/283 422/160/283
f 408/177/284 414/175/284 422/160/284 425/159/284
f 409/188/285 411/144/285 450/144/285 451/188/285
f 424/147/286 377/3/286 441/3/286 445/147/286
f 385/2/287 384/30/287 444/30/287 440/2/287
f 415/174/102 409/193/102 419/140/102 423/139/102
f 396/138/288 379/11/288 435/192/288 439/173/288
f 389/10/33 431/185/33 435/189/33 379/11/33
f 381/7/33 428/186/33 430/184/33 388/26/33
f 388/26/33 430/184/33 431/185/33 389/10/33
f 378/12/289 397/162/289 438/172/289 429/176/289
f 397/162/290 396/138/290 439/173/290 438/172/290
f 416/169/291 417/168/291 433/134/291 432/164/291
f 406/171/292 416/169/292 432/164/292 434/163/292
f 412/179/293 436/149/293 437/142/293 413/180/293
f 406/183/294 434/148/294 436/149/294 412/179/294
f 413/180/295 437/142/295 429/143/295 408/190/295
f 417/168/296 407/146/296 428/135/296 433/134/296
f 449/194/33 444/18/33 443/19/33 442/195/33
f 445/196/33 441/22/33 440/23/33 447/197/33
f 447/197/33 440/23/33 444/18/33 449/194/33
f 448/145/33 447/197/33 449/194/33 450/144/33
f 446/187/33 445/196/33 447/197/33 448/145/33
f 450/144/33 449/194/33 442/195/33 451/188/33
f 419/140/297 409/193/297 451/193/297 442/140/297
f 384/30/298 375/29/298 443/29/298 444/30/298
f 375/15/299 419/140/299 442/140/299 443/15/299
f 410/145/28 407/187/28 446/187/28 448/145/28
f 482/132/300 463/2/300 455/3/300 470/133/300
f 509/134/301 504/135/301 459/7/301 472/136/301
f 478/137/302 467/10/302 457/11/302 474/138/302
f 499/139/303 497/140/303 453/15/303 469/141/303
f 513/142/304 464/9/304 456/12/304 505/143/304
f 489/144/26 488/145/26 524/145/26 526/144/26
f 485/146/305 500/147/305 521/147/305 522/146/305
f 455/3/306 463/2/306 516/2/306 517/3/306
f 510/148/307 458/8/307 465/27/307 512/149/307
f 512/149/308 465/27/308 464/9/308 513/142/308
f 472/136/309 459/7/309 466/26/309 476/150/309
f 476/150/26 466/26/26 467/10/26 478/137/26
f 469/151/310 453/29/310 462/30/310 480/152/310
f 480/152/28 462/30/28 463/2/28 482/132/28
f 461/31/311 481/153/311 483/154/311 460/1/311
f 481/153/312 480/152/312 482/132/312 483/154/312
f 452/28/313 468/155/313 481/153/313 461/31/313
f 468/155/314 469/151/314 480/152/314 481/153/314
f 465/27/315 477/156/315 479/157/315 464/9/315
f 477/156/316 476/150/316 478/137/316 479/157/316
f 458/8/317 473/158/317 477/156/317 465/27/317
f 473/158/318 472/136/318 476/150/318 477/156/318
f 501/159/319 498/160/319 468/161/319 452/16/319
f 498/160/320 499/139/320 469/141/320 468/161/320
f 464/9/321 479/157/321 475/162/321 456/12/321
f 479/157/322 478/137/322 474/138/322 475/162/322
f 510/163/323 508/164/323 473/158/323 458/8/323
f 508/164/324 509/134/324 472/136/324 473/158/324
f 460/1/325 483/154/325 471/165/325 454/4/325
f 483/154/326 482/132/326 470/133/326 471/165/326
f 502/166/327 503/167/327 495/168/327 494/169/327
f 496/170/328 502/166/328 494/169/328 484/171/328
f 514/172/329 515/173/329 493/174/329 492/175/329
f 505/176/330 514/172/330 492/175/330 486/177/330
f 484/183/331 490/179/331 537/179/331 539/183/331
f 460/1/332 454/4/332 531/4/332 532/1/332
f 506/184/333 488/145/333 489/144/333 507/185/333
f 504/186/334 485/187/334 488/145/334 506/184/334
f 507/185/335 489/144/335 487/188/335 511/189/335
f 490/179/336 491/180/336 538/180/336 537/179/336
f 515/173/337 511/192/337 487/193/337 493/174/337
f 503/167/338 500/147/338 485/146/338 495/168/338
f 470/133/339 455/3/339 500/147/339 503/167/339
f 486/177/340 501/159/340 535/159/340 536/177/340
f 454/4/341 496/170/341 530/170/341 531/4/341
f 452/28/342 461/31/342 528/31/342 529/28/342
f 454/4/343 471/165/343 502/166/343 496/170/343
f 471/165/344 470/133/344 503/167/344 502/166/344
f 492/175/345 493/174/345 499/139/345 498/160/345
f 486/177/346 492/175/346 498/160/346 501/159/346
f 487/188/347 489/144/347 526/144/347 527/188/347
f 500/147/348 455/3/348 517/3/348 521/147/348
f 463/2/349 462/30/349 520/30/349 516/2/349
f 493/174/102 487/193/102 497/140/102 499/139/102
f 474/138/350 457/11/350 511/192/350 515/173/350
f 467/10/32 507/185/32 511/189/32 457/11/32
f 459/7/32 504/186/32 506/184/32 466/26/32
f 466/26/32 506/184/32 507/185/32 467/10/32
f 456/12/351 475/162/351 514/172/351 505/176/351
f 475/162/352 474/138/352 515/173/352 514/172/352
f 494/169/353 495/168/353 509/134/353 508/164/353
f 484/171/354 494/169/354 508/164/354 510/163/354
f 490/179/355 512/149/355 513/142/355 491/180/355
f 484/183/356 510/148/356 512/149/356 490/179/356
f 491/180/357 513/142/357 505/143/357 486/190/357
f 495/168/358 485/146/358 504/135/358 509/134/358
f 525/194/32 520/18/32 519/19/32 518/195/32
f 521/196/32 517/22/32 516/23/32 523/197/32
f 523/197/32 516/23/32 520/18/32 525/194/32
f 524/145/32 523/197/32 525/194/32 526/144/32
f 522/187/32 521/196/32 523/197/32 524/145/32
f 526/144/32 525/194/32 518/195/32 527/188/32
f 497/140/359 487/193/359 527/193/359 518/140/359
f 462/30/360 453/29/360 519/29/360 520/30/360
f 453/15/361 497/140/361 518/140/361 519/15/361
f 488/145/26 485/187/26 522/187/26 524/145/26
f 533/178/362 537/179/362 538/180/362 534/181/362
f 530/182/363 539/183/363 537/179/363 533/178/363
f 534/181/364 538/180/364 536/190/364 535/191/364
f 528/100/365 534/181/365 535/191/365 529/104/365
f 531/101/366 530/182/366 533/178/366 532/97/366
f 532/97/367 533/178/367 534/181/367 528/100/367
f 496/170/368 484/171/368 539/171/368 530/170/368
f 501/159/369 452/16/369 529/16/369 535/159/369
f 461/31/370 460/1/370 532/1/370 528/31/370
f 491/180/371 486/190/371 536/190/371 538/180/371
f 598/198/372 563/2/372 543/3/372 587/199/372
f 591/200/373 559/201/373 541/15/373 586/202/373
f 571/203/374 562/18/374 541/19/374 559/204/374
f 565/205/375 567/206/375 557/207/375 556/208/375
f 567/206/376 569/209/376 558/210/376 557/207/376
f 569/209/377 571/203/377 559/204/377 558/210/377
f 561/100/378 573/211/378 552/212/378 540/104/378
f 573/211/379 575/213/379 553/214/379 552/212/379
f 575/213/380 577/215/380 554/216/380 553/214/380
f 577/215/381 579/217/381 555/218/381 554/216/381
f 596/219/382 578/220/382 544/221/382 595/222/382
f 588/223/383 556/224/383 557/225/383 589/226/383
f 589/226/384 557/225/384 558/227/384 590/228/384
f 590/228/385 558/227/385 559/201/385 591/200/385
f 588/223/386 555/229/386 583/229/386 599/230/386
f 564/231/387 565/205/387 580/205/387 584/231/387
f 545/232/388 544/221/388 578/233/388 576/234/388
f 576/234/389 578/233/389 579/217/389 577/215/389
f 546/235/390 545/232/390 576/234/390 574/236/390
f 574/236/391 576/234/391 577/215/391 575/213/391
f 547/237/392 546/235/392 574/236/392 572/238/392
f 572/238/393 574/236/393 575/213/393 573/211/393
f 542/101/394 547/237/394 572/238/394 560/97/394
f 560/97/395 572/238/395 573/211/395 561/100/395
f 549/239/396 548/240/396 570/241/396 568/242/396
f 568/242/397 570/241/397 571/203/397 569/209/397
f 550/243/398 549/239/398 568/242/398 566/244/398
f 566/244/399 568/242/399 569/209/399 567/206/399
f 551/245/400 550/243/400 566/244/400 564/231/400
f 564/231/401 566/244/401 567/206/401 565/205/401
f 548/240/402 543/22/402 563/23/402 570/241/402
f 570/241/403 563/23/403 562/18/403 571/203/403
f 586/246/404 541/29/404 562/30/404 597/247/404
f 597/247/405 562/30/405 563/2/405 598/198/405
f 599/230/406 583/229/406 582/248/406 600/249/406
f 600/249/407 582/248/407 585/220/407 601/219/407
f 584/250/408 601/219/408 732/219/408 733/250/408
f 579/217/409 578/233/409 585/233/409 582/217/409
f 565/205/410 556/208/410 581/208/410 580/205/410
f 555/218/411 579/217/411 582/217/411 583/218/411
f 578/220/412 596/219/412 730/219/412 735/220/412
f 580/251/413 600/249/413 601/219/413 584/250/413
f 581/224/414 599/230/414 600/249/414 580/251/414
f 561/31/415 597/247/415 598/198/415 560/1/415
f 540/28/416 586/246/416 597/247/416 561/31/416
f 556/224/417 588/223/417 599/230/417 581/224/417
f 545/252/418 594/253/418 595/254/418 544/255/418
f 546/256/419 593/257/419 594/253/419 545/252/419
f 547/258/420 592/259/420 593/257/420 546/256/420
f 542/4/421 587/199/421 592/259/421 547/258/421
f 553/260/422 590/228/422 591/200/422 552/261/422
f 554/262/423 589/226/423 590/228/423 553/260/423
f 555/229/424 588/223/424 589/226/424 554/262/424
f 564/250/425 596/219/425 595/222/425 551/263/425
f 552/261/426 591/200/426 586/202/426 540/16/426
f 560/1/427 598/198/427 587/199/427 542/4/427
f 550/243/428 551/245/428 604/245/428 605/243/428
f 551/263/429 595/222/429 603/222/429 604/263/429
f 594/253/430 550/243/430 605/243/430 602/253/430
f 606/239/431 607/243/431 623/243/431 622/239/431
f 543/22/432 548/240/432 611/240/432 610/22/432
f 593/257/433 592/259/433 615/259/433 614/257/433
f 550/243/434 594/253/434 609/253/434 607/243/434
f 595/254/435 594/253/435 602/253/435 603/254/435
f 614/257/436 615/259/436 633/259/436 631/257/436
f 549/239/437 550/243/437 607/243/437 606/239/437
f 594/253/438 593/257/438 608/257/438 609/253/438
f 593/257/439 549/239/439 606/239/439 608/257/439
f 615/259/440 617/240/440 632/240/440 633/259/440
f 587/199/441 543/3/441 610/3/441 612/199/441
f 548/240/442 592/259/442 613/259/442 611/240/442
f 592/259/435 587/199/435 612/199/435 613/259/435
f 592/259/443 548/240/443 617/240/443 615/259/443
f 548/240/444 549/239/444 616/239/444 617/240/444
f 616/239/445 614/257/445 631/257/445 630/239/445
f 549/239/446 593/257/446 614/257/446 616/239/446
f 625/253/447 624/257/447 640/257/447 641/253/447
f 630/239/445 631/257/445 647/257/445 646/239/445
f 622/239/448 623/243/448 639/243/448 638/239/448
f 627/240/445 629/259/445 645/259/445 643/240/445
f 602/253/440 605/243/440 618/243/440 619/253/440
f 610/22/449 611/240/449 627/240/449 626/22/449
f 617/240/450 616/239/450 630/239/450 632/240/450
f 609/253/451 608/257/451 624/257/451 625/253/451
f 603/254/436 602/253/436 619/253/436 620/254/436
f 612/199/440 610/3/440 626/3/440 628/199/440
f 608/257/440 606/239/440 622/239/440 624/257/440
f 604/263/445 603/222/445 620/222/445 621/263/445
f 613/259/452 612/199/452 628/199/452 629/259/452
f 607/243/445 609/253/445 625/253/445 623/243/445
f 605/243/450 604/245/450 621/245/450 618/243/450
f 611/240/445 613/259/445 629/259/445 627/240/445
f 645/259/453 644/199/453 660/199/453 661/259/453
f 637/263/26 636/222/26 652/222/26 653/263/26
f 644/199/440 642/3/440 658/3/440 660/199/440
f 636/254/454 635/253/454 651/253/454 652/254/454
f 633/259/440 632/240/440 648/240/440 649/259/440
f 624/257/440 622/239/440 638/239/440 640/257/440
f 631/257/455 633/259/455 649/259/455 647/257/455
f 623/243/445 625/253/445 641/253/445 639/243/445
f 619/253/440 618/243/440 634/243/440 635/253/440
f 632/240/456 630/239/456 646/239/456 648/240/456
f 626/22/457 627/240/457 643/240/457 642/22/457
f 620/254/458 619/253/458 635/253/458 636/254/458
f 628/199/440 626/3/440 642/3/440 644/199/440
f 621/263/445 620/222/445 636/222/445 637/263/445
f 629/259/459 628/199/459 644/199/459 645/259/459
f 618/243/460 621/245/460 637/245/460 634/243/460
f 651/253/461 650/243/461 666/243/461 667/253/461
f 655/243/462 657/253/462 673/253/462 671/243/462
f 663/257/463 665/259/463 681/259/463 679/257/463
f 656/257/464 654/239/464 670/239/464 672/257/464
f 634/243/465 637/245/465 653/245/465 650/243/465
f 643/240/445 645/259/445 661/259/445 659/240/445
f 638/239/466 639/243/466 655/243/466 654/239/466
f 646/239/26 647/257/26 663/257/26 662/239/26
f 641/253/467 640/257/467 656/257/467 657/253/467
f 649/259/28 648/240/28 664/240/28 665/259/28
f 640/257/440 638/239/440 654/239/440 656/257/440
f 647/257/454 649/259/454 665/259/454 663/257/454
f 639/243/445 641/253/445 657/253/445 655/243/445
f 635/253/28 634/243/28 650/243/28 651/253/28
f 648/240/468 646/239/468 662/239/468 664/240/468
f 642/22/469 643/240/469 659/240/469 658/22/469
f 673/253/470 672/257/470 688/257/470 689/253/470
f 678/239/445 679/257/445 695/257/445 694/239/445
f 670/239/471 671/243/471 687/243/471 686/239/471
f 675/240/472 677/259/472 693/259/472 691/240/472
f 664/240/473 662/239/473 678/239/473 680/240/473
f 658/22/474 659/240/474 675/240/474 674/22/474
f 652/254/463 651/253/463 667/253/463 668/254/463
f 660/199/475 658/3/475 674/3/475 676/199/475
f 653/263/476 652/222/476 668/222/476 669/263/476
f 661/259/477 660/199/477 676/199/477 677/259/477
f 650/243/473 653/245/473 669/245/473 666/243/473
f 659/240/478 661/259/478 677/259/478 675/240/478
f 654/239/479 655/243/479 671/243/479 670/239/479
f 662/239/476 663/257/476 679/257/476 678/239/476
f 657/253/480 656/257/480 672/257/480 673/253/480
f 665/259/461 664/240/461 680/240/461 681/259/461
f 682/243/481 685/245/481 701/245/481 698/243/481
f 693/259/482 692/199/482 708/199/482 709/259/482
f 685/263/445 684/222/445 700/222/445 701/263/445
f 692/199/483 690/3/483 706/3/483 708/199/483
f 681/259/440 680/240/440 696/240/440 697/259/440
f 672/257/484 670/239/484 686/239/484 688/257/484
f 679/257/485 681/259/485 697/259/485 695/257/485
f 671/243/486 673/253/486 689/253/486 687/243/486
f 667/253/440 666/243/440 682/243/440 683/253/440
f 680/240/487 678/239/487 694/239/487 696/240/487
f 674/22/488 675/240/488 691/240/488 690/22/488
f 668/254/489 667/253/489 683/253/489 684/254/489
f 676/199/490 674/3/490 690/3/490 692/199/490
f 669/263/445 668/222/445 684/222/445 685/263/445
f 677/259/491 676/199/491 692/199/491 693/259/491
f 666/243/492 669/245/492 685/245/492 682/243/492
f 712/240/493 710/239/493 726/239/493 728/240/493
f 699/253/494 698/243/494 714/243/494 715/253/494
f 703/243/495 705/253/495 721/253/495 719/243/495
f 711/257/496 713/259/496 729/259/496 727/257/496
f 691/240/497 693/259/497 709/259/497 707/240/497
f 686/239/498 687/243/498 703/243/498 702/239/498
f 694/239/499 695/257/499 711/257/499 710/239/499
f 689/253/500 688/257/500 704/257/500 705/253/500
f 697/259/501 696/240/501 712/240/501 713/259/501
f 688/257/502 686/239/502 702/239/502 704/257/502
f 695/257/503 697/259/503 713/259/503 711/257/503
f 687/243/504 689/253/504 705/253/504 703/243/504
f 683/253/440 682/243/440 698/243/440 699/253/440
f 696/240/505 694/239/505 710/239/505 712/240/505
f 690/22/506 691/240/506 707/240/506 706/22/506
f 684/254/507 683/253/507 699/253/507 700/254/507
f 717/263/508 716/222/508 715/253/508 714/243/508
f 719/243/509 721/253/509 720/257/509 718/239/509
f 723/240/510 725/259/510 724/199/510 722/3/510
f 726/239/511 727/257/511 729/259/511 728/240/511
f 706/22/512 707/240/512 723/240/512 722/22/512
f 700/254/496 699/253/496 715/253/496 716/254/496
f 708/199/513 706/3/513 722/3/513 724/199/513
f 701/263/514 700/222/514 716/222/514 717/263/514
f 709/259/515 708/199/515 724/199/515 725/259/515
f 698/243/493 701/245/493 717/245/493 714/243/493
f 707/240/516 709/259/516 725/259/516 723/240/516
f 702/239/517 703/243/517 719/243/517 718/239/517
f 710/239/518 711/257/518 727/257/518 726/239/518
f 705/253/519 704/257/519 720/257/519 721/253/519
f 713/259/520 712/240/520 728/240/520 729/259/520
f 704/257/521 702/239/521 718/239/521 720/257/521
f 734/233/522 735/233/522 741/233/522 740/233/522
f 732/219/523 734/220/523 740/220/523 738/219/523
f 601/219/524 585/220/524 734/220/524 732/219/524
f 564/231/525 584/231/525 733/231/525 731/231/525
f 596/219/526 564/250/526 731/250/526 730/219/526
f 585/233/527 578/233/527 735/233/527 734/233/527
f 737/231/528 739/231/528 745/231/528 743/231/528
f 741/220/529 736/219/529 742/219/529 747/220/529
f 733/250/523 732/219/523 738/219/523 739/250/523
f 735/220/530 730/219/530 736/219/530 741/220/530
f 731/231/531 733/231/531 739/231/531 737/231/531
f 730/219/532 731/250/532 737/250/532 736/219/532
f 745/250/533 744/219/533 750/219/533 751/250/533
f 746/233/534 747/233/534 753/233/534 752/233/534
f 736/219/535 737/250/535 743/250/535 742/219/535
f 738/219/533 740/220/533 746/220/533 744/219/533
f 740/233/536 741/233/536 747/233/536 746/233/536
f 739/250/533 738/219/533 744/219/533 745/250/533
f 748/219/537 749/250/537 755/250/537 754/219/537
f 749/231/538 751/231/538 757/231/538 755/231/538
f 747/220/539 742/219/539 748/219/539 753/220/539
f 743/231/540 745/231/540 751/231/540 749/231/540
f 742/219/541 743/250/541 749/250/541 748/219/541
f 744/219/533 746/220/533 752/220/533 750/219/533
f 754/219/542 755/250/542 757/250/542 756/219/542
f 759/220/543 754/219/543 756/219/543 758/220/543
f 750/219/544 752/220/544 758/220/544 756/219/544
f 752/233/545 753/233/545 759/233/545 758/233/545
f 751/250/546 750/219/546 756/219/546 757/250/546
f 753/220/547 748/219/547 754/219/547 759/220/547
f 818/198/548 783/2/548 763/3/548 807/199/548
f 811/200/549 779/201/549 761/15/549 806/202/549
f 791/203/550 782/18/550 761/19/550 779/204/550
f 785/205/551 787/206/551 777/207/551 776/208/551
f 787/206/552 789/209/552 778/210/552 777/207/552
f 789/209/553 791/203/553 779/204/553 778/210/553
f 781/100/554 793/211/554 772/212/554 760/104/554
f 793/211/555 795/213/555 773/214/555 772/212/555
f 795/213/556 797/215/556 774/216/556 773/214/556
f 797/215/557 799/217/557 775/218/557 774/216/557
f 816/219/558 798/220/558 764/221/558 815/222/558
f 808/223/559 776/224/559 777/225/559 809/226/559
f 809/226/560 777/225/560 778/227/560 810/228/560
f 810/228/561 778/227/561 779/201/561 811/200/561
f 808/223/562 775/229/562 803/229/562 819/230/562
f 784/231/563 785/205/563 800/205/563 804/231/563
f 765/232/564 764/221/564 798/233/564 796/234/564
f 796/234/565 798/233/565 799/217/565 797/215/565
f 766/235/566 765/232/566 796/234/566 794/236/566
f 794/236/567 796/234/567 797/215/567 795/213/567
f 767/237/568 766/235/568 794/236/568 792/238/568
f 792/238/569 794/236/569 795/213/569 793/211/569
f 762/101/570 767/237/570 792/238/570 780/97/570
f 780/97/571 792/238/571 793/211/571 781/100/571
f 769/239/572 768/240/572 790/241/572 788/242/572
f 788/242/573 790/241/573 791/203/573 789/209/573
f 770/243/574 769/239/574 788/242/574 786/244/574
f 786/244/575 788/242/575 789/209/575 787/206/575
f 771/245/576 770/243/576 786/244/576 784/231/576
f 784/231/577 786/244/577 787/206/577 785/205/577
f 768/240/578 763/22/578 783/23/578 790/241/578
f 790/241/579 783/23/579 782/18/579 791/203/579
f 806/246/580 761/29/580 782/30/580 817/247/580
f 817/247/581 782/30/581 783/2/581 818/198/581
f 819/230/582 803/229/582 802/248/582 820/249/582
f 820/249/583 802/248/583 805/220/583 821/219/583
f 804/250/584 821/219/584 952/219/584 953/250/584
f 799/217/585 798/233/585 805/233/585 802/217/585
f 785/205/586 776/208/586 801/208/586 800/205/586
f 775/218/587 799/217/587 802/217/587 803/218/587
f 798/220/588 816/219/588 950/219/588 955/220/588
f 800/251/589 820/249/589 821/219/589 804/250/589
f 801/224/590 819/230/590 820/249/590 800/251/590
f 781/31/591 817/247/591 818/198/591 780/1/591
f 760/28/592 806/246/592 817/247/592 781/31/592
f 776/224/593 808/223/593 819/230/593 801/224/593
f 765/252/594 814/253/594 815/254/594 764/255/594
f 766/256/595 813/257/595 814/253/595 765/252/595
f 767/258/596 812/259/596 813/257/596 766/256/596
f 762/4/597 807/199/597 812/259/597 767/258/597
f 773/260/598 810/228/598 811/200/598 772/261/598
f 774/262/599 809/226/599 810/228/599 773/260/599
f 775/229/600 808/223/600 809/226/600 774/262/600
f 784/250/601 816/219/601 815/222/601 771/263/601
f 772/261/602 811/200/602 806/202/602 760/16/602
f 780/1/603 818/198/603 807/199/603 762/4/603
f 770/243/604 771/245/604 824/245/604 825/243/604
f 771/263/605 815/222/605 823/222/605 824/263/605
f 814/253/606 770/243/606 825/243/606 822/253/606
f 826/239/607 827/243/607 843/243/607 842/239/607
f 763/22/608 768/240/608 831/240/608 830/22/608
f 813/257/609 812/259/609 835/259/609 834/257/609
f 770/243/610 814/253/610 829/253/610 827/243/610
f 815/254/611 814/253/611 822/253/611 823/254/611
f 834/257/612 835/259/612 853/259/612 851/257/612
f 769/239/613 770/243/613 827/243/613 826/239/613
f 814/253/614 813/257/614 828/257/614 829/253/614
f 813/257/615 769/239/615 826/239/615 828/257/615
f 835/259/616 837/240/616 852/240/616 853/259/616
f 807/199/617 763/3/617 830/3/617 832/199/617
f 768/240/618 812/259/618 833/259/618 831/240/618
f 812/259/611 807/199/611 832/199/611 833/259/611
f 812/259/619 768/240/619 837/240/619 835/259/619
f 768/240/620 769/239/620 836/239/620 837/240/620
f 836/239/621 834/257/621 851/257/621 850/239/621
f 769/239/622 813/257/622 834/257/622 836/239/622
f 845/253/623 844/257/623 860/257/623 861/253/623
f 850/239/621 851/257/621 867/257/621 866/239/621
f 842/239/624 843/243/624 859/243/624 858/239/624
f 847/240/621 849/259/621 865/259/621 863/240/621
f 822/253/616 825/243/616 838/243/616 839/253/616
f 830/22/625 831/240/625 847/240/625 846/22/625
f 837/240/626 836/239/626 850/239/626 852/240/626
f 829/253/627 828/257/627 844/257/627 845/253/627
f 823/254/612 822/253/612 839/253/612 840/254/612
f 832/199/616 830/3/616 846/3/616 848/199/616
f 828/257/616 826/239/616 842/239/616 844/257/616
f 824/263/621 823/222/621 840/222/621 841/263/621
f 833/259/628 832/199/628 848/199/628 849/259/628
f 827/243/621 829/253/621 845/253/621 843/243/621
f 825/243/626 824/245/626 841/245/626 838/243/626
f 831/240/621 833/259/621 849/259/621 847/240/621
f 865/259/629 864/199/629 880/199/629 881/259/629
f 857/263/28 856/222/28 872/222/28 873/263/28
f 864/199/616 862/3/616 878/3/616 880/199/616
f 856/254/630 855/253/630 871/253/630 872/254/630
f 853/259/616 852/240/616 868/240/616 869/259/616
f 844/257/616 842/239/616 858/239/616 860/257/616
f 851/257/631 853/259/631 869/259/631 867/257/631
f 843/243/621 845/253/621 861/253/621 859/243/621
f 839/253/616 838/243/616 854/243/616 855/253/616
f 852/240/632 850/239/632 866/239/632 868/240/632
f 846/22/633 847/240/633 863/240/633 862/22/633
f 840/254/634 839/253/634 855/253/634 856/254/634
f 848/199/616 846/3/616 862/3/616 864/199/616
f 841/263/621 840/222/621 856/222/621 857/263/621
f 849/259/635 848/199/635 864/199/635 865/259/635
f 838/243/636 841/245/636 857/245/636 854/243/636
f 871/253/637 870/243/637 886/243/637 887/253/637
f 875/243/638 877/253/638 893/253/638 891/243/638
f 883/257/639 885/259/639 901/259/639 899/257/639
f 876/257/640 874/239/640 890/239/640 892/257/640
f 854/243/641 857/245/641 873/245/641 870/243/641
f 863/240/621 865/259/621 881/259/621 879/240/621
f 858/239/642 859/243/642 875/243/642 874/239/642
f 866/239/28 867/257/28 883/257/28 882/239/28
f 861/253/643 860/257/643 876/257/643 877/253/643
f 869/259/26 868/240/26 884/240/26 885/259/26
f 860/257/616 858/239/616 874/239/616 876/257/616
f 867/257/630 869/259/630 885/259/630 883/257/630
f 859/243/621 861/253/621 877/253/621 875/243/621
f 855/253/26 854/243/26 870/243/26 871/253/26
f 868/240/644 866/239/644 882/239/644 884/240/644
f 862/22/645 863/240/645 879/240/645 878/22/645
f 893/253/646 892/257/646 908/257/646 909/253/646
f 898/239/621 899/257/621 915/257/621 914/239/621
f 890/239/647 891/243/647 907/243/647 906/239/647
f 895/240/648 897/259/648 913/259/648 911/240/648
f 884/240/649 882/239/649 898/239/649 900/240/649
f 878/22/650 879/240/650 895/240/650 894/22/650
f 872/254/639 871/253/639 887/253/639 888/254/639
f 880/199/651 878/3/651 894/3/651 896/199/651
f 873/263/652 872/222/652 888/222/652 889/263/652
f 881/259/653 880/199/653 896/199/653 897/259/653
f 870/243/649 873/245/649 889/245/649 886/243/649
f 879/240/654 881/259/654 897/259/654 895/240/654
f 874/239/655 875/243/655 891/243/655 890/239/655
f 882/239/652 883/257/652 899/257/652 898/239/652
f 877/253/656 876/257/656 892/257/656 893/253/656
f 885/259/637 884/240/637 900/240/637 901/259/637
f 902/243/657 905/245/657 921/245/657 918/243/657
f 913/259/658 912/199/658 928/199/658 929/259/658
f 905/263/621 904/222/621 920/222/621 921/263/621
f 912/199/659 910/3/659 926/3/659 928/199/659
f 901/259/616 900/240/616 916/240/616 917/259/616
f 892/257/660 890/239/660 906/239/660 908/257/660
f 899/257/661 901/259/661 917/259/661 915/257/661
f 891/243/662 893/253/662 909/253/662 907/243/662
f 887/253/616 886/243/616 902/243/616 903/253/616
f 900/240/663 898/239/663 914/239/663 916/240/663
f 894/22/664 895/240/664 911/240/664 910/22/664
f 888/254/665 887/253/665 903/253/665 904/254/665
f 896/199/666 894/3/666 910/3/666 912/199/666
f 889/263/621 888/222/621 904/222/621 905/263/621
f 897/259/667 896/199/667 912/199/667 913/259/667
f 886/243/668 889/245/668 905/245/668 902/243/668
f 932/240/669 930/239/669 946/239/669 948/240/669
f 919/253/670 918/243/670 934/243/670 935/253/670
f 923/243/671 925/253/671 941/253/671 939/243/671
f 931/257/672 933/259/672 949/259/672 947/257/672
f 911/240/673 913/259/673 929/259/673 927/240/673
f 906/239/674 907/243/674 923/243/674 922/239/674
f 914/239/675 915/257/675 931/257/675 930/239/675
f 909/253/676 908/257/676 924/257/676 925/253/676
f 917/259/677 916/240/677 932/240/677 933/259/677
f 908/257/678 906/239/678 922/239/678 924/257/678
f 915/257/679 917/259/679 933/259/679 931/257/679
f 907/243/680 909/253/680 925/253/680 923/243/680
f 903/253/616 902/243/616 918/243/616 919/253/616
f 916/240/681 914/239/681 930/239/681 932/240/681
f 910/22/682 911/240/682 927/240/682 926/22/682
f 904/254/683 903/253/683 919/253/683 920/254/683
f 937/263/684 936/222/684 935/253/684 934/243/684
f 939/243/685 941/253/685 940/257/685 938/239/685
f 943/240/686 945/259/686 944/199/686 942/3/686
f 946/239/687 947/257/687 949/259/687 948/240/687
f 926/22/688 927/240/688 943/240/688 942/22/688
f 920/254/672 919/253/672 935/253/672 936/254/672
f 928/199/689 926/3/689 942/3/689 944/199/689
f 921/263/690 920/222/690 936/222/690 937/263/690
f 929/259/691 928/199/691 944/199/691 945/259/691
f 918/243/669 921/245/669 937/245/669 934/243/669
f 927/240/692 929/259/692 945/259/692 943/240/692
f 922/239/693 923/243/693 939/243/693 938/239/693
f 930/239/694 931/257/694 947/257/694 946/239/694
f 925/253/695 924/257/695 940/257/695 941/253/695
f 933/259/696 932/240/696 948/240/696 949/259/696
f 924/257/697 922/239/697 938/239/697 940/257/697
f 954/233/698 955/233/698 961/233/698 960/233/698
f 952/219/699 954/220/699 960/220/699 958/219/699
f 821/219/700 805/220/700 954/220/700 952/219/700
f 784/231/701 804/231/701 953/231/701 951/231/701
f 816/219/702 784/250/702 951/250/702 950/219/702
f 805/233/703 798/233/703 955/233/703 954/233/703
f 957/231/704 959/231/704 965/231/704 963/231/704
f 961/220/705 956/219/705 962/219/705 967/220/705
f 953/250/699 952/219/699 958/219/699 959/250/699
f 955/220/706 950/219/706 956/219/706 961/220/706
f 951/231/707 953/231/707 959/231/707 957/231/707
f 950/219/708 951/250/708 957/250/708 956/219/708
f 965/250/709 964/219/709 970/219/709 971/250/709
f 966/233/710 967/233/710 973/233/710 972/233/710
f 956/219/711 957/250/711 963/250/711 962/219/711
f 958/219/709 960/220/709 966/220/709 964/219/709
f 960/233/712 961/233/712 967/233/712 966/233/712
f 959/250/709 958/219/709 964/219/709 965/250/709
f 968/219/713 969/250/713 975/250/713 974/219/713
f 969/231/714 971/231/714 977/231/714 975/231/714
f 967/220/715 962/219/715 968/219/715 973/220/715
f 963/231/716 965/231/716 971/231/716 969/231/716
f 962/219/717 963/250/717 969/250/717 968/219/717
f 964/219/709 966/220/709 972/220/709 970/219/709
f 974/219/718 975/250/718 977/250/718 976/219/718
f 979/220/719 974/219/719 976/219/719 978/220/719
f 970/219/720 972/220/720 978/220/720 976/219/720
f 972/233/721 973/233/721 979/233/721 978/233/721
f 971/250/722 970/219/722 976/219/722 977/250/722
f 973/220/723 968/219/723 974/219/723 979/220/723
f 992/108/18 991/107/18 1012/107/18 1014/108/18
f 982/109/724 988/110/724 1022/110/724 996/109/724
f 1197/87/102 1206/105/102 1007/105/102 999/87/102
f 985/114/725 983/115/725 998/115/725 1016/114/725
f 1203/84/102 1198/85/102 997/85/102 1013/84/102
f 989/111/18 984/113/18 1000/113/18 1008/111/18
f 1200/94/102 1199/86/102 1017/86/102 1015/94/102
f 983/115/726 992/108/726 1014/108/726 998/115/726
f 1206/105/102 1205/88/102 1009/88/102 1007/105/102
f 986/118/727 985/114/727 1016/114/727 1018/118/727
f 1199/86/102 1197/87/102 999/87/102 1017/86/102
f 990/112/18 989/111/18 1008/111/18 1010/112/18
f 1012/107/728 1011/106/728 1013/84/728 1014/108/728
f 996/109/729 995/83/729 1011/106/729 1012/107/729
f 1008/111/730 1007/105/730 1009/88/730 1010/112/730
f 1000/113/731 999/87/731 1007/105/731 1008/111/731
f 993/117/732 994/95/732 1019/96/732 1020/116/732
f 998/115/733 997/85/733 1015/94/733 1016/114/733
f 1010/112/734 1009/88/734 994/89/734 993/119/734
f 1018/118/735 1017/86/735 999/87/735 1000/113/735
f 1014/108/736 1013/84/736 997/85/736 998/115/736
f 1022/110/737 1021/82/737 995/83/737 996/109/737
f 1198/85/102 1200/94/102 1015/94/102 997/85/102
f 988/110/738 987/116/738 1020/116/738 1022/110/738
f 1201/82/739 981/83/739 995/83/739 1021/82/739
f 1204/106/102 1203/84/102 1013/84/102 1011/106/102
f 980/119/18 990/112/18 1010/112/18 993/119/18
f 1202/96/740 1201/82/740 1021/82/740 1019/96/740
f 991/107/741 982/109/741 996/109/741 1012/107/741
f 1205/88/102 1196/89/102 994/89/102 1009/88/102
f 987/116/18 980/117/18 993/117/18 1020/116/18
f 981/83/742 1204/106/742 1011/106/742 995/83/742
f 984/113/18 986/118/18 1018/118/18 1000/113/18
f 1196/95/102 1202/96/102 1019/96/102 994/95/102
f 1208/120/32 1001/121/32 1016/114/32 1015/94/32
f 1002/122/32 1207/123/32 1017/86/32 1018/118/32
f 1003/124/33 1004/125/33 1020/116/33 1019/96/33
f 1006/126/33 1005/127/33 1021/82/33 1022/110/33
f 1004/125/33 1006/126/33 1022/110/33 1020/116/33
f 1005/127/33 1003/124/33 1019/96/33 1021/82/33
f 1001/121/32 1002/122/32 1018/118/32 1016/114/32
f 1207/123/743 1208/120/743 1015/94/743 1017/86/743
f 1023/125/33 1211/124/33 1024/127/33 1025/126/33
f 1003/124/744 1211/124/744 1023/125/744 1004/125/744
f 1005/127/745 1024/127/745 1211/124/745 1003/124/745
f 1006/126/746 1025/126/746 1024/127/746 1005/127/746
f 1026/121/747 1209/120/747 1210/123/747 1027/122/747
f 1208/120/748 1209/120/748 1026/121/748 1001/121/748
f 1002/122/749 1027/122/749 1210/123/749 1207/123/749
f 1146/1/750 1029/4/750 1046/4/750 1048/1/750
f 1041/25/751 1040/5/751 1052/5/751 1053/25/751
f 1042/13/752 1028/16/752 1047/16/752 1054/13/752
f 1040/5/753 1031/8/753 1044/8/753 1052/5/753
f 1029/4/754 1041/25/754 1053/25/754 1046/4/754
f 1031/8/755 1145/27/755 1051/27/755 1044/8/755
f 1028/28/756 1147/31/756 1049/31/756 1047/28/756
f 1145/27/757 1144/9/757 1050/9/757 1051/27/757
f 1030/12/758 1043/36/758 1055/36/758 1045/12/758
f 1043/36/759 1042/13/759 1054/13/759 1055/36/759
f 1144/9/760 1030/12/760 1045/12/760 1050/9/760
f 1147/31/761 1146/1/761 1048/1/761 1049/31/761
f 1055/36/28 1054/13/28 1116/13/28 1117/36/28
f 1045/12/27 1055/36/27 1117/36/27 1124/12/27
f 1050/9/1 1045/12/1 1124/12/1 1122/9/1
f 1054/13/2 1047/16/2 1118/16/2 1116/13/2
f 1053/25/26 1052/5/26 1119/5/26 1120/25/26
f 1044/8/12 1051/27/12 1123/27/12 1121/8/12
f 1046/4/25 1053/25/25 1120/25/25 1127/4/25
f 1049/31/33 1048/1/33 1125/1/33 1126/31/33
f 1052/5/4 1044/8/4 1121/8/4 1119/5/4
f 1047/28/11 1049/31/11 1126/31/11 1118/28/11
f 1048/1/3 1046/4/3 1127/4/3 1125/1/3
f 1051/27/32 1050/9/32 1122/9/32 1123/27/32
f 1062/39/762 1057/40/762 1135/40/762 1137/39/762
f 1063/41/33 1062/39/33 1137/39/33 1141/41/33
f 1059/42/763 1061/43/763 1279/43/763 1281/42/763
f 1064/44/764 1056/45/764 1140/45/764 1139/44/764
f 1058/46/765 1065/47/765 1138/47/765 1280/46/765
f 1065/47/766 1064/44/766 1139/44/766 1138/47/766
f 1056/45/767 1063/41/767 1141/41/767 1140/45/767
f 1097/48/32 1092/9/32 1082/9/32 1083/27/32
f 1098/28/11 1093/49/11 1081/31/11 1079/28/11
f 1099/13/2 1098/16/2 1079/16/2 1086/13/2
f 1100/12/27 1094/50/27 1087/36/27 1077/12/27
f 1092/9/1 1100/12/1 1077/12/1 1082/9/1
f 1101/25/26 1095/51/26 1084/5/26 1085/25/26
f 1102/8/12 1097/48/12 1083/27/12 1076/8/12
f 1093/49/33 1096/1/33 1080/1/33 1081/31/33
f 1095/51/4 1102/8/4 1076/8/4 1084/5/4
f 1103/4/25 1101/25/25 1085/25/25 1078/4/25
f 1094/50/28 1099/13/28 1086/13/28 1087/36/28
f 1096/1/3 1103/4/3 1078/4/3 1080/1/3
f 1084/52/768 1076/8/768 1083/27/768 1089/52/768
f 1089/52/769 1084/52/769 1085/52/769 1091/52/769
f 1090/52/770 1086/52/770 1087/52/770 1088/52/770
f 1083/27/771 1082/9/771 1088/53/771 1089/54/771
f 1080/1/772 1091/55/772 1090/56/772 1081/31/772
f 1082/9/773 1077/12/773 1087/52/773 1088/53/773
f 1086/52/774 1079/28/774 1081/31/774 1090/52/774
f 1078/4/775 1085/25/775 1091/52/775 1080/1/775
f 1105/52/776 1072/52/776 1068/52/776 1104/52/776
f 1106/52/777 1071/52/777 1072/52/777 1105/52/777
f 1107/52/778 1130/52/778 1071/52/778 1106/52/778
f 1108/52/779 1075/52/779 1130/52/779 1107/52/779
f 1109/52/780 1099/52/780 1094/52/780 1108/52/780
f 1110/52/781 1098/52/781 1099/52/781 1109/52/781
f 1111/52/782 1093/52/782 1098/52/782 1110/52/782
f 1112/52/783 1096/52/783 1093/52/783 1111/52/783
f 1113/52/784 1103/52/784 1096/52/784 1112/52/784
f 1114/52/785 1101/52/785 1103/52/785 1113/52/785
f 1115/52/786 1095/52/786 1101/52/786 1114/52/786
f 1104/52/787 1068/52/787 1073/52/787 1115/52/787
f 1102/52/788 1104/52/788 1115/52/788 1095/52/788
f 1073/52/789 1115/52/789 1114/52/789 1074/52/789
f 1074/52/790 1114/52/790 1113/52/790 1282/52/790
f 1282/52/791 1113/52/791 1112/52/791 1069/52/791
f 1069/52/792 1112/52/792 1111/52/792 1277/52/792
f 1277/52/793 1111/52/793 1110/52/793 1283/52/793
f 1283/52/794 1110/52/794 1109/52/794 1128/52/794
f 1128/52/795 1109/52/795 1108/52/795 1075/52/795
f 1094/52/796 1108/52/796 1107/52/796 1100/52/796
f 1100/52/797 1107/52/797 1106/52/797 1092/52/797
f 1092/52/798 1106/52/798 1105/52/798 1097/52/798
f 1097/52/799 1105/52/799 1104/52/799 1102/52/799
f 1066/57/800 1067/58/800 1117/36/800 1116/13/800
f 1059/59/801 1066/57/801 1116/13/801 1118/16/801
f 1064/44/802 1065/47/802 1120/25/802 1119/5/802
f 1056/45/803 1064/44/803 1119/5/803 1121/8/803
f 1062/39/804 1063/41/804 1123/27/804 1122/9/804
f 1057/40/805 1062/39/805 1122/9/805 1124/12/805
f 1060/60/806 1061/43/806 1126/31/806 1125/1/806
f 1058/46/807 1060/60/807 1125/1/807 1127/4/807
f 1067/58/808 1057/40/808 1124/12/808 1117/36/808
f 1063/41/809 1056/45/809 1121/8/809 1123/27/809
f 1065/47/810 1058/46/810 1127/4/810 1120/25/810
f 1061/43/811 1059/42/811 1118/28/811 1126/31/811
f 1134/57/812 1281/59/812 1283/63/812 1128/64/812
f 1135/40/813 1136/58/813 1075/65/813 1130/66/813
f 1137/39/814 1135/40/814 1130/66/814 1071/67/814
f 1138/47/815 1139/44/815 1073/68/815 1074/69/815
f 1140/45/816 1141/41/816 1072/70/816 1068/71/816
f 1139/44/817 1140/45/817 1068/71/817 1073/68/817
f 1280/46/818 1138/47/818 1074/69/818 1282/73/818
f 1136/58/819 1134/57/819 1128/64/819 1075/65/819
f 1141/41/820 1137/39/820 1071/67/820 1072/70/820
f 1061/43/32 1060/60/32 1142/60/32 1279/43/32
f 1060/60/821 1058/46/821 1280/46/821 1142/60/821
f 1067/58/822 1066/57/822 1134/57/822 1136/58/822
f 1057/40/823 1067/58/823 1136/58/823 1135/40/823
f 1066/57/824 1059/59/824 1281/59/824 1134/57/824
f 1148/74/32 1149/77/32 1150/76/32 1151/75/32
f 1156/77/26 1149/77/26 1148/74/26 1157/74/26
f 1158/76/18 1150/76/18 1149/77/18 1156/77/18
f 1159/75/825 1151/75/825 1150/76/825 1158/76/825
f 1157/74/102 1148/74/102 1151/75/102 1159/75/102
f 1152/78/33 1153/81/33 1154/80/33 1155/79/33
f 1160/81/28 1153/81/28 1152/78/28 1161/78/28
f 1162/80/18 1154/80/18 1153/81/18 1160/81/18
f 1163/79/826 1155/79/826 1154/80/826 1162/80/826
f 1161/78/102 1152/78/102 1155/79/102 1163/79/102
f 1037/74/102 1157/74/102 1159/75/102 1036/75/102
f 1036/75/827 1159/75/827 1158/76/827 1039/76/827
f 1039/76/18 1158/76/18 1156/77/18 1038/77/18
f 1038/77/26 1156/77/26 1157/74/26 1037/74/26
f 1033/78/102 1161/78/102 1163/79/102 1032/79/102
f 1032/79/828 1163/79/828 1162/80/828 1035/80/828
f 1035/80/18 1162/80/18 1160/81/18 1034/81/18
f 1034/81/28 1160/81/28 1161/78/28 1033/78/28
f 1260/264/829 1262/265/829 1187/108/829 1169/115/829
f 1261/266/830 1185/107/830 1187/108/830 1262/265/830
f 1309/267/28 1311/268/28 1180/105/28 1182/88/28
f 1308/269/2 1309/267/2 1182/88/2 1165/89/2
f 1190/123/831 1194/123/831 1209/123/831 1208/123/831
f 1192/121/832 1195/122/832 1150/122/832 1149/121/832
f 1191/122/691 1189/121/691 1156/121/691 1158/122/691
f 1195/122/833 1191/122/833 1158/122/833 1150/122/833
f 1189/121/834 1192/121/834 1149/121/834 1156/121/834
f 1311/268/27 1310/270/27 1170/87/27 1180/105/27
f 1166/83/835 1196/271/835 1205/272/835 1184/106/835
f 1180/105/836 1203/273/836 1204/274/836 1182/88/836
f 1170/87/837 1198/275/837 1203/273/837 1180/105/837
f 1176/96/33 1201/276/33 1202/277/33 1178/82/33
f 1165/95/838 981/278/838 1201/276/838 1176/96/838
f 1172/94/32 1199/279/32 1200/280/32 1174/86/32
f 1168/85/839 1197/281/839 1199/279/839 1172/94/839
f 1182/88/840 1204/274/840 981/282/840 1165/89/840
f 1174/86/841 1200/280/841 1198/275/841 1170/87/841
f 1186/84/842 1206/283/842 1197/281/842 1168/85/842
f 1178/82/843 1202/277/843 1196/271/843 1166/83/843
f 1208/123/844 1209/123/844 1210/120/844 1207/120/844
f 1193/120/845 1188/120/845 1207/120/845 1210/120/845
f 1188/120/33 1190/123/33 1208/123/33 1207/120/33
f 1194/123/32 1193/120/32 1210/120/32 1209/123/32
f 1006/126/846 1004/125/846 1023/125/846 1025/126/846
f 1043/36/28 1221/284/28 1223/285/28 1042/13/28
f 1030/12/27 1215/286/27 1221/284/27 1043/36/27
f 1028/28/11 1212/287/11 1219/288/11 1147/31/11
f 1042/13/2 1223/285/2 1212/289/2 1028/16/2
f 1144/9/1 1217/290/1 1215/286/1 1030/12/1
f 1041/25/26 1233/291/26 1235/292/26 1040/5/26
f 1029/4/25 1225/293/25 1233/291/25 1041/25/25
f 1031/8/12 1227/294/12 1229/295/12 1145/27/12
f 1040/5/4 1235/292/4 1227/294/4 1031/8/4
f 1146/1/3 1231/296/3 1225/293/3 1029/4/3
f 1145/27/32 1229/295/32 1217/290/32 1144/9/32
f 1146/1/33 1147/31/33 1219/288/33 1231/296/33
f 1234/297/18 1226/298/18 1256/298/18 1251/297/18
f 1215/286/102 1217/290/102 1246/290/102 1240/286/102
f 1223/285/102 1221/284/102 1236/284/102 1237/285/102
f 1227/294/102 1235/292/102 1249/292/102 1254/294/102
f 1222/299/18 1213/300/18 1244/300/18 1239/299/18
f 1231/296/102 1219/288/102 1243/288/102 1258/296/102
f 1226/298/18 1228/301/18 1257/301/18 1256/298/18
f 1212/289/102 1223/285/102 1237/285/102 1242/289/102
f 1218/52/18 1230/52/18 1259/52/18 1245/52/18
f 1229/295/102 1227/294/102 1254/294/102 1255/295/102
f 1213/302/18 1218/303/18 1245/303/18 1244/302/18
f 1217/290/102 1229/295/102 1255/295/102 1246/290/102
f 1236/284/28 1238/304/28 1239/299/28 1237/285/28
f 1240/286/847 1241/305/847 1238/304/847 1236/284/847
f 1242/287/848 1244/302/848 1245/303/848 1243/288/848
f 1237/285/849 1239/299/849 1244/300/849 1242/289/849
f 1246/290/850 1247/306/850 1241/305/850 1240/286/850
f 1248/291/26 1250/307/26 1251/297/26 1249/292/26
f 1252/293/851 1253/308/851 1250/307/851 1248/291/851
f 1254/294/852 1256/298/852 1257/301/852 1255/295/852
f 1249/292/853 1251/297/853 1256/298/853 1254/294/853
f 1258/296/854 1259/309/854 1253/308/854 1252/293/854
f 1246/290/32 1255/295/32 1257/301/32 1247/306/32
f 1243/288/33 1245/303/33 1259/309/33 1258/296/33
f 1220/304/18 1222/299/18 1239/299/18 1238/304/18
f 1235/292/102 1233/291/102 1248/291/102 1249/292/102
f 1216/306/18 1214/305/18 1241/305/18 1247/306/18
f 1225/293/102 1231/296/102 1258/296/102 1252/293/102
f 1221/284/102 1215/286/102 1240/286/102 1236/284/102
f 1232/307/18 1234/297/18 1251/297/18 1250/307/18
f 1230/309/18 1224/308/18 1253/308/18 1259/309/18
f 1214/305/18 1220/304/18 1238/304/18 1241/305/18
f 1233/291/102 1225/293/102 1252/293/102 1248/291/102
f 1228/52/18 1216/52/18 1247/52/18 1257/52/18
f 1219/288/102 1212/287/102 1242/287/102 1243/288/102
f 1224/308/18 1232/307/18 1250/307/18 1253/308/18
f 1260/264/855 1169/115/855 1270/114/855 1263/310/855
f 1265/311/856 1214/305/856 1216/306/856 1264/312/856
f 1266/313/857 1220/304/857 1214/305/857 1265/311/857
f 1267/314/858 1222/299/858 1220/304/858 1266/313/858
f 1268/315/859 1213/300/859 1222/299/859 1267/314/859
f 1274/316/860 1218/303/860 1213/302/860 1268/317/860
f 1261/266/861 1269/318/861 1167/109/861 1185/107/861
f 1269/318/862 1224/308/862 1230/309/862 1275/319/862
f 1179/320/863 1035/321/863 1034/322/863 1177/323/863
f 1167/109/864 1269/318/864 1275/319/864 1273/110/864
f 1232/307/865 1224/308/865 1269/318/865 1261/266/865
f 1272/116/866 1274/316/866 1268/317/866 1164/119/866
f 1164/119/867 1268/315/867 1267/314/867 1183/112/867
f 1183/112/868 1267/314/868 1266/313/868 1181/111/868
f 1181/111/857 1266/313/857 1265/311/857 1171/113/857
f 1171/113/856 1265/311/856 1264/312/856 1271/118/856
f 1226/298/869 1260/264/869 1263/310/869 1228/301/869
f 1232/307/870 1261/266/870 1262/265/870 1234/297/870
f 1226/298/871 1234/297/871 1262/265/871 1260/264/871
f 1264/324/872 1216/52/872 1036/75/872 1039/76/872
f 1228/301/873 1263/310/873 1038/77/873 1037/74/873
f 1175/325/874 1039/326/874 1038/327/874 1173/328/874
f 1175/325/875 1173/328/875 1270/114/875 1271/118/875
f 1173/328/876 1038/327/876 1263/310/876 1270/114/876
f 1039/326/877 1175/325/877 1271/118/877 1264/312/877
f 1038/327/878 1039/326/878 1264/312/878 1263/310/878
f 1179/320/879 1177/323/879 1272/116/879 1273/110/879
f 1177/323/880 1034/322/880 1274/329/880 1272/116/880
f 1035/321/881 1179/320/881 1273/110/881 1275/319/881
f 1034/322/882 1035/321/882 1275/319/882 1274/329/882
f 1035/52/883 1275/52/883 1230/52/883 1032/52/883
f 1274/52/884 1034/52/884 1033/52/884 1218/52/884
f 1070/330/885 1276/331/885 1069/72/885 1277/61/885
f 1278/332/886 1133/333/886 1279/43/886 1142/60/886
f 1143/334/887 1278/332/887 1142/60/887 1280/46/887
f 1133/333/888 1132/335/888 1281/42/888 1279/43/888
f 1276/331/889 1131/336/889 1282/73/889 1069/72/889
f 1131/336/890 1143/334/890 1280/46/890 1282/73/890
f 1129/337/891 1070/330/891 1277/61/891 1283/62/891
f 1132/335/892 1129/337/892 1283/62/892 1281/42/892
f 1070/330/893 1129/337/893 1285/337/893 1284/330/893
f 1131/336/894 1276/331/894 1290/331/894 1286/336/894
f 1278/332/895 1143/334/895 1289/334/895 1291/332/895
f 1276/331/896 1070/330/896 1284/330/896 1290/331/896
f 1129/337/28 1132/335/28 1287/335/28 1285/337/28
f 1143/334/897 1131/336/897 1286/336/897 1289/334/897
f 1132/335/898 1133/333/898 1288/333/898 1287/335/898
f 1133/333/33 1278/332/33 1291/332/33 1288/333/33
f 1312/338/11 1308/339/11 1165/95/11 1176/96/11
f 1313/340/33 1312/338/33 1176/96/33 1178/82/33
f 1314/341/3 1313/340/3 1178/82/3 1166/83/3
f 1316/342/12 1315/339/12 1168/85/12 1172/94/12
f 1315/339/4 1317/343/4 1186/84/4 1168/85/4
f 1318/344/32 1316/342/32 1172/94/32 1174/86/32
f 1292/345/32 1195/122/32 1192/121/32 1293/346/32
f 1292/345/899 1294/347/899 1191/122/899 1195/122/899
f 1295/348/900 1293/346/900 1192/121/900 1189/121/900
f 1294/347/33 1190/123/33 1188/120/33 1295/348/33
f 1191/122/33 1294/347/33 1295/348/33 1189/121/33
f 1188/120/901 1193/120/901 1293/346/901 1295/348/901
f 1194/123/902 1190/123/902 1294/347/902 1292/345/902
f 1194/123/32 1292/345/32 1293/346/32 1193/120/32
f 1298/123/903 1302/123/903 1211/123/903 1003/123/903
f 1300/121/904 1303/122/904 1154/122/904 1153/121/904
f 1299/122/905 1297/121/905 1160/121/905 1162/122/905
f 1303/122/834 1299/122/834 1162/122/834 1154/122/834
f 1297/121/906 1300/121/906 1153/121/906 1160/121/906
f 1301/120/907 1296/120/907 1005/120/907 1024/120/907
f 1296/120/908 1298/123/908 1003/123/908 1005/120/908
f 1302/123/909 1301/120/909 1024/120/909 1211/123/909
f 1304/345/33 1303/122/33 1300/121/33 1305/346/33
f 1304/345/910 1306/347/910 1299/122/910 1303/122/910
f 1307/348/911 1305/346/911 1300/121/911 1297/121/911
f 1306/347/32 1298/123/32 1296/120/32 1307/348/32
f 1299/122/32 1306/347/32 1307/348/32 1297/121/32
f 1296/120/912 1301/120/912 1305/346/912 1307/348/912
f 1302/123/913 1298/123/913 1306/347/913 1304/345/913
f 1302/123/33 1304/345/33 1305/346/33 1301/120/33
f 1310/270/1 1318/344/1 1174/86/1 1170/87/1
f 1319/349/25 1314/341/25 1166/83/25 1184/106/25
f 1185/107/25 1167/109/25 1314/341/25 1319/349/25
f 1171/113/1 1271/118/1 1318/344/1 1310/270/1
f 1271/118/32 1270/114/32 1316/342/32 1318/344/32
f 1169/115/4 1187/108/4 1317/343/4 1315/339/4
f 1270/114/12 1169/115/12 1315/339/12 1316/342/12
f 1167/109/3 1273/110/3 1313/340/3 1314/341/3
f 1273/110/33 1272/116/33 1312/338/33 1313/340/33
f 1272/116/11 1164/119/11 1308/339/11 1312/338/11
f 1181/111/27 1171/113/27 1310/270/27 1311/268/27
f 1164/119/2 1183/112/2 1309/267/2 1308/269/2
f 1183/112/28 1181/111/28 1311/268/28 1309/267/28
f 1328/350/28 1335/351/28 1323/3/28 1322/4/28
f 1322/4/102 1323/3/102 1327/7/102 1326/8/102
f 1336/352/26 1343/353/26 1325/11/26 1324/12/26
f 1325/11/914 1321/19/914 1349/19/914 1350/11/914
f 1331/354/915 1336/352/915 1324/12/915 1320/104/915
f 1343/353/916 1332/355/916 1321/19/916 1325/11/916
f 1327/7/917 1323/22/917 1335/356/917 1340/357/917
f 1340/357/917 1335/356/917 1334/358/917 1341/359/917
f 1347/360/918 1345/361/918 1333/362/918 1342/363/918
f 1342/363/919 1333/362/919 1332/355/919 1343/353/919
f 1322/101/920 1326/8/920 1339/364/920 1328/365/920
f 1328/365/920 1339/364/920 1338/366/920 1329/367/920
f 1344/368/921 1346/369/921 1337/370/921 1330/371/921
f 1330/371/922 1337/370/922 1336/352/922 1331/354/922
f 1326/8/26 1327/7/26 1340/357/26 1339/364/26
f 1339/364/26 1340/357/26 1341/359/26 1338/366/26
f 1346/369/26 1347/360/26 1342/363/26 1337/370/26
f 1337/370/26 1342/363/26 1343/353/26 1336/352/26
f 1320/28/28 1321/29/28 1332/372/28 1331/373/28
f 1331/373/923 1332/372/923 1333/374/923 1330/375/923
f 1344/376/924 1345/377/924 1334/378/924 1329/379/924
f 1329/379/28 1334/378/28 1335/351/28 1328/350/28
f 1330/375/28 1333/374/28 1345/377/28 1344/376/28
f 1338/366/26 1341/359/26 1347/360/26 1346/369/26
f 1329/367/925 1338/366/925 1346/369/925 1344/368/925
f 1341/359/926 1334/358/926 1345/361/926 1347/360/926
f 1351/12/18 1350/11/18 1349/15/18 1348/16/18
f 1324/12/26 1325/11/26 1350/11/26 1351/12/26
f 1321/29/927 1320/28/927 1348/28/927 1349/29/927
f 1320/104/928 1324/12/928 1351/12/928 1348/104/928
f 1403/380/28 1360/381/28 1353/130/28 1398/382/28
f 1402/380/26 1400/382/26 1357/130/26 1362/381/26
f 1425/383/32 1418/128/32 1359/128/32 1401/383/32
f 1424/382/33 1419/130/33 1357/130/33 1400/382/33
f 1421/384/18 1422/131/18 1358/131/18 1366/384/18
f 1419/130/18 1420/381/18 1362/381/18 1357/130/18
f 1405/385/26 1402/380/26 1362/381/26 1366/384/26
f 1404/385/28 1364/384/28 1360/381/28 1403/380/28
f 1399/383/28 1352/131/28 1364/384/28 1404/385/28
f 1401/383/26 1405/385/26 1366/384/26 1358/131/26
f 1420/381/18 1421/384/18 1366/384/18 1362/381/18
f 1413/384/32 1373/384/32 1377/384/32 1415/384/32
f 1411/130/18 1412/381/18 1372/381/18 1370/130/18
f 1413/384/18 1408/131/18 1369/131/18 1373/384/18
f 1417/382/33 1411/130/33 1370/130/33 1406/382/33
f 1368/52/102 1418/52/102 1430/52/102 1427/52/102
f 1414/381/18 1415/384/18 1377/384/18 1376/381/18
f 1373/384/26 1372/381/26 1376/381/26 1377/384/26
f 1375/384/929 1374/381/929 1380/381/929 1381/384/929
f 1412/381/33 1360/381/33 1374/381/33 1414/381/33
f 1380/381/33 1378/381/33 1382/381/33 1384/381/33
f 1374/381/930 1360/381/930 1378/381/930 1380/381/930
f 1364/384/931 1375/384/931 1381/384/931 1379/384/931
f 1360/381/932 1364/384/932 1379/384/932 1378/381/932
f 1383/384/32 1385/384/32 1389/384/32 1387/384/32
f 1381/384/933 1380/381/933 1384/381/933 1385/384/933
f 1379/384/32 1381/384/32 1385/384/32 1383/384/32
f 1378/381/934 1379/384/934 1383/384/934 1382/381/934
f 1386/381/935 1387/384/935 1391/384/935 1390/381/935
f 1382/381/936 1383/384/936 1387/384/936 1386/381/936
f 1384/381/33 1382/381/33 1386/381/33 1388/381/33
f 1385/384/937 1384/381/937 1388/381/937 1389/384/937
f 1391/384/32 1393/384/32 1397/384/32 1395/384/32
f 1388/381/33 1386/381/33 1390/381/33 1392/381/33
f 1389/384/938 1388/381/938 1392/381/938 1393/384/938
f 1387/384/32 1389/384/32 1393/384/32 1391/384/32
f 1394/381/102 1395/384/102 1397/384/102 1396/381/102
f 1390/381/26 1391/384/26 1395/384/26 1394/381/26
f 1392/381/33 1390/381/33 1394/381/33 1396/381/33
f 1393/384/28 1392/381/28 1396/381/28 1397/384/28
f 1408/131/32 1416/383/32 1407/383/32 1369/131/32
f 1409/129/33 1417/382/33 1406/382/33 1371/129/33
f 1359/128/26 1367/386/26 1405/385/26 1401/383/26
f 1354/128/28 1399/383/28 1404/385/28 1365/386/28
f 1365/386/28 1404/385/28 1403/380/28 1361/387/28
f 1367/386/26 1363/388/26 1402/380/26 1405/385/26
f 1423/129/33 1424/382/33 1400/382/33 1356/129/33
f 1422/131/32 1425/383/32 1401/383/32 1358/131/32
f 1363/388/26 1356/129/26 1400/382/26 1402/380/26
f 1361/387/28 1403/380/28 1398/382/28 1355/129/28
f 1355/129/33 1398/382/33 1417/382/33 1409/129/33
f 1352/131/32 1399/383/32 1416/383/32 1408/131/32
f 1372/381/33 1412/381/33 1414/381/33 1376/381/33
f 1374/381/18 1375/384/18 1415/384/18 1414/381/18
f 1399/383/32 1354/128/32 1410/128/32 1416/383/32
f 1398/382/33 1353/130/33 1411/130/33 1417/382/33
f 1364/384/18 1352/131/18 1408/131/18 1413/384/18
f 1353/130/18 1360/381/18 1412/381/18 1411/130/18
f 1364/384/32 1413/384/32 1415/384/32 1375/384/32
f 1369/131/32 1407/383/32 1425/383/32 1422/131/32
f 1371/129/33 1406/382/33 1424/382/33 1423/129/33
f 1372/381/18 1373/384/18 1421/384/18 1420/381/18
f 1370/130/18 1372/381/18 1420/381/18 1419/130/18
f 1373/384/18 1369/131/18 1422/131/18 1421/384/18
f 1406/382/33 1370/130/33 1419/130/33 1424/382/33
f 1407/383/18 1416/383/18 1429/383/18 1428/383/18
f 1429/383/32 1426/128/32 1427/128/32 1428/383/32
f 1428/383/32 1427/128/32 1430/128/32 1431/383/32
f 1425/383/18 1407/383/18 1428/383/18 1431/383/18
f 1418/128/26 1425/383/26 1431/383/26 1430/128/26
f 1410/52/102 1368/52/102 1427/52/102 1426/52/102
f 1416/383/28 1410/128/28 1426/128/28 1429/383/28
f 1469/380/28 1464/382/28 1433/130/28 1436/381/28
f 1468/380/26 1437/381/26 1434/130/26 1466/382/26
f 1487/383/32 1467/383/32 1359/128/32 1418/128/32
f 1486/382/33 1466/382/33 1434/130/33 1482/130/33
f 1484/384/102 1439/384/102 1435/131/102 1485/131/102
f 1482/130/102 1434/130/102 1437/381/102 1483/381/102
f 1471/385/26 1439/384/26 1437/381/26 1468/380/26
f 1470/385/28 1469/380/28 1436/381/28 1438/384/28
f 1465/383/28 1470/385/28 1438/384/28 1432/131/28
f 1467/383/26 1435/131/26 1439/384/26 1471/385/26
f 1483/381/102 1437/381/102 1439/384/102 1484/384/102
f 1477/384/32 1479/384/32 1447/384/32 1443/384/32
f 1475/130/102 1441/130/102 1442/381/102 1476/381/102
f 1477/384/102 1443/384/102 1440/131/102 1474/131/102
f 1481/382/33 1472/382/33 1441/130/33 1475/130/33
f 1478/381/102 1446/381/102 1447/384/102 1479/384/102
f 1443/384/26 1447/384/26 1446/381/26 1442/381/26
f 1445/384/939 1451/384/939 1450/381/939 1444/381/939
f 1476/381/33 1478/381/33 1444/381/33 1436/381/33
f 1450/381/33 1454/381/33 1452/381/33 1448/381/33
f 1444/381/930 1450/381/930 1448/381/930 1436/381/930
f 1438/384/931 1449/384/931 1451/384/931 1445/384/931
f 1436/381/940 1448/381/940 1449/384/940 1438/384/940
f 1453/384/32 1457/384/32 1459/384/32 1455/384/32
f 1451/384/941 1455/384/941 1454/381/941 1450/381/941
f 1449/384/32 1453/384/32 1455/384/32 1451/384/32
f 1448/381/942 1452/381/942 1453/384/942 1449/384/942
f 1456/381/943 1460/381/943 1461/384/943 1457/384/943
f 1452/381/944 1456/381/944 1457/384/944 1453/384/944
f 1454/381/33 1458/381/33 1456/381/33 1452/381/33
f 1455/384/945 1459/384/945 1458/381/945 1454/381/945
f 1461/384/32 1395/384/32 1397/384/32 1463/384/32
f 1458/381/33 1462/381/33 1460/381/33 1456/381/33
f 1459/384/946 1463/384/946 1462/381/946 1458/381/946
f 1457/384/32 1461/384/32 1463/384/32 1459/384/32
f 1460/381/26 1394/381/26 1395/384/26 1461/384/26
f 1462/381/33 1396/381/33 1394/381/33 1460/381/33
f 1463/384/28 1397/384/28 1396/381/28 1462/381/28
f 1474/131/32 1440/131/32 1473/383/32 1480/383/32
f 1409/129/33 1371/129/33 1472/382/33 1481/382/33
f 1359/128/26 1467/383/26 1471/385/26 1367/386/26
f 1354/128/28 1365/386/28 1470/385/28 1465/383/28
f 1365/386/28 1361/387/28 1469/380/28 1470/385/28
f 1367/386/26 1471/385/26 1468/380/26 1363/388/26
f 1423/129/33 1356/129/33 1466/382/33 1486/382/33
f 1485/131/32 1435/131/32 1467/383/32 1487/383/32
f 1363/388/26 1468/380/26 1466/382/26 1356/129/26
f 1361/387/28 1355/129/28 1464/382/28 1469/380/28
f 1355/129/33 1409/129/33 1481/382/33 1464/382/33
f 1432/131/32 1474/131/32 1480/383/32 1465/383/32
f 1442/381/33 1446/381/33 1478/381/33 1476/381/33
f 1444/381/102 1478/381/102 1479/384/102 1445/384/102
f 1465/383/32 1480/383/32 1410/128/32 1354/128/32
f 1464/382/33 1481/382/33 1475/130/33 1433/130/33
f 1438/384/102 1477/384/102 1474/131/102 1432/131/102
f 1433/130/102 1475/130/102 1476/381/102 1436/381/102
f 1438/384/32 1445/384/32 1479/384/32 1477/384/32
f 1440/131/32 1485/131/32 1487/383/32 1473/383/32
f 1371/129/33 1423/129/33 1486/382/33 1472/382/33
f 1442/381/102 1483/381/102 1484/384/102 1443/384/102
f 1441/130/102 1482/130/102 1483/381/102 1442/381/102
f 1443/384/102 1484/384/102 1485/131/102 1440/131/102
f 1472/382/33 1486/382/33 1482/130/33 1441/130/33
f 1473/383/102 1488/383/102 1489/383/102 1480/383/102
f 1489/383/32 1488/383/32 1427/128/32 1426/128/32
f 1488/383/32 1490/383/32 1430/128/32 1427/128/32
f 1487/383/102 1490/383/102 1488/383/102 1473/383/102
f 1418/128/26 1430/128/26 1490/383/26 1487/383/26
f 1480/383/28 1489/383/28 1426/128/28 1410/128/28
f 1533/389/947 1506/2/947 1494/3/947 1517/308/947
f 1525/390/948 1500/391/948 1498/7/948 1519/298/948
f 1529/306/949 1510/10/949 1496/11/949 1521/392/949
f 1523/393/950 1502/394/950 1492/15/950 1516/300/950
f 1514/180/951 1507/9/951 1495/12/951 1501/395/951
f 1512/396/952 1505/18/952 1492/19/952 1502/394/952
f 1510/10/953 1512/396/953 1502/394/953 1496/11/953
f 1504/100/954 1514/180/954 1501/395/954 1491/104/954
f 1521/392/955 1496/11/955 1502/394/955 1523/393/955
f 1517/308/956 1494/3/956 1500/391/956 1525/390/956
f 1493/101/957 1499/397/957 1513/179/957 1503/97/957
f 1503/97/958 1513/179/958 1514/180/958 1504/100/958
f 1498/7/959 1500/391/959 1511/398/959 1509/26/959
f 1509/26/960 1511/398/960 1512/396/960 1510/10/960
f 1500/391/961 1494/22/961 1506/23/961 1511/398/961
f 1511/398/962 1506/23/962 1505/18/962 1512/396/962
f 1499/397/963 1497/8/963 1508/27/963 1513/179/963
f 1513/179/964 1508/27/964 1507/9/964 1514/180/964
f 1519/298/965 1498/7/965 1509/26/965 1527/301/965
f 1527/301/966 1509/26/966 1510/10/966 1529/306/966
f 1516/302/967 1492/29/967 1505/30/967 1531/303/967
f 1531/303/968 1505/30/968 1506/2/968 1533/389/968
f 1504/31/969 1532/288/969 1534/296/969 1503/1/969
f 1532/288/28 1531/303/28 1533/389/28 1534/296/28
f 1491/28/970 1515/287/970 1532/288/970 1504/31/970
f 1515/287/971 1516/302/971 1531/303/971 1532/288/971
f 1508/27/972 1528/295/972 1530/290/972 1507/9/972
f 1528/295/26 1527/301/26 1529/306/26 1530/290/26
f 1497/8/973 1520/399/973 1528/295/973 1508/27/973
f 1520/399/974 1519/298/974 1527/301/974 1528/295/974
f 1493/4/975 1518/400/975 1526/401/975 1499/397/975
f 1518/400/976 1517/308/976 1525/390/976 1526/401/976
f 1495/12/977 1522/402/977 1524/403/977 1501/395/977
f 1522/402/978 1521/392/978 1523/393/978 1524/403/978
f 1501/395/979 1524/403/979 1515/289/979 1491/16/979
f 1524/403/980 1523/393/980 1516/300/980 1515/289/980
f 1507/9/981 1530/290/981 1522/402/981 1495/12/981
f 1530/290/982 1529/306/982 1521/392/982 1522/402/982
f 1499/397/983 1526/401/983 1520/399/983 1497/8/983
f 1526/401/984 1525/390/984 1519/298/984 1520/399/984
f 1503/1/985 1534/296/985 1518/400/985 1493/4/985
f 1534/296/986 1533/389/986 1517/308/986 1518/400/986
f 1535/287/987 1543/288/987 1553/288/987 1545/287/987
f 1539/404/988 1535/289/988 1545/289/988 1549/404/988
f 1537/399/989 1541/295/989 1551/295/989 1547/399/989
f 1540/292/990 1537/399/990 1547/399/990 1550/292/990
f 1536/400/991 1540/291/991 1550/291/991 1546/400/991
f 1543/288/26 1544/296/26 1554/296/26 1553/288/26
f 1538/402/992 1539/405/992 1549/405/992 1548/402/992
f 1541/295/28 1542/290/28 1552/290/28 1551/295/28
f 1542/290/993 1538/402/993 1548/402/993 1552/290/993
f 1547/399/994 1551/295/994 1561/295/994 1557/399/994
f 1550/292/995 1547/399/995 1557/399/995 1560/292/995
f 1553/288/26 1554/296/26 1564/296/26 1563/288/26
f 1548/402/996 1549/405/996 1559/405/996 1558/402/996
f 1545/287/997 1553/288/997 1563/288/997 1555/287/997
f 1549/404/998 1545/289/998 1555/289/998 1559/404/998
f 1546/400/999 1550/291/999 1560/291/999 1556/400/999
f 1551/295/28 1552/290/28 1562/290/28 1561/295/28
f 1552/290/1000 1548/402/1000 1558/402/1000 1562/290/1000
f 1555/287/1001 1563/288/1001 1573/288/1001 1565/287/1001
f 1559/404/1002 1555/289/1002 1565/289/1002 1569/404/1002
f 1556/400/1003 1560/291/1003 1570/291/1003 1566/400/1003
f 1561/295/28 1562/290/28 1572/290/28 1571/295/28
f 1562/290/1004 1558/402/1004 1568/402/1004 1572/290/1004
f 1557/399/1005 1561/295/1005 1571/295/1005 1567/399/1005
f 1560/292/1006 1557/399/1006 1567/399/1006 1570/292/1006
f 1563/288/26 1564/296/26 1574/296/26 1573/288/26
f 1558/402/1007 1559/405/1007 1569/405/1007 1568/402/1007
f 1573/288/974 1653/288/974 1645/287/974 1565/289/974
f 1569/404/976 1649/404/976 1648/402/976 1568/402/976
f 1645/289/984 1649/404/984 1569/404/984 1565/289/984
f 1568/402/986 1648/402/986 1652/290/986 1572/290/986
f 1540/292/1008 1580/406/1008 1577/407/1008 1537/399/1008
f 1542/290/1009 1582/408/1009 1578/409/1009 1538/402/1009
f 1539/404/1010 1579/410/1010 1575/411/1010 1535/289/1010
f 1538/402/1011 1578/409/1011 1579/412/1011 1539/405/1011
f 1536/400/1012 1576/199/1012 1580/413/1012 1540/291/1012
f 1537/399/1013 1577/407/1013 1581/414/1013 1541/295/1013
f 1541/295/28 1581/414/28 1582/408/28 1542/290/28
f 1535/287/1014 1575/415/1014 1583/416/1014 1543/288/1014
f 1543/288/26 1583/416/26 1584/417/26 1544/296/26
f 1536/400/1015 1544/296/1015 1584/417/1015 1576/199/1015
f 1554/296/1016 1544/296/1016 1536/400/1016 1546/400/1016
f 1564/296/1017 1554/296/1017 1546/400/1017 1556/400/1017
f 1574/296/1018 1564/296/1018 1556/400/1018 1566/400/1018
f 1578/287/1019 1582/288/1019 1593/288/1019 1585/287/1019
f 1579/404/1020 1578/289/1020 1585/289/1020 1589/404/1020
f 1576/399/1021 1584/295/1021 1591/295/1021 1587/399/1021
f 1580/292/1022 1576/399/1022 1587/399/1022 1590/292/1022
f 1577/400/1023 1580/291/1023 1590/291/1023 1586/400/1023
f 1582/288/28 1581/296/28 1594/296/28 1593/288/28
f 1575/402/1024 1579/405/1024 1589/405/1024 1588/402/1024
f 1584/295/26 1583/290/26 1592/290/26 1591/295/26
f 1583/290/1025 1575/402/1025 1588/402/1025 1592/290/1025
f 1587/399/1026 1591/295/1026 1601/295/1026 1597/399/1026
f 1590/292/1027 1587/399/1027 1597/399/1027 1600/292/1027
f 1593/288/28 1594/296/28 1604/296/28 1603/288/28
f 1588/402/1028 1589/405/1028 1599/405/1028 1598/402/1028
f 1585/287/1029 1593/288/1029 1603/288/1029 1595/287/1029
f 1589/404/1030 1585/289/1030 1595/289/1030 1599/404/1030
f 1586/400/1031 1590/291/1031 1600/291/1031 1596/400/1031
f 1591/295/26 1592/290/26 1602/290/26 1601/295/26
f 1592/290/1032 1588/402/1032 1598/402/1032 1602/290/1032
f 1595/287/1033 1603/288/1033 1613/288/1033 1605/287/1033
f 1599/404/1034 1595/289/1034 1605/289/1034 1609/404/1034
f 1596/400/1035 1600/291/1035 1610/291/1035 1606/400/1035
f 1601/295/26 1602/290/26 1612/290/26 1611/295/26
f 1602/290/1036 1598/402/1036 1608/402/1036 1612/290/1036
f 1597/399/1037 1601/295/1037 1611/295/1037 1607/399/1037
f 1600/292/1038 1597/399/1038 1607/399/1038 1610/292/1038
f 1603/288/28 1604/296/28 1614/296/28 1613/288/28
f 1598/402/1039 1599/405/1039 1609/405/1039 1608/402/1039
f 1594/296/1040 1581/296/1040 1577/400/1040 1586/400/1040
f 1604/296/1041 1594/296/1041 1586/400/1041 1596/400/1041
f 1614/296/1042 1604/296/1042 1596/400/1042 1606/400/1042
f 1615/287/1043 1623/288/1043 1633/288/1043 1625/287/1043
f 1619/404/1044 1615/289/1044 1625/289/1044 1629/404/1044
f 1617/399/1045 1621/295/1045 1631/295/1045 1627/399/1045
f 1620/292/1046 1617/399/1046 1627/399/1046 1630/292/1046
f 1616/400/1047 1620/291/1047 1630/291/1047 1626/400/1047
f 1623/288/28 1624/296/28 1634/296/28 1633/288/28
f 1618/402/1048 1619/405/1048 1629/405/1048 1628/402/1048
f 1621/295/26 1622/290/26 1632/290/26 1631/295/26
f 1622/290/1049 1618/402/1049 1628/402/1049 1632/290/1049
f 1627/399/1026 1631/295/1026 1641/295/1026 1637/399/1026
f 1630/292/1050 1627/399/1050 1637/399/1050 1640/292/1050
f 1633/288/28 1634/296/28 1644/296/28 1643/288/28
f 1628/402/1028 1629/405/1028 1639/405/1028 1638/402/1028
f 1625/287/1029 1633/288/1029 1643/288/1029 1635/287/1029
f 1629/404/1030 1625/289/1030 1635/289/1030 1639/404/1030
f 1626/400/1051 1630/291/1051 1640/291/1051 1636/400/1051
f 1631/295/26 1632/290/26 1642/290/26 1641/295/26
f 1632/290/1032 1628/402/1032 1638/402/1032 1642/290/1032
f 1635/287/1033 1643/288/1033 1653/288/1033 1645/287/1033
f 1639/404/1052 1635/289/1052 1645/289/1052 1649/404/1052
f 1636/400/1035 1640/291/1035 1650/291/1035 1646/400/1035
f 1641/295/26 1642/290/26 1652/290/26 1651/295/26
f 1642/290/1036 1638/402/1036 1648/402/1036 1652/290/1036
f 1637/399/1053 1641/295/1053 1651/295/1053 1647/399/1053
f 1640/292/1038 1637/399/1038 1647/399/1038 1650/292/1038
f 1643/288/28 1644/296/28 1654/296/28 1653/288/28
f 1638/402/1054 1639/405/1054 1649/405/1054 1648/402/1054
f 1620/292/1012 1660/406/1012 1657/407/1012 1617/399/1012
f 1622/290/1014 1662/408/1014 1658/409/1014 1618/402/1014
f 1619/404/1011 1659/410/1011 1655/411/1011 1615/289/1011
f 1618/402/1010 1658/409/1010 1659/412/1010 1619/405/1010
f 1616/400/1008 1656/199/1008 1660/413/1008 1620/291/1008
f 1617/399/1015 1657/407/1015 1661/414/1015 1621/295/1015
f 1621/295/26 1661/414/26 1662/408/26 1622/290/26
f 1615/287/1009 1655/415/1009 1663/416/1009 1623/288/1009
f 1623/288/28 1663/416/28 1664/417/28 1624/296/28
f 1616/400/1013 1624/296/1013 1664/417/1013 1656/199/1013
f 1634/296/1055 1624/296/1055 1616/400/1055 1626/400/1055
f 1644/296/1041 1634/296/1041 1626/400/1041 1636/400/1041
f 1654/296/1056 1644/296/1056 1636/400/1056 1646/400/1056
f 1658/287/1057 1662/288/1057 1673/288/1057 1665/287/1057
f 1659/404/1058 1658/289/1058 1665/289/1058 1669/404/1058
f 1656/399/1059 1664/295/1059 1671/295/1059 1667/399/1059
f 1660/292/1060 1656/399/1060 1667/399/1060 1670/292/1060
f 1657/400/1061 1660/291/1061 1670/291/1061 1666/400/1061
f 1662/288/26 1661/296/26 1674/296/26 1673/288/26
f 1655/402/1062 1659/405/1062 1669/405/1062 1668/402/1062
f 1664/295/28 1663/290/28 1672/290/28 1671/295/28
f 1663/290/1063 1655/402/1063 1668/402/1063 1672/290/1063
f 1667/399/994 1671/295/994 1681/295/994 1677/399/994
f 1670/292/1064 1667/399/1064 1677/399/1064 1680/292/1064
f 1673/288/26 1674/296/26 1684/296/26 1683/288/26
f 1668/402/996 1669/405/996 1679/405/996 1678/402/996
f 1665/287/997 1673/288/997 1683/288/997 1675/287/997
f 1669/404/998 1665/289/998 1675/289/998 1679/404/998
f 1666/400/999 1670/291/999 1680/291/999 1676/400/999
f 1671/295/28 1672/290/28 1682/290/28 1681/295/28
f 1672/290/1000 1668/402/1000 1678/402/1000 1682/290/1000
f 1675/287/1001 1683/288/1001 1693/288/1001 1685/287/1001
f 1679/404/1065 1675/289/1065 1685/289/1065 1689/404/1065
f 1676/400/1003 1680/291/1003 1690/291/1003 1686/400/1003
f 1681/295/28 1682/290/28 1692/290/28 1691/295/28
f 1682/290/1004 1678/402/1004 1688/402/1004 1692/290/1004
f 1677/399/1066 1681/295/1066 1691/295/1066 1687/399/1066
f 1680/292/1006 1677/399/1006 1687/399/1006 1690/292/1006
f 1683/288/26 1684/296/26 1694/296/26 1693/288/26
f 1678/402/1067 1679/405/1067 1689/405/1067 1688/402/1067
f 1611/295/974 1691/295/974 1687/399/974 1607/399/974
f 1608/402/982 1688/402/982 1692/290/982 1612/290/982
f 1612/290/26 1692/290/26 1691/295/26 1611/295/26
f 1609/405/978 1689/405/978 1688/402/978 1608/402/978
f 1674/296/1068 1661/296/1068 1657/400/1068 1666/400/1068
f 1684/296/1017 1674/296/1017 1666/400/1017 1676/400/1017
f 1694/296/1069 1684/296/1069 1676/400/1069 1686/400/1069
f 1572/290/28 1652/290/28 1651/295/28 1571/295/28
f 1571/295/971 1651/295/971 1647/399/971 1567/399/971
f 1574/296/26 1654/296/26 1653/288/26 1573/288/26
f 1566/400/982 1646/400/982 1654/296/982 1574/296/982
f 1570/291/978 1650/291/978 1646/400/978 1566/400/978
f 1567/399/980 1647/399/980 1650/292/980 1570/291/980
f 1607/399/984 1687/399/984 1690/292/984 1610/292/984
f 1610/292/976 1690/292/976 1686/400/976 1606/400/976
f 1606/400/986 1686/400/986 1694/296/986 1614/296/986
f 1614/296/28 1694/296/28 1693/288/28 1613/288/28
f 1613/288/971 1693/288/971 1685/287/971 1605/287/971
f 1605/287/980 1685/287/980 1689/404/980 1609/405/980
f 1695/287/1070 1698/415/1070 1742/416/1070 1696/288/1070
f 1695/287/1071 1696/288/1071 1739/288/1071 1697/287/1071
f 1699/403/1072 1695/289/1072 1697/289/1072 1702/403/1072
f 1699/403/1073 1700/418/1073 1698/411/1073 1695/289/1073
f 1701/402/1074 1774/409/1074 1700/418/1074 1699/403/1074
f 1701/402/1075 1699/403/1075 1702/403/1075 1703/402/1075
f 1703/402/1076 1702/403/1076 1704/403/1076 1705/402/1076
f 1702/403/1077 1697/289/1077 1707/289/1077 1704/403/1077
f 1705/402/1078 1704/403/1078 1706/403/1078 1711/402/1078
f 1704/403/1079 1707/289/1079 1709/289/1079 1706/403/1079
f 1707/287/1080 1708/288/1080 1710/288/1080 1709/287/1080
f 1697/287/1081 1739/288/1081 1708/288/1081 1707/287/1081
f 1714/290/1082 1705/402/1082 1711/402/1082 1712/290/1082
f 1715/295/32 1714/290/32 1712/290/32 1713/295/32
f 1717/295/32 1716/290/32 1714/290/32 1715/295/32
f 1716/290/1083 1703/402/1083 1705/402/1083 1714/290/1083
f 1720/295/32 1718/290/32 1716/290/32 1717/295/32
f 1718/290/1084 1701/402/1084 1703/402/1084 1716/290/1084
f 1720/295/32 1721/414/32 1719/408/32 1718/290/32
f 1718/290/1085 1719/408/1085 1774/409/1085 1701/402/1085
f 1722/399/1086 1723/407/1086 1721/414/1086 1720/295/1086
f 1722/399/1087 1720/295/1087 1717/295/1087 1724/399/1087
f 1725/401/1088 1726/419/1088 1723/407/1088 1722/399/1088
f 1725/401/1089 1722/399/1089 1724/399/1089 1728/401/1089
f 1727/400/1090 1743/199/1090 1726/419/1090 1725/401/1090
f 1727/400/1091 1725/401/1091 1728/401/1091 1729/400/1091
f 1729/400/1092 1728/401/1092 1730/401/1092 1731/400/1092
f 1728/401/1093 1724/399/1093 1733/399/1093 1730/401/1093
f 1731/400/1094 1730/401/1094 1732/401/1094 1735/400/1094
f 1730/401/1095 1733/399/1095 1734/399/1095 1732/401/1095
f 1733/399/1096 1715/295/1096 1713/295/1096 1734/399/1096
f 1724/399/1097 1717/295/1097 1715/295/1097 1733/399/1097
f 1708/288/33 1737/296/33 1736/296/33 1710/288/33
f 1736/296/1098 1737/296/1098 1731/400/1098 1735/400/1098
f 1739/288/33 1738/296/33 1737/296/33 1708/288/33
f 1737/296/1099 1738/296/1099 1729/400/1099 1731/400/1099
f 1696/288/33 1740/296/33 1738/296/33 1739/288/33
f 1738/296/1100 1740/296/1100 1727/400/1100 1729/400/1100
f 1727/400/1101 1740/296/1101 1741/417/1101 1743/199/1101
f 1696/288/33 1742/416/33 1741/417/33 1740/296/33
f 1741/295/33 1742/290/33 1745/290/33 1744/295/33
f 1743/399/1102 1741/295/1102 1744/295/1102 1746/399/1102
f 1744/295/33 1745/290/33 1748/290/33 1747/295/33
f 1746/399/1103 1744/295/1103 1747/295/1103 1749/399/1103
f 1747/295/33 1748/290/33 1751/290/33 1750/295/33
f 1749/399/1104 1747/295/1104 1750/295/1104 1752/399/1104
f 1755/401/1105 1749/399/1105 1752/399/1105 1753/401/1105
f 1756/400/1106 1755/401/1106 1753/401/1106 1754/400/1106
f 1758/400/1107 1757/401/1107 1755/401/1107 1756/400/1107
f 1757/401/1108 1746/399/1108 1749/399/1108 1755/401/1108
f 1723/400/1109 1726/419/1109 1757/401/1109 1758/400/1109
f 1726/419/1110 1743/399/1110 1746/399/1110 1757/401/1110
f 1761/296/1111 1759/296/1111 1758/400/1111 1756/400/1111
f 1759/296/1112 1721/296/1112 1723/400/1112 1758/400/1112
f 1760/288/32 1759/296/32 1761/296/32 1762/288/32
f 1719/288/32 1721/296/32 1759/296/32 1760/288/32
f 1762/288/32 1761/296/32 1763/296/32 1764/288/32
f 1763/296/1113 1761/296/1113 1756/400/1113 1754/400/1113
f 1766/287/1114 1762/288/1114 1764/288/1114 1765/287/1114
f 1769/403/1115 1766/289/1115 1765/289/1115 1767/404/1115
f 1770/402/1116 1769/403/1116 1767/405/1116 1768/402/1116
f 1772/402/1117 1771/403/1117 1769/403/1117 1770/402/1117
f 1771/403/1118 1773/289/1118 1766/289/1118 1769/403/1118
f 1698/402/1119 1700/418/1119 1771/403/1119 1772/402/1119
f 1700/418/1120 1774/289/1120 1773/289/1120 1771/403/1120
f 1773/287/1121 1760/288/1121 1762/288/1121 1766/287/1121
f 1774/287/1122 1719/288/1122 1760/288/1122 1773/287/1122
f 1745/290/1123 1772/402/1123 1770/402/1123 1748/290/1123
f 1742/290/1124 1698/402/1124 1772/402/1124 1745/290/1124
f 1748/290/1125 1770/402/1125 1768/402/1125 1751/290/1125
f 1775/287/1085 1778/415/1085 1822/416/1085 1776/288/1085
f 1775/287/1126 1776/288/1126 1819/288/1126 1777/287/1126
f 1779/403/1127 1775/289/1127 1777/289/1127 1782/403/1127
f 1779/403/1074 1780/418/1074 1778/411/1074 1775/289/1074
f 1781/402/1073 1854/409/1073 1780/418/1073 1779/403/1073
f 1781/402/1128 1779/403/1128 1782/403/1128 1783/402/1128
f 1783/402/1117 1782/403/1117 1784/403/1117 1785/402/1117
f 1782/403/1118 1777/289/1118 1787/289/1118 1784/403/1118
f 1785/402/1129 1784/403/1129 1786/403/1129 1791/402/1129
f 1784/403/1130 1787/289/1130 1789/289/1130 1786/403/1130
f 1787/287/1114 1788/288/1114 1790/288/1114 1789/287/1114
f 1777/287/1121 1819/288/1121 1788/288/1121 1787/287/1121
f 1794/290/1125 1785/402/1125 1791/402/1125 1792/290/1125
f 1795/295/33 1794/290/33 1792/290/33 1793/295/33
f 1797/295/33 1796/290/33 1794/290/33 1795/295/33
f 1796/290/1131 1783/402/1131 1785/402/1131 1794/290/1131
f 1800/295/33 1798/290/33 1796/290/33 1797/295/33
f 1798/290/1132 1781/402/1132 1783/402/1132 1796/290/1132
f 1800/295/33 1801/414/33 1799/408/33 1798/290/33
f 1798/290/1070 1799/408/1070 1854/409/1070 1781/402/1070
f 1802/399/1101 1803/407/1101 1801/414/1101 1800/295/1101
f 1802/399/1133 1800/295/1133 1797/295/1133 1804/399/1133
f 1805/401/1090 1806/419/1090 1803/407/1090 1802/399/1090
f 1805/401/1134 1802/399/1134 1804/399/1134 1808/401/1134
f 1807/400/1088 1823/199/1088 1806/419/1088 1805/401/1088
f 1807/400/1135 1805/401/1135 1808/401/1135 1809/400/1135
f 1809/400/1107 1808/401/1107 1810/401/1107 1811/400/1107
f 1808/401/1108 1804/399/1108 1813/399/1108 1810/401/1108
f 1811/400/1136 1810/401/1136 1812/401/1136 1815/400/1136
f 1810/401/1137 1813/399/1137 1814/399/1137 1812/401/1137
f 1813/399/1138 1795/295/1138 1793/295/1138 1814/399/1138
f 1804/399/1103 1797/295/1103 1795/295/1103 1813/399/1103
f 1788/288/32 1817/296/32 1816/296/32 1790/288/32
f 1816/296/1113 1817/296/1113 1811/400/1113 1815/400/1113
f 1819/288/32 1818/296/32 1817/296/32 1788/288/32
f 1817/296/1111 1818/296/1111 1809/400/1111 1811/400/1111
f 1776/288/32 1820/296/32 1818/296/32 1819/288/32
f 1818/296/1139 1820/296/1139 1807/400/1139 1809/400/1139
f 1807/400/1086 1820/296/1086 1821/417/1086 1823/199/1086
f 1776/288/32 1822/416/32 1821/417/32 1820/296/32
f 1821/295/32 1822/290/32 1825/290/32 1824/295/32
f 1823/399/1140 1821/295/1140 1824/295/1140 1826/399/1140
f 1824/295/32 1825/290/32 1828/290/32 1827/295/32
f 1826/399/1097 1824/295/1097 1827/295/1097 1829/399/1097
f 1827/295/32 1828/290/32 1831/290/32 1830/295/32
f 1829/399/1096 1827/295/1096 1830/295/1096 1832/399/1096
f 1835/401/1141 1829/399/1141 1832/399/1141 1833/401/1141
f 1836/400/1142 1835/401/1142 1833/401/1142 1834/400/1142
f 1838/400/1143 1837/401/1143 1835/401/1143 1836/400/1143
f 1837/401/1093 1826/399/1093 1829/399/1093 1835/401/1093
f 1803/400/1144 1806/419/1144 1837/401/1144 1838/400/1144
f 1806/419/1145 1823/399/1145 1826/399/1145 1837/401/1145
f 1841/296/1099 1839/296/1099 1838/400/1099 1836/400/1099
f 1839/296/1146 1801/296/1146 1803/400/1146 1838/400/1146
f 1840/288/33 1839/296/33 1841/296/33 1842/288/33
f 1799/288/33 1801/296/33 1839/296/33 1840/288/33
f 1842/288/33 1841/296/33 1843/296/33 1844/288/33
f 1843/296/1098 1841/296/1098 1836/400/1098 1834/400/1098
f 1846/287/1080 1842/288/1080 1844/288/1080 1845/287/1080
f 1849/403/1079 1846/289/1079 1845/289/1079 1847/404/1079
f 1850/402/1147 1849/403/1147 1847/405/1147 1848/402/1147
f 1852/402/1076 1851/403/1076 1849/403/1076 1850/402/1076
f 1851/403/1077 1853/289/1077 1846/289/1077 1849/403/1077
f 1778/402/1148 1780/418/1148 1851/403/1148 1852/402/1148
f 1780/418/1149 1854/289/1149 1853/289/1149 1851/403/1149
f 1853/287/1081 1840/288/1081 1842/288/1081 1846/287/1081
f 1854/287/1150 1799/288/1150 1840/288/1150 1853/287/1150
f 1825/290/1083 1852/402/1083 1850/402/1083 1828/290/1083
f 1822/290/1151 1778/402/1151 1852/402/1151 1825/290/1151
f 1828/290/1082 1850/402/1082 1848/402/1082 1831/290/1082
f 1706/403/1152 1786/403/1152 1791/402/1152 1711/402/1152
f 1709/289/1153 1789/289/1153 1786/403/1153 1706/403/1153
f 1710/288/1154 1790/288/1154 1789/287/1154 1709/289/1154
f 1711/402/1155 1791/402/1155 1792/290/1155 1712/290/1155
f 1712/290/32 1792/290/32 1793/295/32 1713/295/32
f 1713/295/1156 1793/295/1156 1814/399/1156 1734/399/1156
f 1734/399/1157 1814/399/1157 1812/401/1157 1732/401/1157
f 1732/401/1158 1812/401/1158 1815/400/1158 1735/400/1158
f 1735/400/1159 1815/400/1159 1816/296/1159 1736/296/1159
f 1736/296/33 1816/296/33 1790/288/33 1710/288/33
f 1763/296/32 1843/296/32 1844/288/32 1764/288/32
f 1764/288/1156 1844/288/1156 1845/287/1156 1765/287/1156
f 1765/287/1160 1845/287/1160 1847/404/1160 1767/404/1160
f 1767/404/1161 1847/404/1161 1848/402/1161 1768/402/1161
f 1768/402/1159 1848/402/1159 1831/290/1159 1751/290/1159
f 1751/290/33 1831/290/33 1830/295/33 1750/295/33
f 1750/295/1154 1830/295/1154 1832/399/1154 1752/399/1154
f 1752/399/1153 1832/399/1153 1833/401/1153 1753/401/1153
f 1754/400/1155 1834/400/1155 1843/296/1155 1763/296/1155
f 1753/401/1152 1833/401/1152 1834/400/1152 1754/400/1152
f 1864/383/1162 1863/382/1162 1858/130/1162 1857/131/1162
f 1864/383/1163 1857/131/1163 1856/131/1163 1865/383/1163
f 1865/383/1164 1856/131/1164 1862/131/1164 1866/383/1164
f 1871/420/1165 1865/383/1165 1866/383/1165 1873/420/1165
f 1867/420/1166 1864/383/1166 1865/383/1166 1871/420/1166
f 1867/420/1167 1870/421/1167 1863/382/1167 1864/383/1167
f 1859/128/1168 1860/129/1168 1870/421/1168 1867/420/1168
f 1859/128/1169 1867/420/1169 1871/420/1169 1872/128/1169
f 1855/128/1170 1868/422/1170 1869/423/1170 1861/128/1170
f 1861/128/1171 1869/423/1171 1873/420/1171 1874/128/1171
f 1869/423/1172 1868/422/1172 1871/420/1172 1873/420/1172
f 1857/131/1173 1858/130/1173 1876/130/1173 1875/131/1173
f 1870/421/1174 1860/129/1174 1877/129/1174 1879/421/1174
f 1858/130/1175 1863/382/1175 1878/382/1175 1876/130/1175
f 1863/382/1176 1870/421/1176 1879/421/1176 1878/382/1176
f 1878/382/1177 1879/421/1177 1884/421/1177 1883/382/1177
f 1876/130/1178 1878/382/1178 1883/382/1178 1881/130/1178
f 1879/421/1179 1877/129/1179 1882/129/1179 1884/421/1179
f 1875/131/1180 1876/130/1180 1881/130/1180 1880/131/1180
f 1862/131/1181 1856/131/1181 1885/131/1181 1886/131/1181
f 1856/131/1182 1857/131/1182 1875/131/1182 1885/131/1182
f 1880/52/1183 1887/52/1183 1885/52/1183 1875/131/1183
f 1887/52/1184 1885/52/1184 1886/52/1184 1888/52/1184
f 1872/128/1185 1871/420/1185 1868/422/1185 1855/128/1185
f 1898/383/1186 1891/131/1186 1892/130/1186 1897/382/1186
f 1898/383/1187 1899/383/1187 1890/131/1187 1891/131/1187
f 1899/383/1188 1900/383/1188 1896/131/1188 1890/131/1188
f 1926/420/1189 1907/420/1189 1900/383/1189 1899/383/1189
f 1925/420/1190 1926/420/1190 1899/383/1190 1898/383/1190
f 1925/420/1191 1898/383/1191 1897/382/1191 1904/421/1191
f 1893/128/1192 1925/420/1192 1904/421/1192 1894/129/1192
f 1946/424/1193 1943/425/1193 1930/425/1193 1927/426/1193
f 1889/128/1194 1895/128/1194 1903/423/1194 1902/422/1194
f 1895/128/1195 1908/128/1195 1907/420/1195 1903/423/1195
f 1903/423/1196 1907/420/1196 1926/420/1196 1902/422/1196
f 1891/131/1197 1909/131/1197 1910/130/1197 1892/130/1197
f 1904/421/1198 1913/421/1198 1911/129/1198 1894/129/1198
f 1892/130/1199 1910/130/1199 1912/382/1199 1897/382/1199
f 1897/382/1200 1912/382/1200 1913/421/1200 1904/421/1200
f 1912/382/1201 1917/382/1201 1918/421/1201 1913/421/1201
f 1910/130/1202 1915/130/1202 1917/382/1202 1912/382/1202
f 1913/421/1203 1918/421/1203 1916/129/1203 1911/129/1203
f 1909/131/1204 1914/131/1204 1915/130/1204 1910/130/1204
f 1896/131/1205 1920/131/1205 1919/131/1205 1890/131/1205
f 1890/131/1206 1919/131/1206 1909/131/1206 1891/131/1206
f 1914/52/1207 1909/131/1207 1919/52/1207 1921/52/1207
f 1921/52/1208 1922/52/1208 1920/52/1208 1919/52/1208
f 1906/128/1209 1889/128/1209 1902/422/1209 1926/420/1209
f 1923/426/1210 1924/427/1210 1893/128/1210 1906/128/1210
f 1924/427/1211 1901/428/1211 1925/420/1211 1893/128/1211
f 1905/425/1212 1923/426/1212 1906/128/1212 1926/420/1212
f 1901/428/1213 1905/425/1213 1926/420/1213 1925/420/1213
f 1930/425/1214 1929/428/1214 1933/428/1214 1934/425/1214
f 1943/425/1215 1944/429/1215 1929/428/1215 1930/425/1215
f 1944/429/1216 1945/427/1216 1928/427/1216 1929/428/1216
f 1945/427/1217 1946/424/1217 1927/426/1217 1928/427/1217
f 1933/428/1218 1932/427/1218 1936/427/1218 1937/428/1218
f 1929/428/1219 1928/427/1219 1932/427/1219 1933/428/1219
f 1927/426/1220 1930/425/1220 1934/425/1220 1931/426/1220
f 1928/427/1221 1927/426/1221 1931/426/1221 1932/427/1221
f 1936/427/1222 1935/426/1222 1938/425/1222 1937/428/1222
f 1931/426/1223 1934/425/1223 1938/425/1223 1935/426/1223
f 1932/427/1224 1931/426/1224 1935/426/1224 1936/427/1224
f 1934/425/1225 1933/428/1225 1937/428/1225 1938/425/1225
f 1924/427/1226 1923/426/1226 1940/430/1226 1942/427/1226
f 1901/428/1227 1924/427/1227 1942/427/1227 1941/428/1227
f 1905/425/1228 1901/428/1228 1941/428/1228 1939/431/1228
f 1923/426/1229 1905/425/1229 1939/431/1229 1940/430/1229
f 1942/427/1230 1940/430/1230 1946/424/1230 1945/427/1230
f 1941/428/1231 1942/427/1231 1945/427/1231 1944/429/1231
f 1939/431/1232 1941/428/1232 1944/429/1232 1943/425/1232
f 1940/430/1233 1939/431/1233 1943/425/1233 1946/424/1233
f 1958/383/1234 1957/382/1234 1950/130/1234 1949/131/1234
f 1958/383/1235 1949/131/1235 1948/131/1235 1959/383/1235
f 1959/383/1236 1948/131/1236 1954/131/1236 1960/383/1236
f 1960/383/1237 1954/131/1237 1956/131/1237 1961/383/1237
f 1969/420/1238 1960/383/1238 1961/383/1238 1965/420/1238
f 1967/420/1239 1959/383/1239 1960/383/1239 1969/420/1239
f 1962/420/1240 1958/383/1240 1959/383/1240 1967/420/1240
f 1962/420/1241 1966/421/1241 1957/382/1241 1958/383/1241
f 1951/128/1242 1952/129/1242 1966/421/1242 1962/420/1242
f 1951/128/1243 1962/420/1243 1967/420/1243 1968/128/1243
f 1947/128/1244 1963/422/1244 1964/423/1244 1953/128/1244
f 1970/128/1245 1969/420/1245 1965/420/1245 1955/128/1245
f 1963/422/1246 1947/128/1246 1968/128/1246 1967/420/1246
f 1953/128/1247 1964/423/1247 1969/420/1247 1970/128/1247
f 1964/423/1248 1963/422/1248 1967/420/1248 1969/420/1248
f 1965/420/1249 1961/383/1249 1974/383/1249 1975/420/1249
f 1956/131/1250 1954/131/1250 1971/131/1250 1973/131/1250
f 1955/128/1251 1965/420/1251 1975/420/1251 1972/432/1251
f 1961/383/1252 1956/131/1252 1973/131/1252 1974/383/1252
f 1949/131/1253 1950/130/1253 1981/130/1253 1980/131/1253
f 1966/421/1254 1952/129/1254 1982/129/1254 1984/421/1254
f 1950/130/1255 1957/382/1255 1983/382/1255 1981/130/1255
f 1957/382/1256 1966/421/1256 1984/421/1256 1983/382/1256
f 1983/382/1257 1984/421/1257 1989/421/1257 1988/382/1257
f 1981/130/1258 1983/382/1258 1988/382/1258 1986/130/1258
f 1984/421/1259 1982/129/1259 1987/129/1259 1989/421/1259
f 1980/131/1260 1981/130/1260 1986/130/1260 1985/131/1260
f 1977/128/1261 2042/383/1261 1993/383/1261 1991/128/1261
f 2004/383/1262 1978/433/1262 2005/434/1262 2008/383/1262
f 1976/131/1263 1971/131/1263 1996/131/1263 1997/52/1263
f 1971/131/1264 1954/131/1264 1995/131/1264 1996/131/1264
f 1954/131/1265 1948/131/1265 1994/131/1265 1995/131/1265
f 1948/131/1266 1949/131/1266 1980/131/1266 1994/131/1266
f 2039/128/1267 2040/383/1267 2001/383/1267 2000/128/1267
f 2008/383/1268 2005/434/1268 1999/435/1268 2011/383/1268
f 2000/128/1269 2001/383/1269 2004/383/1269 2003/128/1269
f 2030/383/1270 1979/436/1270 1990/436/1270 2033/383/1270
f 2017/383/1271 2043/434/1271 1979/436/1271 2030/383/1271
f 2003/128/1272 2004/383/1272 2008/383/1272 2007/128/1272
f 1978/433/1273 2002/131/1273 2006/131/1273 2005/434/1273
f 2007/128/1274 2008/383/1274 2011/383/1274 2010/128/1274
f 2005/434/1275 2006/131/1275 2009/131/1275 1999/435/1275
f 2010/128/1276 2011/383/1276 2014/383/1276 2013/128/1276
f 1999/435/1277 2009/131/1277 2012/131/1277 2034/434/1277
f 2013/128/1278 2014/383/1278 2017/383/1278 2016/128/1278
f 2034/434/1279 2012/131/1279 2015/131/1279 2043/434/1279
f 1985/131/1280 1986/130/1280 2019/130/1280 2018/131/1280
f 1988/382/1281 1989/421/1281 2022/421/1281 2021/382/1281
f 1986/130/1282 1988/382/1282 2021/382/1282 2019/130/1282
f 1989/421/1283 1987/129/1283 2020/129/1283 2022/421/1283
f 2022/421/1284 2020/129/1284 2025/129/1284 2027/421/1284
f 2018/131/1285 2019/130/1285 2024/130/1285 2023/131/1285
f 2021/382/1286 2022/421/1286 2027/421/1286 2026/382/1286
f 2019/130/1287 2021/382/1287 2026/382/1287 2024/130/1287
f 2016/128/1288 2017/383/1288 2030/383/1288 2029/128/1288
f 2043/434/1289 2015/131/1289 2028/131/1289 1979/436/1289
f 1979/436/1290 2028/131/1290 2031/131/1290 1990/436/1290
f 2014/383/1291 2034/434/1291 2043/434/1291 2017/383/1291
f 2029/128/1292 2030/383/1292 2033/383/1292 2032/128/1292
f 2023/131/1293 2031/131/1293 2028/131/1293 2018/131/1293
f 1985/52/1294 2035/52/1294 1994/52/1294 1980/131/1294
f 2037/52/1295 1996/52/1295 1997/52/1295 1998/131/1295
f 1998/131/1296 2002/131/1296 2006/131/1296 2037/52/1296
f 2036/52/1297 1995/52/1297 1996/52/1297 2037/52/1297
f 2037/52/1298 2006/131/1298 2009/131/1298 2036/52/1298
f 2035/52/1299 1994/52/1299 1995/52/1299 2036/52/1299
f 2036/52/1300 2009/131/1300 2012/131/1300 2035/52/1300
f 2035/52/1301 2012/131/1301 2015/131/1301 2038/52/1301
f 2038/52/1302 2018/52/1302 1985/52/1302 2035/52/1302
f 2015/131/1303 2038/52/1303 2018/52/1303 2028/131/1303
f 2011/383/1304 1999/435/1304 2034/434/1304 2014/383/1304
f 1991/128/1305 1993/383/1305 2040/383/1305 2039/128/1305
f 1976/131/1306 1997/52/1306 2041/52/1306 1992/131/1306
f 1992/131/1307 2041/52/1307 2040/383/1307 1993/383/1307
f 1998/131/1308 2044/52/1308 2041/52/1308 1997/52/1308
f 2044/52/1309 2001/383/1309 2040/383/1309 2041/52/1309
f 2044/52/1310 1978/433/1310 2002/131/1310 1998/131/1310
f 2004/383/1311 2001/383/1311 2044/52/1311 1978/433/1311
f 2042/383/1312 1977/128/1312 1972/432/1312 1975/420/1312
f 1973/131/1313 1971/131/1313 1976/131/1313 1992/131/1313
f 1974/383/1314 1973/131/1314 1992/131/1314 1993/383/1314
f 1974/52/1315 1993/52/1315 2042/52/1315 1975/52/1315
f 2033/383/1316 1990/436/1316 2045/436/1316 2053/383/1316
f 2027/421/1317 2025/129/1317 2048/129/1317 2050/421/1317
f 2023/131/1318 2024/130/1318 2047/130/1318 2046/131/1318
f 2032/128/1319 2033/383/1319 2053/383/1319 2052/128/1319
f 1990/436/1320 2031/131/1320 2051/131/1320 2045/436/1320
f 2026/382/1321 2027/421/1321 2050/421/1321 2049/382/1321
f 2024/130/1322 2026/382/1322 2049/382/1322 2047/130/1322
f 2031/131/1323 2023/131/1323 2046/131/1323 2051/131/1323
f 2036/52/1324 2035/52/1324 2054/52/1324 2055/52/1324
f 2055/52/1325 2054/52/1325 2056/52/1325 2057/52/1325
f 2055/52/1326 2057/52/1326 2060/52/1326 2059/52/1326
f 2036/52/1327 2055/52/1327 2059/52/1327 2058/52/1327
f 2030/383/1328 2029/128/1328 2061/128/1328 2062/383/1328
f 2030/383/1329 1979/436/1329 2063/436/1329 2064/383/1329
f 2028/131/1330 1979/436/1330 2065/436/1330 2066/131/1330
f 2066/131/1331 2065/436/1331 2067/436/1331 2068/131/1331
f 2064/383/1332 2063/436/1332 2069/436/1332 2070/383/1332
f 2030/383/1333 2062/383/1333 2072/383/1333 2071/383/1333
f 2071/383/1334 2072/383/1334 2074/383/1334 2073/383/1334
f 2062/383/1335 2061/128/1335 2075/128/1335 2076/383/1335
f 2061/128/1336 2029/128/1336 2077/128/1336 2078/128/1336
f 2061/128/1337 2078/128/1337 2080/128/1337 2079/128/1337
f 2041/52/1338 1992/131/1338 2081/131/1338 2082/52/1338
f 1999/435/1339 2011/383/1339 2084/383/1339 2083/435/1339
f 2083/435/1340 2084/383/1340 2086/383/1340 2085/435/1340
f 2009/131/1341 1999/435/1341 2087/435/1341 2088/131/1341
f 2009/131/1342 2036/52/1342 2090/52/1342 2089/131/1342
f 2089/131/1343 2090/52/1343 2092/52/1343 2091/131/1343
f 2091/131/1344 2092/52/1344 2094/52/1344 2093/131/1344
f 2088/131/1345 2087/435/1345 2095/435/1345 2096/131/1345
f 2096/131/1346 2095/435/1346 2097/435/1346 2098/131/1346
f 2011/383/1347 2010/128/1347 2099/128/1347 2100/383/1347
f 2100/383/1348 2099/128/1348 2101/128/1348 2102/383/1348
f 2102/383/1349 2101/128/1349 2103/128/1349 2104/383/1349
f 2100/383/1350 2102/383/1350 2106/383/1350 2105/383/1350
f 2105/383/1351 2106/383/1351 2108/383/1351 2107/383/1351
f 2099/128/1352 2010/128/1352 2109/128/1352 2110/128/1352
f 2110/128/1353 2109/128/1353 2111/128/1353 2112/128/1353
f 2010/128/1354 2011/383/1354 2114/383/1354 2113/128/1354
f 2113/128/1355 2114/383/1355 2116/383/1355 2115/128/1355
f 2011/383/1356 1999/435/1356 2117/435/1356 2118/383/1356
f 2118/383/1357 2117/435/1357 2119/435/1357 2120/383/1357
f 1999/435/1358 2009/131/1358 2122/131/1358 2121/435/1358
f 2121/435/1359 2122/131/1359 2124/131/1359 2123/435/1359
f 2123/435/1360 2124/131/1360 2126/131/1360 2125/435/1360
f 2036/52/1361 2009/131/1361 2127/131/1361 2128/52/1361
f 2128/52/1362 2127/131/1362 2129/131/1362 2130/52/1362
f 2130/52/1363 2129/131/1363 2131/131/1363 2132/52/1363
f 2036/52/1364 2128/52/1364 2134/52/1364 2133/52/1364
f 2133/52/1365 2134/52/1365 2136/52/1365 2135/52/1365
f 2135/52/1366 2136/52/1366 2138/52/1366 2137/52/1366
f 2014/383/1367 2013/128/1367 2139/128/1367 2140/383/1367
f 2140/383/1368 2139/128/1368 2141/128/1368 2142/383/1368
f 2139/128/1369 2013/128/1369 2143/128/1369 2144/128/1369
f 2014/383/1370 2034/434/1370 2146/434/1370 2145/383/1370
f 2145/383/1371 2146/434/1371 2148/434/1371 2147/383/1371
f 2147/383/1372 2148/434/1372 2150/434/1372 2149/383/1372
f 2145/383/1373 2147/383/1373 2152/383/1373 2151/383/1373
f 2012/131/1374 2034/434/1374 2154/434/1374 2153/131/1374
f 2153/131/1375 2154/434/1375 2156/434/1375 2155/131/1375
f 2155/131/1376 2156/434/1376 2158/434/1376 2157/131/1376
f 2012/131/1377 2035/52/1377 2160/52/1377 2159/131/1377
f 2159/131/1378 2160/52/1378 2162/52/1378 2161/131/1378
f 2161/131/1379 2162/52/1379 2164/52/1379 2163/131/1379
f 2015/131/1380 2043/434/1380 2166/434/1380 2165/131/1380
f 2165/131/1381 2166/434/1381 2168/434/1381 2167/131/1381
f 2017/383/1382 2043/434/1382 2170/434/1382 2169/383/1382
f 2169/383/1383 2170/434/1383 2172/434/1383 2171/383/1383
f 2171/383/1384 2172/434/1384 2174/434/1384 2173/383/1384
f 2017/383/1385 2016/128/1385 2175/128/1385 2176/383/1385
f 2176/383/1386 2175/128/1386 2177/128/1386 2178/383/1386
f 2178/383/1387 2177/128/1387 2179/128/1387 2180/383/1387
f 2175/128/1388 2016/128/1388 2181/128/1388 2182/128/1388
f 2182/128/1389 2181/128/1389 2183/128/1389 2184/128/1389
f 2160/52/1390 2035/52/1390 2185/52/1390 2186/52/1390
f 2160/52/1391 2186/52/1391 2188/52/1391 2187/52/1391
f 2187/52/1392 2188/52/1392 2190/52/1392 2189/52/1392
f 2016/128/1393 2017/383/1393 2192/383/1393 2191/128/1393
f 2191/128/1394 2192/383/1394 2194/383/1394 2193/128/1394
f 2043/434/1395 2017/383/1395 2195/383/1395 2196/434/1395
f 2196/434/1396 2195/383/1396 2197/383/1396 2198/434/1396
f 2015/131/1397 2165/131/1397 2200/131/1397 2199/131/1397
f 2199/131/1398 2200/131/1398 2202/131/1398 2201/131/1398
f 2038/52/1399 2015/131/1399 2203/131/1399 2204/52/1399
f 2204/52/1400 2203/131/1400 2205/131/1400 2206/52/1400
f 2006/131/1401 2037/52/1401 2208/52/1401 2207/131/1401
f 2207/131/1402 2208/52/1402 2210/52/1402 2209/131/1402
f 2006/131/1403 2005/434/1403 2211/434/1403 2212/131/1403
f 2212/131/1404 2211/434/1404 2213/434/1404 2214/131/1404
f 2005/434/1405 2008/383/1405 2216/383/1405 2215/434/1405
f 2215/434/1406 2216/383/1406 2218/383/1406 2217/434/1406
f 2217/434/1407 2218/383/1407 2220/383/1407 2219/434/1407
f 2008/383/1408 2007/128/1408 2221/128/1408 2222/383/1408
f 2222/383/1409 2221/128/1409 2223/128/1409 2224/383/1409
f 2224/383/1410 2223/128/1410 2225/128/1410 2226/383/1410
f 2223/128/1411 2221/128/1411 2227/128/1411 2228/128/1411
f 2228/128/1412 2227/128/1412 2229/128/1412 2230/128/1412
f 2242/383/1413 2233/131/1413 2234/130/1413 2241/382/1413
f 2242/383/1414 2243/383/1414 2232/131/1414 2233/131/1414
f 2243/383/1415 2244/383/1415 2238/131/1415 2232/131/1415
f 2244/383/1416 2245/383/1416 2240/131/1416 2238/131/1416
f 2253/420/1417 2249/420/1417 2245/383/1417 2244/383/1417
f 2251/420/1418 2253/420/1418 2244/383/1418 2243/383/1418
f 2246/420/1419 2251/420/1419 2243/383/1419 2242/383/1419
f 2246/420/1420 2242/383/1420 2241/382/1420 2250/421/1420
f 2235/128/1421 2246/420/1421 2250/421/1421 2236/129/1421
f 2235/128/1422 2252/128/1422 2251/420/1422 2246/420/1422
f 2231/128/1423 2237/128/1423 2248/423/1423 2247/422/1423
f 2254/128/1424 2239/128/1424 2249/420/1424 2253/420/1424
f 2247/422/1425 2251/420/1425 2252/128/1425 2231/128/1425
f 2237/128/1426 2254/128/1426 2253/420/1426 2248/423/1426
f 2248/423/1427 2253/420/1427 2251/420/1427 2247/422/1427
f 2249/420/1428 2259/420/1428 2258/383/1428 2245/383/1428
f 2240/131/1429 2257/131/1429 2255/131/1429 2238/131/1429
f 2239/128/1430 2256/432/1430 2259/420/1430 2249/420/1430
f 2245/383/1431 2258/383/1431 2257/131/1431 2240/131/1431
f 2233/131/1432 2264/131/1432 2265/130/1432 2234/130/1432
f 2250/421/1433 2268/421/1433 2266/129/1433 2236/129/1433
f 2234/130/1434 2265/130/1434 2267/382/1434 2241/382/1434
f 2241/382/1435 2267/382/1435 2268/421/1435 2250/421/1435
f 2267/382/1436 2272/382/1436 2273/421/1436 2268/421/1436
f 2265/130/1437 2270/130/1437 2272/382/1437 2267/382/1437
f 2268/421/1438 2273/421/1438 2271/129/1438 2266/129/1438
f 2264/131/1439 2269/131/1439 2270/130/1439 2265/130/1439
f 2261/128/1440 2275/128/1440 2277/383/1440 2326/383/1440
f 2288/383/1441 2292/383/1441 2289/434/1441 2262/433/1441
f 2260/131/1442 2281/52/1442 2280/131/1442 2255/131/1442
f 2255/131/1443 2280/131/1443 2279/131/1443 2238/131/1443
f 2238/131/1444 2279/131/1444 2278/131/1444 2232/131/1444
f 2232/131/1445 2278/131/1445 2264/131/1445 2233/131/1445
f 2323/128/1446 2284/128/1446 2285/383/1446 2324/383/1446
f 2292/383/1447 2295/383/1447 2283/435/1447 2289/434/1447
f 2284/128/1448 2287/128/1448 2288/383/1448 2285/383/1448
f 2314/383/1449 2317/383/1449 2274/436/1449 2263/436/1449
f 2301/383/1450 2314/383/1450 2263/436/1450 2327/434/1450
f 2287/128/1451 2291/128/1451 2292/383/1451 2288/383/1451
f 2262/433/1452 2289/434/1452 2290/131/1452 2286/131/1452
f 2291/128/1453 2294/128/1453 2295/383/1453 2292/383/1453
f 2289/434/1454 2283/435/1454 2293/131/1454 2290/131/1454
f 2294/128/1455 2297/128/1455 2298/383/1455 2295/383/1455
f 2283/435/1456 2318/434/1456 2296/131/1456 2293/131/1456
f 2297/128/1457 2300/128/1457 2301/383/1457 2298/383/1457
f 2318/434/1458 2327/434/1458 2299/131/1458 2296/131/1458
f 2269/131/1459 2302/131/1459 2303/130/1459 2270/130/1459
f 2272/382/1460 2305/382/1460 2306/421/1460 2273/421/1460
f 2270/130/1461 2303/130/1461 2305/382/1461 2272/382/1461
f 2273/421/1462 2306/421/1462 2304/129/1462 2271/129/1462
f 2306/421/1463 2311/421/1463 2309/129/1463 2304/129/1463
f 2302/131/1464 2307/131/1464 2308/130/1464 2303/130/1464
f 2305/382/1465 2310/382/1465 2311/421/1465 2306/421/1465
f 2303/130/1466 2308/130/1466 2310/382/1466 2305/382/1466
f 2300/128/1467 2313/128/1467 2314/383/1467 2301/383/1467
f 2327/434/1468 2263/436/1468 2312/131/1468 2299/131/1468
f 2263/436/1469 2274/436/1469 2315/131/1469 2312/131/1469
f 2298/383/1470 2301/383/1470 2327/434/1470 2318/434/1470
f 2313/128/1471 2316/128/1471 2317/383/1471 2314/383/1471
f 2307/131/1472 2302/131/1472 2312/131/1472 2315/131/1472
f 2269/52/1473 2264/131/1473 2278/52/1473 2319/52/1473
f 2321/52/1474 2282/131/1474 2281/52/1474 2280/52/1474
f 2282/131/1475 2321/52/1475 2290/131/1475 2286/131/1475
f 2320/52/1476 2321/52/1476 2280/52/1476 2279/52/1476
f 2321/52/1477 2320/52/1477 2293/131/1477 2290/131/1477
f 2319/52/1478 2320/52/1478 2279/52/1478 2278/52/1478
f 2320/52/1479 2319/52/1479 2296/131/1479 2293/131/1479
f 2319/52/1480 2322/52/1480 2299/131/1480 2296/131/1480
f 2322/52/1481 2319/52/1481 2269/52/1481 2302/52/1481
f 2299/131/1482 2312/131/1482 2302/52/1482 2322/52/1482
f 2295/383/1483 2298/383/1483 2318/434/1483 2283/435/1483
f 2275/128/1484 2323/128/1484 2324/383/1484 2277/383/1484
f 2260/131/1485 2276/131/1485 2325/52/1485 2281/52/1485
f 2276/131/1486 2277/383/1486 2324/383/1486 2325/52/1486
f 2282/131/1487 2281/52/1487 2325/52/1487 2328/52/1487
f 2328/52/1488 2325/52/1488 2324/383/1488 2285/383/1488
f 2328/52/1489 2282/131/1489 2286/131/1489 2262/433/1489
f 2288/383/1490 2262/433/1490 2328/52/1490 2285/383/1490
f 2326/383/1491 2259/420/1491 2256/432/1491 2261/128/1491
f 2257/131/1492 2276/131/1492 2260/131/1492 2255/131/1492
f 2258/383/1493 2277/383/1493 2276/131/1493 2257/131/1493
f 2258/52/1494 2259/52/1494 2326/52/1494 2277/52/1494
f 2317/383/1495 2337/383/1495 2329/436/1495 2274/436/1495
f 2311/421/1496 2334/421/1496 2332/129/1496 2309/129/1496
f 2307/131/1497 2330/131/1497 2331/130/1497 2308/130/1497
f 2316/128/1498 2336/128/1498 2337/383/1498 2317/383/1498
f 2274/436/1499 2329/436/1499 2335/131/1499 2315/131/1499
f 2310/382/1500 2333/382/1500 2334/421/1500 2311/421/1500
f 2308/130/1501 2331/130/1501 2333/382/1501 2310/382/1501
f 2315/131/1502 2335/131/1502 2330/131/1502 2307/131/1502
f 2320/52/1503 2339/52/1503 2338/52/1503 2319/52/1503
f 2339/52/1504 2341/52/1504 2340/52/1504 2338/52/1504
f 2339/52/1505 2343/52/1505 2344/52/1505 2341/52/1505
f 2320/52/1506 2342/52/1506 2343/52/1506 2339/52/1506
f 2314/383/1507 2346/383/1507 2345/128/1507 2313/128/1507
f 2314/383/1508 2348/383/1508 2347/436/1508 2263/436/1508
f 2312/131/1509 2350/131/1509 2349/436/1509 2263/436/1509
f 2350/131/1510 2352/131/1510 2351/436/1510 2349/436/1510
f 2348/383/1511 2354/383/1511 2353/436/1511 2347/436/1511
f 2314/383/1512 2355/383/1512 2356/383/1512 2346/383/1512
f 2355/383/1513 2357/383/1513 2358/383/1513 2356/383/1513
f 2346/383/1514 2360/383/1514 2359/128/1514 2345/128/1514
f 2345/128/1515 2361/128/1515 2077/128/1515 2313/128/1515
f 2345/128/1516 2362/128/1516 2363/128/1516 2361/128/1516
f 2325/52/1517 2365/52/1517 2364/131/1517 2276/131/1517
f 2283/435/1518 2366/435/1518 2367/383/1518 2295/383/1518
f 2366/435/1519 2368/435/1519 2369/383/1519 2367/383/1519
f 2293/131/1520 2371/131/1520 2370/435/1520 2283/435/1520
f 2293/131/1521 2372/131/1521 2373/52/1521 2320/52/1521
f 2372/131/1522 2374/131/1522 2375/52/1522 2373/52/1522
f 2374/131/1523 2376/131/1523 2377/52/1523 2375/52/1523
f 2371/131/1524 2379/131/1524 2378/435/1524 2370/435/1524
f 2379/131/1525 2381/131/1525 2380/435/1525 2378/435/1525
f 2295/383/1526 2383/383/1526 2382/128/1526 2294/128/1526
f 2383/383/1527 2385/383/1527 2384/128/1527 2382/128/1527
f 2385/383/1528 2387/383/1528 2386/128/1528 2384/128/1528
f 2383/383/1529 2388/383/1529 2389/383/1529 2385/383/1529
f 2388/383/1530 2390/383/1530 2391/383/1530 2389/383/1530
f 2382/128/1531 2393/128/1531 2392/128/1531 2294/128/1531
f 2393/128/1532 2395/128/1532 2394/128/1532 2392/128/1532
f 2294/128/1533 2396/128/1533 2397/383/1533 2295/383/1533
f 2396/128/1534 2398/128/1534 2399/383/1534 2397/383/1534
f 2295/383/1535 2401/383/1535 2400/435/1535 2283/435/1535
f 2401/383/1536 2403/383/1536 2402/435/1536 2400/435/1536
f 2283/435/1537 2404/435/1537 2405/131/1537 2293/131/1537
f 2404/435/1538 2406/435/1538 2407/131/1538 2405/131/1538
f 2406/435/1539 2408/435/1539 2409/131/1539 2407/131/1539
f 2320/52/1540 2411/52/1540 2410/131/1540 2293/131/1540
f 2411/52/1541 2413/52/1541 2412/131/1541 2410/131/1541
f 2413/52/1542 2415/52/1542 2414/131/1542 2412/131/1542
f 2320/52/1543 2416/52/1543 2417/52/1543 2411/52/1543
f 2416/52/1544 2418/52/1544 2419/52/1544 2417/52/1544
f 2418/52/1545 2420/52/1545 2421/52/1545 2419/52/1545
f 2298/383/1546 2423/383/1546 2422/128/1546 2297/128/1546
f 2423/383/1547 2425/383/1547 2424/128/1547 2422/128/1547
f 2422/128/1548 2427/128/1548 2426/128/1548 2297/128/1548
f 2298/383/1549 2428/383/1549 2429/434/1549 2318/434/1549
f 2428/383/1550 2430/383/1550 2431/434/1550 2429/434/1550
f 2430/383/1551 2432/383/1551 2433/434/1551 2431/434/1551
f 2428/383/1552 2434/383/1552 2435/383/1552 2430/383/1552
f 2296/131/1553 2436/131/1553 2437/434/1553 2318/434/1553
f 2436/131/1554 2438/131/1554 2439/434/1554 2437/434/1554
f 2438/131/1555 2440/131/1555 2441/434/1555 2439/434/1555
f 2296/131/1556 2442/131/1556 2443/52/1556 2319/52/1556
f 2442/131/1557 2444/131/1557 2445/52/1557 2443/52/1557
f 2444/131/1558 2446/131/1558 2447/52/1558 2445/52/1558
f 2299/131/1559 2448/131/1559 2449/434/1559 2327/434/1559
f 2448/131/1560 2450/131/1560 2451/434/1560 2449/434/1560
f 2301/383/1561 2452/383/1561 2453/434/1561 2327/434/1561
f 2452/383/1562 2454/383/1562 2455/434/1562 2453/434/1562
f 2454/383/1563 2456/383/1563 2457/434/1563 2455/434/1563
f 2301/383/1564 2459/383/1564 2458/128/1564 2300/128/1564
f 2459/383/1565 2461/383/1565 2460/128/1565 2458/128/1565
f 2461/383/1566 2463/383/1566 2462/128/1566 2460/128/1566
f 2458/128/1567 2465/128/1567 2464/128/1567 2300/128/1567
f 2465/128/1568 2467/128/1568 2466/128/1568 2464/128/1568
f 2443/52/1569 2469/52/1569 2468/52/1569 2319/52/1569
f 2443/52/1570 2470/52/1570 2471/52/1570 2469/52/1570
f 2470/52/1571 2472/52/1571 2473/52/1571 2471/52/1571
f 2300/128/1572 2474/128/1572 2475/383/1572 2301/383/1572
f 2474/128/1573 2476/128/1573 2477/383/1573 2475/383/1573
f 2327/434/1574 2479/434/1574 2478/383/1574 2301/383/1574
f 2479/434/1575 2481/434/1575 2480/383/1575 2478/383/1575
f 2299/131/1576 2482/131/1576 2483/131/1576 2448/131/1576
f 2482/131/1577 2484/131/1577 2485/131/1577 2483/131/1577
f 2322/52/1578 2487/52/1578 2486/131/1578 2299/131/1578
f 2487/52/1579 2489/52/1579 2488/131/1579 2486/131/1579
f 2290/131/1580 2490/131/1580 2491/52/1580 2321/52/1580
f 2490/131/1581 2492/131/1581 2493/52/1581 2491/52/1581
f 2290/131/1582 2495/131/1582 2494/434/1582 2289/434/1582
f 2495/131/1583 2497/131/1583 2496/434/1583 2494/434/1583
f 2289/434/1584 2498/434/1584 2499/383/1584 2292/383/1584
f 2498/434/1585 2500/434/1585 2501/383/1585 2499/383/1585
f 2500/434/1586 2502/434/1586 2503/383/1586 2501/383/1586
f 2292/383/1587 2504/383/1587 2221/128/1587 2291/128/1587
f 2504/383/1588 2506/383/1588 2505/128/1588 2221/128/1588
f 2506/383/1589 2508/383/1589 2507/128/1589 2505/128/1589
f 2505/128/1590 2510/128/1590 2509/128/1590 2221/128/1590
f 2510/128/1591 2512/128/1591 2511/128/1591 2509/128/1591
f 2552/437/1592 2524/2/1592 2516/3/1592 2546/438/1592
f 2556/439/1593 2532/6/1593 2520/7/1593 2547/440/1593
f 2550/441/1594 2528/10/1594 2518/11/1594 2548/442/1594
f 2554/443/1595 2536/14/1595 2514/15/1595 2545/444/1595
f 2543/90/1596 2525/9/1596 2517/12/1596 2534/91/1596
f 2539/17/1597 2523/18/1597 2514/19/1597 2536/20/1597
f 2531/21/1598 2516/22/1598 2524/23/1598 2537/24/1598
f 2537/24/1599 2524/23/1599 2523/18/1599 2539/17/1599
f 2529/92/1600 2519/8/1600 2526/27/1600 2541/93/1600
f 2541/93/1601 2526/27/1601 2525/9/1601 2543/90/1601
f 2547/440/1602 2520/7/1602 2527/26/1602 2549/445/1602
f 2549/445/1603 2527/26/1603 2528/10/1603 2550/441/1603
f 2545/446/1604 2514/29/1604 2523/30/1604 2551/447/1604
f 2551/447/1605 2523/30/1605 2524/2/1605 2552/437/1605
f 2521/97/1606 2542/98/1606 2544/99/1606 2522/100/1606
f 2542/98/1606 2541/93/1606 2543/90/1606 2544/99/1606
f 2515/101/1607 2530/102/1607 2542/98/1607 2521/97/1607
f 2530/102/1608 2529/92/1608 2541/93/1608 2542/98/1608
f 2527/26/1609 2538/32/1609 2540/33/1609 2528/10/1609
f 2538/32/1610 2537/24/1610 2539/17/1610 2540/33/1610
f 2520/7/1611 2532/34/1611 2538/32/1611 2527/26/1611
f 2532/34/1612 2531/21/1612 2537/24/1612 2538/32/1612
f 2528/10/1613 2540/33/1613 2535/35/1613 2518/11/1613
f 2540/33/1614 2539/17/1614 2536/20/1614 2535/35/1614
f 2522/100/1615 2544/99/1615 2533/103/1615 2513/104/1615
f 2544/99/1616 2543/90/1616 2534/91/1616 2533/103/1616
f 2548/442/1617 2518/11/1617 2535/37/1617 2553/448/1617
f 2553/448/1618 2535/37/1618 2536/14/1618 2554/443/1618
f 2546/438/1619 2516/3/1619 2531/38/1619 2555/449/1619
f 2555/449/1620 2531/38/1620 2532/6/1620 2556/439/1620
f 2530/25/1621 2555/449/1621 2556/439/1621 2529/5/1621
f 2515/4/1622 2546/438/1622 2555/449/1622 2530/25/1622
f 2534/36/1623 2553/448/1623 2554/443/1623 2533/13/1623
f 2519/8/1624 2529/92/1624 2566/92/1624 2558/8/1624
f 2522/31/1605 2551/447/1605 2552/437/1605 2521/1/1605
f 2513/28/1625 2545/446/1625 2551/447/1625 2522/31/1625
f 2547/440/1626 2549/445/1626 2564/445/1626 2557/440/1626
f 2556/439/1627 2547/440/1627 2557/440/1627 2568/439/1627
f 2533/13/1628 2554/443/1628 2545/444/1628 2513/16/1628
f 2548/442/1629 2553/448/1629 2567/448/1629 2560/442/1629
f 2526/27/1630 2519/8/1630 2558/8/1630 2559/27/1630
f 2521/1/1631 2552/437/1631 2546/438/1631 2515/4/1631
f 2561/12/1632 2560/442/1632 2567/448/1632 2562/36/1632
f 2559/27/1633 2564/445/1633 2565/441/1633 2563/9/1633
f 2558/8/1634 2557/440/1634 2564/445/1634 2559/27/1634
f 2563/9/1635 2565/441/1635 2560/442/1635 2561/12/1635
f 2566/5/1636 2568/439/1636 2557/440/1636 2558/8/1636
f 2529/5/1637 2556/439/1637 2568/439/1637 2566/5/1637
f 2553/448/1638 2534/36/1638 2562/36/1638 2567/448/1638
f 2517/12/1639 2525/9/1639 2563/9/1639 2561/12/1639
f 2550/441/1640 2548/442/1640 2560/442/1640 2565/441/1640
f 2534/91/1641 2517/12/1641 2561/12/1641 2562/91/1641
f 2549/445/1642 2550/441/1642 2565/441/1642 2564/445/1642
f 2525/9/1643 2526/27/1643 2559/27/1643 2563/9/1643
f 2577/450/1644 2578/451/1644 2572/3/1644 2571/4/1644
f 2581/171/1645 2582/146/1645 2576/7/1645 2575/8/1645
f 2579/452/1646 2580/453/1646 2574/11/1646 2573/12/1646
f 2583/177/1647 2584/193/1647 2570/15/1647 2569/16/1647
f 2575/8/1648 2576/7/1648 2580/453/1648 2579/452/1648
f 2569/28/1649 2570/29/1649 2578/451/1649 2577/450/1649
f 2573/12/1650 2574/11/1650 2584/193/1650 2583/177/1650
f 2571/4/1651 2572/3/1651 2582/146/1651 2581/171/1651
f 2582/146/1652 2572/3/1652 2580/453/1652 2576/7/1652
f 2578/451/1652 2574/11/1652 2580/453/1652 2572/3/1652
f 2584/193/1652 2574/11/1652 2578/451/1652 2570/29/1652
f 2581/171/1653 2575/8/1653 2579/452/1653 2571/4/1653
f 2577/450/1653 2573/12/1653 2583/177/1653 2569/16/1653
f 2571/4/1653 2579/452/1653 2573/12/1653 2577/450/1653
f 2593/450/1644 2594/451/1644 2588/3/1644 2587/4/1644
f 2597/171/1654 2598/146/1654 2592/7/1654 2591/8/1654
f 2595/452/1646 2596/453/1646 2590/11/1646 2589/12/1646
f 2599/177/1647 2600/193/1647 2586/15/1647 2585/16/1647
f 2591/8/1648 2592/7/1648 2596/453/1648 2595/452/1648
f 2585/28/1649 2586/29/1649 2594/451/1649 2593/450/1649
f 2589/12/1655 2590/11/1655 2600/193/1655 2599/177/1655
f 2587/4/1651 2588/3/1651 2598/146/1651 2597/171/1651
f 2598/146/1652 2588/3/1652 2596/453/1652 2592/7/1652
f 2594/451/1652 2590/11/1652 2596/453/1652 2588/3/1652
f 2600/193/1652 2590/11/1652 2594/451/1652 2586/29/1652
f 2597/171/1653 2591/8/1653 2595/452/1653 2587/4/1653
f 2593/450/1653 2589/12/1653 2599/177/1653 2585/16/1653
f 2587/4/1653 2595/452/1653 2589/12/1653 2593/450/1653
f 2609/450/1644 2610/451/1644 2604/3/1644 2603/4/1644
f 2613/171/1645 2614/146/1645 2608/7/1645 2607/8/1645
f 2611/452/1646 2612/453/1646 2606/11/1646 2605/12/1646
f 2615/177/1656 2616/193/1656 2602/15/1656 2601/16/1656
f 2607/8/1648 2608/7/1648 2612/453/1648 2611/452/1648
f 2601/28/1649 2602/29/1649 2610/451/1649 2609/450/1649
f 2605/12/1650 2606/11/1650 2616/193/1650 2615/177/1650
f 2603/4/1657 2604/3/1657 2614/146/1657 2613/171/1657
f 2614/146/1652 2604/3/1652 2612/453/1652 2608/7/1652
f 2610/451/1652 2606/11/1652 2612/453/1652 2604/3/1652
f 2616/193/1652 2606/11/1652 2610/451/1652 2602/29/1652
f 2613/171/1653 2607/8/1653 2611/452/1653 2603/4/1653
f 2609/450/1653 2605/12/1653 2615/177/1653 2601/16/1653
f 2603/4/1653 2611/452/1653 2605/12/1653 2609/450/1653
f 2617/131/1658 2618/454/1658 2709/455/1658 2619/131/1658
f 2620/128/1659 2621/456/1659 2618/454/1659 2617/131/1659
f 2618/454/1660 2621/456/1660 2623/456/1660 2622/454/1660
f 2623/456/1661 2627/129/1661 2625/130/1661 2622/454/1661
f 2622/454/1658 2625/130/1658 2628/130/1658 2624/455/1658
f 2709/455/1662 2618/454/1662 2622/454/1662 2624/455/1662
f 2650/129/1663 2626/130/1663 2625/130/1663 2627/129/1663
f 2626/130/1664 2630/130/1664 2628/130/1664 2625/130/1664
f 2630/130/1665 2631/130/1665 2629/130/1665 2628/130/1665
f 2624/455/1666 2628/130/1666 2629/130/1666 2679/457/1666
f 2631/130/1667 2630/130/1667 2632/130/1667 2633/130/1667
f 2630/130/1668 2626/130/1668 2634/130/1668 2632/130/1668
f 2633/130/1669 2632/130/1669 2635/458/1669 2636/194/1669
f 2632/130/1670 2634/130/1670 2637/26/1670 2635/458/1670
f 2641/459/1671 2643/10/1671 2639/129/1671 2911/460/1671
f 2634/130/1672 2640/129/1672 2639/129/1672 2637/26/1672
f 2645/130/1673 2642/26/1673 2639/129/1673 2640/129/1673
f 2641/459/1674 2911/460/1674 2639/129/1674 2638/10/1674
f 2646/130/1675 2644/458/1675 2642/26/1675 2645/130/1675
f 2648/130/1676 2646/130/1676 2645/130/1676 2647/130/1676
f 2647/130/1677 2645/130/1677 2640/129/1677 2650/129/1677
f 2647/130/1678 2649/130/1678 2651/130/1678 2648/130/1678
f 2650/129/1679 2627/129/1679 2649/130/1679 2647/130/1679
f 2626/130/1680 2650/129/1680 2640/129/1680 2634/130/1680
f 2621/52/18 2650/52/18 2627/52/18 2623/52/18
f 2623/456/1681 2652/454/1681 2649/130/1681 2627/129/1681
f 2652/454/1682 2654/455/1682 2651/130/1682 2649/130/1682
f 2653/454/1683 2652/454/1683 2623/456/1683 2621/456/1683
f 2656/455/1684 2654/455/1684 2652/454/1684 2653/454/1684
f 2655/131/1682 2657/131/1682 2656/455/1682 2653/454/1682
f 2657/131/1685 2659/131/1685 2658/457/1685 2656/455/1685
f 2658/457/1686 2661/457/1686 2654/455/1686 2656/455/1686
f 2659/131/1687 2712/131/1687 2660/461/1687 2658/457/1687
f 2660/461/1688 2663/461/1688 2661/457/1688 2658/457/1688
f 2654/455/1689 2661/457/1689 2662/130/1689 2651/130/1689
f 2661/457/1687 2663/461/1687 2664/130/1687 2662/130/1687
f 2668/462/1690 2665/462/1690 2663/461/1690 2660/461/1690
f 2663/461/1691 2665/462/1691 2666/130/1691 2664/130/1691
f 2665/462/1692 2667/455/1692 2711/130/1692 2666/130/1692
f 2670/455/1693 2667/455/1693 2665/462/1693 2668/462/1693
f 2669/131/1694 2671/131/1694 2670/455/1694 2668/462/1694
f 2712/131/1691 2669/131/1691 2668/462/1691 2660/461/1691
f 2674/131/1695 2673/462/1695 2670/455/1695 2671/131/1695
f 2672/52/18 2670/52/18 2667/52/18 2711/52/18
f 2670/455/1696 2673/462/1696 2676/462/1696 2667/455/1696
f 2710/131/1697 2675/461/1697 2673/462/1697 2674/131/1697
f 2673/462/1698 2675/461/1698 2678/461/1698 2676/462/1698
f 2678/461/1697 2680/130/1697 2677/130/1697 2676/462/1697
f 2676/462/1699 2677/130/1699 2711/130/1699 2667/455/1699
f 2679/457/1700 2629/130/1700 2680/130/1700 2678/461/1700
f 2675/461/1701 2707/457/1701 2679/457/1701 2678/461/1701
f 2631/130/1702 2681/130/1702 2680/130/1702 2629/130/1702
f 2681/130/1703 2682/130/1703 2677/130/1703 2680/130/1703
f 2682/130/1704 2681/130/1704 2683/130/1704 2684/130/1704
f 2681/130/1705 2631/130/1705 2633/130/1705 2683/130/1705
f 2684/130/1706 2683/130/1706 2685/197/1706 2686/130/1706
f 2683/130/1707 2633/130/1707 2636/194/1707 2685/197/1707
f 2686/130/1708 2688/463/1708 2690/464/1708 2687/130/1708
f 2697/130/1709 2684/130/1709 2686/130/1709 2687/130/1709
f 2688/463/1710 2689/464/1710 2691/465/1710 2690/464/1710
f 2692/463/1711 2690/464/1711 2691/465/1711 2693/464/1711
f 2694/130/1712 2687/130/1712 2690/464/1712 2692/463/1712
f 2697/130/1713 2687/130/1713 2694/130/1713 2696/130/1713
f 2696/130/1714 2694/130/1714 2695/197/1714 2698/130/1714
f 2672/130/1715 2697/130/1715 2696/130/1715 2699/130/1715
f 2699/130/1716 2696/130/1716 2698/130/1716 2700/130/1716
f 2699/130/1717 2666/130/1717 2711/130/1717 2672/130/1717
f 2700/130/1718 2664/130/1718 2666/130/1718 2699/130/1718
f 2700/130/1719 2698/130/1719 2702/130/1719 2701/130/1719
f 2701/130/1720 2662/130/1720 2664/130/1720 2700/130/1720
f 2648/130/1721 2651/130/1721 2662/130/1721 2701/130/1721
f 2701/130/1722 2702/130/1722 2646/130/1722 2648/130/1722
f 2702/130/1723 2703/194/1723 2644/458/1723 2646/130/1723
f 2698/130/1724 2695/197/1724 2703/194/1724 2702/130/1724
f 2672/130/1725 2682/130/1725 2684/130/1725 2697/130/1725
f 2693/464/1726 2691/465/1726 2705/466/1726 2704/467/1726
f 2704/467/1727 2705/466/1727 2641/459/1727 2643/10/1727
f 2689/464/1728 2706/467/1728 2705/466/1728 2691/465/1728
f 2706/467/1729 2638/10/1729 2641/459/1729 2705/466/1729
f 2682/130/1730 2672/130/1730 2711/130/1730 2677/130/1730
f 2707/457/1731 2709/455/1731 2624/455/1731 2679/457/1731
f 2708/131/1700 2707/457/1700 2675/461/1700 2710/131/1700
f 2619/131/1732 2709/455/1732 2707/457/1732 2708/131/1732
f 2620/128/1733 2655/131/1733 2653/454/1733 2621/456/1733
f 2746/468/1734 2724/10/1734 2718/37/1734 2744/469/1734
f 2747/470/1735 2728/14/1735 2714/30/1735 2741/471/1735
f 2743/472/1736 2720/6/1736 2723/26/1736 2745/473/1736
f 2745/473/1737 2723/26/1737 2724/10/1737 2746/468/1737
f 2741/471/1738 2714/30/1738 2716/2/1738 2742/198/1738
f 2744/469/1739 2718/37/1739 2728/14/1739 2747/470/1739
f 2742/198/1740 2716/2/1740 2726/38/1740 2748/474/1740
f 2748/474/1741 2726/38/1741 2720/6/1741 2743/472/1741
f 2714/30/1742 2728/14/1742 2689/464/1742 2688/463/1742
f 2723/26/1743 2720/6/1743 2730/6/1743 2731/26/1743
f 2718/37/1744 2724/10/1744 2638/10/1744 2706/467/1744
f 2716/2/1745 2714/30/1745 2688/463/1745 2729/2/1745
f 2724/10/1746 2723/26/1746 2731/26/1746 2638/10/1746
f 2726/38/1747 2716/2/1747 2729/2/1747 2732/38/1747
f 2720/6/1748 2726/38/1748 2732/38/1748 2730/6/1748
f 2728/14/1749 2718/37/1749 2706/467/1749 2689/464/1749
f 2727/13/1750 2713/31/1750 2733/31/1750 2740/13/1750
f 2725/25/1751 2719/5/1751 2736/5/1751 2739/25/1751
f 2717/36/1752 2727/13/1752 2740/13/1752 2735/36/1752
f 2721/9/1753 2717/36/1753 2735/36/1753 2737/9/1753
f 2713/31/1754 2715/1/1754 2734/1/1754 2733/31/1754
f 2722/27/1755 2721/9/1755 2737/9/1755 2738/27/1755
f 2719/5/1756 2722/27/1756 2738/27/1756 2736/5/1756
f 2715/1/1757 2725/25/1757 2739/25/1757 2734/1/1757
f 2725/25/1758 2748/474/1758 2743/472/1758 2719/5/1758
f 2715/1/1759 2742/198/1759 2748/474/1759 2725/25/1759
f 2717/36/1760 2744/469/1760 2747/470/1760 2727/13/1760
f 2713/31/1761 2741/471/1761 2742/198/1761 2715/1/1761
f 2722/27/1762 2745/473/1762 2746/468/1762 2721/9/1762
f 2719/5/1763 2743/472/1763 2745/473/1763 2722/27/1763
f 2727/13/1764 2747/470/1764 2741/471/1764 2713/31/1764
f 2721/9/1765 2746/468/1765 2744/469/1765 2717/36/1765
f 2736/5/1766 2738/27/1766 2752/27/1766 2750/8/1766
f 2737/9/1767 2735/36/1767 2749/12/1767 2751/9/1767
f 2738/27/1768 2737/9/1768 2751/9/1768 2752/27/1768
f 2774/31/1769 2773/475/1769 2754/1/1769 2753/31/1769
f 2776/8/1770 2775/27/1770 2758/27/1770 2756/8/1770
f 2778/476/1771 2777/477/1771 2759/5/1771 2760/25/1771
f 2780/9/1772 2779/478/1772 2755/12/1772 2757/9/1772
f 2779/478/1773 2781/36/1773 2762/36/1773 2755/12/1773
f 2782/479/1774 2774/31/1774 2753/31/1774 2761/13/1774
f 2775/27/1775 2780/9/1775 2757/9/1775 2758/27/1775
f 2781/36/1776 2782/479/1776 2761/13/1776 2762/36/1776
f 2773/475/1777 2778/476/1777 2760/25/1777 2754/1/1777
f 2777/477/1778 2776/8/1778 2756/8/1778 2759/5/1778
f 2799/480/1779 2793/8/1779 2766/8/1779 2769/5/1779
f 2798/31/1780 2794/1/1780 2764/1/1780 2763/31/1780
f 2793/8/1781 2795/481/1781 2768/27/1781 2766/8/1781
f 2800/25/1782 2799/480/1782 2769/5/1782 2770/25/1782
f 2801/482/1783 2796/12/1783 2765/12/1783 2767/9/1783
f 2796/12/1784 2797/483/1784 2772/36/1784 2765/12/1784
f 2802/13/1785 2798/31/1785 2763/31/1785 2771/13/1785
f 2795/481/1786 2801/482/1786 2767/9/1786 2768/27/1786
f 2797/483/1787 2802/13/1787 2771/13/1787 2772/36/1787
f 2794/1/1788 2800/25/1788 2770/25/1788 2764/1/1788
f 2736/5/1789 2750/8/1789 2776/8/1789 2777/477/1789
f 2734/1/1790 2739/25/1790 2778/476/1790 2773/475/1790
f 2735/36/1791 2740/13/1791 2782/479/1791 2781/36/1791
f 2752/27/1792 2751/9/1792 2780/9/1792 2775/27/1792
f 2740/13/1793 2733/31/1793 2774/31/1793 2782/479/1793
f 2749/12/1794 2735/36/1794 2781/36/1794 2779/478/1794
f 2751/9/1795 2749/12/1795 2779/478/1795 2780/9/1795
f 2739/25/1796 2736/5/1796 2777/477/1796 2778/476/1796
f 2750/8/1797 2752/27/1797 2775/27/1797 2776/8/1797
f 2733/31/1798 2734/1/1798 2773/475/1798 2774/31/1798
f 2732/38/1799 2729/2/1799 2685/197/1799 2636/194/1799
f 2729/2/1800 2688/463/1800 2686/130/1800 2685/197/1800
f 2730/6/1801 2732/38/1801 2636/194/1801 2635/458/1801
f 2731/26/1802 2730/6/1802 2635/458/1802 2637/26/1802
f 2754/1/1803 2760/25/1803 2788/25/1803 2785/1/1803
f 2762/36/1804 2761/13/1804 2792/484/1804 2791/485/1804
f 2758/27/1805 2757/9/1805 2790/9/1805 2787/27/1805
f 2761/13/1806 2753/31/1806 2786/486/1806 2792/484/1806
f 2755/12/1807 2762/36/1807 2791/485/1807 2789/12/1807
f 2757/9/1808 2755/12/1808 2789/12/1808 2790/9/1808
f 2760/25/1809 2759/5/1809 2784/487/1809 2788/25/1809
f 2756/8/1810 2758/27/1810 2787/27/1810 2783/488/1810
f 2753/31/1811 2754/1/1811 2785/1/1811 2786/486/1811
f 2759/5/1812 2756/8/1812 2783/488/1812 2784/487/1812
f 2785/1/1813 2788/25/1813 2800/25/1813 2794/1/1813
f 2791/485/1814 2792/484/1814 2802/13/1814 2797/483/1814
f 2787/27/1815 2790/9/1815 2801/482/1815 2795/481/1815
f 2792/484/1816 2786/486/1816 2798/31/1816 2802/13/1816
f 2789/12/1817 2791/485/1817 2797/483/1817 2796/12/1817
f 2790/9/1818 2789/12/1818 2796/12/1818 2801/482/1818
f 2788/25/1819 2784/487/1819 2799/480/1819 2800/25/1819
f 2783/488/1820 2787/27/1820 2795/481/1820 2793/8/1820
f 2786/486/1821 2785/1/1821 2794/1/1821 2798/31/1821
f 2784/487/1822 2783/488/1822 2793/8/1822 2799/480/1822
f 2776/8/1823 2775/27/1823 2803/27/1823 2804/8/1823
f 2780/9/1824 2779/478/1824 2805/478/1824 2806/9/1824
f 2775/27/1825 2780/9/1825 2806/9/1825 2803/27/1825
f 2804/8/1826 2803/27/1826 2807/27/1826 2808/8/1826
f 2806/9/1827 2805/478/1827 2809/478/1827 2810/9/1827
f 2803/27/1828 2806/9/1828 2810/9/1828 2807/27/1828
f 2844/468/1829 2822/10/1829 2816/37/1829 2842/469/1829
f 2845/470/1830 2826/14/1830 2812/30/1830 2839/471/1830
f 2841/472/1831 2818/6/1831 2821/26/1831 2843/473/1831
f 2843/473/1832 2821/26/1832 2822/10/1832 2844/468/1832
f 2839/471/1833 2812/30/1833 2814/2/1833 2840/198/1833
f 2842/469/1834 2816/37/1834 2826/14/1834 2845/470/1834
f 2840/198/1835 2814/2/1835 2824/38/1835 2846/474/1835
f 2846/474/1836 2824/38/1836 2818/6/1836 2841/472/1836
f 2812/30/1837 2826/14/1837 2693/464/1837 2692/463/1837
f 2821/26/1838 2818/6/1838 2828/6/1838 2829/26/1838
f 2816/37/1839 2822/10/1839 2643/10/1839 2704/467/1839
f 2814/2/1840 2812/30/1840 2692/463/1840 2827/2/1840
f 2822/10/1841 2821/26/1841 2829/26/1841 2643/10/1841
f 2824/38/1842 2814/2/1842 2827/2/1842 2830/38/1842
f 2818/6/1843 2824/38/1843 2830/38/1843 2828/6/1843
f 2826/14/1844 2816/37/1844 2704/467/1844 2693/464/1844
f 2825/13/1845 2811/31/1845 2831/31/1845 2838/13/1845
f 2823/25/1846 2817/5/1846 2834/5/1846 2837/25/1846
f 2815/36/1847 2825/13/1847 2838/13/1847 2833/36/1847
f 2819/9/1848 2815/36/1848 2833/36/1848 2835/9/1848
f 2811/31/1849 2813/1/1849 2832/1/1849 2831/31/1849
f 2820/27/1850 2819/9/1850 2835/9/1850 2836/27/1850
f 2817/5/1851 2820/27/1851 2836/27/1851 2834/5/1851
f 2813/1/1852 2823/25/1852 2837/25/1852 2832/1/1852
f 2823/25/1853 2846/474/1853 2841/472/1853 2817/5/1853
f 2813/1/1854 2840/198/1854 2846/474/1854 2823/25/1854
f 2815/36/1855 2842/469/1855 2845/470/1855 2825/13/1855
f 2811/31/1856 2839/471/1856 2840/198/1856 2813/1/1856
f 2820/27/1857 2843/473/1857 2844/468/1857 2819/9/1857
f 2817/5/1858 2841/472/1858 2843/473/1858 2820/27/1858
f 2825/13/1859 2845/470/1859 2839/471/1859 2811/31/1859
f 2819/9/1860 2844/468/1860 2842/469/1860 2815/36/1860
f 2834/5/1861 2836/27/1861 2850/27/1861 2848/8/1861
f 2835/9/1862 2833/36/1862 2847/12/1862 2849/9/1862
f 2836/27/1863 2835/9/1863 2849/9/1863 2850/27/1863
f 2872/31/1864 2871/475/1864 2852/1/1864 2851/31/1864
f 2874/8/1865 2873/27/1865 2856/27/1865 2854/8/1865
f 2876/476/1866 2875/477/1866 2857/5/1866 2858/25/1866
f 2878/9/1867 2877/478/1867 2853/12/1867 2855/9/1867
f 2877/478/1868 2879/36/1868 2860/36/1868 2853/12/1868
f 2880/479/1869 2872/31/1869 2851/31/1869 2859/13/1869
f 2873/27/1870 2878/9/1870 2855/9/1870 2856/27/1870
f 2879/36/1871 2880/479/1871 2859/13/1871 2860/36/1871
f 2871/475/1872 2876/476/1872 2858/25/1872 2852/1/1872
f 2875/477/1873 2874/8/1873 2854/8/1873 2857/5/1873
f 2897/480/1874 2891/8/1874 2864/8/1874 2867/5/1874
f 2896/31/1875 2892/1/1875 2862/1/1875 2861/31/1875
f 2891/8/1876 2893/481/1876 2866/27/1876 2864/8/1876
f 2898/25/1877 2897/480/1877 2867/5/1877 2868/25/1877
f 2899/482/1878 2894/12/1878 2863/12/1878 2865/9/1878
f 2894/12/1879 2895/483/1879 2870/36/1879 2863/12/1879
f 2900/13/1880 2896/31/1880 2861/31/1880 2869/13/1880
f 2893/481/1881 2899/482/1881 2865/9/1881 2866/27/1881
f 2895/483/1882 2900/13/1882 2869/13/1882 2870/36/1882
f 2892/1/1883 2898/25/1883 2868/25/1883 2862/1/1883
f 2834/5/1884 2848/8/1884 2874/8/1884 2875/477/1884
f 2832/1/1885 2837/25/1885 2876/476/1885 2871/475/1885
f 2833/36/1886 2838/13/1886 2880/479/1886 2879/36/1886
f 2850/27/1887 2849/9/1887 2878/9/1887 2873/27/1887
f 2838/13/1888 2831/31/1888 2872/31/1888 2880/479/1888
f 2847/12/1889 2833/36/1889 2879/36/1889 2877/478/1889
f 2849/9/1890 2847/12/1890 2877/478/1890 2878/9/1890
f 2837/25/1891 2834/5/1891 2875/477/1891 2876/476/1891
f 2848/8/1892 2850/27/1892 2873/27/1892 2874/8/1892
f 2831/31/1893 2832/1/1893 2871/475/1893 2872/31/1893
f 2830/38/1894 2827/2/1894 2695/197/1894 2703/194/1894
f 2827/2/1895 2692/463/1895 2694/130/1895 2695/197/1895
f 2828/6/1896 2830/38/1896 2703/194/1896 2644/458/1896
f 2829/26/1897 2828/6/1897 2644/458/1897 2642/26/1897
f 2643/10/1898 2909/453/1898 2642/26/1898 2829/26/1898
f 2852/1/1899 2858/25/1899 2886/25/1899 2883/1/1899
f 2860/36/1900 2859/13/1900 2890/484/1900 2889/485/1900
f 2856/27/1901 2855/9/1901 2888/9/1901 2885/27/1901
f 2859/13/1902 2851/31/1902 2884/486/1902 2890/484/1902
f 2853/12/1903 2860/36/1903 2889/485/1903 2887/12/1903
f 2855/9/1904 2853/12/1904 2887/12/1904 2888/9/1904
f 2858/25/1905 2857/5/1905 2882/487/1905 2886/25/1905
f 2854/8/1906 2856/27/1906 2885/27/1906 2881/488/1906
f 2851/31/1907 2852/1/1907 2883/1/1907 2884/486/1907
f 2857/5/1908 2854/8/1908 2881/488/1908 2882/487/1908
f 2883/1/1909 2886/25/1909 2898/25/1909 2892/1/1909
f 2889/485/1910 2890/484/1910 2900/13/1910 2895/483/1910
f 2885/27/1911 2888/9/1911 2899/482/1911 2893/481/1911
f 2890/484/1912 2884/486/1912 2896/31/1912 2900/13/1912
f 2887/12/1913 2889/485/1913 2895/483/1913 2894/12/1913
f 2888/9/1914 2887/12/1914 2894/12/1914 2899/482/1914
f 2886/25/1915 2882/487/1915 2897/480/1915 2898/25/1915
f 2881/488/1916 2885/27/1916 2893/481/1916 2891/8/1916
f 2884/486/1917 2883/1/1917 2892/1/1917 2896/31/1917
f 2882/487/1918 2881/488/1918 2891/8/1918 2897/480/1918
f 2874/8/1919 2873/27/1919 2901/27/1919 2902/8/1919
f 2878/9/1920 2877/478/1920 2903/478/1920 2904/9/1920
f 2873/27/1921 2878/9/1921 2904/9/1921 2901/27/1921
f 2902/8/1922 2901/27/1922 2905/27/1922 2906/8/1922
f 2904/9/1923 2903/478/1923 2907/478/1923 2908/9/1923
f 2901/27/1924 2904/9/1924 2908/9/1924 2905/27/1924
f 2638/10/1925 2731/26/1925 2637/26/1925 2910/453/1925
f 2638/10/1926 2910/453/1926 2637/26/1926 2639/129/1926
f 2643/10/1927 2909/453/1927 2642/26/1927 2639/129/1927
f 982/109/1928 991/107/1928 2922/107/1928 2913/109/1928
f 990/112/1929 980/119/1929 2912/119/1929 2921/112/1929
f 980/117/1930 987/116/1930 2918/116/1930 2912/117/1930
f 989/111/1931 990/112/1931 2921/112/1931 2920/111/1931
f 986/118/1932 984/113/1932 2915/113/1932 2917/118/1932
f 985/114/1933 986/118/1933 2917/118/1933 2916/114/1933
f 984/113/1934 989/111/1934 2920/111/1934 2915/113/1934
f 992/108/1935 983/115/1935 2914/115/1935 2923/108/1935
f 991/107/1936 992/108/1936 2923/108/1936 2922/107/1936
f 983/115/1937 985/114/1937 2916/114/1937 2914/115/1937
f 987/116/1938 988/110/1938 2919/110/1938 2918/116/1938
f 988/110/1939 982/109/1939 2913/109/1939 2919/110/1939
f 2916/114/1940 2924/52/1940 2923/108/1940 2914/115/1940
f 2922/107/1941 2923/108/1941 2924/52/1941 2925/52/1941
f 2913/109/1942 2922/107/1942 2925/52/1942 2919/110/1942
f 2918/116/1943 2919/110/1943 2925/52/1943 2927/52/1943
f 2918/116/1944 2927/52/1944 2921/112/1944 2912/119/1944
f 2921/112/1945 2927/52/1945 2926/52/1945 2920/111/1945
f 2920/111/1946 2926/52/1946 2917/118/1946 2915/113/1946
f 2917/118/1947 2926/52/1947 2924/52/1947 2916/114/1947
f 2925/52/18 2924/52/18 2926/52/18 2927/52/18
