# Blender 5.1.1
# www.blender.org
mtllib obsessive ogre together.mtl
o Plane
v 0.143735 8.124525 -0.461888
v 0.101572 7.357218 -0.389962
v 0.130829 8.115950 -0.000000
v 0.098726 7.346243 -0.000000
v -0.067771 8.152843 -0.881254
v -0.130881 7.403738 -0.984033
v 0.148905 8.797898 -0.537530
v 0.154225 8.794546 -0.000000
v -0.085030 8.771502 -0.965367
v 0.208012 9.679855 -0.702962
v 0.208832 9.655523 -0.000000
v -0.074394 9.704691 -1.218694
v 0.043452 10.427517 -0.813440
v 0.118784 10.375582 -0.000000
v -0.265088 10.517576 -1.151404
v -0.222823 10.697396 -0.525225
v -0.032830 10.591450 0.000000
v -0.670635 10.789062 -0.784773
v -0.601278 8.234925 -0.969922
v -0.722083 7.565277 -1.072702
v -0.640277 8.722905 -1.054035
v -0.790097 9.437293 -1.223856
v -0.916775 10.554166 -1.328204
v -0.948220 10.783395 -0.778445
v -1.023089 8.179015 -0.652107
v -1.224843 7.606072 -0.754887
v -1.043610 8.576903 -0.736220
v -1.325861 9.546062 -0.989547
v -1.401056 10.374472 -0.922257
v -1.206148 10.714626 -0.654312
v -1.149628 8.163382 -0.286352
v -1.377630 7.627956 -0.389132
v -1.186921 8.537497 -0.370465
v -1.522788 9.583112 -0.524090
v -1.558825 10.339553 -0.556502
v -1.405513 10.641707 -0.341134
v -1.153486 8.089781 -0.000000
v -1.381751 7.626000 -0.000000
v -1.187284 8.467032 -0.000000
v -1.495234 9.511840 -0.000000
v -1.531250 10.268281 -0.000000
v -1.394611 10.606643 -0.000000
v -0.069468 9.902219 -1.265986
v -0.457768 9.635140 -1.312865
v -0.516941 10.453485 -1.361466
v -0.287385 9.973506 -1.364046
v -1.477959 9.949419 -0.955902
v -1.296471 10.369936 -1.194281
v -1.148815 9.508296 -1.161038
v -1.350189 9.876107 -1.111306
v -1.581826 9.961333 -0.540296
v -1.550383 9.890060 -0.000000
v -0.044258 6.703524 -0.422927
v -0.046341 6.695491 -0.000000
v -0.237295 7.006772 -1.017156
v -0.664018 7.054121 -1.082060
v -1.219247 6.969244 -0.690046
v -1.321379 6.871108 -0.422320
v -1.324396 6.869675 -0.000000
v -0.416671 6.253277 -0.000000
v -0.842689 6.311338 -0.000000
v -0.414276 6.259110 -0.198830
v -0.839983 6.314970 -0.198628
v -1.197530 6.580817 -0.000000
v -1.194668 6.583349 -0.310474
v -0.155796 6.480820 -0.000000
v -0.153558 6.487753 -0.310878
v 0.173020 9.967770 -0.758201
v 0.211096 9.929637 -0.000000
v -0.841668 9.924808 -1.237676
v -0.929612 10.669552 -0.433179
v -0.871573 3.771389 -0.438060
v -1.026273 6.307866 -0.325140
v -0.869557 3.771389 -1.052488
v -1.023902 6.615907 -1.111459
v -0.163536 3.905407 -0.383651
v -0.193866 6.335588 -0.323396
v -0.165552 4.088873 -0.983420
v -0.196237 6.803784 -1.109716
v -0.926789 4.584840 -0.347984
v -0.955765 5.036366 -0.320702
v -0.980134 5.491971 -0.297765
v -1.021528 5.994529 -0.310075
v -1.018909 5.994716 -1.126575
v -0.977598 5.491970 -1.138974
v -0.953367 5.036366 -1.115871
v -0.924557 4.584840 -1.088412
v -0.104455 6.060032 -1.126575
v -0.092156 5.491970 -1.138974
v -0.116386 5.036366 -1.115871
v -0.145196 4.584840 -1.088412
v -0.101836 6.060220 -0.310075
v -0.089620 5.491970 -0.297765
v -0.113989 5.036366 -0.320702
v -0.142964 4.584840 -0.347984
v -0.981785 3.771389 -0.857160
v -0.981785 3.771389 -0.575376
v -1.155844 6.367640 -0.550542
v -1.155844 6.456304 -0.880967
v -0.053323 4.088873 -0.546438
v -0.053323 4.088873 -0.815406
v -0.064295 6.739996 -0.880078
v -0.064295 6.495181 -0.548798
v -0.020955 4.584840 -0.872177
v -0.020955 4.584840 -0.560231
v 0.017040 5.036366 -0.883650
v 0.017040 5.036366 -0.548641
v 0.048996 5.491970 -0.893307
v 0.048996 5.491970 -0.538901
v 0.041322 6.070445 -0.888124
v 0.041322 6.070445 -0.544129
v -1.048799 4.584840 -0.560231
v -1.048799 4.584840 -0.872177
v -1.086794 5.036366 -0.548641
v -1.086794 5.036366 -0.883650
v -1.118750 5.491971 -0.538901
v -1.118750 5.491970 -0.893307
v -1.164686 5.984304 -0.544129
v -1.164686 5.984304 -0.888124
v -0.362811 3.871450 -1.159312
v -0.672298 3.782260 -1.140628
v -0.791994 6.705299 -1.271057
v -0.428145 6.798329 -1.271057
v -0.672298 3.782258 -0.349864
v -0.362811 3.871444 -0.333772
v -0.428145 6.274629 -0.219262
v -0.791994 6.269156 -0.219262
v -0.363569 4.584840 -0.248285
v -0.706184 4.584840 -0.248285
v -0.350904 5.036366 -0.213632
v -0.718849 5.036366 -0.213632
v -0.340253 5.491970 -0.184495
v -0.729501 5.491970 -0.184495
v -0.360681 6.041731 -0.200133
v -0.762684 6.013018 -0.200133
v -0.706184 4.584840 -1.242079
v -0.363569 4.584840 -1.242079
v -0.718849 5.036366 -1.276614
v -0.350904 5.036366 -1.276614
v -0.729501 5.491970 -1.305668
v -0.340253 5.491970 -1.305668
v -0.762684 6.013018 -1.290075
v -0.360681 6.041731 -1.290075
v -0.873609 3.686079 -0.450091
v -0.871593 3.686079 -1.052488
v -0.165572 3.675488 -0.410240
v -0.167588 3.675488 -1.045032
v -0.983822 3.686079 -0.857160
v -0.983821 3.686079 -0.613155
v -0.055360 3.675488 -0.514725
v -0.055360 3.675488 -0.861811
v -0.364847 3.675488 -1.138487
v -0.674334 3.686079 -1.138487
v -0.674334 3.686079 -0.374319
v -0.364847 3.675488 -0.360032
v -0.883152 3.625264 -0.470477
v -0.881136 3.625264 -1.070774
v -0.211184 3.395831 -0.463120
v -0.213182 3.395831 -1.045840
v -0.993364 3.625264 -0.895463
v -0.993364 3.625264 -0.642555
v -0.102017 3.395831 -0.606956
v -0.102017 3.395832 -0.865548
v -0.408570 3.535799 -1.144963
v -0.683877 3.625264 -1.148371
v -0.683877 3.625264 -0.389647
v -0.372920 3.524828 -0.393432
v -0.867550 1.094027 -0.536012
v -0.866084 1.079196 -0.972397
v -0.352434 1.105443 -0.538427
v -0.353887 1.090572 -0.970674
v -0.947716 1.083604 -0.845467
v -0.947716 1.089656 -0.661606
v -0.273028 1.101181 -0.662332
v -0.273028 1.094915 -0.844440
v -0.496008 1.088650 -1.026548
v -0.722602 1.077174 -1.028608
v -0.722602 1.096150 -0.477055
v -0.496008 1.107446 -0.480225
v -0.438121 2.922297 -1.219350
v -0.453856 2.365098 -1.200724
v -0.478576 1.667292 -1.112461
v -0.100098 2.922297 -0.666896
v -0.147303 2.377392 -0.699793
v -0.221463 1.681741 -0.692492
v -0.313024 1.686656 -0.549619
v -0.256470 2.381581 -0.529397
v -0.220472 2.922296 -0.478952
v -0.221463 1.674516 -0.902476
v -0.147303 2.371248 -0.950243
v -0.100098 2.922297 -0.943123
v -1.000430 2.928734 -0.475985
v -0.964088 2.381177 -0.521330
v -0.906992 1.680498 -0.546693
v -0.999430 1.675926 -0.690851
v -1.074300 2.377837 -0.691963
v -1.121956 2.928734 -0.665728
v -0.222675 2.922296 -1.134598
v -0.258467 2.366992 -1.123858
v -0.314699 1.669508 -1.048034
v -0.998207 2.928734 -1.137906
v -0.962072 2.368563 -1.125902
v -0.905301 1.664112 -1.050231
v -0.739856 1.661724 -1.115331
v -0.764813 2.366303 -1.204322
v -0.780698 2.928734 -1.223469
v -0.780698 2.928734 -0.386857
v -0.764813 2.384143 -0.444228
v -0.739856 1.683252 -0.479202
v -0.478576 1.688965 -0.482507
v -0.453856 2.383560 -0.449377
v -0.438121 2.922297 -0.390669
v -1.121956 2.928734 -0.944598
v -1.074300 2.373065 -0.948652
v -0.999430 1.669273 -0.903128
v -0.906992 0.745350 -0.470687
v -0.905301 0.726950 -1.014498
v -0.313024 0.758565 -0.473435
v -0.314699 0.740033 -1.012094
v -0.999430 0.732377 -0.856203
v -0.999430 0.739988 -0.627068
v -0.221463 0.753253 -0.627844
v -0.221463 0.745445 -0.854783
v -0.478576 0.737637 -1.081723
v -0.739856 0.724397 -1.084326
v -0.739856 0.748045 -0.396991
v -0.478576 0.761061 -0.400904
v -0.906992 0.536672 -0.494809
v -0.905301 0.520154 -0.974936
v -0.313024 0.551719 -0.497772
v -0.314699 0.535356 -0.973347
v -0.999430 0.609335 -0.838209
v -0.999430 0.616172 -0.635908
v -0.221463 0.611210 -0.636306
v -0.221463 0.604316 -0.836668
v -0.478576 0.450138 -1.031963
v -0.739856 0.436911 -1.034209
v -0.739856 0.457556 -0.428111
v -0.478576 0.470819 -0.430877
v -1.146414 0.014169 -0.550514
v -1.119264 0.171128 -0.564869
v -1.146414 0.014169 -0.895502
v -1.119264 0.171128 -0.895502
v 1.184908 -0.004933 -0.509160
v 1.145514 0.093750 -0.532162
v 1.072674 -0.004933 -1.113807
v 0.985045 0.093750 -1.113807
v 0.720777 -0.004933 -1.254684
v 0.311280 -0.027593 -1.205682
v -0.274128 -0.004933 -1.177441
v -0.784444 -0.004933 -1.087573
v -0.824604 0.462928 -1.021013
v -0.274128 0.462927 -1.085747
v 0.311280 0.271816 -1.153727
v 0.720777 0.176883 -1.202729
v -0.784444 -0.004933 -0.372301
v -0.274128 0.086274 -0.372301
v 0.187683 0.040136 -0.394870
v 0.646768 -0.004933 -0.301079
v 0.770196 0.159428 -0.389637
v 0.215061 0.271816 -0.394870
v -0.274128 0.462927 -0.443901
v -0.784444 0.462927 -0.443901
v -1.175378 0.014169 -0.769476
v -1.175378 0.014169 -0.643450
v -1.119264 0.239276 -0.643450
v -1.119264 0.239277 -0.769476
v 1.253127 -0.004933 -0.636863
v 1.243172 -0.004933 -0.827202
v 1.205875 0.093750 -0.827202
v 1.215829 0.093750 -0.636863
v 0.789253 0.293253 -0.938967
v 0.779725 0.293253 -0.623250
v 0.311280 0.402165 -0.935411
v 0.311280 0.402165 -0.665141
v -0.234644 0.698751 -0.909061
v -0.234644 0.698751 -0.640681
v -0.973871 0.698751 -0.849149
v -0.973871 0.698751 -0.610725
v -0.784444 -0.004933 -0.849149
v -0.784444 -0.004933 -0.610725
v -0.274128 -0.004933 -0.909061
v -0.274128 0.040550 -0.640681
v 0.236188 -0.004933 -0.849454
v 0.236188 0.028986 -0.665141
v 0.792846 -0.004933 -0.870278
v 0.779725 -0.004933 -0.623250
v -0.965429 -0.004933 -1.013504
v -0.965429 0.323172 -0.464824
v -0.985509 0.323172 -0.980224
v -0.965429 -0.004933 -0.429024
v -0.965429 -0.004933 -0.818677
v -0.965429 -0.004933 -0.623851
v -1.012988 0.481972 -0.818677
v -1.012988 0.481972 -0.623851
v -1.146414 0.014168 0.550514
v -1.119264 0.171127 0.564869
v -1.146414 0.014168 0.895502
v -1.119264 0.171127 0.895502
v 1.184909 -0.004933 0.509160
v 1.145515 0.093750 0.532162
v 1.072674 -0.004933 1.113807
v 0.985045 0.093750 1.113807
v 0.720777 -0.004933 1.254684
v 0.311280 -0.027593 1.205682
v -0.274128 -0.004933 1.177441
v -0.784444 -0.004934 1.087573
v -0.824604 0.462927 1.021013
v -0.274128 0.462927 1.085747
v 0.311280 0.271816 1.153727
v 0.720777 0.176883 1.202729
v -0.784444 -0.004934 0.372301
v -0.274128 0.086274 0.372301
v 0.187683 0.040136 0.394870
v 0.646768 -0.004933 0.301079
v 0.770196 0.159428 0.389637
v 0.215061 0.271816 0.394870
v -0.274128 0.462927 0.443901
v -0.784444 0.462927 0.443901
v -1.175377 0.014168 0.769476
v -1.175377 0.014168 0.643450
v -1.119264 0.239276 0.643450
v -1.119264 0.239276 0.769476
v 1.253127 -0.004933 0.636864
v 1.243173 -0.004933 0.827202
v 1.205875 0.093750 0.827202
v 1.215829 0.093750 0.636864
v 0.789254 0.293253 0.938967
v 0.779725 0.293253 0.623251
v 0.311280 0.402164 0.935412
v 0.311280 0.402164 0.665141
v -0.234644 0.698751 0.909061
v -0.234644 0.698751 0.640681
v -0.973871 0.698751 0.849149
v -0.973871 0.698751 0.610725
v -0.784444 -0.004934 0.849149
v -0.784444 -0.004934 0.610725
v -0.274128 -0.004933 0.909061
v -0.274128 0.040549 0.640681
v 0.236188 -0.004933 0.849455
v 0.236188 0.028986 0.665141
v 0.792846 -0.004933 0.870278
v 0.779725 -0.004933 0.623251
v -0.965429 -0.004934 1.013504
v -0.965429 0.323171 0.464824
v -0.985509 0.323171 0.980224
v -0.965429 -0.004934 0.429024
v -0.965429 -0.004934 0.818677
v -0.965429 -0.004934 0.623851
v -1.012988 0.481971 0.818677
v -1.012988 0.481971 0.623851
v -0.871573 3.771389 0.438060
v -1.026273 6.307867 0.325140
v -0.869557 3.771389 1.052488
v -1.023902 6.615908 1.111459
v -0.163536 3.905407 0.383652
v -0.193866 6.335589 0.323396
v -0.165552 4.088873 0.983420
v -0.196237 6.803785 1.109715
v -0.926790 4.584840 0.347984
v -0.955765 5.036366 0.320702
v -0.980134 5.491972 0.297765
v -1.021529 5.994530 0.310075
v -1.018910 5.994717 1.126575
v -0.977598 5.491971 1.138974
v -0.953367 5.036366 1.115871
v -0.924557 4.584840 1.088412
v -0.104455 6.060033 1.126575
v -0.092156 5.491971 1.138974
v -0.116386 5.036366 1.115871
v -0.145196 4.584840 1.088412
v -0.101836 6.060221 0.310075
v -0.089620 5.491971 0.297765
v -0.113989 5.036366 0.320702
v -0.142964 4.584840 0.347984
v -0.981785 3.771389 0.857160
v -0.981785 3.771389 0.575376
v -1.155844 6.367640 0.550542
v -1.155844 6.456305 0.880966
v -0.053324 4.088874 0.546438
v -0.053324 4.088874 0.815407
v -0.064295 6.739997 0.880078
v -0.064295 6.495182 0.548798
v -0.020955 4.584840 0.872177
v -0.020955 4.584840 0.560231
v 0.017040 5.036366 0.883650
v 0.017040 5.036366 0.548641
v 0.048996 5.491971 0.893307
v 0.048996 5.491971 0.538901
v 0.041322 6.070446 0.888124
v 0.041322 6.070446 0.544128
v -1.048799 4.584840 0.560231
v -1.048799 4.584840 0.872177
v -1.086794 5.036366 0.548641
v -1.086794 5.036366 0.883650
v -1.118750 5.491972 0.538901
v -1.118750 5.491971 0.893307
v -1.164687 5.984305 0.544128
v -1.164687 5.984305 0.888124
v -0.362811 3.871451 1.159312
v -0.672298 3.782260 1.140628
v -0.791994 6.705300 1.271057
v -0.428145 6.798330 1.271057
v -0.672298 3.782258 0.349864
v -0.362811 3.871445 0.333772
v -0.428145 6.274630 0.219261
v -0.791994 6.269156 0.219261
v -0.363570 4.584840 0.248285
v -0.706184 4.584840 0.248285
v -0.350904 5.036366 0.213632
v -0.718849 5.036366 0.213632
v -0.340253 5.491971 0.184495
v -0.729501 5.491971 0.184495
v -0.360681 6.041732 0.200133
v -0.762684 6.013019 0.200133
v -0.706184 4.584840 1.242079
v -0.363569 4.584840 1.242079
v -0.718849 5.036366 1.276614
v -0.350904 5.036366 1.276614
v -0.729501 5.491971 1.305668
v -0.340253 5.491971 1.305668
v -0.762684 6.013019 1.290075
v -0.360681 6.041732 1.290075
v -0.873610 3.686079 0.450091
v -0.871593 3.686079 1.052488
v -0.165572 3.675488 0.410241
v -0.167588 3.675488 1.045033
v -0.983821 3.686079 0.857160
v -0.983822 3.686079 0.613155
v -0.055360 3.675488 0.514725
v -0.055360 3.675488 0.861811
v -0.364847 3.675488 1.138488
v -0.674334 3.686079 1.138488
v -0.674334 3.686079 0.374320
v -0.364847 3.675488 0.360032
v -0.883152 3.625263 0.470477
v -0.881136 3.625263 1.070774
v -0.211184 3.395830 0.463120
v -0.213182 3.395830 1.045841
v -0.993364 3.625263 0.895463
v -0.993364 3.625263 0.642555
v -0.102017 3.395831 0.606956
v -0.102017 3.395831 0.865549
v -0.408570 3.535798 1.144963
v -0.683877 3.625264 1.148371
v -0.683877 3.625263 0.389647
v -0.372920 3.524828 0.393432
v -0.867550 1.094026 0.536012
v -0.866084 1.079195 0.972398
v -0.352434 1.105442 0.538427
v -0.353887 1.090571 0.970674
v -0.947716 1.083603 0.845467
v -0.947716 1.089655 0.661606
v -0.273028 1.101179 0.662333
v -0.273028 1.094914 0.844440
v -0.496008 1.088649 1.026549
v -0.722602 1.077173 1.028608
v -0.722602 1.096149 0.477055
v -0.496008 1.107445 0.480225
v -0.438121 2.922297 1.219350
v -0.453856 2.365098 1.200725
v -0.478576 1.667291 1.112461
v -0.100098 2.922297 0.666896
v -0.147303 2.377391 0.699794
v -0.221463 1.681740 0.692492
v -0.313024 1.686655 0.549619
v -0.256470 2.381581 0.529397
v -0.220472 2.922296 0.478952
v -0.221463 1.674515 0.902476
v -0.147303 2.371247 0.950243
v -0.100098 2.922297 0.943123
v -1.000430 2.928734 0.475985
v -0.964088 2.381176 0.521330
v -0.906992 1.680497 0.546693
v -0.999430 1.675925 0.690851
v -1.074300 2.377837 0.691964
v -1.121956 2.928734 0.665728
v -0.222675 2.922296 1.134598
v -0.258467 2.366991 1.123859
v -0.314699 1.669507 1.048034
v -0.998207 2.928734 1.137907
v -0.962072 2.368563 1.125903
v -0.905301 1.664111 1.050232
v -0.739856 1.661723 1.115331
v -0.764813 2.366303 1.204323
v -0.780698 2.928734 1.223469
v -0.780698 2.928734 0.386857
v -0.764813 2.384142 0.444229
v -0.739856 1.683251 0.479202
v -0.478576 1.688964 0.482507
v -0.453856 2.383560 0.449377
v -0.438121 2.922297 0.390669
v -1.121956 2.928734 0.944599
v -1.074300 2.373064 0.948652
v -0.999430 1.669272 0.903128
v -0.906992 0.745349 0.470687
v -0.905301 0.726949 1.014498
v -0.313024 0.758565 0.473435
v -0.314699 0.740032 1.012094
v -0.999430 0.732376 0.856203
v -0.999430 0.739987 0.627068
v -0.221463 0.753252 0.627844
v -0.221463 0.745445 0.854783
v -0.478576 0.737636 1.081723
v -0.739856 0.724396 1.084326
v -0.739856 0.748044 0.396991
v -0.478576 0.761060 0.400904
v -0.906992 0.536672 0.494809
v -0.905301 0.520153 0.974936
v -0.313024 0.551718 0.497772
v -0.314699 0.535356 0.973348
v -0.999430 0.609334 0.838209
v -0.999430 0.616171 0.635908
v -0.221463 0.611210 0.636306
v -0.221463 0.604316 0.836668
v -0.478576 0.450138 1.031963
v -0.739856 0.436910 1.034209
v -0.739856 0.457555 0.428111
v -0.478576 0.470818 0.430877
v -0.644529 14.235887 -2.872346
v -0.644529 14.852139 -3.174726
v -0.644529 14.235887 -3.459399
v -0.644529 14.877286 -3.313157
v -0.549728 14.235887 -2.872346
v -0.549728 14.852139 -3.174726
v -0.549728 14.235887 -3.459399
v -0.549728 14.877286 -3.313157
v -0.644529 14.348162 -3.051475
v -0.644529 14.535071 -3.197701
v -0.644529 14.683329 -3.219839
v -0.644529 14.708477 -3.358269
v -0.644529 14.506970 -3.335294
v -0.644529 14.348163 -3.280368
v -0.549728 14.708477 -3.358269
v -0.549728 14.506970 -3.335294
v -0.549728 14.348163 -3.280368
v -0.549728 14.683329 -3.219839
v -0.549728 14.535071 -3.197701
v -0.549728 14.348163 -3.051475
v -0.644529 14.213572 -2.872346
v -0.644529 14.213572 -3.459399
v -0.549728 14.213572 -2.872346
v -0.549728 14.213572 -3.459399
v -0.644529 14.235887 -3.165921
v -0.644529 14.901426 -3.237112
v -0.549728 14.235887 -3.165921
v -0.549728 14.901426 -3.237112
v -0.549728 14.348163 -3.165922
v -0.549728 14.521022 -3.266498
v -0.549728 14.695903 -3.289054
v -0.644529 14.348163 -3.165922
v -0.644529 14.521022 -3.266498
v -0.644529 14.695903 -3.289054
v -0.644529 14.213572 -3.165921
v -0.549728 14.213572 -3.165921
v -0.446626 14.235887 -2.872118
v -0.446626 14.852139 -3.174400
v -0.446626 14.235887 -3.459171
v -0.446626 14.877286 -3.312830
v -0.351824 14.235887 -2.872118
v -0.351824 14.852139 -3.174400
v -0.351824 14.235887 -3.459171
v -0.351824 14.877286 -3.312830
v -0.446626 14.348162 -3.051149
v -0.446626 14.535071 -3.197376
v -0.446626 14.683329 -3.219513
v -0.446626 14.708477 -3.357944
v -0.446626 14.506970 -3.334968
v -0.446626 14.348163 -3.280042
v -0.351824 14.708477 -3.357944
v -0.351824 14.506970 -3.334968
v -0.351824 14.348163 -3.280042
v -0.351824 14.683329 -3.219513
v -0.351824 14.535071 -3.197376
v -0.351824 14.348163 -3.051149
v -0.446626 14.213572 -2.872118
v -0.446626 14.213572 -3.459171
v -0.351824 14.213572 -2.872118
v -0.351824 14.213572 -3.459171
v -0.446626 14.235887 -3.165596
v -0.446626 14.901426 -3.236786
v -0.351824 14.235887 -3.165596
v -0.351824 14.901426 -3.236786
v -0.351824 14.348163 -3.165596
v -0.351824 14.521022 -3.266171
v -0.351824 14.695903 -3.288728
v -0.446626 14.348163 -3.165596
v -0.446626 14.521022 -3.266171
v -0.446626 14.695903 -3.288728
v -0.446626 14.213572 -3.165596
v -0.351824 14.213572 -3.165596
v -1.093590 13.466738 -5.293079
v -1.093590 14.376761 -5.293079
v -1.093590 13.466736 -7.040823
v -1.133968 14.263077 -7.757021
v -0.183566 13.466738 -5.293079
v -0.183565 14.376761 -5.293078
v -0.183566 13.466736 -7.040823
v -0.138336 14.263077 -7.757021
v -1.228762 13.921749 -5.293079
v -1.228763 13.921748 -7.156740
v -0.048394 13.921748 -7.156740
v -0.048393 13.921750 -5.293079
v -0.638578 13.800637 -7.040823
v -0.640933 14.311233 -7.757021
v -0.638578 13.800638 -5.293079
v -0.638577 14.532913 -5.293078
v -0.638578 13.921749 -5.293079
v -0.638578 13.921748 -7.156740
v -1.093590 13.466736 -6.827455
v -1.093590 14.376760 -7.531463
v -0.183566 13.466736 -6.827455
v -0.183566 14.376760 -7.531463
v -0.048394 13.921748 -6.930375
v -1.228763 13.921748 -6.930376
v -0.641216 14.532023 -7.335722
v -0.638578 13.800637 -6.827455
v -1.037864 14.674656 -7.806693
v -1.145030 14.265984 -8.194299
v -1.037863 14.603288 -8.621552
v -0.227019 14.671741 -7.726860
v -0.119121 14.270235 -8.165354
v -0.227019 14.603286 -8.621552
v -1.145762 14.333803 -8.397817
v -0.119121 14.333802 -8.397817
v -1.145030 14.252305 -7.946779
v -1.037864 14.675067 -8.093360
v -0.119121 14.256557 -7.917833
v -0.227019 14.678168 -8.178354
v -0.119121 14.393478 -8.007288
v -1.145763 14.393478 -8.007288
v -0.641216 14.451942 -8.286302
v -0.641216 14.693162 -8.712714
v -0.641216 14.781610 -7.628587
v -0.641216 14.469083 -8.599400
v -0.641216 14.792025 -8.151060
v -0.641216 14.412310 -8.036734
v -0.641226 14.570437 -9.021275
v -0.383145 14.527192 -8.927517
v -0.888372 14.527194 -8.927517
v -0.955602 14.385231 -8.760443
v -0.315915 14.385230 -8.760444
v -0.641226 14.467158 -8.843809
v -1.093590 13.466740 -9.862055
v -1.093589 14.376762 -9.176523
v -1.093589 13.466740 -11.110962
v -1.093590 14.376762 -11.110962
v -0.183565 13.466740 -9.862055
v -0.183565 14.376762 -9.176523
v -0.183565 13.466740 -11.110962
v -0.183565 14.376762 -11.110962
v -1.228762 13.921752 -9.176523
v -1.228762 13.921752 -11.110962
v -0.048393 13.921752 -11.110962
v -0.048393 13.921752 -9.176523
v -0.638577 13.310588 -11.110962
v -0.638577 14.532914 -11.110962
v -0.638577 13.310588 -9.862055
v -0.638578 14.532914 -9.176523
v -0.638577 13.921752 -9.176523
v -1.461945 13.921752 -11.460178
v -1.461945 13.921752 -11.122380
v -1.273366 13.286963 -11.122380
v -0.638577 13.069116 -11.122380
v -0.638578 14.774386 -11.122380
v -0.003789 14.556540 -11.122380
v 0.184790 13.921752 -11.122380
v -0.003789 13.286963 -11.122380
v -1.273366 14.556540 -11.122380
v -1.273366 13.286963 -11.460178
v -0.638577 13.069115 -11.460178
v -0.638577 14.774386 -11.460177
v -0.003789 14.556540 -11.460178
v 0.184790 13.921752 -11.460178
v -0.003789 13.286963 -11.460178
v -1.273366 14.556540 -11.460177
v -0.638577 13.921752 -11.460178
v -0.048393 13.921752 -9.775075
v -1.228762 13.921752 -9.775075
v -0.638577 13.921752 -9.775075
v -1.290264 13.549142 -4.243593
v -1.160339 14.683187 -4.314081
v -1.290264 13.662953 -4.980066
v -1.160339 14.669253 -5.540094
v -0.045595 13.549142 -4.243593
v -0.177296 14.664808 -4.195135
v -0.046483 13.666868 -4.936311
v -0.177296 14.669253 -5.540094
v -1.291152 14.050988 -4.122890
v -1.291151 14.096817 -5.276161
v -0.046483 14.096817 -5.276161
v -0.046483 14.050989 -4.122890
v -1.290264 13.606047 -4.611829
v -1.160339 14.729158 -4.742380
v -0.046483 13.609963 -4.568074
v -0.177296 14.748727 -4.869015
v -0.046483 14.154272 -4.814714
v -1.291152 14.154272 -4.814714
v -0.472011 13.549763 -4.954408
v -0.886900 13.549763 -4.954408
v -0.886900 14.862767 -5.665704
v -0.472011 14.862767 -5.665704
v -0.886900 13.524906 -4.094245
v -0.472011 13.524906 -4.094245
v -0.472011 14.868348 -4.035322
v -0.886900 14.868348 -4.035322
v -0.472011 13.996536 -3.770539
v -0.886900 13.996536 -3.770539
v -0.886900 14.119081 -5.420221
v -0.472011 14.119081 -5.420221
v -0.886900 14.971393 -4.814787
v -0.472011 14.971393 -4.814787
v -0.472011 13.492858 -4.586171
v -0.886900 13.492858 -4.586171
v -0.550212 14.666720 -6.038638
v -0.366579 14.565751 -5.903647
v -0.979100 14.565751 -5.903647
v -1.060608 14.256446 -5.670757
v -0.285071 14.256446 -5.670757
v -0.550212 14.255816 -5.785655
v -0.808724 14.666720 -6.038638
v -0.808724 14.255816 -5.785655
v -0.517956 13.765552 -14.780479
v -0.507024 14.065994 -14.778255
v -0.217410 13.754528 -14.785110
v -0.206478 14.054971 -14.782881
v -0.355068 14.106737 -14.780230
v -0.369365 13.713783 -14.783136
v -0.561855 13.917583 -14.778611
v -0.162579 13.902939 -14.784754
v -0.362217 13.910263 -14.781681
v -0.622970 13.672179 -11.586126
v -0.605720 14.146790 -11.580236
v -0.131701 14.129394 -11.584496
v -0.148951 13.654785 -11.590388
v -0.388617 13.590411 -11.589163
v -0.366055 14.211162 -11.581459
v -0.062470 13.889232 -11.588144
v -0.692203 13.912343 -11.582479
v -0.605274 14.144094 -13.790337
v -0.131256 14.126696 -13.794601
v -0.148505 13.652088 -13.800489
v -0.388170 13.587716 -13.799267
v -0.365608 14.208467 -13.791562
v -0.062021 13.886536 -13.798243
v -0.691756 13.909646 -13.792582
v -0.622524 13.669485 -13.796228
v -0.518759 13.772206 -11.580021
v -0.509807 14.018237 -11.578196
v -0.263690 14.009212 -11.581980
v -0.272642 13.763183 -11.583807
v -0.397079 13.729815 -11.582194
v -0.385372 14.051601 -11.579808
v -0.227742 13.884714 -11.583517
v -0.554709 13.896705 -11.578485
v -0.481728 14.035592 -13.797254
v -0.235612 14.026567 -13.801044
v -0.244563 13.780536 -13.802862
v -0.368999 13.747170 -13.801245
v -0.357291 14.068960 -13.798866
v -0.199661 13.902069 -13.802570
v -0.526628 13.914062 -13.797539
v -0.490679 13.789562 -13.799074
v -0.518760 13.772204 -11.221343
v -0.509808 14.018235 -11.219517
v -0.263691 14.009210 -11.223302
v -0.272643 13.763181 -11.225128
v -0.397080 13.729814 -11.223519
v -0.385373 14.051600 -11.221130
v -0.227743 13.884712 -11.224840
v -0.554710 13.896703 -11.219808
v -1.168020 13.822255 -14.803839
v -1.161693 13.996152 -14.802552
v -0.994064 13.815877 -14.806520
v -0.987737 13.989772 -14.805229
v -1.073741 14.019735 -14.803696
v -1.082016 13.792293 -14.805378
v -1.193429 13.910252 -14.802759
v -0.962328 13.901776 -14.806314
v -1.077878 13.906014 -14.804534
v -1.212372 13.783212 -12.121045
v -1.203475 14.028010 -12.118007
v -0.958983 14.019037 -12.120204
v -0.967881 13.774240 -12.123242
v -1.091497 13.741038 -12.122611
v -1.079859 14.061211 -12.118638
v -0.923275 13.895165 -12.122087
v -1.248082 13.907084 -12.119164
v -1.203245 14.026619 -13.257944
v -0.958753 14.017644 -13.260145
v -0.967650 13.772851 -13.263183
v -1.091266 13.739647 -13.262552
v -1.079629 14.059823 -13.258577
v -0.923043 13.893774 -13.262024
v -1.247851 13.905695 -13.259103
v -1.212143 13.781824 -13.260986
v -1.158622 13.834805 -12.117896
v -1.131675 13.941399 -12.389199
v -1.045465 13.938237 -12.390524
v -1.031678 13.830150 -12.119848
v -1.092189 13.840369 -12.390599
v -1.088088 13.953086 -12.389765
v -1.032873 13.894628 -12.391063
v -1.147404 13.898827 -12.389301
v -1.139522 13.970654 -13.261513
v -1.012579 13.966002 -13.263467
v -1.017196 13.839101 -13.264406
v -1.081378 13.821892 -13.263571
v -1.075339 13.987866 -13.262344
v -0.994036 13.901786 -13.264255
v -1.162681 13.907970 -13.261660
v -1.144139 13.843757 -13.262451
v -1.158622 13.834806 -11.223014
v -1.154005 13.961704 -11.222072
v -1.027061 13.957050 -11.224025
v -1.031679 13.830151 -11.224967
v -1.095861 13.812943 -11.224135
v -1.089823 13.978915 -11.222906
v -1.008520 13.892835 -11.224817
v -1.177165 13.899019 -11.222222
v -0.507183 14.065617 -14.615966
v -0.206637 14.054593 -14.620593
v -0.217569 13.754150 -14.622821
v -0.369524 13.713406 -14.620847
v -0.355228 14.106360 -14.617941
v -0.162738 13.902561 -14.622464
v -0.562014 13.917206 -14.616321
v -0.518115 13.765173 -14.618190
v -1.161752 13.996010 -14.618207
v -0.987796 13.989632 -14.620884
v -0.994124 13.815738 -14.622175
v -1.082075 13.792153 -14.621032
v -1.073800 14.019594 -14.619350
v -0.962388 13.901637 -14.621968
v -1.193488 13.910111 -14.618412
v -1.168079 13.822115 -14.619493
v -1.143710 13.844771 -14.598288
v -1.139093 13.971670 -14.597349
v -1.012149 13.967015 -14.599302
v -1.016766 13.840116 -14.600245
v -1.080948 13.822906 -14.599410
v -1.074910 13.988881 -14.598183
v -0.993607 13.902801 -14.600095
v -1.162252 13.908985 -14.597499
v -0.489896 13.791414 -14.601011
v -0.480944 14.037448 -14.599190
v -0.234827 14.028420 -14.602980
v -0.243779 13.782388 -14.604803
v -0.368215 13.749022 -14.603187
v -0.356508 14.070813 -14.600807
v -0.198878 13.903921 -14.604512
v -0.525845 13.915914 -14.599482
v -0.944792 13.289540 -5.581873
v -0.944792 13.884104 -5.581873
v -0.944792 13.289540 -7.455290
v -0.944792 13.884104 -7.455290
v -0.350227 13.289540 -5.581873
v -0.350227 13.884104 -5.581873
v -0.350227 13.289540 -7.455290
v -0.350227 13.884104 -7.455290
v -1.034998 13.586822 -5.581873
v -1.034999 13.586822 -7.455290
v -0.260020 13.586822 -7.455290
v -0.260020 13.586822 -5.581873
v -0.647509 13.168419 -7.455290
v -0.647509 14.005225 -7.455290
v -0.647509 13.168419 -5.581873
v -0.647509 14.005225 -5.581873
v -0.647509 13.586822 -5.447795
v -0.647509 13.586822 -7.668256
v -0.274542 13.544803 -6.860268
v -0.274542 13.760095 -6.860268
v -0.274541 13.544804 -8.900273
v -0.274542 13.760096 -8.900273
v -0.203198 13.544803 -6.860268
v -0.203198 13.760095 -6.860268
v -0.203198 13.544804 -8.900273
v -0.203198 13.760096 -8.900273
v -0.276401 13.616016 -6.807124
v -0.276401 13.688881 -6.807124
v -0.276400 13.688882 -8.953418
v -0.276400 13.616017 -8.953418
v -0.201339 13.688882 -8.953418
v -0.201339 13.616017 -8.953418
v -0.201340 13.688881 -6.807125
v -0.201340 13.616016 -6.807125
v -1.078407 13.544804 -6.860268
v -1.078407 13.760096 -6.860268
v -1.078407 13.544805 -8.900273
v -1.078407 13.760097 -8.900273
v -1.007064 13.544804 -6.860268
v -1.007064 13.760096 -6.860268
v -1.007063 13.544805 -8.900273
v -1.007063 13.760097 -8.900273
v -1.080266 13.616017 -6.807124
v -1.080266 13.688882 -6.807124
v -1.080265 13.688883 -8.953418
v -1.080265 13.616018 -8.953418
v -1.005204 13.688883 -8.953418
v -1.005202 13.616018 -8.953418
v -1.005205 13.688882 -6.807124
v -1.005202 13.616017 -6.807124
v -1.040874 13.544806 -8.640225
v -1.040874 13.760098 -8.640225
v -1.040874 13.544806 -10.680232
v -1.040874 13.760098 -10.680232
v -0.969530 13.544806 -8.640225
v -0.969530 13.760098 -8.640225
v -0.969530 13.544806 -10.680232
v -0.969530 13.760098 -10.680232
v -1.042732 13.616020 -8.587082
v -1.042732 13.688885 -8.587082
v -1.042732 13.688885 -10.733377
v -1.042732 13.616020 -10.733377
v -0.967671 13.688885 -10.733377
v -0.967671 13.616020 -10.733377
v -0.967671 13.688885 -8.587082
v -0.967671 13.616020 -8.587082
v -0.312072 13.544806 -8.640225
v -0.312072 13.760098 -8.640225
v -0.312072 13.544806 -10.680232
v -0.312072 13.760098 -10.680232
v -0.240728 13.544806 -8.640225
v -0.240728 13.760098 -8.640225
v -0.240728 13.544806 -10.680232
v -0.240728 13.760098 -10.680232
v -0.313930 13.616020 -8.587082
v -0.313930 13.688885 -8.587082
v -0.313930 13.688885 -10.733377
v -0.313930 13.616020 -10.733377
v -0.238869 13.688885 -10.733377
v -0.238869 13.616020 -10.733377
v -0.238869 13.688885 -8.587082
v -0.238869 13.616020 -8.587082
v -0.659090 13.097112 -9.060217
v -0.659913 13.116390 -9.060217
v -0.658554 13.110237 -10.192132
v -0.650087 13.135948 -10.166355
v -0.622769 13.104192 -10.197858
v -0.614302 13.129904 -10.172078
v -0.642137 13.102733 -10.199487
v -0.630719 13.137408 -10.164724
v -0.659454 13.123959 -10.178423
v -0.613402 13.116179 -10.185790
v -0.657018 13.337634 -10.203772
v -0.658708 13.139737 -10.203734
v -0.650437 13.139674 -10.167282
v -0.648748 13.337570 -10.167319
v -0.622879 13.139431 -10.211864
v -0.621190 13.337326 -10.211902
v -0.612919 13.337263 -10.175447
v -0.614609 13.139367 -10.175412
v -0.629392 13.337406 -10.165030
v -0.631081 13.139509 -10.164992
v -0.640546 13.337492 -10.214190
v -0.642235 13.139595 -10.214153
v -0.611915 13.337252 -10.194842
v -0.613604 13.139355 -10.194803
v -0.659712 13.139749 -10.184341
v -0.658023 13.337647 -10.184379
v -0.658910 13.100587 -10.179228
v -0.650385 13.133957 -10.164705
v -0.623138 13.092842 -10.182435
v -0.614613 13.126215 -10.167912
v -0.642510 13.090898 -10.183362
v -0.631013 13.135901 -10.163778
v -0.659779 13.118383 -10.171506
v -0.613744 13.108418 -10.175634
v -0.634969 13.337449 -10.189610
v -0.659090 13.046129 -7.139018
v -0.650390 13.082190 -7.139018
v -0.659090 13.097112 -10.162632
v -0.650390 13.133173 -10.162632
v -0.623030 13.037431 -7.139018
v -0.614331 13.073490 -7.139018
v -0.623030 13.088414 -10.162632
v -0.614331 13.124474 -10.162632
v -0.642576 13.086478 -10.162632
v -0.630844 13.135108 -10.162632
v -0.642576 13.035495 -7.139018
v -0.630844 13.084125 -7.139018
v -0.659913 13.065407 -7.139018
v -0.659913 13.116390 -10.162632
v -0.613508 13.105196 -10.162632
v -0.613508 13.054213 -7.139018
v -0.659090 13.097112 -10.143677
v -0.650391 13.133173 -9.060217
v -0.650390 13.133173 -10.143677
v -0.623030 13.088414 -9.060217
v -0.623030 13.088414 -10.143677
v -0.614331 13.124474 -10.143677
v -0.614331 13.124474 -9.060217
v -0.630844 13.135108 -10.143677
v -0.630845 13.135108 -9.060217
v -0.642576 13.086478 -10.143677
v -0.642576 13.086478 -9.060217
v -0.613508 13.105196 -10.143677
v -0.613508 13.105196 -9.060217
v -0.659913 13.116390 -10.143677
v -0.658554 13.059254 -7.109519
v -0.650087 13.084966 -7.135295
v -0.622769 13.053208 -7.103795
v -0.614302 13.078921 -7.129571
v -0.642137 13.051750 -7.102163
v -0.630719 13.086426 -7.136926
v -0.659454 13.072977 -7.123228
v -0.613402 13.065196 -7.115861
v -0.657018 13.286654 -7.097879
v -0.658708 13.088755 -7.097916
v -0.650437 13.088691 -7.134368
v -0.648748 13.286590 -7.134332
v -0.622879 13.088448 -7.089787
v -0.621190 13.286345 -7.089748
v -0.612919 13.286283 -7.126202
v -0.614609 13.088384 -7.126239
v -0.629392 13.286425 -7.136621
v -0.631081 13.088527 -7.136657
v -0.640546 13.286510 -7.087460
v -0.642235 13.088613 -7.087497
v -0.611915 13.286268 -7.106809
v -0.613604 13.088371 -7.106847
v -0.659712 13.088767 -7.117308
v -0.658023 13.286666 -7.117271
v -0.658910 13.049604 -7.122423
v -0.650385 13.082975 -7.136944
v -0.623138 13.041860 -7.119215
v -0.614613 13.075233 -7.133739
v -0.642510 13.039915 -7.118288
v -0.631013 13.084920 -7.137872
v -0.659779 13.067401 -7.130144
v -0.613744 13.057436 -7.126017
v -0.634969 13.286468 -7.112041
v -1.623779 13.621948 -14.747651
v -1.623779 14.175364 -14.747651
v -1.623779 13.621949 -15.182427
v -1.623779 14.175364 -15.182427
v 0.222562 13.621947 -14.747651
v 0.222562 14.175364 -14.747651
v 0.222562 13.621947 -15.182427
v 0.222562 14.175364 -15.182427
v -1.631617 13.827168 -15.775906
v -1.631617 14.113666 -15.775906
v -1.631617 13.827168 -16.106632
v -1.631617 14.164922 -16.106632
v 0.230400 13.827168 -15.775906
v 0.230400 14.113666 -15.775906
v 0.230400 13.827168 -16.106632
v 0.230400 14.164922 -16.106632
v -0.068312 13.879785 -17.654743
v -0.068312 14.025282 -17.671942
v -0.034966 13.822011 -18.293821
v -0.034967 13.901073 -18.305084
v 0.078238 13.879785 -17.654743
v 0.078238 14.025282 -17.671942
v 0.044893 13.822011 -18.293821
v 0.044893 13.901073 -18.305084
v -0.068312 14.000281 -16.075565
v -0.068312 14.146606 -16.083693
v -0.068312 13.947177 -16.975792
v -0.068312 14.093293 -16.986719
v 0.078238 14.000281 -16.075565
v 0.078238 14.146606 -16.083693
v 0.078238 13.947177 -16.975792
v 0.078238 14.093293 -16.986719
v -0.555366 13.868566 -17.706450
v -0.524367 13.799848 -18.398582
v -0.555366 14.014061 -17.723646
v -0.408816 13.868566 -17.706450
v -0.439815 13.799848 -18.398582
v -0.408816 14.014061 -17.723646
v -0.439815 13.883554 -18.410507
v -0.524367 13.883554 -18.410507
v -0.555366 13.994835 -16.078320
v -0.555366 13.941968 -16.976187
v -0.555366 14.141160 -16.086449
v -0.408816 13.994835 -16.078320
v -0.408816 13.941968 -16.976187
v -0.408816 14.141160 -16.086449
v -0.408816 14.088084 -16.987114
v -0.555366 14.088084 -16.987114
v -1.521401 13.913740 -17.541746
v -1.493278 13.865984 -18.065783
v -1.532166 14.037861 -17.556417
v -1.380233 13.903052 -17.540483
v -1.413000 13.859922 -18.064920
v -1.390998 14.027174 -17.555157
v -1.419122 13.930308 -18.074947
v -1.499400 13.936368 -18.075811
v -1.529475 14.005028 -16.071857
v -1.525438 13.959766 -16.974648
v -1.529475 14.151352 -16.079985
v -1.382925 14.005028 -16.071857
v -1.381579 13.954408 -16.974144
v -1.382925 14.151352 -16.079985
v -1.386961 14.089806 -16.984062
v -1.530820 14.095164 -16.984568
v -1.042421 13.946877 -16.979002
v -1.042420 13.882146 -17.635090
v -1.042421 14.092992 -16.989929
v -0.895870 13.946877 -16.979002
v -0.895870 13.882146 -17.635090
v -0.895870 14.092992 -16.989929
v -0.895870 14.027640 -17.652288
v -1.042420 14.027640 -17.652288
v -1.010604 13.826996 -18.248020
v -0.927686 13.826996 -18.248020
v -0.927686 13.909084 -18.259714
v -1.010604 13.909084 -18.259714
v -1.042421 14.000285 -16.075569
v -1.042421 14.146608 -16.083696
v -0.895870 14.000285 -16.075569
v -0.895870 14.146608 -16.083696
v 0.493741 14.038551 -15.704638
v 0.638842 14.038551 -15.684382
v 0.543511 14.005206 -16.337481
v 0.622844 14.005206 -16.328329
v 0.493741 13.892001 -15.704638
v 0.638842 13.892001 -15.684382
v 0.543511 13.925347 -16.337481
v 0.622844 13.925347 -16.328329
v 0.361780 14.072345 -15.197650
v 0.480874 14.072345 -15.112247
v 0.361780 13.925795 -15.197650
v 0.480874 13.925795 -15.112247
v 0.098760 14.033489 -14.960059
v 0.166625 14.033489 -14.830169
v 0.166625 13.886938 -14.830169
v 0.098760 13.886938 -14.960059
v -0.141367 14.188254 -15.975289
v -0.119028 14.251838 -16.030602
v -0.141367 14.170977 -16.115776
v -0.141367 14.240314 -16.124304
v 0.149180 14.188254 -15.975289
v 0.126841 14.251838 -16.030602
v 0.149180 14.170977 -16.115776
v 0.149180 14.240314 -16.124304
v 0.080749 14.121101 -16.310591
v -0.072936 14.121101 -16.310591
v -0.032303 14.275443 -16.222937
v 0.040116 14.275443 -16.222937
v -0.072936 14.267068 -15.905341
v 0.080749 14.267068 -15.905341
v 0.040116 14.304148 -15.989542
v -0.032303 14.304148 -15.989542
v -0.619402 14.188255 -15.975289
v -0.597064 14.251839 -16.030602
v -0.619402 14.170978 -16.115776
v -0.619402 14.240314 -16.124304
v -0.328856 14.188255 -15.975289
v -0.351194 14.251839 -16.030602
v -0.328856 14.170978 -16.115776
v -0.328856 14.240314 -16.124304
v -0.397287 14.121102 -16.310591
v -0.550972 14.121102 -16.310591
v -0.510339 14.275444 -16.222937
v -0.437919 14.275444 -16.222937
v -0.550972 14.267069 -15.905341
v -0.397287 14.267069 -15.905341
v -0.437919 14.304149 -15.989542
v -0.510339 14.304149 -15.989542
v -1.097438 14.188254 -15.975289
v -1.075100 14.251838 -16.030602
v -1.097438 14.170977 -16.115776
v -1.097438 14.240314 -16.124304
v -0.806892 14.188254 -15.975289
v -0.829230 14.251838 -16.030602
v -0.806892 14.170977 -16.115776
v -0.806892 14.240314 -16.124304
v -0.875323 14.121101 -16.310591
v -1.029007 14.121101 -16.310591
v -0.988375 14.275443 -16.222937
v -0.915955 14.275443 -16.222937
v -1.029008 14.267068 -15.905341
v -0.875323 14.267068 -15.905341
v -0.915955 14.304148 -15.989542
v -0.988375 14.304148 -15.989542
v -1.575474 14.188254 -15.975289
v -1.553135 14.251838 -16.030602
v -1.575474 14.170977 -16.115776
v -1.575474 14.240314 -16.124304
v -1.284927 14.188254 -15.975289
v -1.307266 14.251838 -16.030602
v -1.284927 14.170977 -16.115776
v -1.284927 14.240314 -16.124304
v -1.353358 14.121101 -16.310591
v -1.507043 14.121101 -16.310591
v -1.466411 14.275442 -16.222937
v -1.393991 14.275442 -16.222937
v -1.507043 14.267068 -15.905341
v -1.353358 14.267068 -15.905341
v -1.393991 14.304148 -15.989542
v -1.466411 14.304148 -15.989542
v 0.304167 14.160734 -14.995136
v 0.385164 14.138086 -14.972159
v 0.409481 14.147735 -15.088811
v 0.456106 14.151626 -15.036933
v 0.295059 13.871868 -14.965289
v 0.377457 13.893640 -14.946900
v 0.400373 13.858869 -15.058962
v 0.446998 13.862760 -15.007084
v 0.533745 13.907154 -15.217087
v 0.538563 14.059949 -15.232876
v 0.553640 14.037208 -15.052845
v 0.551370 13.965207 -15.045404
v 0.289719 14.103841 -14.884045
v 0.284901 13.951045 -14.868258
v 0.376408 13.986803 -14.889781
v 0.378678 14.058805 -14.897222
v -0.093255 13.976624 -15.187558
v -0.093255 14.078644 -15.187638
v 0.047700 13.976624 -15.187558
v 0.047700 14.078644 -15.187638
v -0.068312 14.157888 -15.974373
v -0.068312 14.245765 -15.977483
v 0.078238 14.143786 -15.974373
v 0.078238 14.245765 -15.977483
v -0.558974 13.976624 -15.187558
v -0.558974 14.078644 -15.187638
v -0.418019 13.976624 -15.187558
v -0.418019 14.078644 -15.187638
v -0.552521 14.157888 -15.974373
v -0.552521 14.245765 -15.977483
v -0.405971 14.143786 -15.974373
v -0.405971 14.245765 -15.977483
v -1.024692 13.976624 -15.187558
v -1.024692 14.078644 -15.187638
v -0.883738 13.976624 -15.187558
v -0.883738 14.078644 -15.187638
v -1.036731 14.157888 -15.974373
v -1.036731 14.245765 -15.977483
v -0.890180 14.143786 -15.974373
v -0.890180 14.245765 -15.977483
v -1.490411 13.976624 -15.187558
v -1.490411 14.078644 -15.187638
v -1.349457 13.976624 -15.187558
v -1.349457 14.078644 -15.187638
v -1.520940 14.157888 -15.974373
v -1.520940 14.245765 -15.977483
v -1.374390 14.143786 -15.974373
v -1.374390 14.245765 -15.977483
v 0.493740 14.038551 15.704638
v 0.638842 14.038551 15.684381
v 0.543510 14.005206 16.337482
v 0.622843 14.005206 16.328331
v 0.493740 13.892001 15.704638
v 0.638842 13.892001 15.684381
v 0.543510 13.925347 16.337482
v 0.622843 13.925347 16.328331
v 0.361779 14.072345 15.197650
v 0.480873 14.072345 15.112247
v 0.361779 13.925795 15.197650
v 0.480874 13.925795 15.112247
v 0.098760 14.033489 14.960059
v 0.166624 14.033489 14.830169
v 0.166624 13.886938 14.830169
v 0.098760 13.886938 14.960059
v -1.042421 13.946877 16.979004
v -1.042421 13.882146 17.635092
v -1.042421 14.092992 16.989931
v -0.895871 13.946877 16.979004
v -0.895871 13.882146 17.635092
v -0.895871 14.092992 16.989931
v -0.895871 14.027640 17.652288
v -1.042421 14.027640 17.652288
v -1.010605 13.826996 18.248024
v -0.927687 13.826996 18.248024
v -0.927687 13.909084 18.259714
v -1.010605 13.909084 18.259714
v -1.042421 14.000285 16.075571
v -1.042421 14.146608 16.083698
v -0.895871 14.000285 16.075571
v -0.895871 14.146608 16.083698
v -1.521402 13.913740 17.541748
v -1.493278 13.865984 18.065784
v -1.532167 14.037861 17.556419
v -1.380234 13.903052 17.540483
v -1.413001 13.859922 18.064920
v -1.390999 14.027174 17.555157
v -1.419122 13.930308 18.074947
v -1.499400 13.936368 18.075811
v -1.529476 14.005028 16.071859
v -1.525439 13.959766 16.974649
v -1.529476 14.151352 16.079987
v -1.382925 14.005028 16.071859
v -1.381580 13.954408 16.974144
v -1.382925 14.151352 16.079987
v -1.386962 14.089806 16.984064
v -1.530821 14.095164 16.984570
v -0.555367 13.868566 17.706450
v -0.524368 13.799848 18.398582
v -0.555367 14.014061 17.723648
v -0.408817 13.868566 17.706450
v -0.439816 13.799848 18.398582
v -0.408817 14.014061 17.723648
v -0.439816 13.883554 18.410513
v -0.524368 13.883554 18.410513
v -0.555367 13.994835 16.078321
v -0.555367 13.941968 16.976189
v -0.555367 14.141159 16.086449
v -0.408817 13.994835 16.078321
v -0.408817 13.941968 16.976189
v -0.408817 14.141159 16.086449
v -0.408817 14.088084 16.987116
v -0.555367 14.088084 16.987116
v -0.068313 13.879785 17.654745
v -0.068313 14.025282 17.671944
v -0.034967 13.822011 18.293823
v -0.034967 13.901073 18.305086
v 0.078238 13.879785 17.654745
v 0.078238 14.025282 17.671944
v 0.044892 13.822011 18.293823
v 0.044892 13.901073 18.305086
v -0.068313 14.000281 16.075565
v -0.068313 14.146606 16.083693
v -0.068313 13.947177 16.975792
v -0.068313 14.093293 16.986719
v 0.078238 14.000281 16.075565
v 0.078238 14.146606 16.083693
v 0.078238 13.947177 16.975792
v 0.078238 14.093293 16.986719
v -0.093254 13.976624 15.187559
v -0.093254 14.078645 15.187639
v 0.047700 13.976624 15.187559
v 0.047700 14.078645 15.187639
v -0.068312 14.157890 15.974375
v -0.068312 14.245766 15.977484
v 0.078239 14.143787 15.974375
v 0.078239 14.245766 15.977484
v -0.558973 13.976624 15.187559
v -0.558973 14.078645 15.187639
v -0.418019 13.976624 15.187559
v -0.418019 14.078645 15.187639
v -0.552521 14.157890 15.974375
v -0.552521 14.245766 15.977484
v -0.405971 14.143787 15.974375
v -0.405971 14.245766 15.977484
v -1.024692 13.976624 15.187559
v -1.024692 14.078645 15.187639
v -0.883738 13.976624 15.187559
v -0.883738 14.078645 15.187639
v -1.036731 14.157890 15.974375
v -1.036731 14.245766 15.977484
v -0.890180 14.143787 15.974375
v -0.890180 14.245766 15.977484
v -1.490411 13.976624 15.187559
v -1.490411 14.078645 15.187639
v -1.349457 13.976624 15.187559
v -1.349457 14.078645 15.187639
v -1.520940 14.157890 15.974375
v -1.520940 14.245766 15.977484
v -1.374389 14.143787 15.974375
v -1.374390 14.245766 15.977484
v -0.141368 14.188252 15.975289
v -0.119029 14.251838 16.030602
v -0.141368 14.170977 16.115778
v -0.141368 14.240314 16.124306
v 0.149179 14.188252 15.975289
v 0.126840 14.251838 16.030602
v 0.149179 14.170977 16.115778
v 0.149179 14.240314 16.124306
v 0.080748 14.121101 16.310593
v -0.072937 14.121101 16.310593
v -0.032304 14.275442 16.222937
v 0.040115 14.275442 16.222937
v -0.072937 14.267068 15.905341
v 0.080748 14.267068 15.905341
v 0.040115 14.304148 15.989542
v -0.032304 14.304148 15.989542
v -0.619403 14.188252 15.975289
v -0.597065 14.251838 16.030602
v -0.619403 14.170977 16.115778
v -0.619403 14.240314 16.124306
v -0.328857 14.188252 15.975289
v -0.351195 14.251838 16.030602
v -0.328857 14.170977 16.115778
v -0.328857 14.240314 16.124306
v -0.397287 14.121101 16.310593
v -0.550973 14.121101 16.310593
v -0.510340 14.275442 16.222937
v -0.437920 14.275442 16.222937
v -0.550973 14.267068 15.905341
v -0.397287 14.267068 15.905341
v -0.437920 14.304148 15.989542
v -0.510340 14.304148 15.989542
v -1.097439 14.188252 15.975289
v -1.075100 14.251838 16.030602
v -1.097439 14.170977 16.115778
v -1.097439 14.240314 16.124306
v -0.806893 14.188252 15.975289
v -0.829231 14.251838 16.030602
v -0.806893 14.170977 16.115778
v -0.806893 14.240314 16.124306
v -0.875323 14.121101 16.310593
v -1.029008 14.121101 16.310593
v -0.988376 14.275442 16.222937
v -0.915956 14.275442 16.222937
v -1.029008 14.267068 15.905341
v -0.875323 14.267068 15.905341
v -0.915956 14.304148 15.989542
v -0.988376 14.304148 15.989542
v -1.575475 14.188252 15.975289
v -1.553136 14.251838 16.030602
v -1.575475 14.170976 16.115778
v -1.575475 14.240313 16.124306
v -1.284928 14.188252 15.975289
v -1.307267 14.251838 16.030602
v -1.284928 14.170977 16.115778
v -1.284928 14.240314 16.124306
v -1.353359 14.121101 16.310593
v -1.507044 14.121100 16.310593
v -1.466411 14.275442 16.222937
v -1.393992 14.275442 16.222937
v -1.507044 14.267068 15.905341
v -1.353359 14.267068 15.905341
v -1.393992 14.304147 15.989542
v -1.466411 14.304147 15.989542
v 0.304166 14.160733 14.995136
v 0.385163 14.138085 14.972159
v 0.409480 14.147733 15.088811
v 0.456105 14.151625 15.036933
v 0.295058 13.871866 14.965289
v 0.377456 13.893638 14.946900
v 0.400372 13.858868 15.058962
v 0.446997 13.862758 15.007084
v 0.533745 13.907153 15.217087
v 0.538562 14.059948 15.232876
v 0.553639 14.037207 15.052845
v 0.551369 13.965206 15.045404
v 0.289718 14.103840 14.884046
v 0.284900 13.951044 14.868258
v 0.376407 13.986802 14.889781
v 0.378677 14.058804 14.897222
v -1.631618 13.827168 15.775906
v -1.631618 14.113666 15.775906
v -1.631618 13.827168 16.106634
v -1.631618 14.164922 16.106634
v 0.230399 13.827168 15.775906
v 0.230399 14.113666 15.775906
v 0.230399 13.827168 16.106634
v 0.230399 14.164922 16.106634
v -1.623780 13.621948 14.747651
v -1.623780 14.175364 14.747651
v -1.623779 13.621948 15.182426
v -1.623779 14.175364 15.182426
v 0.222562 13.621948 14.747651
v 0.222562 14.175364 14.747651
v 0.222562 13.621948 15.182426
v 0.222562 14.175364 15.182426
v -0.659089 13.097110 9.060218
v -0.659913 13.116388 9.060218
v -0.658554 13.110235 10.192133
v -0.650087 13.135945 10.166357
v -0.622769 13.104190 10.197858
v -0.614302 13.129902 10.172080
v -0.642137 13.102731 10.199489
v -0.630719 13.137406 10.164726
v -0.659454 13.123957 10.178424
v -0.613402 13.116177 10.185791
v -0.657018 13.337632 10.203773
v -0.658708 13.139735 10.203735
v -0.650437 13.139672 10.167284
v -0.648747 13.337568 10.167320
v -0.622879 13.139429 10.211865
v -0.621190 13.337324 10.211904
v -0.612919 13.337261 10.175449
v -0.614609 13.139365 10.175413
v -0.629392 13.337404 10.165030
v -0.631081 13.139506 10.164993
v -0.640545 13.337490 10.214191
v -0.642235 13.139592 10.214155
v -0.611915 13.337250 10.194843
v -0.613604 13.139353 10.194805
v -0.659712 13.139747 10.184343
v -0.658022 13.337645 10.184381
v -0.658910 13.100585 10.179229
v -0.650385 13.133955 10.164707
v -0.623138 13.092840 10.182438
v -0.614613 13.126213 10.167913
v -0.642510 13.090896 10.183364
v -0.631013 13.135900 10.163779
v -0.659779 13.118382 10.171509
v -0.613744 13.108417 10.175635
v -0.634969 13.337447 10.189611
v -0.659089 13.046127 7.139020
v -0.650390 13.082188 7.139020
v -0.659089 13.097110 10.162634
v -0.650390 13.133171 10.162634
v -0.623030 13.037429 7.139020
v -0.614331 13.073488 7.139020
v -0.623030 13.088412 10.162634
v -0.614331 13.124472 10.162634
v -0.642576 13.086476 10.162634
v -0.630844 13.135106 10.162634
v -0.642576 13.035493 7.139020
v -0.630844 13.084123 7.139020
v -0.659913 13.065405 7.139020
v -0.659913 13.116388 10.162634
v -0.613508 13.105194 10.162634
v -0.613508 13.054211 7.139020
v -0.659089 13.097110 10.143679
v -0.650390 13.133171 9.060218
v -0.650390 13.133171 10.143679
v -0.623030 13.088412 9.060218
v -0.623030 13.088412 10.143679
v -0.614331 13.124472 10.143679
v -0.614331 13.124472 9.060218
v -0.630844 13.135106 10.143679
v -0.630844 13.135106 9.060218
v -0.642576 13.086476 10.143679
v -0.642576 13.086476 9.060218
v -0.613508 13.105194 10.143679
v -0.613508 13.105194 9.060218
v -0.659913 13.116388 10.143679
v -0.658554 13.059252 7.109521
v -0.650087 13.084964 7.135297
v -0.622769 13.053206 7.103797
v -0.614302 13.078919 7.129574
v -0.642137 13.051748 7.102166
v -0.630719 13.086424 7.136929
v -0.659454 13.072974 7.123230
v -0.613402 13.065194 7.115864
v -0.657018 13.286652 7.097882
v -0.658708 13.088753 7.097919
v -0.650437 13.088689 7.134371
v -0.648747 13.286587 7.134334
v -0.622879 13.088446 7.089789
v -0.621190 13.286343 7.089751
v -0.612919 13.286280 7.126204
v -0.614609 13.088382 7.126241
v -0.629392 13.286423 7.136623
v -0.631081 13.088525 7.136660
v -0.640545 13.286508 7.087462
v -0.642235 13.088611 7.087500
v -0.611915 13.286266 7.106812
v -0.613604 13.088369 7.106849
v -0.659712 13.088764 7.117311
v -0.658022 13.286664 7.117274
v -0.658910 13.049603 7.122425
v -0.650385 13.082973 7.136947
v -0.623138 13.041858 7.119218
v -0.614613 13.075231 7.133741
v -0.642510 13.039913 7.118291
v -0.631013 13.084917 7.137875
v -0.659779 13.067399 7.130147
v -0.613744 13.057434 7.126019
v -0.634969 13.286466 7.112043
v -0.312072 13.544802 8.640226
v -0.312072 13.760094 8.640226
v -0.312072 13.544805 10.680234
v -0.312072 13.760097 10.680234
v -0.240728 13.544802 8.640226
v -0.240729 13.760094 8.640226
v -0.240728 13.544805 10.680234
v -0.240728 13.760097 10.680234
v -0.313931 13.616015 8.587082
v -0.313931 13.688880 8.587082
v -0.313930 13.688883 10.733378
v -0.313930 13.616018 10.733378
v -0.238869 13.688883 10.733378
v -0.238869 13.616018 10.733378
v -0.238870 13.688880 8.587082
v -0.238870 13.616015 8.587082
v -1.040874 13.544803 8.640226
v -1.040874 13.760095 8.640226
v -1.040874 13.544805 10.680234
v -1.040874 13.760097 10.680234
v -0.969530 13.544803 8.640226
v -0.969530 13.760095 8.640226
v -0.969530 13.544805 10.680234
v -0.969530 13.760097 10.680234
v -1.042733 13.616016 8.587083
v -1.042733 13.688881 8.587083
v -1.042732 13.688883 10.733378
v -1.042732 13.616018 10.733378
v -0.967671 13.688883 10.733378
v -0.967671 13.616018 10.733378
v -0.967672 13.688881 8.587083
v -0.967672 13.616016 8.587083
v -1.078407 13.544803 6.860267
v -1.078407 13.760095 6.860267
v -1.078407 13.544805 8.900274
v -1.078407 13.760097 8.900274
v -1.007063 13.544803 6.860267
v -1.007063 13.760095 6.860267
v -1.007063 13.544805 8.900274
v -1.007063 13.760097 8.900274
v -1.080266 13.616016 6.807123
v -1.080266 13.688881 6.807123
v -1.080265 13.688883 8.953419
v -1.080265 13.616018 8.953419
v -1.005204 13.688883 8.953419
v -1.005202 13.616018 8.953419
v -1.005205 13.688881 6.807123
v -1.005202 13.616016 6.807123
v -0.274543 13.544803 6.860268
v -0.274543 13.760094 6.860268
v -0.274541 13.544804 8.900274
v -0.274541 13.760096 8.900274
v -0.203199 13.544803 6.860268
v -0.203199 13.760095 6.860268
v -0.203198 13.544804 8.900274
v -0.203198 13.760096 8.900274
v -0.276401 13.616015 6.807124
v -0.276401 13.688880 6.807124
v -0.276400 13.688882 8.953419
v -0.276400 13.616017 8.953419
v -0.201339 13.688882 8.953419
v -0.201339 13.616017 8.953419
v -0.201340 13.688880 6.807124
v -0.201340 13.616015 6.807124
v -0.944794 13.289538 5.581875
v -0.944794 13.884102 5.581876
v -0.944793 13.289537 7.455291
v -0.944793 13.884100 7.455290
v -0.350229 13.289538 5.581875
v -0.350229 13.884102 5.581876
v -0.350228 13.289537 7.455290
v -0.350228 13.884100 7.455290
v -1.035000 13.586820 5.581875
v -1.035000 13.586818 7.455290
v -0.260021 13.586818 7.455290
v -0.260022 13.586820 5.581876
v -0.647511 13.168414 7.455290
v -0.647511 14.005221 7.455290
v -0.647511 13.168416 5.581875
v -0.647512 14.005223 5.581876
v -0.647511 13.586820 5.447797
v -0.647511 13.586818 7.668255
v -1.290264 13.549141 4.243595
v -1.160339 14.683187 4.314083
v -1.290265 13.662951 4.980067
v -1.160340 14.669250 5.540096
v -0.045596 13.549141 4.243595
v -0.177296 14.664806 4.195137
v -0.046484 13.666867 4.936313
v -0.177298 14.669250 5.540096
v -1.291152 14.050987 4.122892
v -1.291153 14.096815 5.276163
v -0.046484 14.096815 5.276163
v -0.046483 14.050987 4.122892
v -1.290264 13.606046 4.611831
v -1.160339 14.729157 4.742382
v -0.046484 13.609962 4.568076
v -0.177297 14.748726 4.869017
v -0.046484 14.154271 4.814717
v -1.291152 14.154270 4.814716
v -0.472012 13.549761 4.954409
v -0.886901 13.549761 4.954409
v -0.886902 14.862765 5.665705
v -0.472012 14.862765 5.665705
v -0.886901 13.524905 4.094247
v -0.472011 13.524905 4.094247
v -0.472011 14.868346 4.035324
v -0.886901 14.868346 4.035324
v -0.472011 13.996535 3.770540
v -0.886901 13.996535 3.770540
v -0.886902 14.119078 5.420223
v -0.472013 14.119078 5.420223
v -0.886901 14.971392 4.814789
v -0.472012 14.971392 4.814789
v -0.472012 13.492857 4.586173
v -0.886901 13.492857 4.586173
v -0.550214 14.666718 6.038640
v -0.366581 14.565749 5.903650
v -0.979102 14.565749 5.903650
v -1.060609 14.256443 5.670759
v -0.285073 14.256443 5.670759
v -0.550214 14.255815 5.785658
v -0.808726 14.666718 6.038640
v -0.808726 14.255815 5.785658
v -1.093589 13.466738 9.862058
v -1.093590 14.376760 9.176525
v -1.093589 13.466738 11.110964
v -1.093589 14.376760 11.110964
v -0.183565 13.466738 9.862058
v -0.183566 14.376760 9.176525
v -0.183565 13.466738 11.110964
v -0.183565 14.376760 11.110964
v -1.228762 13.921749 9.176525
v -1.228762 13.921750 11.110964
v -0.048393 13.921750 11.110964
v -0.048393 13.921749 9.176525
v -0.638577 13.310586 11.110964
v -0.638577 14.532912 11.110964
v -0.638577 13.310586 9.862058
v -0.638577 14.532912 9.176525
v -0.638577 13.921750 9.176525
v -1.461945 13.921750 11.460178
v -1.461945 13.921750 11.122382
v -1.273366 13.286961 11.122382
v -0.638577 13.069113 11.122382
v -0.638577 14.774384 11.122382
v -0.003789 14.556538 11.122382
v 0.184790 13.921750 11.122382
v -0.003789 13.286961 11.122382
v -1.273366 14.556538 11.122382
v -1.273366 13.286961 11.460178
v -0.638577 13.069113 11.460178
v -0.638577 14.774384 11.460178
v -0.003789 14.556538 11.460178
v 0.184790 13.921750 11.460178
v -0.003789 13.286961 11.460178
v -1.273366 14.556538 11.460179
v -0.638577 13.921750 11.460178
v -0.048393 13.921750 9.775077
v -1.228762 13.921750 9.775077
v -0.638577 13.921750 9.775077
v -1.093591 13.466736 5.293080
v -1.093591 14.376760 5.293080
v -1.093591 13.466735 7.040822
v -1.133968 14.263076 7.757018
v -0.183567 13.466736 5.293080
v -0.183567 14.376760 5.293080
v -0.183567 13.466735 7.040822
v -0.138337 14.263076 7.757018
v -1.228763 13.921748 5.293080
v -1.228763 13.921747 7.156738
v -0.048394 13.921747 7.156738
v -0.048395 13.921748 5.293080
v -0.638579 13.800636 7.040822
v -0.640933 14.311231 7.757017
v -0.638579 13.800637 5.293080
v -0.638579 14.532911 5.293080
v -0.638579 13.921748 5.293080
v -0.638579 13.921747 7.156738
v -1.093591 13.466735 6.827454
v -1.093591 14.376759 7.531460
v -0.183567 13.466735 6.827454
v -0.183566 14.376759 7.531459
v -0.048395 13.921747 6.930374
v -1.228763 13.921747 6.930374
v -0.641217 14.532022 7.335720
v -0.638579 13.800636 6.827454
v -1.037864 14.674655 7.806691
v -1.145030 14.265983 8.194297
v -1.037863 14.603286 8.621552
v -0.227019 14.671740 7.726858
v -0.119120 14.270234 8.165351
v -0.227019 14.603285 8.621552
v -1.145762 14.333802 8.397816
v -0.119120 14.333802 8.397815
v -1.145030 14.252304 7.946777
v -1.037863 14.675067 8.093359
v -0.119121 14.256556 7.917830
v -0.227019 14.678168 8.178353
v -0.119121 14.393477 8.007285
v -1.145762 14.393477 8.007285
v -0.641216 14.451940 8.286300
v -0.641216 14.693160 8.712716
v -0.641216 14.781609 7.628584
v -0.641216 14.469083 8.599400
v -0.641216 14.792025 8.151058
v -0.641216 14.412308 8.036730
v -0.641226 14.570436 9.021276
v -0.383145 14.527191 8.927519
v -0.888371 14.527191 8.927519
v -0.955602 14.385230 8.760444
v -0.315915 14.385230 8.760444
v -0.641226 14.467158 8.843811
v -0.517957 13.765549 14.780479
v -0.507025 14.065992 14.778255
v -0.217411 13.754526 14.785110
v -0.206479 14.054969 14.782881
v -0.355070 14.106734 14.780230
v -0.369366 13.713780 14.783136
v -0.561856 13.917580 14.778611
v -0.162580 13.902937 14.784754
v -0.362218 13.910260 14.781681
v -0.622972 13.672174 11.586127
v -0.605721 14.146785 11.580237
v -0.131703 14.129389 11.584496
v -0.148953 13.654779 11.590389
v -0.388619 13.590406 11.589164
v -0.366057 14.211156 11.581461
v -0.062471 13.889227 11.588145
v -0.692205 13.912337 11.582480
v -0.605275 14.144089 13.790337
v -0.131257 14.126691 13.794601
v -0.148507 13.652082 13.800489
v -0.388172 13.587711 13.799267
v -0.365610 14.208461 13.791562
v -0.062023 13.886531 13.798242
v -0.691758 13.909640 13.792582
v -0.622526 13.669479 13.796228
v -0.518761 13.772201 11.580023
v -0.509809 14.018232 11.578196
v -0.263691 14.009207 11.581981
v -0.272644 13.763178 11.583808
v -0.397081 13.729810 11.582195
v -0.385374 14.051597 11.579809
v -0.227744 13.884708 11.583518
v -0.554711 13.896700 11.578486
v -0.481729 14.035587 13.797254
v -0.235614 14.026563 13.801043
v -0.244565 13.780530 13.802862
v -0.369000 13.747165 13.801245
v -0.357292 14.068955 13.798866
v -0.199663 13.902063 13.802570
v -0.526630 13.914056 13.797539
v -0.490681 13.789557 13.799074
v -0.518761 13.772201 11.221345
v -0.509809 14.018232 11.219519
v -0.263691 14.009207 11.223304
v -0.272644 13.763178 11.225130
v -0.397081 13.729810 11.223521
v -0.385374 14.051597 11.221132
v -0.227744 13.884708 11.224841
v -0.554711 13.896700 11.219810
v -1.168020 13.822254 14.803839
v -1.161693 13.996150 14.802552
v -0.994065 13.815876 14.806520
v -0.987737 13.989771 14.805229
v -1.073741 14.019734 14.803696
v -1.082016 13.792292 14.805378
v -1.193429 13.910251 14.802759
v -0.962329 13.901775 14.806314
v -1.077879 13.906013 14.804534
v -1.212373 13.783211 12.121046
v -1.203475 14.028009 12.118007
v -0.958983 14.019036 12.120205
v -0.967881 13.774239 12.123243
v -1.091497 13.741037 12.122612
v -1.079859 14.061210 12.118639
v -0.923275 13.895164 12.122087
v -1.248082 13.907084 12.119165
v -1.203245 14.026618 13.257944
v -0.958753 14.017643 13.260145
v -0.967650 13.772850 13.263183
v -1.091266 13.739646 13.262550
v -1.079629 14.059822 13.258577
v -0.923043 13.893773 13.262022
v -1.247851 13.905694 13.259103
v -1.212143 13.781823 13.260984
v -1.158622 13.834805 12.117897
v -1.131675 13.941398 12.389199
v -1.045465 13.938236 12.390525
v -1.031678 13.830149 12.119849
v -1.092188 13.840368 12.390600
v -1.088088 13.953085 12.389765
v -1.032873 13.894627 12.391064
v -1.147403 13.898826 12.389301
v -1.139522 13.970654 13.261513
v -1.012579 13.966001 13.263467
v -1.017196 13.839100 13.264406
v -1.081378 13.821891 13.263571
v -1.075339 13.987865 13.262344
v -0.994036 13.901785 13.264255
v -1.162681 13.907969 13.261660
v -1.144139 13.843755 13.262451
v -1.158622 13.834805 11.223016
v -1.154005 13.961702 11.222074
v -1.027061 13.957048 11.224027
v -1.031678 13.830149 11.224968
v -1.095861 13.812941 11.224137
v -1.089823 13.978913 11.222907
v -1.008520 13.892833 11.224820
v -1.177165 13.899017 11.222224
v -0.507184 14.065616 14.615966
v -0.206638 14.054592 14.620593
v -0.217570 13.754149 14.622821
v -0.369525 13.713405 14.620847
v -0.355228 14.106359 14.617941
v -0.162739 13.902560 14.622464
v -0.562015 13.917205 14.616321
v -0.518115 13.765172 14.618190
v -1.161752 13.996010 14.618207
v -0.987797 13.989631 14.620884
v -0.994124 13.815736 14.622175
v -1.082075 13.792152 14.621032
v -1.073801 14.019594 14.619350
v -0.962388 13.901636 14.621968
v -1.193488 13.910111 14.618412
v -1.168079 13.822115 14.619493
v -1.143710 13.844771 14.598288
v -1.139093 13.971670 14.597349
v -1.012149 13.967015 14.599302
v -1.016767 13.840116 14.600245
v -1.080949 13.822906 14.599410
v -1.074910 13.988881 14.598183
v -0.993607 13.902801 14.600094
v -1.162252 13.908985 14.597499
v -0.489896 13.791413 14.601011
v -0.480945 14.037447 14.599190
v -0.234828 14.028419 14.602979
v -0.243780 13.782387 14.604803
v -0.368216 13.749021 14.603187
v -0.356508 14.070812 14.600807
v -0.198879 13.903920 14.604511
v -0.525846 13.915913 14.599481
v -1.214873 9.804658 1.714250
v -1.031096 10.355961 1.714250
v -1.214873 9.804658 -1.714250
v -1.031096 10.355961 -1.714251
v -0.663572 9.620880 1.714250
v -0.479795 10.172181 1.714250
v -0.663572 9.620880 -1.714250
v -0.479795 10.172181 -1.714251
v -0.978298 9.595551 -1.714250
v -0.716370 10.381291 -1.714251
v -0.978298 9.595551 1.714250
v -0.716370 10.381291 1.714250
v -1.209082 10.109009 1.714250
v -1.209082 10.109009 -1.714251
v -0.485585 9.867830 -1.714250
v -0.485585 9.867830 1.714250
v -0.847334 9.988420 1.714250
v -0.847334 9.988420 -1.714250
v -0.940727 10.290989 -1.449929
v -1.288634 12.971435 -1.495834
v -0.937079 10.285727 -1.556204
v -1.284987 12.966171 -1.602109
v -0.835205 10.304842 -1.446993
v -1.183113 12.985291 -1.492899
v -0.831558 10.299581 -1.553269
v -1.179465 12.980028 -1.599174
v -0.883757 10.291842 -1.571098
v -1.231664 12.972291 -1.617003
v -0.888527 10.298725 -1.432099
v -1.236435 12.979174 -1.478004
v -0.956235 10.286081 -1.503548
v -1.304142 12.966531 -1.549454
v -0.816050 10.304486 -1.499649
v -1.163957 12.984937 -1.545554
v -0.886142 10.295285 -1.501599
v -1.160294 11.635786 -1.479108
v -1.153385 11.626653 -1.684182
v -0.950304 11.654637 -1.678603
v -0.957213 11.663770 -1.473529
v -1.059818 11.651185 -1.444745
v -1.050781 11.639238 -1.712966
v -0.920403 11.663800 -1.575150
v -1.190196 11.626624 -1.582562
v -1.042486 10.678905 -1.624219
v -0.839404 10.706888 -1.618640
v -0.846313 10.716021 -1.413565
v -0.948918 10.703436 -1.384782
v -0.939881 10.691490 -1.653003
v -0.809502 10.716052 -1.515186
v -1.079296 10.678875 -1.522598
v -1.049395 10.688037 -1.419145
v -1.116040 11.642175 -1.522891
v -1.112393 11.636913 -1.629166
v -1.006871 11.650768 -1.626231
v -1.010518 11.656030 -1.519955
v -1.063840 11.649912 -1.505061
v -1.059071 11.643031 -1.644060
v -0.991363 11.655673 -1.572611
v -1.131549 11.637269 -1.576510
v -0.989226 10.686497 -1.577738
v -0.883704 10.700349 -1.574802
v -0.887352 10.705612 -1.468527
v -0.940674 10.699498 -1.453633
v -0.935903 10.692614 -1.592632
v -0.868196 10.705259 -1.521183
v -1.008381 10.686853 -1.525082
v -0.992873 10.691760 -1.471463
v -1.234050 12.975735 -1.547504
v -0.940728 10.290988 1.449929
v -1.288635 12.971433 1.594590
v -0.937081 10.285726 1.556204
v -1.284988 12.966169 1.700865
v -0.835206 10.304841 1.446993
v -1.183113 12.985289 1.591655
v -0.831559 10.299580 1.553269
v -1.179466 12.980025 1.697930
v -0.883758 10.291842 1.571098
v -1.231665 12.972289 1.715760
v -0.888528 10.298724 1.432099
v -1.236436 12.979172 1.576760
v -0.956236 10.286080 1.503549
v -1.304143 12.966529 1.648210
v -0.816051 10.304485 1.499649
v -1.163957 12.984933 1.644310
v -0.886144 10.295284 1.501599
v -1.160295 11.635784 1.479108
v -1.153386 11.626651 1.684182
v -0.950305 11.654635 1.678603
v -0.957214 11.663768 1.473529
v -1.059819 11.651183 1.444745
v -1.050782 11.639236 1.712966
v -0.920404 11.663798 1.575150
v -1.190197 11.626621 1.582562
v -1.042487 10.678903 1.624219
v -0.839405 10.706886 1.618640
v -0.846314 10.716019 1.413566
v -0.948919 10.703434 1.384782
v -0.939882 10.691488 1.653003
v -0.809503 10.716050 1.515186
v -1.079297 10.678873 1.522598
v -1.049396 10.688035 1.419145
v -1.116040 11.642173 1.522891
v -1.112393 11.636911 1.629166
v -1.006872 11.650766 1.626231
v -1.010519 11.656028 1.519956
v -1.063841 11.649910 1.505061
v -1.059072 11.643029 1.644060
v -0.991364 11.655671 1.572611
v -1.131549 11.637267 1.576511
v -0.989227 10.686494 1.577738
v -0.883705 10.700347 1.574803
v -0.887353 10.705610 1.468527
v -0.940675 10.699495 1.453633
v -0.935904 10.692612 1.592632
v -0.868197 10.705257 1.521183
v -1.008382 10.686852 1.525083
v -0.992874 10.691757 1.471463
v -1.234050 12.975733 1.646260
v -1.999848 12.029000 3.663988
v -1.999848 12.029001 -3.663988
v 0.913336 12.029000 3.663988
v 0.913336 12.029001 -3.663988
v -1.092488 14.035209 3.663988
v -1.947794 13.179905 3.663988
v -1.531306 13.922465 3.663988
v -1.835050 13.618722 3.663988
v -1.947794 13.179906 -3.663988
v -1.092488 14.035211 -3.663988
v -1.835050 13.618724 -3.663988
v -1.531306 13.922467 -3.663988
v 0.861282 13.179905 3.663988
v 0.005976 14.035209 3.663988
v 0.748537 13.618722 3.663988
v 0.444794 13.922465 3.663988
v 0.005976 14.035211 -3.663988
v 0.861281 13.179906 -3.663988
v 0.444794 13.922467 -3.663988
v 0.748537 13.618724 -3.663988
v -2.129300 12.029000 3.663988
v 1.042789 12.029045 3.663988
v -1.622842 14.081012 3.663988
v -1.116384 14.216717 3.663988
v -1.116384 14.216719 -3.663988
v -1.622842 14.081014 -3.663988
v -1.993596 13.710258 3.663988
v -1.993596 13.710260 -3.663988
v -2.129300 13.203801 3.663988
v -2.129301 13.203803 -3.663988
v 0.536330 14.081014 -3.663988
v 0.029872 14.216719 -3.663988
v 0.029872 14.216717 3.663988
v 0.536330 14.081012 3.663988
v 0.907083 13.710260 -3.663988
v 0.907084 13.710258 3.663988
v 1.042788 13.203803 -3.663988
v 1.042789 13.203801 3.663988
v -2.129301 12.029046 -3.663988
v 1.042789 12.029046 -3.663988
v -1.531306 13.922467 -3.359349
v -1.092488 14.035211 -3.359349
v 0.005976 14.035211 -3.359349
v 0.444794 13.922467 -3.359349
v 0.748537 13.618724 -3.359349
v 0.861281 13.179906 -3.359349
v 0.913336 12.029001 -3.359349
v -1.947794 13.179906 -3.359349
v -1.835050 13.618724 -3.359349
v -1.999848 12.029000 3.359349
v 0.913336 12.029000 3.359349
v 0.861282 13.179905 3.359349
v 0.748537 13.618722 3.359349
v 0.444794 13.922465 3.359349
v 0.005976 14.035209 3.359349
v -1.092488 14.035209 3.359349
v -1.531306 13.922465 3.359349
v -1.835050 13.618722 3.359349
v -1.947794 13.179905 3.359349
v 1.042789 12.029045 2.742090
v 1.042789 12.029000 2.236619
v 1.042789 12.029001 -2.236620
v 1.042788 12.029046 -2.742088
v 1.042789 13.203801 2.742090
v 1.042789 13.203801 2.236619
v 1.042788 13.203803 -2.236620
v 1.042788 13.203803 -2.742088
v -1.993596 13.710260 -2.742090
v -1.993596 13.710260 -2.236620
v -1.993596 13.710258 2.236619
v -1.993596 13.710258 2.742090
v 0.907083 13.710258 2.742090
v 0.907084 13.710299 2.236619
v 0.907083 13.710302 -2.236620
v 0.907083 13.710260 -2.742090
v -2.129301 13.203803 -2.742090
v -2.129301 13.203803 -2.236620
v -2.129301 13.203801 2.236619
v -2.129300 13.203801 2.742090
v 0.536330 14.081012 2.742090
v 0.536330 14.081012 2.236619
v 0.536330 14.081014 -2.236620
v 0.536330 14.081014 -2.742090
v 0.029871 14.216719 -2.742090
v 0.029872 14.216719 -2.236620
v 0.029872 14.216717 2.236619
v 0.029872 14.216717 2.742090
v -1.622843 14.081014 -2.742090
v -1.622842 14.081014 -2.236620
v -1.622842 14.081012 2.236619
v -1.622842 14.081012 2.742090
v -2.129301 12.029037 -2.742090
v -2.129300 12.029028 -2.236620
v -2.129301 12.029017 2.236619
v -2.129300 12.029009 2.742090
v -1.999848 12.029000 2.742090
v -1.999848 12.029000 2.236619
v -1.999848 12.029001 -2.236620
v -1.999849 12.029001 -2.742090
v -1.116384 14.216717 2.742090
v -1.116384 14.216717 2.236619
v -1.116384 14.216719 -2.236620
v -1.116385 14.216719 -2.742090
v 0.913336 12.029000 2.742090
v 0.913336 12.029000 2.236619
v 0.913336 12.029001 -2.236620
v 0.913336 12.029001 -2.742090
v 1.254370 13.500390 2.686994
v 1.254370 13.500390 2.291716
v 1.254370 13.500392 -2.291688
v 1.254370 13.500392 -2.687020
v -2.187075 14.006849 -2.687022
v -2.187074 14.006849 -2.291688
v -2.187074 14.006847 2.291716
v -2.187074 14.006847 2.686994
v 1.100562 14.006847 2.686994
v 1.100562 14.006847 2.291716
v 1.100562 14.006849 -2.291688
v 1.100561 14.006849 -2.687022
v -2.340883 13.500392 -2.687022
v -2.340883 13.500392 -2.291688
v -2.340883 13.500390 2.291716
v -2.340883 13.500390 2.686994
v 0.680350 14.377601 2.686994
v 0.680350 14.377601 2.291716
v 0.680349 14.377603 -2.291688
v 0.680349 14.377603 -2.687022
v 0.106328 14.513308 -2.687022
v 0.106328 14.513308 -2.291688
v 0.106328 14.513306 2.291716
v 0.106328 14.513306 2.686994
v -1.766862 14.377603 -2.687022
v -1.766862 14.377603 -2.291688
v -1.766862 14.377601 2.291716
v -1.766862 14.377601 2.686994
v -1.192841 14.513306 2.686994
v -1.192841 14.513306 2.291716
v -1.192841 14.513308 -2.291688
v -1.192841 14.513308 -2.687022
v -1.172985 10.303958 0.426508
v -1.306807 12.374000 0.560331
v -1.172985 10.303958 -0.426508
v -1.306807 12.374000 -0.560331
v -0.319968 10.303957 0.426508
v -0.186146 12.374000 0.560331
v -0.319968 10.303957 -0.426508
v -0.186146 12.374000 -0.560331
v -1.308530 10.303958 -0.000000
v -1.484879 12.373999 -0.000000
v -0.184424 10.303957 -0.000000
v -0.008073 12.374000 -0.000000
v -0.746477 10.303957 -0.600587
v -0.746477 12.374000 -0.789028
v -0.746477 10.303957 0.600587
v -0.746477 12.374000 0.789029
v -0.746477 10.303957 -0.000000
v -1.294074 10.892155 0.547597
v -1.294074 11.585793 0.547597
v -1.294074 11.585793 -0.547597
v -1.294074 10.892155 -0.547597
v -0.198880 11.585793 -0.547597
v -0.198880 10.892155 -0.547597
v -0.198880 11.585793 0.547597
v -0.198880 10.892155 0.547597
v -0.024854 11.585793 -0.000000
v -0.024854 10.892156 -0.000000
v -1.468100 11.585793 -0.000000
v -1.468099 10.892155 -0.000000
v -0.746477 11.585793 0.771097
v -0.746477 10.892155 0.771097
v -0.746477 11.585793 -0.771097
v -0.746477 10.892155 -0.771097
v -1.267429 11.923006 0.520953
v -1.267429 11.923006 -0.520953
v -0.225524 11.923006 -0.520953
v -0.225524 11.923006 0.520953
v -0.059966 11.923006 -0.000000
v -1.432987 11.923006 -0.000000
v -0.746476 11.923006 0.733578
v -0.746477 11.923006 -0.733578
v -1.339425 11.961185 0.592948
v -1.339425 11.961185 -0.592948
v -0.153528 11.961185 -0.592948
v -0.153528 11.961185 0.592948
v 0.034910 11.961185 -0.000000
v -1.527863 11.961185 -0.000000
v -0.746476 11.961185 0.834959
v -0.746476 11.961185 -0.834959
v -1.993595 13.710299 1.000000
v -1.993596 14.426175 1.000000
v -1.993595 13.710301 -1.000000
v -1.993595 14.426176 -1.000000
v 1.310529 13.710301 1.000000
v 0.735759 14.423300 1.000000
v 1.310529 13.710302 -1.000000
v 0.735759 14.423302 -1.000000
v 0.798236 13.710302 -1.000000
v -0.023119 14.426177 -1.000000
v 0.798236 13.710299 1.000000
v -0.023119 14.426175 1.000000
v -1.993596 15.140446 1.000000
v -1.993596 15.140447 -1.000000
v -0.023119 15.140446 1.000000
v -0.023119 15.140448 -1.000000
v 1.288629 12.902040 0.389178
v 1.288629 12.902081 -0.389188
v 0.896651 12.902081 0.389178
v 0.896651 12.902081 -0.389188
v 1.164032 12.289996 0.315744
v 1.164032 12.290038 -0.315769
v 0.809602 12.290017 0.315744
v 0.809602 12.290017 -0.315769
v -0.446626 14.265365 -1.124341
v -0.446626 15.463356 -1.608824
v -0.446626 14.265365 -2.065241
v -0.446626 15.512242 -1.830694
v -0.351824 14.265365 -1.124341
v -0.351824 15.463356 -1.608824
v -0.351824 14.265365 -2.065241
v -0.351824 15.512242 -1.830694
v -0.446626 14.483629 -1.411284
v -0.446626 14.846977 -1.645648
v -0.446626 15.135193 -1.681129
v -0.446626 15.184077 -1.902998
v -0.446626 14.792352 -1.866174
v -0.446626 14.483630 -1.778142
v -0.351824 15.184077 -1.902998
v -0.351824 14.792352 -1.866174
v -0.351824 14.483630 -1.778142
v -0.351824 15.135193 -1.681129
v -0.351824 14.846977 -1.645648
v -0.351824 14.483630 -1.411284
v -0.446626 14.221985 -1.124341
v -0.446626 14.221985 -2.065241
v -0.351824 14.221985 -1.124341
v -0.351824 14.221985 -2.065241
v -0.446626 14.265365 -1.594712
v -0.446626 15.559171 -1.708813
v -0.351824 14.265365 -1.594712
v -0.351824 15.559171 -1.708813
v -0.351824 14.483630 -1.594713
v -0.351824 14.819666 -1.755911
v -0.351824 15.159636 -1.792063
v -0.446626 14.483630 -1.594713
v -0.446626 14.819666 -1.755911
v -0.446626 15.159636 -1.792063
v -0.446626 14.221985 -1.594712
v -0.351824 14.221985 -1.594712
v -0.548265 14.995991 -1.731787
v -0.548265 15.289163 -1.385052
v -0.548265 15.081858 -1.470920
v -0.548265 15.396289 -1.385052
v -0.548265 15.689461 -1.731787
v -0.548265 15.603593 -1.470920
v -0.548265 15.342726 -2.078522
v -0.548265 15.081858 -1.992654
v -0.548265 15.603593 -1.992654
v -0.446626 15.289163 -1.385052
v -0.446626 14.995991 -1.731787
v -0.446626 15.081858 -1.470920
v -0.446626 15.689461 -1.731787
v -0.446626 15.396289 -1.385052
v -0.446626 15.603593 -1.470920
v -0.446626 15.342726 -2.078522
v -0.446626 15.081858 -1.992654
v -0.427646 15.603593 -2.009480
v -0.548265 14.457691 -3.256239
v -0.548265 14.804425 -2.909504
v -0.548265 14.543557 -2.995372
v -0.548265 15.151160 -3.256239
v -0.548265 15.065291 -2.995372
v -0.548265 14.804425 -3.602974
v -0.548265 14.543557 -3.517106
v -0.548265 15.065291 -3.517106
v -0.446626 14.804425 -2.909504
v -0.446626 14.457691 -3.256239
v -0.446626 14.543557 -2.995372
v -0.446626 15.151160 -3.256239
v -0.446626 15.065291 -2.995372
v -0.446626 14.804425 -3.602974
v -0.446626 14.543557 -3.517106
v -0.446626 15.065291 -3.517106
v -0.644529 14.265365 -1.124706
v -0.644529 15.463356 -1.609347
v -0.644529 14.265365 -2.065607
v -0.644529 15.512242 -1.831216
v -0.549728 14.265365 -1.124706
v -0.549728 15.463356 -1.609347
v -0.549728 14.265365 -2.065607
v -0.549728 15.512242 -1.831216
v -0.644529 14.483629 -1.411806
v -0.644529 14.846977 -1.646170
v -0.644529 15.135193 -1.681651
v -0.644529 15.184077 -1.903521
v -0.644529 14.792352 -1.866696
v -0.644529 14.483630 -1.778664
v -0.549728 15.184077 -1.903521
v -0.549728 14.792352 -1.866696
v -0.549728 14.483630 -1.778664
v -0.549728 15.135193 -1.681651
v -0.549728 14.846977 -1.646170
v -0.549728 14.483630 -1.411806
v -0.644529 14.221985 -1.124706
v -0.644529 14.221985 -2.065607
v -0.549728 14.221985 -1.124706
v -0.549728 14.221985 -2.065607
v -0.644529 14.265365 -1.595235
v -0.644529 15.559171 -1.709336
v -0.549728 14.265365 -1.595235
v -0.549728 15.559171 -1.709336
v -0.549728 14.483630 -1.595235
v -0.549728 14.819666 -1.756433
v -0.549728 15.159636 -1.792586
v -0.644529 14.483630 -1.595235
v -0.644529 14.819666 -1.756433
v -0.644529 15.159636 -1.792586
v -0.644529 14.221985 -1.595235
v -0.549728 14.221985 -1.595235
v -0.446626 14.235885 2.872117
v -0.446626 14.852136 3.174400
v -0.446626 14.235885 3.459171
v -0.446626 14.877284 3.312830
v -0.351824 14.235885 2.872117
v -0.351824 14.852136 3.174400
v -0.351824 14.235885 3.459171
v -0.351824 14.877284 3.312830
v -0.446626 14.348160 3.051149
v -0.446626 14.535069 3.197376
v -0.446626 14.683327 3.219513
v -0.446626 14.708475 3.357943
v -0.446626 14.506968 3.334967
v -0.446626 14.348161 3.280042
v -0.351824 14.708475 3.357943
v -0.351824 14.506968 3.334967
v -0.351824 14.348161 3.280042
v -0.351824 14.683327 3.219513
v -0.351824 14.535069 3.197376
v -0.351824 14.348161 3.051149
v -0.446626 14.213570 2.872117
v -0.446626 14.213570 3.459171
v -0.351824 14.213570 2.872117
v -0.351824 14.213570 3.459171
v -0.446626 14.235885 3.165596
v -0.446626 14.901424 3.236786
v -0.351824 14.235885 3.165596
v -0.351824 14.901424 3.236786
v -0.351824 14.348161 3.165596
v -0.351824 14.521019 3.266171
v -0.351824 14.695901 3.288728
v -0.446626 14.348161 3.165596
v -0.446626 14.521019 3.266171
v -0.446626 14.695901 3.288728
v -0.446626 14.213570 3.165596
v -0.351824 14.213570 3.165596
v -0.644529 14.235885 2.872346
v -0.644530 14.852136 3.174726
v -0.644529 14.235885 3.459400
v -0.644530 14.877284 3.313157
v -0.549728 14.235885 2.872346
v -0.549728 14.852136 3.174726
v -0.549728 14.235885 3.459400
v -0.549728 14.877284 3.313157
v -0.644530 14.348160 3.051476
v -0.644530 14.535069 3.197702
v -0.644530 14.683327 3.219839
v -0.644530 14.708475 3.358270
v -0.644530 14.506968 3.335294
v -0.644530 14.348161 3.280368
v -0.549728 14.708475 3.358270
v -0.549728 14.506968 3.335294
v -0.549728 14.348161 3.280368
v -0.549728 14.683327 3.219839
v -0.549728 14.535069 3.197702
v -0.549728 14.348161 3.051476
v -0.644529 14.213570 2.872346
v -0.644529 14.213570 3.459400
v -0.549728 14.213570 2.872346
v -0.549728 14.213570 3.459400
v -0.644529 14.235885 3.165922
v -0.644530 14.901424 3.237113
v -0.549728 14.235885 3.165922
v -0.549728 14.901424 3.237113
v -0.549728 14.348161 3.165922
v -0.549728 14.521019 3.266498
v -0.549728 14.695901 3.289054
v -0.644530 14.348161 3.165922
v -0.644530 14.521019 3.266498
v -0.644530 14.695901 3.289054
v -0.644529 14.213570 3.165922
v -0.549728 14.213570 3.165922
v -0.644529 14.265363 1.124706
v -0.644529 15.463354 1.609347
v -0.644529 14.265363 2.065607
v -0.644529 15.512240 1.831216
v -0.549728 14.265363 1.124706
v -0.549728 15.463354 1.609347
v -0.549728 14.265363 2.065607
v -0.549728 15.512240 1.831216
v -0.644529 14.483626 1.411806
v -0.644529 14.846975 1.646170
v -0.644529 15.135191 1.681651
v -0.644529 15.184075 1.903521
v -0.644529 14.792350 1.866696
v -0.644529 14.483628 1.778664
v -0.549728 15.184075 1.903521
v -0.549728 14.792350 1.866696
v -0.549728 14.483628 1.778664
v -0.549728 15.135191 1.681651
v -0.549728 14.846975 1.646170
v -0.549728 14.483628 1.411806
v -0.644529 14.221983 1.124706
v -0.644529 14.221983 2.065607
v -0.549728 14.221983 1.124706
v -0.549728 14.221983 2.065607
v -0.644529 14.265363 1.595235
v -0.644529 15.559169 1.709336
v -0.549728 14.265363 1.595235
v -0.549728 15.559169 1.709336
v -0.549728 14.483628 1.595235
v -0.549728 14.819664 1.756433
v -0.549728 15.159633 1.792586
v -0.644529 14.483628 1.595235
v -0.644529 14.819664 1.756433
v -0.644529 15.159633 1.792586
v -0.644529 14.221983 1.595235
v -0.549728 14.221983 1.595235
v -0.548265 14.995989 1.731787
v -0.548265 15.289161 1.385052
v -0.548265 15.081855 1.470920
v -0.548265 15.396287 1.385052
v -0.548265 15.689458 1.731787
v -0.548265 15.603591 1.470920
v -0.548265 15.342724 2.078522
v -0.548265 15.081855 1.992654
v -0.548265 15.603591 1.992654
v -0.446626 15.289161 1.385052
v -0.446626 14.995989 1.731787
v -0.446626 15.081855 1.470920
v -0.446626 15.689458 1.731787
v -0.446626 15.396287 1.385052
v -0.446626 15.603591 1.470920
v -0.446626 15.342724 2.078522
v -0.446626 15.081855 1.992654
v -0.427646 15.603591 2.009480
v -0.548265 14.457688 3.256239
v -0.548265 14.804423 2.909504
v -0.548265 14.543555 2.995372
v -0.548265 15.151158 3.256239
v -0.548265 15.065289 2.995372
v -0.548265 14.804423 3.602974
v -0.548265 14.543555 3.517106
v -0.548265 15.065289 3.517106
v -0.446626 14.804423 2.909504
v -0.446626 14.457688 3.256239
v -0.446626 14.543555 2.995372
v -0.446626 15.151158 3.256239
v -0.446626 15.065289 2.995372
v -0.446626 14.804423 3.602974
v -0.446626 14.543555 3.517106
v -0.446626 15.065289 3.517106
v -0.446626 14.265363 1.124341
v -0.446626 15.463354 1.608824
v -0.446626 14.265363 2.065241
v -0.446626 15.512240 1.830694
v -0.351824 14.265363 1.124341
v -0.351824 15.463354 1.608824
v -0.351824 14.265363 2.065241
v -0.351824 15.512240 1.830694
v -0.446626 14.483626 1.411284
v -0.446626 14.846975 1.645648
v -0.446626 15.135191 1.681129
v -0.446626 15.184075 1.902998
v -0.446626 14.792350 1.866174
v -0.446626 14.483628 1.778142
v -0.351824 15.184075 1.902998
v -0.351824 14.792350 1.866174
v -0.351824 14.483628 1.778142
v -0.351824 15.135191 1.681129
v -0.351824 14.846975 1.645648
v -0.351824 14.483628 1.411284
v -0.446626 14.221983 1.124341
v -0.446626 14.221983 2.065241
v -0.351824 14.221983 1.124341
v -0.351824 14.221983 2.065241
v -0.446626 14.265363 1.594713
v -0.446626 15.559169 1.708813
v -0.351824 14.265363 1.594713
v -0.351824 15.559169 1.708813
v -0.351824 14.483628 1.594713
v -0.351824 14.819664 1.755911
v -0.351824 15.159633 1.792063
v -0.446626 14.483628 1.594713
v -0.446626 14.819664 1.755911
v -0.446626 15.159633 1.792063
v -0.446626 14.221983 1.594713
v -0.351824 14.221983 1.594713
v -0.811528 12.734447 4.173216
v -0.817870 12.882922 4.173216
v -0.807402 12.835527 -4.544686
v -0.742191 13.033559 -4.346157
v -0.531793 12.788967 -4.588770
v -0.466581 12.986999 -4.390242
v -0.680964 12.777732 -4.601332
v -0.593019 13.044795 -4.333596
v -0.814334 12.941223 -4.439097
v -0.459649 12.881301 -4.495831
v -0.795573 14.586930 -4.634331
v -0.808585 13.062741 -4.634047
v -0.744885 13.062251 -4.353292
v -0.731873 14.586440 -4.353576
v -0.532640 13.060372 -4.696661
v -0.519627 14.584563 -4.696944
v -0.455927 14.584071 -4.416189
v -0.468939 13.059882 -4.415905
v -0.582797 14.585170 -4.335947
v -0.595809 13.060982 -4.335662
v -0.668703 14.585833 -4.714574
v -0.681716 13.061642 -4.714290
v -0.448191 14.583978 -4.565549
v -0.461204 13.059789 -4.565265
v -0.816321 13.062835 -4.484687
v -0.803309 14.587026 -4.484972
v -0.810143 12.761203 -4.445300
v -0.744483 13.018223 -4.333451
v -0.534633 12.701567 -4.469998
v -0.468973 12.958589 -4.358149
v -0.683833 12.686586 -4.477145
v -0.595283 13.033204 -4.326304
v -0.816837 12.898267 -4.385833
v -0.462280 12.821522 -4.417617
v -0.625750 14.585503 -4.525260
v -0.811528 12.734447 4.319212
v -0.744529 13.012174 4.319212
v -0.811527 12.734448 -4.317483
v -0.744528 13.012175 -4.317483
v -0.533801 12.667449 4.319212
v -0.466802 12.945174 4.319212
v -0.533800 12.667450 -4.317483
v -0.466801 12.945176 -4.317483
v -0.684341 12.652541 -4.317483
v -0.593986 13.027083 -4.317483
v -0.684343 12.652540 4.319212
v -0.593987 13.027082 4.319211
v -0.817870 12.882922 4.319212
v -0.817869 12.882923 -4.317483
v -0.460459 12.796702 -4.317483
v -0.460460 12.796700 4.319212
v -0.811527 12.734448 -4.171488
v -0.744529 13.012174 4.173216
v -0.744528 13.012175 -4.171488
v -0.533801 12.667449 4.173215
v -0.533800 12.667450 -4.171488
v -0.466801 12.945176 -4.171488
v -0.466802 12.945174 4.173215
v -0.593986 13.027083 -4.171488
v -0.593988 13.027082 4.173215
v -0.684342 12.652541 -4.171488
v -0.684343 12.652540 4.173215
v -0.460459 12.796702 -4.171488
v -0.460460 12.796700 4.173215
v -0.817869 12.882923 -4.171488
v -0.807403 12.835526 4.546413
v -0.742192 13.033558 4.347885
v -0.531794 12.788966 4.590498
v -0.466582 12.986998 4.391970
v -0.680965 12.777731 4.603059
v -0.593020 13.044794 4.335324
v -0.814335 12.941221 4.440825
v -0.459650 12.881300 4.497559
v -0.795573 14.586927 4.636059
v -0.808586 13.062740 4.635775
v -0.744886 13.062250 4.355021
v -0.731873 14.586438 4.355305
v -0.532641 13.060371 4.698389
v -0.519627 14.584560 4.698672
v -0.455927 14.584069 4.417917
v -0.468940 13.059880 4.417634
v -0.582797 14.585168 4.337675
v -0.595810 13.060980 4.337390
v -0.668704 14.585831 4.716301
v -0.681717 13.061641 4.716018
v -0.448191 14.583976 4.567276
v -0.461205 13.059788 4.566992
v -0.816322 13.062834 4.486415
v -0.803309 14.587023 4.486700
v -0.810144 12.761202 4.447028
v -0.744484 13.018222 4.335179
v -0.534635 12.701566 4.471726
v -0.468974 12.958587 4.359877
v -0.683834 12.686585 4.478873
v -0.595284 13.033203 4.328032
v -0.816838 12.898266 4.387561
v -0.462281 12.821521 4.419345
v -0.625750 14.585500 4.526988
v -1.399173 14.559868 0.631042
v -1.399178 14.752204 0.639257
v -2.450433 14.690806 0.619379
v -2.193211 14.947337 0.535047
v -2.507341 14.630491 0.262321
v -2.250119 14.887021 0.177989
v -2.523722 14.615934 0.455549
v -2.176831 14.961893 0.341819
v -2.313658 14.827724 0.628435
v -2.386894 14.750103 0.168933
v -2.688232 16.961174 0.793212
v -2.566194 14.985142 0.620846
v -2.202455 14.984504 0.538533
v -2.011518 16.959997 0.640071
v -2.647103 14.982072 0.263340
v -2.838759 16.955471 0.128088
v -2.162044 16.954288 -0.025053
v -2.283365 14.981435 0.181025
v -1.968829 16.956934 0.280816
v -2.179510 14.982860 0.345431
v -2.881450 16.958529 0.487343
v -2.670049 14.983717 0.456441
v -2.521993 16.954062 -0.043897
v -2.476841 14.981315 0.170896
v -2.372718 14.985261 0.630976
v -2.328282 16.961403 0.812057
v -2.321690 14.594525 0.623001
v -2.176753 14.927471 0.538026
v -2.353485 14.517273 0.266087
v -2.208548 14.850219 0.181111
v -2.362850 14.497866 0.459355
v -2.167387 14.946878 0.344757
v -2.244661 14.772080 0.631716
v -2.285576 14.672663 0.172398
v -2.156118 14.559868 0.624887
v -2.156069 14.919636 0.538096
v -2.155916 14.473077 0.265118
v -2.155866 14.832845 0.178327
v -2.156026 14.453763 0.460130
v -2.155960 14.938950 0.343083
v -2.156122 14.752204 0.633102
v -2.155863 14.640512 0.170111
v -1.966993 14.559868 0.624992
v -1.399126 14.919636 0.544251
v -1.966946 14.919636 0.538202
v -1.398974 14.473077 0.271273
v -1.966792 14.473077 0.265224
v -1.966744 14.832845 0.178433
v -1.398925 14.832845 0.184482
v -1.966836 14.938950 0.343189
v -1.399016 14.938950 0.349239
v -1.966901 14.453763 0.460236
v -1.399084 14.453763 0.466285
v -1.966739 14.640512 0.170217
v -1.398921 14.640512 0.176267
v -1.966998 14.752204 0.633208
v -2.566422 16.357790 0.610160
v -2.202684 16.357157 0.527847
v -2.647330 16.354725 0.252653
v -2.283593 16.354088 0.170339
v -2.179738 16.355511 0.334745
v -2.670277 16.356369 0.445754
v -2.477068 16.353968 0.160210
v -2.372946 16.357914 0.620290
v 0.592226 12.834627 -0.634280
v 0.593270 12.978126 -0.639146
v 0.621255 12.829589 -0.774875
v 0.622301 12.973089 -0.779740
v 0.607944 12.997700 -0.710192
v 0.606580 12.810015 -0.703829
v 0.587978 12.907205 -0.613620
v 0.626547 12.900510 -0.800400
v 2.292879 12.816534 -0.217223
v 2.295233 13.010194 -0.223572
v 2.335557 13.003413 -0.412735
v 2.333203 12.809752 -0.406386
v 2.312680 12.783327 -0.310827
v 2.315757 13.036618 -0.319130
v 2.341002 12.905469 -0.440631
v 2.287433 12.914478 -0.189326
v 1.415096 13.002183 -0.419418
v 1.455418 12.995403 -0.608582
v 1.453066 12.801744 -0.602233
v 1.432542 12.775317 -0.506674
v 1.435620 13.028609 -0.514978
v 1.460867 12.897460 -0.636478
v 1.407296 12.906468 -0.385173
v 1.412742 12.808524 -0.413069
v 2.304217 12.857434 -0.258186
v 2.304949 12.957821 -0.261590
v 2.325259 12.954298 -0.359945
v 2.324527 12.853910 -0.356542
v 2.314260 12.840218 -0.306840
v 2.315216 12.971513 -0.311291
v 2.328228 12.903526 -0.374398
v 2.301247 12.908206 -0.243732
v 1.423626 12.957981 -0.469235
v 1.443935 12.954460 -0.567590
v 1.443206 12.854073 -0.564186
v 1.432940 12.840379 -0.514484
v 1.433894 12.971678 -0.518937
v 1.446908 12.903687 -0.582044
v 1.419927 12.908368 -0.451378
v 1.422897 12.857596 -0.465831
v 2.954411 12.858556 -0.129768
v 2.955142 12.958942 -0.131719
v 2.975453 12.955420 -0.188087
v 2.974721 12.855033 -0.186136
v 2.964452 12.841338 -0.157652
v 2.965409 12.972635 -0.160203
v 2.978422 12.904648 -0.196370
v 2.951440 12.909328 -0.121485
v 1.095220 12.967655 -0.531581
v 1.120020 12.963352 -0.651688
v 1.119127 12.840765 -0.647532
v 1.106591 12.824042 -0.586838
v 1.107755 12.984380 -0.592275
v 1.123648 12.901353 -0.669338
v 1.090699 12.907068 -0.509775
v 1.094328 12.845068 -0.527424
v 1.103584 12.855847 -0.537142
v 1.104314 12.956235 -0.540546
v 1.124623 12.952710 -0.638902
v 1.123892 12.852324 -0.635498
v 1.113626 12.838628 -0.585796
v 1.114580 12.969929 -0.590248
v 1.127594 12.901939 -0.653355
v 1.100612 12.906620 -0.522689
v 0.592226 12.834627 0.634280
v 0.593270 12.978126 0.639146
v 0.621255 12.829589 0.774875
v 0.622301 12.973089 0.779740
v 0.607944 12.997700 0.710192
v 0.606580 12.810015 0.703829
v 0.587978 12.907205 0.613620
v 0.626547 12.900510 0.800400
v 2.292879 12.816534 0.217223
v 2.295233 13.010194 0.223571
v 2.335557 13.003413 0.412735
v 2.333203 12.809752 0.406386
v 2.312680 12.783327 0.310827
v 2.315757 13.036618 0.319131
v 2.341002 12.905469 0.440631
v 2.287433 12.914478 0.189326
v 1.415096 13.002183 0.419418
v 1.455418 12.995403 0.608582
v 1.453066 12.801744 0.602233
v 1.432542 12.775317 0.506674
v 1.435620 13.028609 0.514978
v 1.460867 12.897460 0.636478
v 1.407296 12.906468 0.385173
v 1.412742 12.808524 0.413069
v 2.304217 12.857434 0.258186
v 2.304949 12.957821 0.261590
v 2.325259 12.954298 0.359946
v 2.324527 12.853910 0.356542
v 2.314260 12.840218 0.306840
v 2.315216 12.971513 0.311291
v 2.328228 12.903526 0.374398
v 2.301247 12.908206 0.243732
v 1.423626 12.957981 0.469235
v 1.443935 12.954460 0.567590
v 1.443206 12.854073 0.564186
v 1.432940 12.840379 0.514484
v 1.433894 12.971678 0.518937
v 1.446908 12.903687 0.582044
v 1.419927 12.908368 0.451378
v 1.422896 12.857596 0.465831
v 2.954411 12.858556 0.129768
v 2.955142 12.958942 0.131719
v 2.975453 12.955420 0.188087
v 2.974721 12.855033 0.186136
v 2.964452 12.841338 0.157652
v 2.965409 12.972635 0.160203
v 2.978422 12.904648 0.196370
v 2.951440 12.909328 0.121485
v 1.095220 12.967657 0.531581
v 1.120019 12.963353 0.651688
v 1.119127 12.840766 0.647532
v 1.106591 12.824044 0.586838
v 1.107755 12.984381 0.592275
v 1.123647 12.901354 0.669338
v 1.090699 12.907069 0.509775
v 1.094328 12.845069 0.527424
v 1.103584 12.855848 0.537142
v 1.104314 12.956236 0.540546
v 1.124623 12.952712 0.638902
v 1.123891 12.852324 0.635498
v 1.113626 12.838630 0.585796
v 1.114579 12.969930 0.590248
v 1.127594 12.901940 0.653355
v 1.100612 12.906621 0.522689
v 2.548916 11.948692 0.501765
v 2.472109 13.808620 0.501765
v 2.548916 11.948692 -0.501722
v 2.472109 13.808620 -0.501722
v 3.780998 11.999572 0.501765
v 3.704191 13.859498 0.501765
v 3.780998 11.999572 -0.501722
v 3.704191 13.859498 -0.501722
v 2.378702 11.941665 0.000000
v 2.301895 13.801590 0.000000
v 3.951212 12.006602 0.000000
v 3.874407 13.866526 0.000000
v 3.164958 11.974134 -0.649097
v 3.088150 13.834059 -0.649097
v 3.164957 11.974134 0.649140
v 3.088150 13.834059 0.649140
v 3.088150 13.834059 -0.000000
v 3.164958 11.974134 0.000000
v 3.699240 13.473164 0.366747
v 4.077274 13.435577 0.293219
v 3.699240 13.473164 -0.366704
v 4.077274 13.435577 -0.293176
v 3.713973 12.677338 0.366747
v 4.007740 12.761551 0.293219
v 3.713973 12.677338 -0.366704
v 4.007740 12.761551 -0.293176
v 3.697205 13.583109 0.000000
v 4.086297 13.523031 0.000000
v 3.716009 12.567391 0.000000
v 3.998719 12.674097 0.000000
v 3.706607 13.075251 -0.474420
v 4.042507 13.098563 -0.384876
v 3.706607 13.075251 0.474464
v 4.042507 13.098563 0.384919
v 4.094631 13.603829 0.000000
v 4.083347 13.494446 -0.366704
v 4.042507 13.098563 -0.474420
v 4.001667 12.702683 -0.366704
v 3.990383 12.593301 0.000000
v 4.001667 12.702683 0.366747
v 4.042507 13.098563 0.474464
v 4.083347 13.494446 0.366747
v 3.932904 12.676430 0.000000
v 4.020482 13.525365 0.000000
v 3.976693 13.100897 -0.384876
v 3.976693 13.100897 0.384919
v 4.011460 13.437911 -0.293176
v 3.941926 12.763881 -0.293176
v 3.941926 12.763881 0.293219
v 4.011460 13.437911 0.293219
v 2.657545 11.939259 0.597921
v 2.709102 12.703456 0.583714
v 2.657545 11.939259 -0.589512
v 2.711496 12.696135 -0.583670
v 3.692468 11.490052 0.387451
v 3.779210 11.678393 0.387451
v 3.692468 11.490052 -0.387408
v 3.779210 11.678393 -0.387408
v 3.864199 11.443870 0.000000
v 3.950942 11.632209 0.000000
v 3.101502 11.691229 -0.632290
v 3.194189 11.980259 -0.664317
v 3.101502 11.691229 0.632334
v 3.194189 11.980259 0.664361
v 2.878455 12.660618 0.625167
v 2.858711 11.824520 0.645189
v 2.858711 11.824520 -0.646398
v 2.880849 12.653296 -0.625123
v 0.143735 8.124525 0.461888
v 0.101572 7.357218 0.389961
v -0.067771 8.152843 0.881254
v -0.130882 7.403738 0.984033
v 0.148905 8.797898 0.537530
v -0.085030 8.771502 0.965367
v 0.208012 9.679855 0.702962
v -0.074394 9.704691 1.218694
v 0.043452 10.427517 0.813440
v -0.265088 10.517576 1.151404
v -0.222823 10.697396 0.525225
v -0.670635 10.789062 0.784773
v -0.601278 8.234925 0.969922
v -0.722083 7.565277 1.072702
v -0.640277 8.722905 1.054035
v -0.790097 9.437293 1.223856
v -0.916775 10.554166 1.328204
v -0.948220 10.783395 0.778445
v -1.023089 8.179015 0.652107
v -1.224843 7.606072 0.754886
v -1.043610 8.576903 0.736220
v -1.325862 9.546062 0.989547
v -1.401056 10.374472 0.922257
v -1.206148 10.714626 0.654312
v -1.149628 8.163382 0.286352
v -1.377630 7.627956 0.389132
v -1.186921 8.537497 0.370465
v -1.522788 9.583112 0.524090
v -1.558825 10.339553 0.556502
v -1.405513 10.641707 0.341134
v -0.069468 9.902219 1.265986
v -0.457768 9.635140 1.312865
v -0.516941 10.453485 1.361466
v -0.287385 9.973506 1.364046
v -1.477959 9.949419 0.955902
v -1.296471 10.369936 1.194281
v -1.148815 9.508296 1.161038
v -1.350190 9.876107 1.111306
v -1.581826 9.961333 0.540296
v -0.044258 6.703525 0.422927
v -0.237295 7.006772 1.017156
v -0.664017 7.054122 1.082060
v -1.219247 6.969244 0.690046
v -1.321379 6.871107 0.422320
v -0.414276 6.259111 0.198830
v -0.839983 6.314970 0.198627
v -1.194668 6.583349 0.310473
v -0.153558 6.487753 0.310878
v 0.173020 9.967770 0.758201
v -0.841668 9.924808 1.237676
v -0.929612 10.669552 0.433179
v -0.871573 3.771389 0.438060
v -1.026273 6.307867 0.325140
v -0.869557 3.771389 1.052488
v -1.023902 6.615908 1.111459
v -0.163536 3.905407 0.383651
v -0.193866 6.335589 0.323396
v -0.165552 4.088874 0.983420
v -0.196237 6.803785 1.109715
v -0.926790 4.584841 0.347984
v -0.955764 5.036367 0.320702
v -0.980134 5.491972 0.297765
v -1.021528 5.994530 0.310075
v -1.018909 5.994717 1.126575
v -0.977598 5.491971 1.138974
v -0.953367 5.036367 1.115871
v -0.924557 4.584841 1.088412
v -0.104455 6.060033 1.126575
v -0.092156 5.491972 1.138974
v -0.116386 5.036367 1.115871
v -0.145196 4.584841 1.088412
v -0.101836 6.060221 0.310075
v -0.089620 5.491972 0.297765
v -0.113989 5.036367 0.320702
v -0.142964 4.584841 0.347984
v -0.981785 3.771389 0.857160
v -0.981785 3.771389 0.575376
v -1.155844 6.367640 0.550542
v -1.155844 6.456305 0.880966
v -0.053323 4.088874 0.546438
v -0.053323 4.088874 0.815406
v -0.064295 6.739997 0.880078
v -0.064295 6.495182 0.548798
v -0.020955 4.584841 0.872177
v -0.020955 4.584841 0.560231
v 0.017040 5.036367 0.883650
v 0.017040 5.036367 0.548641
v 0.048996 5.491972 0.893307
v 0.048996 5.491972 0.538901
v 0.041322 6.070446 0.888124
v 0.041322 6.070446 0.544128
v -1.048799 4.584841 0.560231
v -1.048799 4.584841 0.872177
v -1.086794 5.036367 0.548641
v -1.086794 5.036367 0.883650
v -1.118750 5.491972 0.538901
v -1.118750 5.491971 0.893307
v -1.164686 5.984305 0.544128
v -1.164686 5.984305 0.888124
v -0.362811 3.871451 1.159312
v -0.672298 3.782260 1.140628
v -0.791994 6.705300 1.271057
v -0.428145 6.798330 1.271057
v -0.672298 3.782258 0.349864
v -0.362811 3.871445 0.333772
v -0.428145 6.274630 0.219261
v -0.791994 6.269156 0.219261
v -0.363569 4.584841 0.248285
v -0.706184 4.584841 0.248285
v -0.350904 5.036367 0.213632
v -0.718849 5.036367 0.213632
v -0.340253 5.491972 0.184495
v -0.729501 5.491972 0.184495
v -0.360681 6.041732 0.200133
v -0.762684 6.013019 0.200133
v -0.706184 4.584841 1.242079
v -0.363569 4.584841 1.242079
v -0.718849 5.036367 1.276614
v -0.350904 5.036367 1.276614
v -0.729501 5.491972 1.305668
v -0.340253 5.491972 1.305668
v -0.762684 6.013019 1.290074
v -0.360681 6.041732 1.290074
v -0.873610 3.686079 0.450091
v -0.871593 3.686079 1.052488
v -0.165572 3.675488 0.410241
v -0.167588 3.675488 1.045033
v -0.983821 3.686079 0.857160
v -0.983821 3.686079 0.613155
v -0.055360 3.675488 0.514725
v -0.055360 3.675488 0.861811
v -0.364847 3.675488 1.138488
v -0.674334 3.686079 1.138488
v -0.674334 3.686079 0.374320
v -0.364847 3.675488 0.360032
v -0.883152 3.625263 0.470477
v -0.881136 3.625263 1.070774
v -0.211184 3.395830 0.463120
v -0.213182 3.395830 1.045841
v -0.993364 3.625263 0.895463
v -0.993364 3.625263 0.642555
v -0.102017 3.395831 0.606956
v -0.102017 3.395831 0.865548
v -0.408570 3.535798 1.144963
v -0.683877 3.625264 1.148371
v -0.683877 3.625263 0.389647
v -0.372920 3.524828 0.393432
v -0.867550 1.094026 0.536012
v -0.866084 1.079195 0.972397
v -0.352434 1.105442 0.538427
v -0.353887 1.090571 0.970674
v -0.947716 1.083603 0.845467
v -0.947716 1.089656 0.661606
v -0.273028 1.101179 0.662332
v -0.273028 1.094914 0.844440
v -0.496008 1.088648 1.026548
v -0.722602 1.077173 1.028608
v -0.722602 1.096149 0.477055
v -0.496008 1.107445 0.480225
v -0.438121 2.922297 1.219350
v -0.453856 2.365098 1.200724
v -0.478576 1.667291 1.112461
v -0.100098 2.922297 0.666896
v -0.147303 2.377391 0.699793
v -0.221463 1.681740 0.692492
v -0.313024 1.686655 0.549619
v -0.256470 2.381581 0.529397
v -0.220472 2.922296 0.478952
v -0.221463 1.674515 0.902476
v -0.147303 2.371247 0.950243
v -0.100098 2.922297 0.943123
v -1.000430 2.928734 0.475985
v -0.964088 2.381176 0.521330
v -0.906992 1.680497 0.546693
v -0.999430 1.675925 0.690851
v -1.074300 2.377837 0.691964
v -1.121956 2.928734 0.665728
v -0.222675 2.922296 1.134598
v -0.258467 2.366991 1.123859
v -0.314699 1.669507 1.048034
v -0.998207 2.928734 1.137907
v -0.962072 2.368562 1.125902
v -0.905301 1.664111 1.050231
v -0.739856 1.661723 1.115331
v -0.764813 2.366303 1.204323
v -0.780698 2.928734 1.223469
v -0.780698 2.928734 0.386857
v -0.764813 2.384142 0.444228
v -0.739856 1.683251 0.479202
v -0.478576 1.688964 0.482507
v -0.453856 2.383560 0.449377
v -0.438121 2.922297 0.390669
v -1.121956 2.928734 0.944599
v -1.074300 2.373065 0.948652
v -0.999430 1.669272 0.903128
v -0.906992 0.745349 0.470687
v -0.905301 0.726949 1.014498
v -0.313024 0.758564 0.473435
v -0.314699 0.740032 1.012094
v -0.999430 0.732376 0.856203
v -0.999430 0.739987 0.627068
v -0.221463 0.753252 0.627843
v -0.221463 0.745444 0.854783
v -0.478576 0.737636 1.081723
v -0.739856 0.724396 1.084326
v -0.739856 0.748044 0.396991
v -0.478576 0.761060 0.400904
v -0.906992 0.536671 0.494809
v -0.905301 0.520153 0.974936
v -0.313024 0.551718 0.497772
v -0.314699 0.535356 0.973347
v -0.999430 0.609334 0.838209
v -0.999430 0.616171 0.635908
v -0.221463 0.611209 0.636306
v -0.221463 0.604316 0.836668
v -0.478576 0.450138 1.031963
v -0.739856 0.436910 1.034209
v -0.739856 0.457555 0.428111
v -0.478576 0.470818 0.430877
v -1.146414 0.014168 0.550514
v -1.119264 0.171128 0.564869
v -1.146414 0.014168 0.895501
v -1.119264 0.171128 0.895501
v 1.184908 -0.004933 0.509160
v 1.145514 0.093750 0.532162
v 1.072674 -0.004933 1.113807
v 0.985045 0.093750 1.113807
v 0.720777 -0.004933 1.254684
v 0.311280 -0.027593 1.205682
v -0.274128 -0.004933 1.177441
v -0.784444 -0.004933 1.087573
v -0.824604 0.462927 1.021013
v -0.274128 0.462927 1.085747
v 0.311280 0.271816 1.153727
v 0.720777 0.176883 1.202729
v -0.784444 -0.004933 0.372301
v -0.274128 0.086274 0.372301
v 0.187683 0.040136 0.394870
v 0.646768 -0.004933 0.301079
v 0.770196 0.159428 0.389637
v 0.215060 0.271816 0.394870
v -0.274128 0.462927 0.443901
v -0.784444 0.462927 0.443901
v -1.175377 0.014168 0.769475
v -1.175377 0.014168 0.643450
v -1.119264 0.239276 0.643450
v -1.119264 0.239276 0.769475
v 1.253127 -0.004933 0.636863
v 1.243172 -0.004933 0.827202
v 1.205875 0.093750 0.827202
v 1.215829 0.093750 0.636863
v 0.789253 0.293253 0.938967
v 0.779725 0.293253 0.623250
v 0.311280 0.402165 0.935411
v 0.311280 0.402165 0.665141
v -0.234644 0.698751 0.909061
v -0.234644 0.698751 0.640681
v -0.973871 0.698751 0.849149
v -0.973871 0.698751 0.610725
v -0.784444 -0.004933 0.849149
v -0.784444 -0.004933 0.610725
v -0.274128 -0.004933 0.909061
v -0.274128 0.040550 0.640681
v 0.236188 -0.004933 0.849454
v 0.236188 0.028987 0.665141
v 0.792846 -0.004933 0.870278
v 0.779725 -0.004933 0.623250
v -0.965429 -0.004933 1.013504
v -0.965429 0.323171 0.464824
v -0.985509 0.323171 0.980224
v -0.965429 -0.004933 0.429024
v -0.965429 -0.004933 0.818677
v -0.965429 -0.004933 0.623850
v -1.012988 0.481971 0.818677
v -1.012988 0.481971 0.623850
v -1.146414 0.014169 -0.550514
v -1.119264 0.171128 -0.564869
v -1.146414 0.014169 -0.895502
v -1.119264 0.171128 -0.895502
v 1.184909 -0.004933 -0.509160
v 1.145515 0.093750 -0.532162
v 1.072674 -0.004933 -1.113807
v 0.985045 0.093750 -1.113807
v 0.720778 -0.004933 -1.254684
v 0.311280 -0.027592 -1.205682
v -0.274128 -0.004933 -1.177441
v -0.784444 -0.004933 -1.087573
v -0.824604 0.462928 -1.021013
v -0.274128 0.462928 -1.085747
v 0.311280 0.271817 -1.153727
v 0.720778 0.176884 -1.202729
v -0.784444 -0.004933 -0.372301
v -0.274128 0.086275 -0.372301
v 0.187683 0.040137 -0.394870
v 0.646768 -0.004933 -0.301079
v 0.770196 0.159428 -0.389637
v 0.215061 0.271817 -0.394870
v -0.274128 0.462928 -0.443901
v -0.784444 0.462928 -0.443901
v -1.175378 0.014169 -0.769476
v -1.175378 0.014169 -0.643450
v -1.119264 0.239277 -0.643450
v -1.119264 0.239277 -0.769476
v 1.253127 -0.004933 -0.636864
v 1.243173 -0.004933 -0.827202
v 1.205875 0.093750 -0.827202
v 1.215829 0.093750 -0.636864
v 0.789254 0.293253 -0.938967
v 0.779725 0.293253 -0.623251
v 0.311280 0.402165 -0.935412
v 0.311280 0.402165 -0.665141
v -0.234644 0.698752 -0.909061
v -0.234644 0.698752 -0.640681
v -0.973871 0.698752 -0.849149
v -0.973871 0.698752 -0.610725
v -0.784444 -0.004933 -0.849149
v -0.784444 -0.004933 -0.610725
v -0.274128 -0.004933 -0.909061
v -0.274128 0.040550 -0.640681
v 0.236188 -0.004933 -0.849455
v 0.236188 0.028987 -0.665141
v 0.792846 -0.004933 -0.870278
v 0.779725 -0.004933 -0.623251
v -0.965429 -0.004933 -1.013504
v -0.965429 0.323172 -0.464824
v -0.985509 0.323172 -0.980224
v -0.965429 -0.004933 -0.429024
v -0.965429 -0.004933 -0.818677
v -0.965429 -0.004933 -0.623851
v -1.012988 0.481972 -0.818677
v -1.012988 0.481972 -0.623851
v -0.871573 3.771389 -0.438060
v -1.026273 6.307867 -0.325140
v -0.869557 3.771389 -1.052488
v -1.023902 6.615908 -1.111459
v -0.163536 3.905407 -0.383651
v -0.193866 6.335589 -0.323396
v -0.165552 4.088874 -0.983420
v -0.196237 6.803784 -1.109716
v -0.926790 4.584840 -0.347984
v -0.955765 5.036366 -0.320702
v -0.980134 5.491972 -0.297765
v -1.021529 5.994530 -0.310075
v -1.018909 5.994717 -1.126575
v -0.977598 5.491971 -1.138974
v -0.953367 5.036366 -1.115871
v -0.924558 4.584840 -1.088412
v -0.104455 6.060033 -1.126575
v -0.092156 5.491971 -1.138974
v -0.116387 5.036366 -1.115871
v -0.145196 4.584840 -1.088412
v -0.101836 6.060221 -0.310075
v -0.089620 5.491971 -0.297765
v -0.113989 5.036366 -0.320702
v -0.142964 4.584840 -0.347984
v -0.981785 3.771389 -0.857160
v -0.981785 3.771389 -0.575376
v -1.155844 6.367640 -0.550542
v -1.155844 6.456305 -0.880967
v -0.053324 4.088874 -0.546438
v -0.053324 4.088874 -0.815406
v -0.064295 6.739997 -0.880078
v -0.064295 6.495182 -0.548798
v -0.020955 4.584840 -0.872177
v -0.020955 4.584840 -0.560231
v 0.017040 5.036366 -0.883650
v 0.017040 5.036366 -0.548641
v 0.048996 5.491971 -0.893307
v 0.048996 5.491971 -0.538901
v 0.041322 6.070446 -0.888124
v 0.041322 6.070446 -0.544129
v -1.048799 4.584840 -0.560231
v -1.048799 4.584840 -0.872177
v -1.086794 5.036366 -0.548641
v -1.086794 5.036366 -0.883650
v -1.118750 5.491972 -0.538901
v -1.118750 5.491971 -0.893307
v -1.164686 5.984305 -0.544129
v -1.164686 5.984305 -0.888124
v -0.362811 3.871451 -1.159312
v -0.672298 3.782261 -1.140628
v -0.791994 6.705300 -1.271057
v -0.428145 6.798330 -1.271057
v -0.672298 3.782258 -0.349864
v -0.362811 3.871445 -0.333772
v -0.428145 6.274630 -0.219262
v -0.791994 6.269156 -0.219262
v -0.363569 4.584840 -0.248285
v -0.706184 4.584840 -0.248285
v -0.350904 5.036366 -0.213632
v -0.718849 5.036366 -0.213632
v -0.340253 5.491971 -0.184495
v -0.729501 5.491971 -0.184495
v -0.360681 6.041732 -0.200133
v -0.762684 6.013019 -0.200133
v -0.706184 4.584840 -1.242079
v -0.363570 4.584840 -1.242079
v -0.718849 5.036366 -1.276614
v -0.350904 5.036366 -1.276614
v -0.729501 5.491971 -1.305668
v -0.340253 5.491971 -1.305668
v -0.762684 6.013019 -1.290075
v -0.360681 6.041732 -1.290075
v -0.873609 3.686079 -0.450091
v -0.871593 3.686079 -1.052488
v -0.165572 3.675488 -0.410241
v -0.167588 3.675488 -1.045033
v -0.983822 3.686079 -0.857160
v -0.983821 3.686079 -0.613155
v -0.055360 3.675488 -0.514725
v -0.055360 3.675488 -0.861811
v -0.364847 3.675488 -1.138487
v -0.674334 3.686079 -1.138487
v -0.674334 3.686079 -0.374320
v -0.364847 3.675488 -0.360032
v -0.883152 3.625264 -0.470477
v -0.881136 3.625264 -1.070774
v -0.211184 3.395831 -0.463120
v -0.213182 3.395831 -1.045841
v -0.993364 3.625264 -0.895463
v -0.993364 3.625264 -0.642555
v -0.102017 3.395832 -0.606956
v -0.102017 3.395831 -0.865548
v -0.408570 3.535799 -1.144963
v -0.683877 3.625265 -1.148371
v -0.683877 3.625264 -0.389647
v -0.372920 3.524828 -0.393432
v -0.867550 1.094027 -0.536012
v -0.866084 1.079196 -0.972398
v -0.352434 1.105443 -0.538427
v -0.353887 1.090572 -0.970674
v -0.947716 1.083604 -0.845467
v -0.947716 1.089657 -0.661606
v -0.273028 1.101181 -0.662333
v -0.273028 1.094915 -0.844440
v -0.496008 1.088650 -1.026548
v -0.722602 1.077174 -1.028608
v -0.722602 1.096150 -0.477056
v -0.496008 1.107446 -0.480225
v -0.438121 2.922297 -1.219350
v -0.453856 2.365099 -1.200724
v -0.478576 1.667292 -1.112461
v -0.100098 2.922297 -0.666896
v -0.147303 2.377392 -0.699793
v -0.221463 1.681741 -0.692492
v -0.313024 1.686656 -0.549619
v -0.256470 2.381581 -0.529397
v -0.220472 2.922296 -0.478952
v -0.221463 1.674516 -0.902476
v -0.147303 2.371248 -0.950243
v -0.100098 2.922297 -0.943123
v -1.000430 2.928734 -0.475985
v -0.964088 2.381177 -0.521330
v -0.906992 1.680498 -0.546693
v -0.999430 1.675926 -0.690851
v -1.074300 2.377837 -0.691964
v -1.121956 2.928734 -0.665728
v -0.222675 2.922296 -1.134598
v -0.258467 2.366992 -1.123859
v -0.314699 1.669508 -1.048034
v -0.998207 2.928734 -1.137906
v -0.962072 2.368563 -1.125902
v -0.905301 1.664112 -1.050232
v -0.739856 1.661724 -1.115331
v -0.764813 2.366303 -1.204323
v -0.780698 2.928734 -1.223469
v -0.780698 2.928734 -0.386857
v -0.764813 2.384143 -0.444228
v -0.739856 1.683252 -0.479202
v -0.478576 1.688965 -0.482507
v -0.453856 2.383560 -0.449377
v -0.438121 2.922297 -0.390669
v -1.121956 2.928734 -0.944598
v -1.074300 2.373065 -0.948652
v -0.999430 1.669273 -0.903128
v -0.906992 0.745350 -0.470687
v -0.905301 0.726950 -1.014498
v -0.313024 0.758565 -0.473435
v -0.314699 0.740033 -1.012094
v -0.999430 0.732377 -0.856203
v -0.999430 0.739988 -0.627068
v -0.221463 0.753253 -0.627844
v -0.221463 0.745445 -0.854783
v -0.478576 0.737637 -1.081723
v -0.739856 0.724397 -1.084326
v -0.739856 0.748045 -0.396991
v -0.478576 0.761061 -0.400904
v -0.906992 0.536672 -0.494809
v -0.905301 0.520154 -0.974936
v -0.313024 0.551718 -0.497772
v -0.314699 0.535356 -0.973348
v -0.999430 0.609335 -0.838209
v -0.999430 0.616172 -0.635909
v -0.221463 0.611210 -0.636306
v -0.221463 0.604316 -0.836668
v -0.478576 0.450138 -1.031963
v -0.739856 0.436911 -1.034209
v -0.739856 0.457556 -0.428111
v -0.478576 0.470819 -0.430877
v -0.644529 14.235885 2.872346
v -0.644529 14.852136 3.174726
v -0.644529 14.235885 3.459399
v -0.644529 14.877284 3.313157
v -0.549728 14.235885 2.872346
v -0.549728 14.852136 3.174726
v -0.549728 14.235885 3.459399
v -0.549728 14.877284 3.313157
v -0.644529 14.348160 3.051475
v -0.644529 14.535069 3.197701
v -0.644529 14.683327 3.219839
v -0.644529 14.708475 3.358269
v -0.644529 14.506968 3.335294
v -0.644529 14.348161 3.280368
v -0.549728 14.708475 3.358269
v -0.549728 14.506968 3.335294
v -0.549728 14.348161 3.280368
v -0.549728 14.683327 3.219839
v -0.549728 14.535069 3.197701
v -0.549728 14.348161 3.051475
v -0.644529 14.213570 2.872346
v -0.644529 14.213570 3.459399
v -0.549728 14.213570 2.872346
v -0.549728 14.213570 3.459399
v -0.644529 14.235885 3.165921
v -0.644529 14.901424 3.237112
v -0.549728 14.235885 3.165921
v -0.549728 14.901424 3.237112
v -0.549728 14.348161 3.165922
v -0.549728 14.521019 3.266498
v -0.549728 14.695901 3.289054
v -0.644529 14.348161 3.165922
v -0.644529 14.521019 3.266498
v -0.644529 14.695901 3.289054
v -0.644529 14.213570 3.165921
v -0.549728 14.213570 3.165921
v -0.446626 14.235885 2.872118
v -0.446626 14.852136 3.174400
v -0.446626 14.235885 3.459171
v -0.446626 14.877284 3.312830
v -0.351824 14.235885 2.872118
v -0.351824 14.852136 3.174400
v -0.351824 14.235885 3.459171
v -0.351824 14.877284 3.312830
v -0.446626 14.348160 3.051149
v -0.446626 14.535069 3.197376
v -0.446626 14.683327 3.219513
v -0.446626 14.708475 3.357944
v -0.446626 14.506968 3.334968
v -0.446626 14.348161 3.280042
v -0.351824 14.708475 3.357944
v -0.351824 14.506968 3.334968
v -0.351824 14.348161 3.280042
v -0.351824 14.683327 3.219513
v -0.351824 14.535069 3.197376
v -0.351824 14.348161 3.051149
v -0.446626 14.213570 2.872118
v -0.446626 14.213570 3.459171
v -0.351824 14.213570 2.872118
v -0.351824 14.213570 3.459171
v -0.446626 14.235885 3.165596
v -0.446626 14.901424 3.236786
v -0.351824 14.235885 3.165596
v -0.351824 14.901424 3.236786
v -0.351824 14.348161 3.165596
v -0.351824 14.521019 3.266171
v -0.351824 14.695901 3.288728
v -0.446626 14.348161 3.165596
v -0.446626 14.521019 3.266171
v -0.446626 14.695901 3.288728
v -0.446626 14.213570 3.165596
v -0.351824 14.213570 3.165596
v -1.093591 13.466735 5.293078
v -1.093591 14.376760 5.293078
v -1.093591 13.466734 7.040819
v -1.133968 14.263075 7.757016
v -0.183567 13.466735 5.293078
v -0.183567 14.376760 5.293079
v -0.183566 13.466734 7.040819
v -0.138337 14.263075 7.757016
v -1.228763 13.921747 5.293078
v -1.228763 13.921746 7.156735
v -0.048394 13.921746 7.156734
v -0.048395 13.921748 5.293078
v -0.638578 13.800635 7.040818
v -0.640933 14.311231 7.757016
v -0.638579 13.800636 5.293078
v -0.638579 14.532911 5.293079
v -0.638579 13.921747 5.293078
v -0.638578 13.921746 7.156734
v -1.093591 13.466734 6.827451
v -1.093591 14.376758 7.531458
v -0.183566 13.466734 6.827451
v -0.183566 14.376758 7.531458
v -0.048394 13.921746 6.930371
v -1.228763 13.921746 6.930371
v -0.641217 14.532021 7.335717
v -0.638578 13.800635 6.827450
v -1.037864 14.674654 7.806688
v -1.145030 14.265982 8.194296
v -1.037863 14.603286 8.621552
v -0.227019 14.671739 7.726855
v -0.119121 14.270233 8.165349
v -0.227019 14.603284 8.621551
v -1.145762 14.333801 8.397814
v -0.119121 14.333799 8.397814
v -1.145030 14.252303 7.946775
v -1.037864 14.675065 8.093356
v -0.119121 14.256555 7.917829
v -0.227019 14.678166 8.178349
v -0.119121 14.393476 8.007284
v -1.145763 14.393476 8.007283
v -0.641216 14.451940 8.286298
v -0.641216 14.693160 8.712714
v -0.641216 14.781608 7.628583
v -0.641216 14.469081 8.599398
v -0.641216 14.792023 8.151055
v -0.641216 14.412308 8.036730
v -0.641226 14.570436 9.021274
v -0.383145 14.527190 8.927516
v -0.888372 14.527191 8.927516
v -0.955602 14.385228 8.760442
v -0.315915 14.385227 8.760442
v -0.641226 14.467156 8.843808
v -1.093589 13.466738 9.862055
v -1.093590 14.376760 9.176524
v -1.093589 13.466738 11.110963
v -1.093589 14.376760 11.110963
v -0.183565 13.466738 9.862055
v -0.183565 14.376760 9.176524
v -0.183565 13.466738 11.110963
v -0.183565 14.376760 11.110963
v -1.228762 13.921750 9.176524
v -1.228762 13.921750 11.110963
v -0.048393 13.921750 11.110963
v -0.048393 13.921750 9.176524
v -0.638577 13.310586 11.110963
v -0.638577 14.532912 11.110963
v -0.638577 13.310586 9.862055
v -0.638577 14.532912 9.176524
v -0.638577 13.921750 9.176524
v -1.461945 13.921750 11.460178
v -1.461945 13.921750 11.122381
v -1.273366 13.286961 11.122381
v -0.638577 13.069113 11.122381
v -0.638577 14.774384 11.122381
v -0.003789 14.556538 11.122381
v 0.184790 13.921750 11.122381
v -0.003789 13.286961 11.122381
v -1.273366 14.556538 11.122381
v -1.273366 13.286961 11.460178
v -0.638577 13.069113 11.460178
v -0.638577 14.774384 11.460178
v -0.003789 14.556538 11.460178
v 0.184790 13.921750 11.460178
v -0.003789 13.286961 11.460178
v -1.273366 14.556538 11.460178
v -0.638577 13.921750 11.460178
v -0.048393 13.921750 9.775076
v -1.228761 13.921750 9.775076
v -0.638577 13.921750 9.775076
v -1.290265 13.549140 4.243594
v -1.160340 14.683186 4.314081
v -1.290265 13.662951 4.980066
v -1.160340 14.669250 5.540095
v -0.045597 13.549140 4.243594
v -0.177297 14.664806 4.195135
v -0.046485 13.666866 4.936311
v -0.177298 14.669250 5.540095
v -1.291153 14.050986 4.122891
v -1.291153 14.096815 5.276162
v -0.046485 14.096815 5.276162
v -0.046484 14.050987 4.122891
v -1.290265 13.606045 4.611830
v -1.160340 14.729156 4.742380
v -0.046485 13.609962 4.568075
v -0.177298 14.748725 4.869016
v -0.046485 14.154270 4.814715
v -1.291153 14.154270 4.814715
v -0.472013 13.549761 4.954408
v -0.886902 13.549761 4.954408
v -0.886902 14.862765 5.665705
v -0.472013 14.862765 5.665705
v -0.886902 13.524904 4.094246
v -0.472012 13.524904 4.094246
v -0.472011 14.868346 4.035323
v -0.886901 14.868346 4.035323
v -0.472012 13.996534 3.770540
v -0.886901 13.996534 3.770540
v -0.886902 14.119078 5.420222
v -0.472013 14.119078 5.420222
v -0.886902 14.971391 4.814788
v -0.472012 14.971391 4.814788
v -0.472013 13.492856 4.586172
v -0.886902 13.492856 4.586172
v -0.550214 14.666718 6.038639
v -0.366581 14.565749 5.903648
v -0.979102 14.565749 5.903648
v -1.060610 14.256443 5.670758
v -0.285073 14.256443 5.670758
v -0.550214 14.255815 5.785656
v -0.808726 14.666718 6.038639
v -0.808726 14.255815 5.785656
v -0.517957 13.765549 14.780478
v -0.507025 14.065992 14.778254
v -0.217411 13.754526 14.785110
v -0.206479 14.054967 14.782880
v -0.355070 14.106734 14.780229
v -0.369366 13.713781 14.783135
v -0.561856 13.917580 14.778610
v -0.162580 13.902937 14.784753
v -0.362218 13.910260 14.781680
v -0.622972 13.672174 11.586125
v -0.605721 14.146785 11.580235
v -0.131703 14.129389 11.584495
v -0.148953 13.654779 11.590387
v -0.388619 13.590406 11.589162
v -0.366057 14.211156 11.581458
v -0.062471 13.889227 11.588143
v -0.692205 13.912337 11.582479
v -0.605275 14.144089 13.790335
v -0.131257 14.126691 13.794600
v -0.148507 13.652082 13.800488
v -0.388172 13.587711 13.799265
v -0.365610 14.208461 13.791560
v -0.062023 13.886531 13.798242
v -0.691758 13.909640 13.792581
v -0.622526 13.669479 13.796227
v -0.518761 13.772201 11.580020
v -0.509809 14.018232 11.578195
v -0.263691 14.009207 11.581979
v -0.272644 13.763178 11.583805
v -0.397081 13.729810 11.582193
v -0.385374 14.051597 11.579807
v -0.227744 13.884708 11.583516
v -0.554711 13.896700 11.578485
v -0.481729 14.035587 13.797253
v -0.235614 14.026563 13.801043
v -0.244565 13.780530 13.802861
v -0.369000 13.747165 13.801244
v -0.357292 14.068955 13.798865
v -0.199663 13.902063 13.802569
v -0.526630 13.914056 13.797538
v -0.490681 13.789557 13.799073
v -0.518761 13.772201 11.221344
v -0.509809 14.018232 11.219518
v -0.263691 14.009207 11.223303
v -0.272644 13.763178 11.225129
v -0.397081 13.729810 11.223520
v -0.385374 14.051597 11.221131
v -0.227744 13.884708 11.224841
v -0.554711 13.896700 11.219810
v -1.168021 13.822253 14.803838
v -1.161694 13.996149 14.802551
v -0.994065 13.815874 14.806520
v -0.987738 13.989770 14.805228
v -1.073742 14.019733 14.803694
v -1.082017 13.792291 14.805377
v -1.193430 13.910250 14.802758
v -0.962329 13.901774 14.806313
v -1.077880 13.906013 14.804533
v -1.212373 13.783211 12.121046
v -1.203475 14.028009 12.118009
v -0.958983 14.019036 12.120205
v -0.967881 13.774239 12.123243
v -1.091497 13.741037 12.122612
v -1.079860 14.061210 12.118639
v -0.923275 13.895164 12.122087
v -1.248082 13.907084 12.119165
v -1.203245 14.026618 13.257944
v -0.958754 14.017643 13.260145
v -0.967651 13.772850 13.263183
v -1.091267 13.739646 13.262551
v -1.079629 14.059822 13.258577
v -0.923044 13.893773 13.262023
v -1.247852 13.905694 13.259103
v -1.212143 13.781823 13.260984
v -1.158622 13.834805 12.117897
v -1.131675 13.941398 12.389200
v -1.045465 13.938236 12.390525
v -1.031679 13.830149 12.119849
v -1.092189 13.840368 12.390600
v -1.088088 13.953085 12.389765
v -1.032873 13.894627 12.391064
v -1.147404 13.898826 12.389301
v -1.139522 13.970654 13.261512
v -1.012579 13.966001 13.263466
v -1.017196 13.839100 13.264405
v -1.081378 13.821891 13.263570
v -1.075339 13.987865 13.262343
v -0.994036 13.901785 13.264254
v -1.162681 13.907969 13.261659
v -1.144139 13.843755 13.262450
v -1.158622 13.834805 11.223015
v -1.154005 13.961702 11.222073
v -1.027061 13.957048 11.224027
v -1.031678 13.830149 11.224968
v -1.095861 13.812941 11.224136
v -1.089823 13.978913 11.222907
v -1.008520 13.892833 11.224819
v -1.177165 13.899017 11.222223
v -0.507184 14.065615 14.615965
v -0.206638 14.054591 14.620592
v -0.217570 13.754148 14.622820
v -0.369525 13.713404 14.620846
v -0.355229 14.106359 14.617940
v -0.162739 13.902559 14.622463
v -0.562015 13.917204 14.616320
v -0.518116 13.765171 14.618189
v -1.161753 13.996009 14.618206
v -0.987797 13.989629 14.620883
v -0.994124 13.815735 14.622174
v -1.082076 13.792151 14.621031
v -1.073801 14.019592 14.619349
v -0.962389 13.901635 14.621967
v -1.193489 13.910110 14.618411
v -1.168080 13.822114 14.619493
v -1.143711 13.844769 14.598287
v -1.139094 13.971669 14.597348
v -1.012150 13.967014 14.599301
v -1.016767 13.840115 14.600244
v -1.080949 13.822906 14.599409
v -1.074911 13.988880 14.598182
v -0.993608 13.902800 14.600094
v -1.162253 13.908984 14.597498
v -0.489897 13.791412 14.601010
v -0.480945 14.037446 14.599189
v -0.234828 14.028418 14.602979
v -0.243780 13.782386 14.604802
v -0.368216 13.749020 14.603186
v -0.356509 14.070811 14.600806
v -0.198879 13.903919 14.604511
v -0.525846 13.915912 14.599481
v -0.944794 13.289538 5.581874
v -0.944794 13.884102 5.581874
v -0.944794 13.289538 7.455292
v -0.944794 13.884102 7.455292
v -0.350229 13.289538 5.581874
v -0.350229 13.884102 5.581874
v -0.350229 13.289538 7.455292
v -0.350229 13.884102 7.455292
v -1.035001 13.586820 5.581874
v -1.035001 13.586820 7.455292
v -0.260022 13.586820 7.455292
v -0.260022 13.586820 5.581874
v -0.647512 13.168417 7.455292
v -0.647512 14.005223 7.455292
v -0.647512 13.168417 5.581874
v -0.647512 14.005223 5.581874
v -0.647512 13.586820 5.447796
v -0.647512 13.586820 7.668258
v -0.274542 13.544801 6.860264
v -0.274542 13.760093 6.860264
v -0.274542 13.544802 8.900272
v -0.274542 13.760094 8.900272
v -0.203198 13.544801 6.860264
v -0.203198 13.760093 6.860264
v -0.203198 13.544802 8.900272
v -0.203198 13.760094 8.900272
v -0.276401 13.616014 6.807120
v -0.276401 13.688879 6.807120
v -0.276400 13.688880 8.953417
v -0.276400 13.616015 8.953417
v -0.201339 13.688880 8.953417
v -0.201339 13.616015 8.953417
v -0.201340 13.688879 6.807120
v -0.201340 13.616014 6.807120
v -1.078407 13.544802 6.860265
v -1.078407 13.760094 6.860265
v -1.078407 13.544803 8.900272
v -1.078407 13.760095 8.900272
v -1.007064 13.544802 6.860265
v -1.007064 13.760094 6.860265
v -1.007063 13.544803 8.900272
v -1.007063 13.760095 8.900272
v -1.080266 13.616015 6.807120
v -1.080266 13.688880 6.807120
v -1.080266 13.688881 8.953417
v -1.080266 13.616016 8.953417
v -1.005205 13.688881 8.953417
v -1.005202 13.616016 8.953417
v -1.005205 13.688880 6.807120
v -1.005203 13.616015 6.807120
v -1.040874 13.544805 8.640226
v -1.040874 13.760097 8.640226
v -1.040874 13.544805 10.680233
v -1.040874 13.760097 10.680233
v -0.969530 13.544805 8.640226
v -0.969530 13.760097 8.640226
v -0.969530 13.544805 10.680233
v -0.969530 13.760097 10.680233
v -1.042732 13.616018 8.587083
v -1.042732 13.688883 8.587083
v -1.042732 13.688883 10.733377
v -1.042732 13.616018 10.733377
v -0.967671 13.688883 10.733377
v -0.967671 13.616018 10.733377
v -0.967671 13.688883 8.587083
v -0.967671 13.616018 8.587083
v -0.312072 13.544805 8.640226
v -0.312072 13.760097 8.640226
v -0.312072 13.544805 10.680233
v -0.312072 13.760097 10.680233
v -0.240728 13.544805 8.640226
v -0.240728 13.760097 8.640226
v -0.240728 13.544805 10.680233
v -0.240728 13.760097 10.680233
v -0.313930 13.616018 8.587083
v -0.313930 13.688883 8.587083
v -0.313930 13.688883 10.733377
v -0.313930 13.616018 10.733377
v -0.238869 13.688883 10.733377
v -0.238869 13.616018 10.733377
v -0.238869 13.688883 8.587083
v -0.238869 13.616018 8.587083
v -0.659089 13.097110 9.060218
v -0.659913 13.116388 9.060218
v -0.658554 13.110235 10.192132
v -0.650087 13.135945 10.166356
v -0.622769 13.104190 10.197858
v -0.614302 13.129902 10.172080
v -0.642137 13.102731 10.199488
v -0.630719 13.137406 10.164725
v -0.659454 13.123957 10.178423
v -0.613402 13.116177 10.185790
v -0.657018 13.337632 10.203772
v -0.658708 13.139735 10.203734
v -0.650437 13.139672 10.167283
v -0.648747 13.337568 10.167319
v -0.622879 13.139429 10.211864
v -0.621190 13.337324 10.211902
v -0.612919 13.337261 10.175448
v -0.614609 13.139365 10.175412
v -0.629392 13.337404 10.165030
v -0.631081 13.139506 10.164992
v -0.640545 13.337490 10.214190
v -0.642235 13.139592 10.214153
v -0.611915 13.337250 10.194842
v -0.613604 13.139353 10.194804
v -0.659712 13.139747 10.184342
v -0.658022 13.337645 10.184380
v -0.658910 13.100585 10.179228
v -0.650385 13.133955 10.164706
v -0.623138 13.092840 10.182437
v -0.614613 13.126213 10.167912
v -0.642510 13.090896 10.183363
v -0.631013 13.135900 10.163778
v -0.659779 13.118382 10.171507
v -0.613744 13.108417 10.175634
v -0.634969 13.337447 10.189610
v -0.659089 13.046127 7.139019
v -0.650390 13.082188 7.139019
v -0.659089 13.097110 10.162633
v -0.650390 13.133171 10.162633
v -0.623030 13.037429 7.139019
v -0.614331 13.073488 7.139019
v -0.623030 13.088412 10.162633
v -0.614331 13.124472 10.162633
v -0.642576 13.086476 10.162633
v -0.630844 13.135106 10.162633
v -0.642576 13.035493 7.139019
v -0.630844 13.084123 7.139019
v -0.659913 13.065405 7.139019
v -0.659913 13.116388 10.162633
v -0.613508 13.105194 10.162633
v -0.613508 13.054211 7.139019
v -0.659089 13.097110 10.143678
v -0.650390 13.133171 9.060218
v -0.650390 13.133171 10.143678
v -0.623030 13.088412 9.060218
v -0.623030 13.088412 10.143678
v -0.614331 13.124472 10.143678
v -0.614331 13.124472 9.060218
v -0.630844 13.135106 10.143678
v -0.630844 13.135106 9.060218
v -0.642576 13.086476 10.143678
v -0.642576 13.086476 9.060218
v -0.613508 13.105194 10.143678
v -0.613508 13.105194 9.060218
v -0.659913 13.116388 10.143678
v -0.658554 13.059252 7.109519
v -0.650087 13.084964 7.135296
v -0.622769 13.053206 7.103796
v -0.614302 13.078919 7.129572
v -0.642137 13.051748 7.102164
v -0.630719 13.086424 7.136927
v -0.659454 13.072974 7.123229
v -0.613402 13.065194 7.115862
v -0.657018 13.286652 7.097880
v -0.658708 13.088753 7.097917
v -0.650437 13.088689 7.134369
v -0.648747 13.286587 7.134333
v -0.622879 13.088446 7.089787
v -0.621190 13.286343 7.089750
v -0.612919 13.286280 7.126203
v -0.614609 13.088382 7.126240
v -0.629392 13.286423 7.136621
v -0.631081 13.088525 7.136658
v -0.640545 13.286508 7.087461
v -0.642235 13.088611 7.087499
v -0.611915 13.286266 7.106810
v -0.613604 13.088369 7.106848
v -0.659712 13.088764 7.117309
v -0.658022 13.286664 7.117272
v -0.658910 13.049603 7.122424
v -0.650385 13.082973 7.136946
v -0.623138 13.041858 7.119216
v -0.614613 13.075231 7.133739
v -0.642510 13.039913 7.118289
v -0.631013 13.084917 7.137873
v -0.659779 13.067399 7.130145
v -0.613744 13.057434 7.126018
v -0.634969 13.286466 7.112041
v -1.623780 13.621947 14.747650
v -1.623780 14.175364 14.747650
v -1.623780 13.621947 15.182426
v -1.623780 14.175364 15.182426
v 0.222561 13.621947 14.747650
v 0.222561 14.175364 14.747650
v 0.222561 13.621947 15.182426
v 0.222561 14.175364 15.182426
v -1.631618 13.827168 15.775905
v -1.631618 14.113666 15.775905
v -1.631618 13.827168 16.106632
v -1.631618 14.164922 16.106632
v 0.230399 13.827168 15.775905
v 0.230399 14.113666 15.775905
v 0.230399 13.827168 16.106632
v 0.230399 14.164922 16.106632
v -0.068313 13.879785 17.654741
v -0.068313 14.025282 17.671940
v -0.034967 13.822011 18.293819
v -0.034967 13.901073 18.305082
v 0.078238 13.879785 17.654741
v 0.078238 14.025282 17.671940
v 0.044892 13.822011 18.293819
v 0.044892 13.901073 18.305082
v -0.068313 14.000281 16.075563
v -0.068313 14.146606 16.083691
v -0.068313 13.947177 16.975790
v -0.068313 14.093293 16.986719
v 0.078238 14.000281 16.075563
v 0.078238 14.146606 16.083691
v 0.078238 13.947177 16.975790
v 0.078238 14.093293 16.986719
v -0.555367 13.868566 17.706450
v -0.524368 13.799848 18.398582
v -0.555367 14.014061 17.723644
v -0.408817 13.868566 17.706450
v -0.439816 13.799848 18.398582
v -0.408817 14.014061 17.723644
v -0.439816 13.883554 18.410507
v -0.524368 13.883554 18.410507
v -0.555367 13.994835 16.078320
v -0.555367 13.941968 16.976185
v -0.555367 14.141160 16.086449
v -0.408817 13.994835 16.078320
v -0.408817 13.941968 16.976185
v -0.408817 14.141160 16.086449
v -0.408817 14.088084 16.987112
v -0.555367 14.088084 16.987112
v -1.521402 13.913740 17.541744
v -1.493278 13.865984 18.065781
v -1.532167 14.037861 17.556417
v -1.380234 13.903052 17.540483
v -1.413001 13.859922 18.064920
v -1.390999 14.027174 17.555155
v -1.419122 13.930308 18.074947
v -1.499400 13.936368 18.075811
v -1.529476 14.005028 16.071856
v -1.525439 13.959766 16.974648
v -1.529476 14.151352 16.079983
v -1.382925 14.005028 16.071856
v -1.381580 13.954408 16.974142
v -1.382925 14.151352 16.079983
v -1.386962 14.089806 16.984062
v -1.530821 14.095164 16.984566
v -1.042421 13.946877 16.979002
v -1.042421 13.882146 17.635088
v -1.042421 14.092992 16.989929
v -0.895871 13.946877 16.979002
v -0.895871 13.882146 17.635088
v -0.895871 14.092992 16.989929
v -0.895871 14.027640 17.652288
v -1.042421 14.027640 17.652288
v -1.010605 13.826996 18.248018
v -0.927687 13.826996 18.248018
v -0.927687 13.909084 18.259714
v -1.010605 13.909084 18.259714
v -1.042421 14.000285 16.075569
v -1.042421 14.146608 16.083696
v -0.895871 14.000285 16.075569
v -0.895871 14.146608 16.083696
v 0.493740 14.038551 15.704637
v 0.638842 14.038551 15.684381
v 0.543510 14.005206 16.337481
v 0.622843 14.005206 16.328329
v 0.493740 13.892001 15.704637
v 0.638842 13.892001 15.684381
v 0.543510 13.925347 16.337481
v 0.622843 13.925347 16.328329
v 0.361779 14.072345 15.197649
v 0.480873 14.072345 15.112246
v 0.361779 13.925795 15.197649
v 0.480874 13.925795 15.112246
v 0.098760 14.033489 14.960058
v 0.166624 14.033489 14.830168
v 0.166624 13.886938 14.830168
v 0.098760 13.886938 14.960058
v -0.141368 14.188254 15.975288
v -0.119029 14.251838 16.030602
v -0.141368 14.170977 16.115776
v -0.141368 14.240314 16.124304
v 0.149179 14.188254 15.975288
v 0.126840 14.251838 16.030602
v 0.149179 14.170977 16.115776
v 0.149179 14.240314 16.124304
v 0.080748 14.121101 16.310589
v -0.072937 14.121101 16.310589
v -0.032304 14.275443 16.222937
v 0.040115 14.275443 16.222937
v -0.072937 14.267068 15.905340
v 0.080748 14.267068 15.905340
v 0.040115 14.304148 15.989541
v -0.032304 14.304148 15.989541
v -0.619402 14.188255 15.975289
v -0.597064 14.251839 16.030602
v -0.619402 14.170978 16.115776
v -0.619402 14.240314 16.124304
v -0.328856 14.188255 15.975289
v -0.351194 14.251839 16.030602
v -0.328856 14.170978 16.115776
v -0.328856 14.240314 16.124304
v -0.397286 14.121102 16.310591
v -0.550972 14.121102 16.310591
v -0.510339 14.275444 16.222937
v -0.437919 14.275444 16.222937
v -0.550972 14.267069 15.905341
v -0.397287 14.267069 15.905341
v -0.437919 14.304149 15.989542
v -0.510339 14.304149 15.989542
v -1.097439 14.188254 15.975288
v -1.075100 14.251838 16.030602
v -1.097439 14.170977 16.115776
v -1.097439 14.240314 16.124304
v -0.806893 14.188254 15.975288
v -0.829231 14.251838 16.030602
v -0.806893 14.170977 16.115776
v -0.806893 14.240314 16.124304
v -0.875323 14.121101 16.310589
v -1.029008 14.121101 16.310589
v -0.988376 14.275443 16.222937
v -0.915956 14.275443 16.222937
v -1.029008 14.267068 15.905340
v -0.875323 14.267068 15.905340
v -0.915956 14.304148 15.989541
v -0.988376 14.304148 15.989541
v -1.575475 14.188254 15.975288
v -1.553136 14.251838 16.030602
v -1.575475 14.170977 16.115776
v -1.575475 14.240314 16.124304
v -1.284928 14.188254 15.975288
v -1.307267 14.251838 16.030602
v -1.284928 14.170977 16.115776
v -1.284928 14.240314 16.124304
v -1.353359 14.121101 16.310589
v -1.507044 14.121101 16.310589
v -1.466411 14.275442 16.222937
v -1.393992 14.275442 16.222937
v -1.507044 14.267068 15.905340
v -1.353359 14.267068 15.905340
v -1.393992 14.304148 15.989541
v -1.466411 14.304148 15.989541
v 0.304167 14.160734 14.995136
v 0.385164 14.138086 14.972159
v 0.409481 14.147735 15.088811
v 0.456106 14.151626 15.036933
v 0.295059 13.871868 14.965289
v 0.377457 13.893640 14.946900
v 0.400373 13.858869 15.058962
v 0.446998 13.862760 15.007084
v 0.533745 13.907154 15.217087
v 0.538563 14.059949 15.232876
v 0.553640 14.037208 15.052845
v 0.551370 13.965207 15.045404
v 0.289719 14.103841 14.884045
v 0.284901 13.951045 14.868258
v 0.376408 13.986803 14.889781
v 0.378678 14.058805 14.897222
v -0.093255 13.976624 15.187557
v -0.093255 14.078644 15.187637
v 0.047699 13.976624 15.187557
v 0.047699 14.078644 15.187637
v -0.068313 14.157888 15.974372
v -0.068313 14.245765 15.977482
v 0.078238 14.143786 15.974372
v 0.078238 14.245765 15.977482
v -0.558974 13.976624 15.187557
v -0.558974 14.078644 15.187637
v -0.418020 13.976624 15.187557
v -0.418020 14.078644 15.187637
v -0.552522 14.157888 15.974372
v -0.552522 14.245765 15.977482
v -0.405972 14.143786 15.974372
v -0.405972 14.245765 15.977482
v -1.024693 13.976624 15.187557
v -1.024693 14.078644 15.187637
v -0.883739 13.976624 15.187557
v -0.883739 14.078644 15.187637
v -1.036732 14.157888 15.974372
v -1.036732 14.245765 15.977482
v -0.890181 14.143786 15.974372
v -0.890181 14.245765 15.977482
v -1.490412 13.976624 15.187557
v -1.490412 14.078644 15.187637
v -1.349458 13.976624 15.187557
v -1.349458 14.078644 15.187637
v -1.520941 14.157888 15.974372
v -1.520941 14.245765 15.977482
v -1.374390 14.143786 15.974372
v -1.374390 14.245765 15.977482
v 0.493741 14.038551 -15.704638
v 0.638842 14.038551 -15.684382
v 0.543511 14.005206 -16.337482
v 0.622844 14.005206 -16.328331
v 0.493741 13.892001 -15.704638
v 0.638842 13.892001 -15.684382
v 0.543511 13.925347 -16.337482
v 0.622844 13.925347 -16.328331
v 0.361780 14.072345 -15.197651
v 0.480874 14.072345 -15.112248
v 0.361780 13.925795 -15.197651
v 0.480874 13.925795 -15.112248
v 0.098760 14.033489 -14.960060
v 0.166625 14.033489 -14.830171
v 0.166625 13.886938 -14.830171
v 0.098760 13.886938 -14.960060
v -1.042421 13.946877 -16.979004
v -1.042420 13.882146 -17.635092
v -1.042421 14.092992 -16.989931
v -0.895870 13.946877 -16.979004
v -0.895870 13.882146 -17.635092
v -0.895870 14.092992 -16.989931
v -0.895870 14.027640 -17.652290
v -1.042420 14.027640 -17.652290
v -1.010604 13.826996 -18.248024
v -0.927686 13.826996 -18.248024
v -0.927686 13.909084 -18.259716
v -1.010604 13.909084 -18.259716
v -1.042421 14.000285 -16.075571
v -1.042421 14.146608 -16.083698
v -0.895870 14.000285 -16.075571
v -0.895870 14.146608 -16.083698
v -1.521401 13.913740 -17.541748
v -1.493278 13.865984 -18.065784
v -1.532166 14.037861 -17.556419
v -1.380233 13.903052 -17.540485
v -1.413000 13.859922 -18.064922
v -1.390998 14.027174 -17.555159
v -1.419122 13.930308 -18.074949
v -1.499400 13.936368 -18.075813
v -1.529475 14.005028 -16.071859
v -1.525438 13.959766 -16.974651
v -1.529475 14.151352 -16.079987
v -1.382925 14.005028 -16.071859
v -1.381579 13.954408 -16.974146
v -1.382925 14.151352 -16.079987
v -1.386961 14.089806 -16.984064
v -1.530820 14.095164 -16.984570
v -0.555366 13.868566 -17.706451
v -0.524367 13.799848 -18.398584
v -0.555366 14.014061 -17.723648
v -0.408816 13.868566 -17.706451
v -0.439815 13.799848 -18.398584
v -0.408816 14.014061 -17.723648
v -0.439815 13.883554 -18.410513
v -0.524367 13.883554 -18.410513
v -0.555366 13.994835 -16.078321
v -0.555366 13.941968 -16.976189
v -0.555366 14.141159 -16.086451
v -0.408816 13.994835 -16.078321
v -0.408816 13.941968 -16.976189
v -0.408816 14.141159 -16.086451
v -0.408816 14.088084 -16.987116
v -0.555366 14.088084 -16.987116
v -0.068312 13.879785 -17.654745
v -0.068312 14.025282 -17.671944
v -0.034966 13.822011 -18.293823
v -0.034967 13.901073 -18.305086
v 0.078238 13.879785 -17.654745
v 0.078238 14.025282 -17.671944
v 0.044893 13.822011 -18.293823
v 0.044893 13.901073 -18.305086
v -0.068312 14.000281 -16.075567
v -0.068312 14.146606 -16.083694
v -0.068312 13.947177 -16.975794
v -0.068312 14.093293 -16.986721
v 0.078238 14.000281 -16.075567
v 0.078238 14.146606 -16.083694
v 0.078238 13.947177 -16.975794
v 0.078238 14.093293 -16.986721
v -0.093254 13.976624 -15.187559
v -0.093254 14.078645 -15.187639
v 0.047700 13.976624 -15.187559
v 0.047700 14.078645 -15.187639
v -0.068312 14.157890 -15.974375
v -0.068312 14.245766 -15.977484
v 0.078239 14.143787 -15.974375
v 0.078239 14.245766 -15.977484
v -0.558973 13.976624 -15.187559
v -0.558973 14.078645 -15.187639
v -0.418019 13.976624 -15.187559
v -0.418019 14.078645 -15.187639
v -0.552521 14.157890 -15.974375
v -0.552521 14.245766 -15.977484
v -0.405971 14.143787 -15.974375
v -0.405971 14.245766 -15.977484
v -1.024692 13.976624 -15.187559
v -1.024692 14.078645 -15.187639
v -0.883738 13.976624 -15.187559
v -0.883738 14.078645 -15.187639
v -1.036731 14.157890 -15.974375
v -1.036731 14.245766 -15.977484
v -0.890180 14.143787 -15.974375
v -0.890180 14.245766 -15.977484
v -1.490411 13.976624 -15.187559
v -1.490411 14.078645 -15.187639
v -1.349457 13.976624 -15.187559
v -1.349457 14.078645 -15.187639
v -1.520940 14.157890 -15.974375
v -1.520940 14.245766 -15.977484
v -1.374389 14.143787 -15.974375
v -1.374389 14.245766 -15.977484
v -0.141367 14.188252 -15.975290
v -0.119028 14.251838 -16.030603
v -0.141367 14.170977 -16.115778
v -0.141367 14.240314 -16.124306
v 0.149180 14.188252 -15.975290
v 0.126841 14.251838 -16.030603
v 0.149180 14.170977 -16.115778
v 0.149180 14.240314 -16.124306
v 0.080749 14.121101 -16.310593
v -0.072936 14.121101 -16.310593
v -0.032303 14.275442 -16.222939
v 0.040116 14.275442 -16.222939
v -0.072936 14.267068 -15.905342
v 0.080749 14.267068 -15.905342
v 0.040116 14.304148 -15.989543
v -0.032303 14.304148 -15.989543
v -0.619402 14.188252 -15.975290
v -0.597064 14.251838 -16.030603
v -0.619402 14.170977 -16.115778
v -0.619402 14.240314 -16.124306
v -0.328856 14.188252 -15.975290
v -0.351195 14.251838 -16.030603
v -0.328856 14.170977 -16.115778
v -0.328856 14.240314 -16.124306
v -0.397287 14.121101 -16.310593
v -0.550972 14.121101 -16.310593
v -0.510339 14.275442 -16.222939
v -0.437919 14.275442 -16.222939
v -0.550972 14.267068 -15.905342
v -0.397287 14.267068 -15.905342
v -0.437919 14.304148 -15.989543
v -0.510339 14.304148 -15.989543
v -1.097438 14.188252 -15.975290
v -1.075100 14.251838 -16.030603
v -1.097438 14.170977 -16.115778
v -1.097438 14.240314 -16.124306
v -0.806892 14.188252 -15.975290
v -0.829230 14.251838 -16.030603
v -0.806892 14.170977 -16.115778
v -0.806892 14.240314 -16.124306
v -0.875323 14.121101 -16.310593
v -1.029007 14.121101 -16.310593
v -0.988375 14.275442 -16.222939
v -0.915955 14.275442 -16.222939
v -1.029008 14.267068 -15.905342
v -0.875323 14.267068 -15.905342
v -0.915955 14.304148 -15.989543
v -0.988375 14.304148 -15.989543
v -1.575474 14.188252 -15.975290
v -1.553135 14.251838 -16.030603
v -1.575474 14.170976 -16.115778
v -1.575474 14.240313 -16.124306
v -1.284927 14.188252 -15.975290
v -1.307266 14.251838 -16.030603
v -1.284927 14.170977 -16.115778
v -1.284927 14.240314 -16.124306
v -1.353358 14.121101 -16.310593
v -1.507043 14.121100 -16.310593
v -1.466411 14.275442 -16.222939
v -1.393991 14.275442 -16.222939
v -1.507043 14.267068 -15.905342
v -1.353358 14.267068 -15.905342
v -1.393991 14.304147 -15.989543
v -1.466411 14.304147 -15.989543
v 0.304167 14.160733 -14.995137
v 0.385164 14.138085 -14.972160
v 0.409481 14.147733 -15.088812
v 0.456106 14.151625 -15.036934
v 0.295059 13.871866 -14.965290
v 0.377457 13.893638 -14.946901
v 0.400373 13.858868 -15.058963
v 0.446998 13.862758 -15.007086
v 0.533745 13.907153 -15.217088
v 0.538563 14.059948 -15.232877
v 0.553640 14.037207 -15.052846
v 0.551370 13.965206 -15.045405
v 0.289719 14.103840 -14.884047
v 0.284901 13.951044 -14.868258
v 0.376408 13.986802 -14.889782
v 0.378678 14.058804 -14.897223
v -1.631617 13.827168 -15.775907
v -1.631617 14.113666 -15.775907
v -1.631617 13.827168 -16.106634
v -1.631617 14.164922 -16.106634
v 0.230400 13.827168 -15.775907
v 0.230400 14.113666 -15.775907
v 0.230400 13.827168 -16.106634
v 0.230400 14.164922 -16.106634
v -1.623778 13.621952 -14.747652
v -1.623778 14.175368 -14.747652
v -1.623778 13.621951 -15.182427
v -1.623778 14.175367 -15.182427
v 0.222563 13.621952 -14.747652
v 0.222563 14.175368 -14.747652
v 0.222563 13.621952 -15.182427
v 0.222563 14.175368 -15.182427
v -0.659090 13.097112 -9.060217
v -0.659913 13.116390 -9.060217
v -0.658554 13.110237 -10.192132
v -0.650087 13.135948 -10.166357
v -0.622769 13.104192 -10.197858
v -0.614302 13.129904 -10.172078
v -0.642137 13.102733 -10.199489
v -0.630719 13.137408 -10.164726
v -0.659454 13.123959 -10.178423
v -0.613402 13.116179 -10.185790
v -0.657018 13.337634 -10.203772
v -0.658708 13.139737 -10.203734
v -0.650437 13.139674 -10.167284
v -0.648748 13.337570 -10.167319
v -0.622879 13.139431 -10.211864
v -0.621190 13.337326 -10.211902
v -0.612919 13.337263 -10.175449
v -0.614609 13.139367 -10.175412
v -0.629392 13.337406 -10.165030
v -0.631081 13.139509 -10.164992
v -0.640546 13.337492 -10.214191
v -0.642235 13.139595 -10.214153
v -0.611915 13.337252 -10.194842
v -0.613604 13.139355 -10.194805
v -0.659712 13.139749 -10.184343
v -0.658023 13.337647 -10.184381
v -0.658910 13.100587 -10.179228
v -0.650385 13.133957 -10.164707
v -0.623138 13.092842 -10.182438
v -0.614613 13.126215 -10.167912
v -0.642510 13.090898 -10.183364
v -0.631013 13.135901 -10.163778
v -0.659779 13.118383 -10.171509
v -0.613744 13.108418 -10.175634
v -0.634969 13.337449 -10.189611
v -0.659090 13.046129 -7.139019
v -0.650390 13.082190 -7.139019
v -0.659090 13.097112 -10.162634
v -0.650390 13.133173 -10.162634
v -0.623030 13.037431 -7.139019
v -0.614331 13.073490 -7.139019
v -0.623030 13.088414 -10.162634
v -0.614331 13.124474 -10.162634
v -0.642576 13.086478 -10.162634
v -0.630844 13.135108 -10.162634
v -0.642576 13.035495 -7.139019
v -0.630844 13.084125 -7.139019
v -0.659913 13.065407 -7.139019
v -0.659913 13.116390 -10.162634
v -0.613508 13.105196 -10.162634
v -0.613508 13.054213 -7.139019
v -0.659090 13.097112 -10.143679
v -0.650391 13.133173 -9.060217
v -0.650390 13.133173 -10.143679
v -0.623030 13.088414 -9.060217
v -0.623030 13.088414 -10.143679
v -0.614331 13.124474 -10.143679
v -0.614331 13.124474 -9.060217
v -0.630844 13.135108 -10.143679
v -0.630845 13.135108 -9.060217
v -0.642576 13.086478 -10.143679
v -0.642576 13.086478 -9.060217
v -0.613508 13.105196 -10.143679
v -0.613508 13.105196 -9.060217
v -0.659913 13.116390 -10.143679
v -0.658554 13.059254 -7.109520
v -0.650087 13.084966 -7.135296
v -0.622769 13.053208 -7.103796
v -0.614302 13.078921 -7.129572
v -0.642137 13.051750 -7.102165
v -0.630719 13.086426 -7.136928
v -0.659454 13.072977 -7.123230
v -0.613402 13.065196 -7.115863
v -0.657018 13.286654 -7.097881
v -0.658708 13.088755 -7.097918
v -0.650437 13.088691 -7.134370
v -0.648748 13.286590 -7.134333
v -0.622879 13.088448 -7.089788
v -0.621190 13.286345 -7.089750
v -0.612919 13.286283 -7.126204
v -0.614609 13.088384 -7.126240
v -0.629392 13.286425 -7.136622
v -0.631081 13.088527 -7.136659
v -0.640546 13.286510 -7.087461
v -0.642235 13.088613 -7.087499
v -0.611915 13.286268 -7.106811
v -0.613604 13.088371 -7.106848
v -0.659712 13.088767 -7.117310
v -0.658023 13.286666 -7.117273
v -0.658910 13.049604 -7.122424
v -0.650385 13.082975 -7.136946
v -0.623138 13.041860 -7.119217
v -0.614613 13.075233 -7.133740
v -0.642510 13.039915 -7.118289
v -0.631013 13.084920 -7.137874
v -0.659779 13.067401 -7.130146
v -0.613744 13.057436 -7.126019
v -0.634969 13.286468 -7.112042
v -0.312072 13.544804 -8.640228
v -0.312072 13.760096 -8.640228
v -0.312072 13.544806 -10.680233
v -0.312072 13.760098 -10.680232
v -0.240728 13.544804 -8.640228
v -0.240728 13.760096 -8.640228
v -0.240728 13.544806 -10.680233
v -0.240728 13.760098 -10.680232
v -0.313931 13.616017 -8.587085
v -0.313931 13.688882 -8.587085
v -0.313930 13.688885 -10.733377
v -0.313930 13.616020 -10.733377
v -0.238869 13.688885 -10.733377
v -0.238869 13.616020 -10.733377
v -0.238870 13.688882 -8.587085
v -0.238870 13.616017 -8.587085
v -1.040874 13.544805 -8.640227
v -1.040874 13.760097 -8.640227
v -1.040874 13.544806 -10.680232
v -1.040874 13.760098 -10.680232
v -0.969530 13.544805 -8.640227
v -0.969530 13.760097 -8.640227
v -0.969530 13.544806 -10.680232
v -0.969530 13.760098 -10.680232
v -1.042732 13.616018 -8.587084
v -1.042732 13.688883 -8.587084
v -1.042732 13.688885 -10.733377
v -1.042732 13.616020 -10.733377
v -0.967671 13.688885 -10.733377
v -0.967671 13.616020 -10.733377
v -0.967672 13.688883 -8.587084
v -0.967672 13.616018 -8.587084
v -1.078407 13.544805 -6.860270
v -1.078407 13.760097 -6.860270
v -1.078407 13.544806 -8.900273
v -1.078407 13.760098 -8.900273
v -1.007063 13.544805 -6.860270
v -1.007063 13.760097 -6.860270
v -1.007063 13.544806 -8.900273
v -1.007063 13.760098 -8.900273
v -1.080266 13.616018 -6.807125
v -1.080266 13.688883 -6.807125
v -1.080265 13.688885 -8.953418
v -1.080265 13.616020 -8.953418
v -1.005204 13.688885 -8.953418
v -1.005202 13.616020 -8.953418
v -1.005205 13.688883 -6.807125
v -1.005202 13.616018 -6.807125
v -0.274541 13.544805 -6.860269
v -0.274542 13.760096 -6.860269
v -0.274541 13.544806 -8.900273
v -0.274541 13.760098 -8.900273
v -0.203198 13.544805 -6.860269
v -0.203198 13.760097 -6.860269
v -0.203197 13.544806 -8.900273
v -0.203197 13.760098 -8.900273
v -0.276400 13.616017 -6.807125
v -0.276400 13.688882 -6.807125
v -0.276400 13.688884 -8.953418
v -0.276400 13.616019 -8.953418
v -0.201339 13.688884 -8.953418
v -0.201339 13.616019 -8.953418
v -0.201339 13.688882 -6.807125
v -0.201339 13.616017 -6.807125
v -0.944792 13.289540 -5.581876
v -0.944792 13.884104 -5.581876
v -0.944792 13.289539 -7.455294
v -0.944792 13.884102 -7.455294
v -0.350227 13.289540 -5.581876
v -0.350227 13.884104 -5.581875
v -0.350228 13.289539 -7.455294
v -0.350228 13.884102 -7.455294
v -1.034999 13.586822 -5.581876
v -1.034999 13.586820 -7.455294
v -0.260021 13.586820 -7.455294
v -0.260020 13.586822 -5.581876
v -0.647510 13.168418 -7.455294
v -0.647510 14.005223 -7.455294
v -0.647510 13.168419 -5.581876
v -0.647509 14.005225 -5.581875
v -0.647510 13.586822 -5.447797
v -0.647510 13.586820 -7.668259
v -1.290264 13.549143 -4.243595
v -1.160339 14.683188 -4.314082
v -1.290264 13.662953 -4.980067
v -1.160339 14.669253 -5.540095
v -0.045595 13.549143 -4.243595
v -0.177296 14.664808 -4.195137
v -0.046483 13.666869 -4.936312
v -0.177296 14.669253 -5.540095
v -1.291152 14.050989 -4.122892
v -1.291151 14.096817 -5.276163
v -0.046483 14.096817 -5.276163
v -0.046483 14.050989 -4.122892
v -1.290264 13.606049 -4.611831
v -1.160339 14.729159 -4.742381
v -0.046483 13.609964 -4.568075
v -0.177296 14.748728 -4.869016
v -0.046483 14.154273 -4.814716
v -1.291152 14.154272 -4.814716
v -0.472011 13.549763 -4.954409
v -0.886900 13.549763 -4.954409
v -0.886900 14.862767 -5.665705
v -0.472011 14.862767 -5.665705
v -0.886900 13.524907 -4.094246
v -0.472011 13.524907 -4.094246
v -0.472011 14.868348 -4.035324
v -0.886900 14.868348 -4.035324
v -0.472011 13.996537 -3.770540
v -0.886900 13.996537 -3.770540
v -0.886900 14.119081 -5.420222
v -0.472011 14.119081 -5.420222
v -0.886900 14.971394 -4.814789
v -0.472011 14.971394 -4.814789
v -0.472011 13.492859 -4.586172
v -0.886900 13.492859 -4.586172
v -0.550212 14.666720 -6.038639
v -0.366579 14.565751 -5.903648
v -0.979100 14.565751 -5.903648
v -1.060608 14.256446 -5.670758
v -0.285071 14.256446 -5.670758
v -0.550212 14.255816 -5.785657
v -0.808724 14.666720 -6.038639
v -0.808724 14.255816 -5.785657
v -1.093589 13.466740 -9.862056
v -1.093589 14.376762 -9.176524
v -1.093589 13.466741 -11.110963
v -1.093589 14.376764 -11.110963
v -0.183565 13.466740 -9.862056
v -0.183565 14.376761 -9.176525
v -0.183565 13.466741 -11.110963
v -0.183565 14.376764 -11.110963
v -1.228762 13.921752 -9.176524
v -1.228761 13.921753 -11.110963
v -0.048393 13.921753 -11.110963
v -0.048393 13.921751 -9.176525
v -0.638577 13.310589 -11.110963
v -0.638577 14.532915 -11.110963
v -0.638577 13.310588 -9.862056
v -0.638577 14.532914 -9.176524
v -0.638577 13.921752 -9.176524
v -1.461944 13.921754 -11.460179
v -1.461944 13.921753 -11.122381
v -1.273365 13.286963 -11.122381
v -0.638577 13.069116 -11.122381
v -0.638577 14.774387 -11.122381
v -0.003788 14.556540 -11.122381
v 0.184791 13.921753 -11.122381
v -0.003788 13.286963 -11.122381
v -1.273365 14.556540 -11.122381
v -1.273365 13.286964 -11.460179
v -0.638576 13.069117 -11.460179
v -0.638576 14.774388 -11.460179
v -0.003788 14.556541 -11.460179
v 0.184791 13.921754 -11.460179
v -0.003788 13.286964 -11.460179
v -1.273365 14.556540 -11.460178
v -0.638575 13.921756 -11.460179
v -0.048393 13.921752 -9.775076
v -1.228762 13.921752 -9.775076
v -0.638577 13.921752 -9.775076
v -1.093590 13.466739 -5.293080
v -1.093590 14.376761 -5.293080
v -1.093590 13.466738 -7.040824
v -1.133967 14.263078 -7.757022
v -0.183565 13.466739 -5.293080
v -0.183565 14.376761 -5.293080
v -0.183566 13.466738 -7.040823
v -0.138336 14.263078 -7.757022
v -1.228762 13.921750 -5.293080
v -1.228762 13.921749 -7.156740
v -0.048394 13.921749 -7.156740
v -0.048393 13.921750 -5.293080
v -0.638578 13.800638 -7.040824
v -0.640933 14.311233 -7.757022
v -0.638577 13.800639 -5.293080
v -0.638577 14.532913 -5.293080
v -0.638577 13.921750 -5.293080
v -0.638578 13.921749 -7.156740
v -1.093590 13.466738 -6.827456
v -1.093590 14.376760 -7.531463
v -0.183566 13.466738 -6.827456
v -0.183566 14.376760 -7.531463
v -0.048394 13.921749 -6.930376
v -1.228762 13.921749 -6.930376
v -0.641216 14.532024 -7.335723
v -0.638578 13.800638 -6.827455
v -1.037863 14.674657 -7.806694
v -1.145030 14.265985 -8.194299
v -1.037863 14.603288 -8.621552
v -0.227019 14.671741 -7.726860
v -0.119120 14.270236 -8.165354
v -0.227019 14.603287 -8.621553
v -1.145762 14.333804 -8.397817
v -0.119120 14.333804 -8.397817
v -1.145030 14.252306 -7.946780
v -1.037863 14.675069 -8.093362
v -0.119120 14.256557 -7.917834
v -0.227019 14.678170 -8.178355
v -0.119120 14.393479 -8.007288
v -1.145762 14.393479 -8.007288
v -0.641216 14.451942 -8.286304
v -0.641216 14.693162 -8.712716
v -0.641216 14.781611 -7.628587
v -0.641216 14.469086 -8.599400
v -0.641216 14.792027 -8.151060
v -0.641216 14.412310 -8.036735
v -0.641226 14.570438 -9.021276
v -0.383145 14.527194 -8.927518
v -0.888371 14.527194 -8.927518
v -0.955602 14.385232 -8.760444
v -0.315915 14.385232 -8.760444
v -0.641226 14.467161 -8.843810
v -0.517956 13.765552 -14.780480
v -0.507024 14.065995 -14.778256
v -0.217409 13.754528 -14.785111
v -0.206477 14.054972 -14.782882
v -0.355068 14.106738 -14.780231
v -0.369365 13.713782 -14.783138
v -0.561855 13.917583 -14.778612
v -0.162579 13.902940 -14.784756
v -0.362217 13.910263 -14.781682
v -0.622972 13.672175 -11.586127
v -0.605721 14.146787 -11.580236
v -0.131703 14.129391 -11.584496
v -0.148953 13.654782 -11.590389
v -0.388619 13.590408 -11.589163
v -0.366057 14.211159 -11.581461
v -0.062471 13.889229 -11.588144
v -0.692205 13.912340 -11.582479
v -0.605274 14.144094 -13.790338
v -0.131256 14.126696 -13.794602
v -0.148505 13.652088 -13.800490
v -0.388170 13.587716 -13.799268
v -0.365608 14.208467 -13.791563
v -0.062022 13.886536 -13.798243
v -0.691756 13.909646 -13.792583
v -0.622524 13.669485 -13.796229
v -0.518761 13.772202 -11.580023
v -0.509809 14.018234 -11.578195
v -0.263691 14.009209 -11.581981
v -0.272644 13.763180 -11.583807
v -0.397081 13.729813 -11.582194
v -0.385374 14.051599 -11.579808
v -0.227744 13.884711 -11.583517
v -0.554711 13.896702 -11.578485
v -0.481728 14.035592 -13.797255
v -0.235612 14.026567 -13.801044
v -0.244563 13.780536 -13.802863
v -0.368999 13.747170 -13.801246
v -0.357291 14.068960 -13.798867
v -0.199661 13.902069 -13.802571
v -0.526628 13.914062 -13.797540
v -0.490679 13.789562 -13.799075
v -0.518761 13.772202 -11.221344
v -0.509809 14.018234 -11.219518
v -0.263691 14.009209 -11.223303
v -0.272644 13.763180 -11.225129
v -0.397081 13.729813 -11.223520
v -0.385374 14.051599 -11.221131
v -0.227744 13.884711 -11.224840
v -0.554711 13.896702 -11.219810
v -1.168019 13.822259 -14.803840
v -1.161691 13.996156 -14.802554
v -0.994063 13.815880 -14.806521
v -0.987736 13.989776 -14.805230
v -1.073740 14.019739 -14.803697
v -1.082015 13.792296 -14.805379
v -1.193428 13.910255 -14.802760
v -0.962327 13.901779 -14.806314
v -1.077877 13.906017 -14.804535
v -1.212371 13.783216 -12.121047
v -1.203473 14.028014 -12.118009
v -0.958982 14.019041 -12.120207
v -0.967879 13.774244 -12.123244
v -1.091495 13.741042 -12.122613
v -1.079858 14.061215 -12.118640
v -0.923273 13.895169 -12.122088
v -1.248080 13.907089 -12.119166
v -1.203243 14.026624 -13.257945
v -0.958752 14.017648 -13.260146
v -0.967649 13.772855 -13.263185
v -1.091264 13.739652 -13.262551
v -1.079627 14.059827 -13.258578
v -0.923042 13.893778 -13.262023
v -1.247850 13.905699 -13.259105
v -1.212141 13.781828 -13.260986
v -1.158620 13.834809 -12.117898
v -1.131674 13.941402 -12.389200
v -1.045463 13.938241 -12.390526
v -1.031677 13.830154 -12.119850
v -1.092187 13.840373 -12.390601
v -1.088086 13.953090 -12.389766
v -1.032871 13.894631 -12.391065
v -1.147402 13.898830 -12.389302
v -1.139520 13.970659 -13.261515
v -1.012577 13.966005 -13.263468
v -1.017194 13.839105 -13.264407
v -1.081376 13.821896 -13.263572
v -1.075337 13.987870 -13.262345
v -0.994034 13.901790 -13.264256
v -1.162679 13.907975 -13.261661
v -1.144137 13.843760 -13.262452
v -1.158622 13.834807 -11.223015
v -1.154005 13.961705 -11.222073
v -1.027061 13.957051 -11.224025
v -1.031678 13.830152 -11.224967
v -1.095861 13.812943 -11.224136
v -1.089823 13.978916 -11.222906
v -1.008519 13.892836 -11.224819
v -1.177164 13.899020 -11.222223
v -0.507182 14.065619 -14.615968
v -0.206636 14.054596 -14.620594
v -0.217568 13.754154 -14.622822
v -0.369523 13.713409 -14.620848
v -0.355227 14.106363 -14.617942
v -0.162737 13.902565 -14.622465
v -0.562013 13.917209 -14.616322
v -0.518113 13.765177 -14.618191
v -1.161751 13.996016 -14.618209
v -0.987795 13.989635 -14.620885
v -0.994122 13.815742 -14.622176
v -1.082074 13.792158 -14.621033
v -1.073799 14.019599 -14.619351
v -0.962386 13.901641 -14.621969
v -1.193487 13.910116 -14.618413
v -1.168078 13.822120 -14.619494
v -1.143708 13.844776 -14.598289
v -1.139091 13.971676 -14.597350
v -1.012147 13.967020 -14.599303
v -1.016765 13.840121 -14.600245
v -1.080947 13.822911 -14.599411
v -1.074908 13.988886 -14.598184
v -0.993606 13.902806 -14.600095
v -1.162250 13.908991 -14.597500
v -0.489895 13.791419 -14.601013
v -0.480943 14.037451 -14.599191
v -0.234826 14.028423 -14.602980
v -0.243778 13.782391 -14.604804
v -0.368214 13.749026 -14.603188
v -0.356507 14.070816 -14.600808
v -0.198877 13.903924 -14.604512
v -0.525844 13.915916 -14.599482
v -1.214873 9.804658 -1.714250
v -1.031096 10.355961 -1.714250
v -1.214873 9.804658 1.714250
v -1.031096 10.355961 1.714251
v -0.663572 9.620880 -1.714250
v -0.479795 10.172181 -1.714250
v -0.663572 9.620880 1.714250
v -0.479795 10.172181 1.714251
v -0.978298 9.595551 1.714250
v -0.716370 10.381291 1.714251
v -0.978298 9.595551 -1.714250
v -0.716370 10.381291 -1.714250
v -1.209082 10.109009 -1.714250
v -1.209082 10.109009 1.714251
v -0.485585 9.867830 1.714250
v -0.485585 9.867830 -1.714250
v -0.847334 9.988420 -1.714250
v -0.847334 9.988420 1.714250
v -0.940727 10.290989 1.449929
v -1.288634 12.971435 1.495834
v -0.937079 10.285727 1.556204
v -1.284987 12.966171 1.602109
v -0.835205 10.304842 1.446993
v -1.183112 12.985291 1.492899
v -0.831558 10.299581 1.553269
v -1.179465 12.980028 1.599174
v -0.883757 10.291842 1.571098
v -1.231664 12.972291 1.617003
v -0.888527 10.298725 1.432099
v -1.236435 12.979174 1.478004
v -0.956235 10.286081 1.503548
v -1.304142 12.966531 1.549454
v -0.816050 10.304486 1.499649
v -1.163957 12.984937 1.545554
v -0.886142 10.295285 1.501599
v -1.160294 11.635786 1.479108
v -1.153385 11.626653 1.684182
v -0.950304 11.654637 1.678603
v -0.957213 11.663770 1.473529
v -1.059818 11.651185 1.444745
v -1.050781 11.639238 1.712966
v -0.920403 11.663800 1.575150
v -1.190196 11.626624 1.582562
v -1.042486 10.678905 1.624219
v -0.839404 10.706888 1.618640
v -0.846313 10.716021 1.413565
v -0.948918 10.703436 1.384782
v -0.939881 10.691490 1.653003
v -0.809502 10.716052 1.515186
v -1.079296 10.678875 1.522598
v -1.049395 10.688037 1.419145
v -1.116040 11.642175 1.522891
v -1.112392 11.636913 1.629166
v -1.006871 11.650768 1.626231
v -1.010518 11.656030 1.519955
v -1.063840 11.649912 1.505061
v -1.059071 11.643031 1.644060
v -0.991363 11.655673 1.572611
v -1.131548 11.637269 1.576510
v -0.989226 10.686497 1.577738
v -0.883704 10.700349 1.574802
v -0.887352 10.705612 1.468527
v -0.940674 10.699498 1.453633
v -0.935903 10.692614 1.592632
v -0.868196 10.705259 1.521183
v -1.008381 10.686853 1.525082
v -0.992873 10.691760 1.471463
v -1.234050 12.975735 1.547504
v -0.940728 10.290988 -1.449929
v -1.288635 12.971433 -1.594590
v -0.937081 10.285726 -1.556204
v -1.284988 12.966169 -1.700865
v -0.835206 10.304841 -1.446993
v -1.183113 12.985289 -1.591655
v -0.831559 10.299580 -1.553269
v -1.179466 12.980025 -1.697930
v -0.883758 10.291842 -1.571098
v -1.231665 12.972289 -1.715760
v -0.888528 10.298724 -1.432099
v -1.236436 12.979172 -1.576760
v -0.956236 10.286080 -1.503549
v -1.304143 12.966529 -1.648210
v -0.816051 10.304485 -1.499649
v -1.163958 12.984933 -1.644310
v -0.886144 10.295284 -1.501599
v -1.160295 11.635784 -1.479108
v -1.153386 11.626651 -1.684182
v -0.950305 11.654635 -1.678603
v -0.957214 11.663768 -1.473529
v -1.059819 11.651183 -1.444745
v -1.050782 11.639236 -1.712966
v -0.920404 11.663798 -1.575150
v -1.190197 11.626621 -1.582562
v -1.042487 10.678904 -1.624219
v -0.839405 10.706887 -1.618640
v -0.846314 10.716019 -1.413566
v -0.948919 10.703434 -1.384782
v -0.939882 10.691489 -1.653003
v -0.809503 10.716050 -1.515186
v -1.079297 10.678874 -1.522598
v -1.049396 10.688036 -1.419145
v -1.116040 11.642173 -1.522891
v -1.112393 11.636911 -1.629166
v -1.006872 11.650766 -1.626231
v -1.010519 11.656028 -1.519956
v -1.063841 11.649910 -1.505061
v -1.059072 11.643029 -1.644060
v -0.991364 11.655671 -1.572611
v -1.131549 11.637267 -1.576511
v -0.989227 10.686495 -1.577738
v -0.883705 10.700348 -1.574803
v -0.887353 10.705611 -1.468527
v -0.940675 10.699497 -1.453633
v -0.935904 10.692613 -1.592632
v -0.868197 10.705258 -1.521183
v -1.008382 10.686852 -1.525083
v -0.992874 10.691758 -1.471463
v -1.234050 12.975733 -1.646260
v -1.999848 12.029001 -3.663988
v -1.999848 12.029000 3.663988
v 0.913336 12.029001 -3.663988
v 0.913336 12.029000 3.663988
v -1.092488 14.035211 -3.663988
v -1.947794 13.179906 -3.663988
v -1.531306 13.922467 -3.663988
v -1.835050 13.618724 -3.663988
v -1.947794 13.179905 3.663988
v -1.092488 14.035209 3.663988
v -1.835050 13.618722 3.663988
v -1.531306 13.922465 3.663988
v 0.861281 13.179906 -3.663988
v 0.005976 14.035211 -3.663988
v 0.748537 13.618724 -3.663988
v 0.444794 13.922467 -3.663988
v 0.005976 14.035209 3.663988
v 0.861282 13.179905 3.663988
v 0.444794 13.922465 3.663988
v 0.748537 13.618722 3.663988
v -2.129301 12.029001 -3.663988
v 1.042789 12.029046 -3.663988
v -1.622842 14.081014 -3.663988
v -1.116384 14.216719 -3.663988
v -1.116384 14.216717 3.663988
v -1.622842 14.081012 3.663988
v -1.993596 13.710260 -3.663988
v -1.993596 13.710258 3.663988
v -2.129301 13.203803 -3.663988
v -2.129300 13.203801 3.663988
v 0.536330 14.081012 3.663988
v 0.029872 14.216717 3.663988
v 0.029872 14.216719 -3.663988
v 0.536330 14.081014 -3.663988
v 0.907084 13.710258 3.663988
v 0.907083 13.710260 -3.663988
v 1.042789 13.203801 3.663988
v 1.042788 13.203803 -3.663988
v -2.129300 12.029045 3.663988
v 1.042789 12.029045 3.663988
v -1.531306 13.922465 3.359349
v -1.092488 14.035209 3.359349
v 0.005976 14.035209 3.359349
v 0.444794 13.922465 3.359349
v 0.748537 13.618722 3.359349
v 0.861282 13.179905 3.359349
v 0.913336 12.029000 3.359349
v -1.947794 13.179905 3.359349
v -1.835050 13.618722 3.359349
v -1.999848 12.029001 -3.359349
v 0.913336 12.029001 -3.359349
v 0.861281 13.179906 -3.359349
v 0.748537 13.618724 -3.359349
v 0.444794 13.922467 -3.359349
v 0.005976 14.035211 -3.359349
v -1.092488 14.035211 -3.359349
v -1.531306 13.922467 -3.359349
v -1.835050 13.618724 -3.359349
v -1.947794 13.179906 -3.359349
v 1.042789 12.029046 -2.742090
v 1.042789 12.029001 -2.236619
v 1.042789 12.029000 2.236620
v 1.042788 12.029045 2.742088
v 1.042788 13.203803 -2.742090
v 1.042788 13.203803 -2.236619
v 1.042789 13.203801 2.236620
v 1.042788 13.203801 2.742088
v -1.993596 13.710258 2.742090
v -1.993596 13.710258 2.236620
v -1.993596 13.710260 -2.236619
v -1.993596 13.710260 -2.742090
v 0.907083 13.710260 -2.742090
v 0.907083 13.710302 -2.236619
v 0.907084 13.710299 2.236620
v 0.907083 13.710258 2.742090
v -2.129301 13.203801 2.742090
v -2.129301 13.203801 2.236620
v -2.129301 13.203803 -2.236619
v -2.129301 13.203803 -2.742090
v 0.536330 14.081014 -2.742090
v 0.536330 14.081014 -2.236619
v 0.536330 14.081012 2.236620
v 0.536330 14.081012 2.742090
v 0.029872 14.216717 2.742090
v 0.029872 14.216717 2.236620
v 0.029872 14.216719 -2.236619
v 0.029872 14.216719 -2.742090
v -1.622843 14.081012 2.742090
v -1.622842 14.081012 2.236620
v -1.622842 14.081014 -2.236619
v -1.622842 14.081014 -2.742090
v -2.129301 12.029036 2.742090
v -2.129301 12.029027 2.236620
v -2.129300 12.029019 -2.236619
v -2.129301 12.029010 -2.742090
v -1.999848 12.029001 -2.742090
v -1.999848 12.029001 -2.236619
v -1.999848 12.029000 2.236620
v -1.999849 12.029000 2.742090
v -1.116384 14.216719 -2.742090
v -1.116384 14.216719 -2.236619
v -1.116384 14.216717 2.236620
v -1.116384 14.216717 2.742090
v 0.913336 12.029001 -2.742090
v 0.913336 12.029001 -2.236619
v 0.913336 12.029000 2.236620
v 0.913336 12.029000 2.742090
v 1.254370 13.500392 -2.686994
v 1.254370 13.500392 -2.291716
v 1.254370 13.500390 2.291688
v 1.254370 13.500390 2.687020
v -2.187075 14.006847 2.687022
v -2.187074 14.006847 2.291688
v -2.187074 14.006849 -2.291716
v -2.187074 14.006849 -2.686994
v 1.100562 14.006849 -2.686994
v 1.100562 14.006849 -2.291716
v 1.100562 14.006847 2.291688
v 1.100561 14.006847 2.687022
v -2.340883 13.500390 2.687022
v -2.340883 13.500390 2.291688
v -2.340883 13.500392 -2.291716
v -2.340882 13.500392 -2.686994
v 0.680349 14.377603 -2.686994
v 0.680349 14.377603 -2.291716
v 0.680350 14.377601 2.291688
v 0.680349 14.377601 2.687022
v 0.106328 14.513306 2.687022
v 0.106328 14.513306 2.291688
v 0.106328 14.513308 -2.291716
v 0.106328 14.513308 -2.686994
v -1.766862 14.377601 2.687022
v -1.766862 14.377601 2.291688
v -1.766862 14.377603 -2.291716
v -1.766862 14.377603 -2.686994
v -1.192841 14.513308 -2.686994
v -1.192841 14.513308 -2.291716
v -1.192841 14.513306 2.291688
v -1.192841 14.513306 2.687022
v -1.172985 10.303958 -0.426508
v -1.306807 12.374000 -0.560331
v -1.172985 10.303958 0.426508
v -1.306807 12.374000 0.560331
v -0.319968 10.303957 -0.426508
v -0.186146 12.374000 -0.560331
v -0.319968 10.303957 0.426508
v -0.186146 12.374000 0.560331
v -0.746477 10.303957 0.600587
v -0.746477 12.374000 0.789029
v -0.746477 10.303957 -0.600587
v -0.746477 12.374000 -0.789028
v -1.294074 10.892155 -0.547597
v -1.294074 11.585793 -0.547597
v -1.294074 11.585793 0.547597
v -1.294074 10.892155 0.547597
v -0.198880 11.585793 0.547597
v -0.198880 10.892155 0.547597
v -0.198880 11.585793 -0.547597
v -0.198880 10.892155 -0.547597
v -0.746477 11.585793 -0.771097
v -0.746477 10.892155 -0.771097
v -0.746477 11.585793 0.771097
v -0.746477 10.892155 0.771097
v -1.267429 11.923006 -0.520953
v -1.267429 11.923006 0.520953
v -0.225524 11.923006 0.520953
v -0.225524 11.923006 -0.520953
v -0.746477 11.923006 -0.733578
v -0.746476 11.923006 0.733578
v -1.339425 11.961185 -0.592948
v -1.339425 11.961185 0.592948
v -0.153528 11.961185 0.592948
v -0.153528 11.961185 -0.592948
v -0.746476 11.961185 -0.834959
v -0.746476 11.961185 0.834959
v -1.993596 13.710302 -1.000000
v -1.993596 14.426177 -1.000000
v -1.993596 13.710301 1.000000
v -1.993596 14.426176 1.000000
v 1.310529 13.710302 -1.000000
v 0.735759 14.423302 -1.000000
v 1.310529 13.710301 1.000000
v 0.735759 14.423300 1.000000
v 0.798236 13.710299 1.000000
v -0.023119 14.426175 1.000000
v 0.798236 13.710302 -1.000000
v -0.023119 14.426177 -1.000000
v -1.993596 15.140448 -1.000000
v -1.993596 15.140447 1.000000
v -0.023119 15.140448 -1.000000
v -0.023119 15.140446 1.000000
v 1.288629 12.902040 -0.389178
v 1.288629 12.902081 0.389188
v 0.896651 12.902081 -0.389178
v 0.896651 12.902081 0.389188
v 1.164032 12.289996 -0.315744
v 1.164032 12.290038 0.315769
v 0.809602 12.290017 -0.315744
v 0.809602 12.290017 0.315769
v -0.446626 14.265363 1.124341
v -0.446626 15.463354 1.608824
v -0.446626 14.265363 2.065241
v -0.446626 15.512240 1.830694
v -0.351824 14.265363 1.124341
v -0.351824 15.463354 1.608824
v -0.351824 14.265363 2.065241
v -0.351824 15.512240 1.830694
v -0.446626 14.483626 1.411284
v -0.446626 14.846975 1.645648
v -0.446626 15.135191 1.681129
v -0.446626 15.184075 1.902999
v -0.446626 14.792350 1.866174
v -0.446626 14.483628 1.778142
v -0.351824 15.184075 1.902999
v -0.351824 14.792350 1.866174
v -0.351824 14.483628 1.778142
v -0.351824 15.135191 1.681129
v -0.351824 14.846975 1.645648
v -0.351824 14.483628 1.411284
v -0.446626 14.221983 1.124341
v -0.446626 14.221983 2.065241
v -0.351824 14.221983 1.124341
v -0.351824 14.221983 2.065241
v -0.446626 14.265363 1.594713
v -0.446626 15.559169 1.708813
v -0.351824 14.265363 1.594713
v -0.351824 15.559169 1.708813
v -0.351824 14.483628 1.594713
v -0.351824 14.819664 1.755911
v -0.351824 15.159633 1.792064
v -0.446626 14.483628 1.594713
v -0.446626 14.819664 1.755911
v -0.446626 15.159633 1.792064
v -0.446626 14.221983 1.594713
v -0.351824 14.221983 1.594713
v -0.548265 14.995989 1.731787
v -0.548265 15.289161 1.385052
v -0.548265 15.081855 1.470920
v -0.548265 15.396287 1.385052
v -0.548265 15.689458 1.731787
v -0.548265 15.603591 1.470920
v -0.548265 15.342724 2.078522
v -0.548265 15.081855 1.992654
v -0.548265 15.603591 1.992654
v -0.446626 15.289161 1.385052
v -0.446626 14.995989 1.731787
v -0.446626 15.081855 1.470920
v -0.446626 15.689458 1.731787
v -0.446626 15.396287 1.385052
v -0.446626 15.603591 1.470920
v -0.446626 15.342724 2.078522
v -0.446626 15.081855 1.992654
v -0.427646 15.603591 2.009480
v -0.548265 14.457688 3.256239
v -0.548265 14.804423 2.909504
v -0.548265 14.543555 2.995372
v -0.548265 15.151158 3.256239
v -0.548265 15.065289 2.995372
v -0.548265 14.804423 3.602974
v -0.548265 14.543555 3.517106
v -0.548265 15.065289 3.517106
v -0.446626 14.804423 2.909504
v -0.446626 14.457688 3.256239
v -0.446626 14.543555 2.995372
v -0.446626 15.151158 3.256239
v -0.446626 15.065289 2.995372
v -0.446626 14.804423 3.602974
v -0.446626 14.543555 3.517106
v -0.446626 15.065289 3.517106
v -0.644529 14.265363 1.124706
v -0.644529 15.463354 1.609347
v -0.644529 14.265363 2.065607
v -0.644529 15.512240 1.831216
v -0.549728 14.265363 1.124706
v -0.549728 15.463354 1.609347
v -0.549728 14.265363 2.065607
v -0.549728 15.512240 1.831216
v -0.644529 14.483626 1.411807
v -0.644529 14.846975 1.646171
v -0.644529 15.135191 1.681652
v -0.644529 15.184075 1.903521
v -0.644529 14.792350 1.866696
v -0.644529 14.483628 1.778664
v -0.549728 15.184075 1.903521
v -0.549728 14.792350 1.866696
v -0.549728 14.483628 1.778664
v -0.549728 15.135191 1.681652
v -0.549728 14.846975 1.646171
v -0.549728 14.483628 1.411807
v -0.644529 14.221983 1.124706
v -0.644529 14.221983 2.065607
v -0.549728 14.221983 1.124706
v -0.549728 14.221983 2.065607
v -0.644529 14.265363 1.595235
v -0.644529 15.559169 1.709336
v -0.549728 14.265363 1.595235
v -0.549728 15.559169 1.709336
v -0.549728 14.483628 1.595236
v -0.549728 14.819664 1.756433
v -0.549728 15.159633 1.792586
v -0.644529 14.483628 1.595236
v -0.644529 14.819664 1.756433
v -0.644529 15.159633 1.792586
v -0.644529 14.221983 1.595235
v -0.549728 14.221983 1.595235
v -0.446626 14.235887 -2.872117
v -0.446626 14.852139 -3.174400
v -0.446626 14.235887 -3.459171
v -0.446626 14.877286 -3.312830
v -0.351824 14.235887 -2.872117
v -0.351824 14.852139 -3.174400
v -0.351824 14.235887 -3.459171
v -0.351824 14.877286 -3.312830
v -0.446626 14.348162 -3.051149
v -0.446626 14.535071 -3.197376
v -0.446626 14.683329 -3.219513
v -0.446626 14.708477 -3.357943
v -0.446626 14.506970 -3.334967
v -0.446626 14.348163 -3.280042
v -0.351824 14.708477 -3.357943
v -0.351824 14.506970 -3.334967
v -0.351824 14.348163 -3.280042
v -0.351824 14.683329 -3.219513
v -0.351824 14.535071 -3.197376
v -0.351824 14.348163 -3.051149
v -0.446626 14.213572 -2.872117
v -0.446626 14.213572 -3.459171
v -0.351824 14.213572 -2.872117
v -0.351824 14.213572 -3.459171
v -0.446626 14.235887 -3.165596
v -0.446626 14.901426 -3.236786
v -0.351824 14.235887 -3.165596
v -0.351824 14.901426 -3.236786
v -0.351824 14.348163 -3.165596
v -0.351824 14.521022 -3.266171
v -0.351824 14.695903 -3.288728
v -0.446626 14.348163 -3.165596
v -0.446626 14.521022 -3.266171
v -0.446626 14.695903 -3.288728
v -0.446626 14.213572 -3.165596
v -0.351824 14.213572 -3.165596
v -0.644529 14.235887 -2.872346
v -0.644529 14.852139 -3.174726
v -0.644529 14.235887 -3.459399
v -0.644529 14.877286 -3.313157
v -0.549728 14.235887 -2.872346
v -0.549728 14.852139 -3.174726
v -0.549728 14.235887 -3.459399
v -0.549728 14.877286 -3.313157
v -0.644529 14.348162 -3.051475
v -0.644529 14.535071 -3.197701
v -0.644529 14.683329 -3.219839
v -0.644529 14.708477 -3.358269
v -0.644529 14.506970 -3.335294
v -0.644529 14.348163 -3.280368
v -0.549728 14.708477 -3.358269
v -0.549728 14.506970 -3.335294
v -0.549728 14.348163 -3.280368
v -0.549728 14.683329 -3.219839
v -0.549728 14.535071 -3.197701
v -0.549728 14.348163 -3.051475
v -0.644529 14.213572 -2.872346
v -0.644529 14.213572 -3.459399
v -0.549728 14.213572 -2.872346
v -0.549728 14.213572 -3.459399
v -0.644529 14.235887 -3.165921
v -0.644529 14.901426 -3.237112
v -0.549728 14.235887 -3.165921
v -0.549728 14.901426 -3.237112
v -0.549728 14.348163 -3.165922
v -0.549728 14.521022 -3.266498
v -0.549728 14.695903 -3.289054
v -0.644529 14.348163 -3.165922
v -0.644529 14.521022 -3.266498
v -0.644529 14.695903 -3.289054
v -0.644529 14.213572 -3.165921
v -0.549728 14.213572 -3.165921
v -0.644529 14.265365 -1.124706
v -0.644529 15.463356 -1.609347
v -0.644529 14.265365 -2.065607
v -0.644529 15.512242 -1.831216
v -0.549728 14.265365 -1.124706
v -0.549728 15.463356 -1.609347
v -0.549728 14.265365 -2.065607
v -0.549728 15.512242 -1.831216
v -0.644529 14.483629 -1.411806
v -0.644529 14.846977 -1.646170
v -0.644529 15.135193 -1.681651
v -0.644529 15.184077 -1.903521
v -0.644529 14.792352 -1.866696
v -0.644529 14.483630 -1.778664
v -0.549728 15.184077 -1.903521
v -0.549728 14.792352 -1.866696
v -0.549728 14.483630 -1.778664
v -0.549728 15.135193 -1.681651
v -0.549728 14.846977 -1.646170
v -0.549728 14.483630 -1.411806
v -0.644529 14.221985 -1.124706
v -0.644529 14.221985 -2.065607
v -0.549728 14.221985 -1.124706
v -0.549728 14.221985 -2.065607
v -0.644529 14.265365 -1.595235
v -0.644529 15.559171 -1.709336
v -0.549728 14.265365 -1.595235
v -0.549728 15.559171 -1.709336
v -0.549728 14.483630 -1.595235
v -0.549728 14.819666 -1.756433
v -0.549728 15.159636 -1.792586
v -0.644529 14.483630 -1.595235
v -0.644529 14.819666 -1.756433
v -0.644529 15.159636 -1.792586
v -0.644529 14.221985 -1.595235
v -0.549728 14.221985 -1.595235
v -0.548265 14.995991 -1.731787
v -0.548265 15.289163 -1.385052
v -0.548265 15.081858 -1.470920
v -0.548265 15.396289 -1.385052
v -0.548265 15.689461 -1.731787
v -0.548265 15.603593 -1.470920
v -0.548265 15.342726 -2.078522
v -0.548265 15.081858 -1.992654
v -0.548265 15.603593 -1.992654
v -0.446626 15.289163 -1.385052
v -0.446626 14.995991 -1.731787
v -0.446626 15.081858 -1.470920
v -0.446626 15.689461 -1.731787
v -0.446626 15.396289 -1.385052
v -0.446626 15.603593 -1.470920
v -0.446626 15.342726 -2.078522
v -0.446626 15.081858 -1.992654
v -0.427646 15.603593 -2.009480
v -0.548265 14.457691 -3.256239
v -0.548265 14.804425 -2.909504
v -0.548265 14.543557 -2.995372
v -0.548265 15.151160 -3.256239
v -0.548265 15.065291 -2.995372
v -0.548265 14.804425 -3.602974
v -0.548265 14.543557 -3.517106
v -0.548265 15.065291 -3.517106
v -0.446626 14.804425 -2.909504
v -0.446626 14.457691 -3.256239
v -0.446626 14.543557 -2.995372
v -0.446626 15.151160 -3.256239
v -0.446626 15.065291 -2.995372
v -0.446626 14.804425 -3.602974
v -0.446626 14.543557 -3.517106
v -0.446626 15.065291 -3.517106
v -0.446626 14.265365 -1.124340
v -0.446626 15.463356 -1.608824
v -0.446626 14.265365 -2.065241
v -0.446626 15.512242 -1.830693
v -0.351824 14.265365 -1.124340
v -0.351824 15.463356 -1.608824
v -0.351824 14.265365 -2.065241
v -0.351824 15.512242 -1.830693
v -0.446626 14.483629 -1.411284
v -0.446626 14.846977 -1.645648
v -0.446626 15.135193 -1.681129
v -0.446626 15.184077 -1.902998
v -0.446626 14.792352 -1.866174
v -0.446626 14.483630 -1.778141
v -0.351824 15.184077 -1.902998
v -0.351824 14.792352 -1.866174
v -0.351824 14.483630 -1.778141
v -0.351824 15.135193 -1.681129
v -0.351824 14.846977 -1.645648
v -0.351824 14.483630 -1.411284
v -0.446626 14.221985 -1.124340
v -0.446626 14.221985 -2.065241
v -0.351824 14.221985 -1.124340
v -0.351824 14.221985 -2.065241
v -0.446626 14.265365 -1.594712
v -0.446626 15.559171 -1.708813
v -0.351824 14.265365 -1.594712
v -0.351824 15.559171 -1.708813
v -0.351824 14.483630 -1.594713
v -0.351824 14.819666 -1.755911
v -0.351824 15.159636 -1.792063
v -0.446626 14.483630 -1.594713
v -0.446626 14.819666 -1.755911
v -0.446626 15.159636 -1.792063
v -0.446626 14.221985 -1.594712
v -0.351824 14.221985 -1.594712
v -0.811527 12.734450 -4.173215
v -0.817868 12.882925 -4.173215
v -0.807402 12.835526 4.544686
v -0.742191 13.033558 4.346157
v -0.531793 12.788966 4.588770
v -0.466581 12.986998 4.390242
v -0.680964 12.777731 4.601332
v -0.593019 13.044794 4.333596
v -0.814334 12.941221 4.439097
v -0.459649 12.881300 4.495831
v -0.795573 14.586927 4.634331
v -0.808585 13.062740 4.634047
v -0.744886 13.062250 4.353292
v -0.731873 14.586438 4.353577
v -0.532640 13.060371 4.696661
v -0.519628 14.584560 4.696945
v -0.455927 14.584069 4.416190
v -0.468940 13.059880 4.415905
v -0.582797 14.585168 4.335948
v -0.595809 13.060980 4.335662
v -0.668703 14.585831 4.714574
v -0.681716 13.061641 4.714290
v -0.448192 14.583976 4.565549
v -0.461204 13.059788 4.565265
v -0.816322 13.062834 4.484687
v -0.803309 14.587023 4.484972
v -0.810143 12.761202 4.445300
v -0.744483 13.018222 4.333451
v -0.534634 12.701566 4.469998
v -0.468973 12.958587 4.358149
v -0.683833 12.686585 4.477145
v -0.595283 13.033203 4.326304
v -0.816837 12.898266 4.385833
v -0.462280 12.821521 4.417617
v -0.625750 14.585500 4.525260
v -0.811527 12.734450 -4.319211
v -0.744528 13.012176 -4.319211
v -0.811527 12.734447 4.317483
v -0.744528 13.012174 4.317483
v -0.533800 12.667451 -4.319211
v -0.466801 12.945177 -4.319211
v -0.533800 12.667449 4.317483
v -0.466801 12.945174 4.317483
v -0.684342 12.652540 4.317483
v -0.593986 13.027082 4.317483
v -0.684341 12.652542 -4.319211
v -0.593986 13.027084 -4.319211
v -0.817868 12.882925 -4.319211
v -0.817869 12.882922 4.317483
v -0.460459 12.796700 4.317483
v -0.460459 12.796703 -4.319211
v -0.811527 12.734447 4.171488
v -0.744528 13.012176 -4.173215
v -0.744528 13.012174 4.171488
v -0.533800 12.667451 -4.173214
v -0.533800 12.667449 4.171488
v -0.466801 12.945174 4.171488
v -0.466801 12.945177 -4.173214
v -0.593986 13.027082 4.171488
v -0.593986 13.027084 -4.173214
v -0.684342 12.652540 4.171488
v -0.684341 12.652542 -4.173214
v -0.460459 12.796700 4.171488
v -0.460459 12.796703 -4.173214
v -0.817869 12.882922 4.171488
v -0.807402 12.835528 -4.546413
v -0.742190 13.033560 -4.347885
v -0.531792 12.788968 -4.590498
v -0.466581 12.987000 -4.391969
v -0.680963 12.777733 -4.603059
v -0.593019 13.044796 -4.335323
v -0.814334 12.941224 -4.440825
v -0.459649 12.881302 -4.497558
v -0.795573 14.586930 -4.636059
v -0.808585 13.062742 -4.635774
v -0.744885 13.062252 -4.355020
v -0.731873 14.586440 -4.355304
v -0.532640 13.060373 -4.698389
v -0.519627 14.584563 -4.698672
v -0.455927 14.584071 -4.417917
v -0.468939 13.059883 -4.417633
v -0.582797 14.585170 -4.337675
v -0.595809 13.060983 -4.337390
v -0.668703 14.585833 -4.716301
v -0.681715 13.061643 -4.716018
v -0.448191 14.583978 -4.567276
v -0.461203 13.059790 -4.566992
v -0.816321 13.062836 -4.486415
v -0.803309 14.587026 -4.486700
v -0.810143 12.761204 -4.447028
v -0.744483 13.018224 -4.335178
v -0.534633 12.701568 -4.471725
v -0.468973 12.958590 -4.359876
v -0.683833 12.686587 -4.478872
v -0.595283 13.033206 -4.328032
v -0.816836 12.898268 -4.387560
v -0.462280 12.821523 -4.419344
v -0.625750 14.585503 -4.526988
v -1.399173 14.559869 -0.631042
v -1.399178 14.752205 -0.639257
v -2.450433 14.690807 -0.619379
v -2.193210 14.947338 -0.535047
v -2.507341 14.630492 -0.262320
v -2.250118 14.887022 -0.177989
v -2.523722 14.615935 -0.455548
v -2.176830 14.961894 -0.341819
v -2.313658 14.827725 -0.628435
v -2.386893 14.750105 -0.168932
v -2.688231 16.961176 -0.793211
v -2.566193 14.985143 -0.620846
v -2.202455 14.984506 -0.538533
v -2.011518 16.959997 -0.640071
v -2.647103 14.982073 -0.263340
v -2.838759 16.955471 -0.128087
v -2.162044 16.954288 0.025054
v -2.283364 14.981436 -0.181025
v -1.968828 16.956934 -0.280816
v -2.179510 14.982861 -0.345431
v -2.881449 16.958529 -0.487342
v -2.670048 14.983718 -0.456441
v -2.521993 16.954063 0.043897
v -2.476840 14.981316 -0.170896
v -2.372717 14.985262 -0.630976
v -2.328281 16.961403 -0.812056
v -2.321690 14.594526 -0.623001
v -2.176753 14.927472 -0.538026
v -2.353484 14.517274 -0.266086
v -2.208547 14.850220 -0.181111
v -2.362850 14.497867 -0.459355
v -2.167387 14.946880 -0.344757
v -2.244660 14.772081 -0.631715
v -2.285576 14.672664 -0.172397
v -2.156117 14.559869 -0.624886
v -2.156068 14.919637 -0.538096
v -2.155915 14.473078 -0.265118
v -2.155866 14.832846 -0.178326
v -2.156025 14.453764 -0.460130
v -2.155959 14.938951 -0.343083
v -2.156122 14.752205 -0.633102
v -2.155863 14.640512 -0.170111
v -1.966992 14.559869 -0.624992
v -1.399125 14.919637 -0.544251
v -1.966945 14.919637 -0.538201
v -1.398974 14.473078 -0.271273
v -1.966791 14.473078 -0.265224
v -1.966743 14.832846 -0.178432
v -1.398925 14.832846 -0.184482
v -1.966835 14.938951 -0.343189
v -1.399016 14.938951 -0.349238
v -1.966901 14.453764 -0.460236
v -1.399084 14.453764 -0.466285
v -1.966738 14.640512 -0.170217
v -1.398921 14.640512 -0.176266
v -1.966998 14.752205 -0.633207
v -2.566421 16.357790 -0.610160
v -2.202683 16.357157 -0.527846
v -2.647330 16.354725 -0.252653
v -2.283592 16.354090 -0.170339
v -2.179738 16.355511 -0.334745
v -2.670276 16.356369 -0.445754
v -2.477067 16.353968 -0.160210
v -2.372945 16.357914 -0.620290
v 0.592226 12.834627 0.634280
v 0.593270 12.978126 0.639146
v 0.621255 12.829589 0.774875
v 0.622301 12.973089 0.779740
v 0.607944 12.997700 0.710192
v 0.606580 12.810015 0.703829
v 0.587978 12.907205 0.613620
v 0.626547 12.900510 0.800400
v 2.292879 12.816534 0.217223
v 2.295233 13.010194 0.223571
v 2.335557 13.003413 0.412735
v 2.333203 12.809752 0.406386
v 2.312680 12.783327 0.310827
v 2.315757 13.036618 0.319131
v 2.341002 12.905469 0.440631
v 2.287433 12.914478 0.189326
v 1.415096 13.002183 0.419418
v 1.455418 12.995403 0.608582
v 1.453066 12.801744 0.602233
v 1.432542 12.775317 0.506674
v 1.435620 13.028609 0.514978
v 1.460867 12.897460 0.636478
v 1.407296 12.906468 0.385173
v 1.412742 12.808524 0.413069
v 2.304217 12.857434 0.258186
v 2.304949 12.957821 0.261590
v 2.325259 12.954298 0.359946
v 2.324527 12.853910 0.356542
v 2.314260 12.840218 0.306840
v 2.315216 12.971513 0.311291
v 2.328228 12.903526 0.374398
v 2.301247 12.908206 0.243732
v 1.423626 12.957981 0.469235
v 1.443935 12.954460 0.567590
v 1.443206 12.854073 0.564186
v 1.432940 12.840379 0.514484
v 1.433894 12.971678 0.518937
v 1.446908 12.903687 0.582044
v 1.419927 12.908368 0.451378
v 1.422897 12.857596 0.465831
v 2.954411 12.858556 0.129768
v 2.955142 12.958942 0.131719
v 2.975453 12.955420 0.188087
v 2.974721 12.855033 0.186136
v 2.964452 12.841338 0.157652
v 2.965409 12.972635 0.160203
v 2.978422 12.904648 0.196370
v 2.951440 12.909328 0.121485
v 1.095220 12.967655 0.531581
v 1.120020 12.963352 0.651688
v 1.119127 12.840765 0.647532
v 1.106591 12.824042 0.586838
v 1.107755 12.984380 0.592275
v 1.123648 12.901353 0.669338
v 1.090699 12.907068 0.509775
v 1.094328 12.845068 0.527424
v 1.103584 12.855847 0.537142
v 1.104314 12.956235 0.540546
v 1.124623 12.952710 0.638902
v 1.123892 12.852324 0.635498
v 1.113626 12.838628 0.585796
v 1.114580 12.969929 0.590248
v 1.127594 12.901939 0.653355
v 1.100612 12.906620 0.522689
v 0.592226 12.834627 -0.634280
v 0.593270 12.978126 -0.639146
v 0.621255 12.829589 -0.774875
v 0.622301 12.973089 -0.779740
v 0.607944 12.997700 -0.710192
v 0.606580 12.810015 -0.703829
v 0.587978 12.907205 -0.613620
v 0.626547 12.900510 -0.800400
v 2.292879 12.816534 -0.217223
v 2.295233 13.010194 -0.223572
v 2.335557 13.003413 -0.412735
v 2.333203 12.809752 -0.406386
v 2.312680 12.783327 -0.310827
v 2.315757 13.036618 -0.319130
v 2.341002 12.905469 -0.440631
v 2.287433 12.914478 -0.189326
v 1.415096 13.002183 -0.419418
v 1.455418 12.995403 -0.608582
v 1.453066 12.801744 -0.602233
v 1.432542 12.775317 -0.506674
v 1.435620 13.028609 -0.514978
v 1.460867 12.897460 -0.636478
v 1.407296 12.906468 -0.385173
v 1.412742 12.808524 -0.413069
v 2.304217 12.857434 -0.258186
v 2.304949 12.957821 -0.261590
v 2.325259 12.954298 -0.359945
v 2.324527 12.853910 -0.356542
v 2.314260 12.840218 -0.306840
v 2.315216 12.971513 -0.311291
v 2.328228 12.903526 -0.374398
v 2.301247 12.908206 -0.243732
v 1.423626 12.957981 -0.469235
v 1.443935 12.954460 -0.567590
v 1.443206 12.854073 -0.564186
v 1.432940 12.840379 -0.514484
v 1.433894 12.971678 -0.518937
v 1.446908 12.903687 -0.582044
v 1.419927 12.908368 -0.451378
v 1.422897 12.857596 -0.465831
v 2.954411 12.858556 -0.129768
v 2.955142 12.958942 -0.131719
v 2.975453 12.955420 -0.188087
v 2.974721 12.855033 -0.186136
v 2.964452 12.841338 -0.157652
v 2.965409 12.972635 -0.160203
v 2.978422 12.904648 -0.196370
v 2.951440 12.909328 -0.121485
v 1.095220 12.967657 -0.531581
v 1.120020 12.963353 -0.651688
v 1.119127 12.840766 -0.647532
v 1.106591 12.824044 -0.586838
v 1.107755 12.984381 -0.592275
v 1.123648 12.901354 -0.669338
v 1.090699 12.907069 -0.509775
v 1.094328 12.845069 -0.527424
v 1.103584 12.855848 -0.537142
v 1.104314 12.956236 -0.540546
v 1.124623 12.952712 -0.638902
v 1.123892 12.852324 -0.635498
v 1.113626 12.838630 -0.585796
v 1.114580 12.969930 -0.590248
v 1.127594 12.901940 -0.653355
v 1.100612 12.906621 -0.522689
v 2.548916 11.948692 -0.501765
v 2.472109 13.808620 -0.501765
v 2.548916 11.948692 0.501722
v 2.472109 13.808620 0.501722
v 3.780998 11.999572 -0.501765
v 3.704191 13.859498 -0.501765
v 3.780998 11.999572 0.501722
v 3.704191 13.859498 0.501722
v 3.164957 11.974134 0.649097
v 3.088150 13.834059 0.649097
v 3.164958 11.974134 -0.649140
v 3.088150 13.834059 -0.649140
v 3.699240 13.473164 -0.366747
v 4.077274 13.435577 -0.293219
v 3.699240 13.473164 0.366704
v 4.077274 13.435577 0.293176
v 3.713973 12.677338 -0.366747
v 4.007740 12.761551 -0.293219
v 3.713973 12.677338 0.366704
v 4.007740 12.761551 0.293176
v 3.706607 13.075251 0.474420
v 4.042507 13.098563 0.384876
v 3.706607 13.075251 -0.474464
v 4.042507 13.098563 -0.384919
v 4.083347 13.494446 0.366704
v 4.042507 13.098563 0.474420
v 4.001667 12.702683 0.366704
v 4.001667 12.702683 -0.366747
v 4.042507 13.098563 -0.474464
v 4.083347 13.494446 -0.366747
v 3.976693 13.100897 0.384876
v 3.976693 13.100897 -0.384919
v 4.011460 13.437911 0.293176
v 3.941926 12.763881 0.293176
v 3.941926 12.763881 -0.293219
v 4.011460 13.437911 -0.293219
v 2.657545 11.939259 -0.597921
v 2.709102 12.703456 -0.583714
v 2.657545 11.939259 0.589512
v 2.711496 12.696135 0.583670
v 3.692468 11.490052 -0.387451
v 3.779210 11.678393 -0.387451
v 3.692468 11.490052 0.387408
v 3.779210 11.678393 0.387408
v 3.101502 11.691229 0.632290
v 3.194189 11.980259 0.664317
v 3.101502 11.691229 -0.632334
v 3.194189 11.980259 -0.664361
v 2.878455 12.660618 -0.625167
v 2.858711 11.824520 -0.645189
v 2.858711 11.824520 0.646398
v 2.880849 12.653296 0.625123
v 3.976693 13.100897 0.000000
v 3.932904 12.676430 0.000000
v 4.020482 13.525365 0.000000
v 3.976693 13.100897 -0.384876
v 3.976693 13.100897 0.384919
v 4.011460 13.437911 -0.293176
v 3.941926 12.763881 -0.293176
v 3.941926 12.763881 0.293219
v 3.976693 13.100897 0.384876
v 4.011460 13.437911 0.293176
vn 0.9987 -0.0474 0.0174
vn 0.9131 -0.0552 -0.4041
vn 0.8840 -0.0492 -0.4649
vn 0.9998 -0.0207 0.0073
vn 0.8683 -0.1429 -0.4749
vn 0.9978 -0.0657 -0.0064
vn 0.8897 -0.0409 -0.4547
vn 0.9705 0.2343 -0.0566
vn 0.4253 0.8619 -0.2762
vn 0.7365 0.6731 -0.0666
vn 0.1796 0.1182 -0.9766
vn 0.1431 -0.2776 -0.9500
vn 0.1213 0.8883 -0.4429
vn 0.1549 -0.1408 -0.9778
vn -0.5695 -0.1901 -0.7997
vn -0.5302 0.7625 -0.3707
vn -0.4691 -0.3703 -0.8017
vn -0.5480 0.2731 -0.7906
vn -0.8703 -0.3391 -0.3572
vn -0.8576 0.3939 -0.3308
vn -0.9222 -0.2424 -0.3014
vn -0.9245 -0.1459 -0.3520
vn -0.7340 0.6149 -0.2884
vn -0.9552 -0.2955 -0.0178
vn -0.9105 0.4121 0.0353
vn -0.9965 0.0568 0.0610
vn -0.9949 -0.0972 -0.0277
vn -0.9181 0.3870 0.0852
vn 0.5279 0.2903 -0.7981
vn 0.2930 -0.2647 -0.9188
vn -0.8669 0.0970 -0.4889
vn -0.7479 -0.2776 -0.6030
vn -0.9420 0.1239 -0.3118
vn 0.9883 0.1484 -0.0349
vn 0.9760 -0.2177 0.0008
vn 0.1567 0.0378 -0.9869
vn 0.9043 -0.1932 -0.3807
vn -0.5537 -0.0708 -0.8297
vn -0.9972 -0.0747 -0.0091
vn -0.9245 -0.0496 -0.3780
vn -0.9147 -0.4041 -0.0095
vn 0.6567 -0.7540 -0.0129
vn -0.1325 -0.9909 -0.0253
vn -0.6024 -0.7980 -0.0163
vn 0.8911 -0.4539 -0.0040
vn 0.8095 0.2735 -0.5195
vn -0.9982 -0.0557 0.0242
vn -0.2409 -0.1526 -0.9585
vn -0.1703 -0.1243 -0.9775
vn -0.2242 -0.0444 -0.9735
vn -0.2136 -0.0222 -0.9767
vn -0.0039 0.9864 0.1640
vn -0.0505 0.9644 0.2597
vn -0.0001 0.9468 0.3218
vn -0.8625 0.0133 -0.5059
vn 0.5497 0.0782 -0.8317
vn 0.7939 0.2385 0.5594
vn -0.3997 0.0311 0.9161
vn -0.3705 -0.1751 0.9122
vn -0.4022 -0.1297 0.9063
vn -0.4105 -0.0812 0.9083
vn -0.4109 -0.0677 0.9092
vn -0.4012 -0.0042 0.9160
vn 0.8596 -0.0482 0.5087
vn 0.8638 -0.0854 0.4965
vn 0.8648 -0.0713 0.4971
vn 0.8597 0.0227 0.5103
vn 0.6560 -0.1262 -0.7441
vn 0.5683 -0.0823 -0.8187
vn 0.5601 -0.0687 -0.8256
vn 0.5465 0.0370 -0.8367
vn -0.8643 -0.0804 -0.4966
vn -0.8639 -0.0853 -0.4964
vn -0.8649 -0.0712 -0.4969
vn -0.8577 -0.0662 -0.5098
vn -0.8576 -0.0663 0.5100
vn -0.9957 -0.0929 -0.0000
vn -0.8648 -0.0713 0.4971
vn -0.9975 -0.0700 -0.0000
vn -0.8638 -0.0854 0.4965
vn -0.9965 -0.0839 -0.0000
vn -0.8290 -0.0979 0.5507
vn -0.9966 -0.0821 -0.0000
vn 0.8598 0.0228 -0.5101
vn 0.9999 0.0133 -0.0000
vn 0.8649 -0.0712 -0.4969
vn 0.9975 -0.0700 -0.0000
vn 0.8639 -0.0853 -0.4964
vn 0.9965 -0.0839 -0.0000
vn 0.8445 -0.1296 -0.5197
vn 0.9979 -0.0651 -0.0000
vn -0.4038 -0.0017 -0.9149
vn 0.7714 0.0002 0.6363
vn 0.8592 0.1287 -0.4951
vn 0.9796 0.1889 0.0685
vn -0.8587 0.0208 0.5120
vn -0.9998 0.0207 0.0027
vn 0.8408 0.0661 -0.5373
vn 0.5432 0.0525 -0.8380
vn -0.7969 -0.1517 0.5848
vn 0.2515 -0.1216 0.9602
vn -0.5473 -0.0169 -0.8368
vn -0.0011 0.0291 -0.9996
vn -0.5601 -0.0687 -0.8256
vn -0.0000 -0.0636 -0.9980
vn -0.5683 -0.0823 -0.8187
vn -0.0000 -0.0763 -0.9971
vn -0.4984 -0.1006 -0.8611
vn -0.0119 -0.1209 -0.9926
vn 0.4000 0.0346 0.9159
vn -0.0011 0.0291 0.9996
vn 0.4109 -0.0677 0.9092
vn -0.0000 -0.0638 0.9980
vn 0.4105 -0.0812 0.9083
vn -0.0000 -0.0765 0.9971
vn 0.3405 -0.0863 0.9363
vn -0.0077 -0.1226 0.9924
vn -0.8669 0.0207 -0.4981
vn -0.0267 -0.1706 0.9850
vn 0.3684 0.1739 0.9132
vn -0.0035 0.0773 0.9970
vn -0.5530 0.0072 -0.8331
vn -0.0041 0.0260 -0.9997
vn 0.8318 0.0934 -0.5471
vn -0.9997 0.0239 -0.0000
vn -0.0202 -0.0781 -0.9967
vn 1.0000 -0.0049 -0.0000
vn 0.3694 -0.2643 0.8909
vn 0.8442 -0.1350 -0.5188
vn 0.4180 -0.0733 -0.9055
vn -0.2361 0.2193 -0.9467
vn 0.0189 0.0763 -0.9969
vn 0.8009 -0.3513 0.4850
vn 0.3575 0.2110 -0.9098
vn -0.9879 0.1550 -0.0000
vn 0.0558 0.2198 -0.9740
vn -0.7187 0.2833 -0.6350
vn 0.9864 -0.1646 -0.0000
vn -0.8403 0.0466 -0.5401
vn 0.9961 -0.0883 0.0030
vn 0.8407 0.0470 -0.5395
vn 0.3636 -0.1475 -0.9198
vn 0.3634 0.1470 0.9200
vn 0.0151 -0.1468 -0.9891
vn 0.8372 -0.1277 -0.5318
vn 0.3754 0.0080 -0.9268
vn -0.3756 0.0076 -0.9268
vn -0.0131 -0.0038 -0.9999
vn 0.8370 0.1266 0.5324
vn -0.9961 -0.0877 0.0028
vn -0.9834 0.1816 -0.0000
vn -0.9963 -0.0858 0.0008
vn -0.9944 -0.1058 0.0026
vn 0.8269 -0.1900 0.5293
vn 0.8420 0.0670 0.5354
vn 0.8389 0.1240 0.5300
vn -0.0121 -0.0028 -0.9999
vn -0.0125 0.1065 -0.9942
vn -0.0152 0.0487 -0.9987
vn -0.3734 0.0371 -0.9269
vn -0.3730 0.1110 -0.9212
vn -0.3745 0.0574 -0.9254
vn 0.3753 -0.0559 -0.9252
vn 0.3661 0.1045 -0.9247
vn 0.3655 0.0614 -0.9288
vn 0.8434 0.0864 -0.5303
vn 0.8408 -0.0648 -0.5375
vn 0.8371 -0.1255 -0.5324
vn 0.0293 0.1105 -0.9934
vn 0.0114 -0.0337 -0.9994
vn 0.0122 -0.1254 -0.9920
vn 0.3620 -0.1495 0.9201
vn 0.3675 0.0428 0.9290
vn 0.3663 0.1289 0.9215
vn 0.4389 0.1179 -0.8908
vn 0.3659 -0.0415 -0.9297
vn 0.3642 -0.1296 -0.9223
vn 0.8342 -0.1362 -0.5343
vn 0.8365 0.0991 -0.5389
vn 0.8366 0.0881 -0.5408
vn 1.0000 0.0041 -0.0000
vn 0.9963 -0.0859 0.0010
vn 0.9944 -0.1058 0.0031
vn -0.8213 0.0518 -0.5682
vn -0.8368 0.1054 -0.5373
vn -0.8379 0.0838 -0.5393
vn 0.8397 -0.1478 0.5225
vn -0.0030 -0.2237 -0.9747
vn 0.3711 -0.1567 0.9153
vn 0.3729 0.1560 -0.9146
vn -0.9893 0.1458 -0.0048
vn 0.8406 0.1475 -0.5212
vn 0.0016 0.1556 -0.9878
vn -0.8405 -0.1831 -0.5100
vn -0.3828 -0.2183 -0.8977
vn 0.3846 -0.2184 -0.8969
vn 0.8414 -0.1826 -0.5087
vn 0.9893 0.1461 -0.0050
vn 0.8524 0.0899 0.5151
vn -0.0180 0.1046 -0.9944
vn 0.3952 0.1640 0.9039
vn 0.3969 -0.1624 -0.9034
vn -1.0000 -0.0000 -0.0000
vn 0.8510 -0.0852 -0.5182
vn 0.0178 -0.1711 -0.9851
vn -0.8510 0.0492 -0.5229
vn -0.4060 0.0993 -0.9084
vn 0.4047 0.1006 -0.9089
vn 0.8539 0.0513 -0.5179
vn 1.0000 -0.0000 -0.0000
vn -0.9633 0.2099 -0.1674
vn 0.3684 0.2793 -0.8867
vn 0.7993 0.3661 0.4765
vn -0.5797 0.1158 0.8066
vn -0.0000 -1.0000 -0.0000
vn -0.7835 0.3635 0.5040
vn 0.3538 0.8382 0.4151
vn 0.1634 0.8592 0.4848
vn 0.3148 0.7004 0.6406
vn 0.0189 0.6142 0.7889
vn 0.1348 -0.9869 0.0890
vn -0.0541 -0.9935 0.1000
vn -0.0779 -0.9970 -0.0051
vn 0.3621 0.2635 0.8941
vn -0.0576 0.2387 0.9694
vn 0.0015 0.1168 0.9932
vn -0.0149 0.1672 0.9858
vn -0.3502 0.0904 -0.9323
vn -0.1424 0.1591 -0.9769
vn -0.0471 0.1838 -0.9818
vn -0.0979 0.2101 -0.9728
vn 0.0257 -0.9992 0.0307
vn -0.0322 -0.9965 0.0774
vn -0.0216 -0.9992 0.0336
vn -0.0171 -0.9848 0.1727
vn 0.0522 -0.9946 0.0893
vn -0.0783 0.5806 -0.8104
vn -0.0000 1.0000 -0.0000
vn 0.2451 0.6986 -0.6722
vn 0.4774 0.8787 -0.0000
vn 0.1714 0.8669 -0.4680
vn 0.2242 0.9745 0.0036
vn 0.4498 0.7962 -0.4048
vn 0.4238 0.9057 -0.0004
vn -0.8415 0.3821 -0.3820
vn -0.9160 0.4011 -0.0000
vn 0.7319 0.4633 -0.4997
vn 0.9343 0.3531 -0.0489
vn -0.9453 0.2152 0.2451
vn -0.9703 0.2419 -0.0000
vn -0.9841 0.1776 -0.0000
vn -0.6954 0.2559 -0.6715
vn -0.0906 -0.9959 -0.0000
vn -0.1011 -0.9948 -0.0091
vn -0.5596 0.0648 -0.8262
vn -0.1009 -0.9948 0.0102
vn -0.5784 0.2841 0.7647
vn -0.2554 0.1293 0.9581
vn 0.9633 -0.2099 -0.1674
vn -0.3684 -0.2793 -0.8867
vn -0.7993 -0.3661 0.4765
vn 0.5797 -0.1158 0.8066
vn 0.7835 -0.3635 0.5040
vn -0.3538 -0.8382 0.4151
vn -0.1634 -0.8592 0.4848
vn -0.3148 -0.7004 0.6406
vn -0.0189 -0.6142 0.7889
vn -0.1348 0.9869 0.0890
vn 0.0541 0.9935 0.1000
vn 0.0779 0.9970 -0.0051
vn -0.3621 -0.2635 0.8941
vn 0.0576 -0.2387 0.9694
vn -0.0015 -0.1168 0.9932
vn 0.0149 -0.1672 0.9858
vn 0.3502 -0.0904 -0.9323
vn 0.1424 -0.1591 -0.9769
vn 0.0471 -0.1838 -0.9818
vn 0.0979 -0.2101 -0.9728
vn -0.0257 0.9992 0.0307
vn 0.0322 0.9965 0.0774
vn 0.0216 0.9992 0.0336
vn 0.0171 0.9848 0.1727
vn -0.0522 0.9946 0.0893
vn 0.0783 -0.5806 -0.8104
vn -0.2451 -0.6986 -0.6722
vn -0.4774 -0.8787 -0.0000
vn -0.1714 -0.8669 -0.4680
vn -0.2241 -0.9745 0.0036
vn -0.4498 -0.7961 -0.4048
vn -0.4238 -0.9057 -0.0004
vn 0.8415 -0.3821 -0.3820
vn 0.9160 -0.4011 -0.0000
vn -0.7319 -0.4633 -0.4997
vn -0.9343 -0.3531 -0.0489
vn 0.9453 -0.2152 0.2451
vn 0.9703 -0.2419 -0.0000
vn 0.9841 -0.1776 -0.0000
vn 0.6954 -0.2559 -0.6715
vn 0.0906 0.9959 -0.0000
vn 0.1011 0.9948 -0.0091
vn 0.5596 -0.0648 -0.8262
vn 0.1009 0.9948 0.0102
vn 0.5784 -0.2841 0.7647
vn 0.2554 -0.1293 0.9581
vn 0.8625 -0.0133 -0.5059
vn -0.5497 -0.0782 -0.8317
vn -0.7939 -0.2385 0.5594
vn 0.3997 -0.0311 0.9161
vn 0.3705 0.1751 0.9122
vn 0.4022 0.1297 0.9063
vn 0.4105 0.0812 0.9083
vn 0.4109 0.0677 0.9092
vn 0.4012 0.0042 0.9160
vn -0.8596 0.0482 0.5087
vn -0.8638 0.0854 0.4965
vn -0.8648 0.0713 0.4971
vn -0.8597 -0.0227 0.5103
vn -0.6560 0.1262 -0.7441
vn -0.5683 0.0823 -0.8187
vn -0.5601 0.0687 -0.8256
vn -0.5465 -0.0370 -0.8367
vn 0.8643 0.0804 -0.4966
vn 0.8639 0.0853 -0.4964
vn 0.8649 0.0712 -0.4969
vn 0.8577 0.0662 -0.5098
vn 0.8576 0.0663 0.5100
vn 0.9957 0.0929 -0.0000
vn 0.8648 0.0713 0.4971
vn 0.9975 0.0700 -0.0000
vn 0.8638 0.0854 0.4965
vn 0.9965 0.0839 -0.0000
vn 0.8290 0.0979 0.5507
vn 0.9966 0.0821 -0.0000
vn -0.8598 -0.0228 -0.5101
vn -0.9999 -0.0133 -0.0000
vn -0.8649 0.0712 -0.4969
vn -0.9975 0.0700 -0.0000
vn -0.8639 0.0853 -0.4964
vn -0.9965 0.0839 -0.0000
vn -0.8445 0.1296 -0.5197
vn -0.9979 0.0651 -0.0000
vn 0.4038 0.0017 -0.9149
vn -0.7714 -0.0002 0.6363
vn -0.8592 -0.1287 -0.4951
vn -0.9796 -0.1889 0.0685
vn 0.8587 -0.0208 0.5120
vn 0.9998 -0.0207 0.0027
vn -0.8408 -0.0661 -0.5373
vn -0.5432 -0.0525 -0.8380
vn 0.7969 0.1517 0.5848
vn -0.2515 0.1216 0.9602
vn 0.5473 0.0169 -0.8368
vn 0.0011 -0.0291 -0.9996
vn 0.5601 0.0687 -0.8256
vn -0.0000 0.0636 -0.9980
vn 0.5683 0.0823 -0.8187
vn -0.0000 0.0763 -0.9971
vn 0.4984 0.1006 -0.8611
vn 0.0119 0.1209 -0.9926
vn -0.4000 -0.0346 0.9159
vn 0.0011 -0.0291 0.9996
vn -0.4109 0.0677 0.9092
vn -0.0000 0.0638 0.9980
vn -0.4105 0.0812 0.9083
vn -0.0000 0.0765 0.9971
vn -0.3405 0.0863 0.9363
vn 0.0077 0.1226 0.9924
vn 0.8669 -0.0207 -0.4981
vn 0.0267 0.1706 0.9850
vn -0.3684 -0.1739 0.9132
vn 0.0035 -0.0773 0.9970
vn 0.5530 -0.0072 -0.8331
vn 0.0041 -0.0260 -0.9997
vn -0.8318 -0.0934 -0.5471
vn 0.9997 -0.0239 -0.0000
vn 0.0202 0.0781 -0.9967
vn -1.0000 0.0049 -0.0000
vn -0.3694 0.2643 0.8909
vn -0.8442 0.1350 -0.5188
vn -0.4180 0.0733 -0.9055
vn 0.2361 -0.2193 -0.9467
vn -0.0189 -0.0763 -0.9969
vn -0.8009 0.3513 0.4850
vn -0.3575 -0.2110 -0.9098
vn 0.9879 -0.1550 -0.0000
vn -0.0558 -0.2198 -0.9740
vn 0.7187 -0.2833 -0.6350
vn -0.9864 0.1646 -0.0000
vn 0.8403 -0.0466 -0.5401
vn -0.9961 0.0883 0.0030
vn -0.8407 -0.0470 -0.5395
vn -0.3636 0.1475 -0.9198
vn -0.3634 -0.1470 0.9200
vn -0.0151 0.1468 -0.9891
vn -0.8372 0.1277 -0.5318
vn -0.3754 -0.0080 -0.9268
vn 0.3756 -0.0076 -0.9268
vn 0.0131 0.0038 -0.9999
vn -0.8370 -0.1266 0.5324
vn 0.9961 0.0877 0.0028
vn 0.9834 -0.1816 -0.0000
vn 0.9963 0.0858 0.0008
vn 0.9944 0.1058 0.0026
vn -0.8269 0.1900 0.5293
vn -0.8420 -0.0670 0.5354
vn -0.8389 -0.1240 0.5300
vn 0.0121 0.0028 -0.9999
vn 0.0125 -0.1065 -0.9942
vn 0.0152 -0.0487 -0.9987
vn 0.3734 -0.0371 -0.9269
vn 0.3730 -0.1110 -0.9212
vn 0.3745 -0.0574 -0.9254
vn -0.3753 0.0559 -0.9252
vn -0.3661 -0.1045 -0.9247
vn -0.3655 -0.0614 -0.9288
vn -0.8434 -0.0864 -0.5303
vn -0.8408 0.0648 -0.5375
vn -0.8371 0.1255 -0.5324
vn -0.0293 -0.1105 -0.9934
vn -0.0114 0.0337 -0.9994
vn -0.0122 0.1254 -0.9920
vn -0.3620 0.1495 0.9201
vn -0.3675 -0.0428 0.9290
vn -0.3663 -0.1289 0.9215
vn -0.4389 -0.1179 -0.8908
vn -0.3659 0.0415 -0.9297
vn -0.3642 0.1296 -0.9223
vn -0.8342 0.1362 -0.5343
vn -0.8366 -0.0991 -0.5389
vn -0.8366 -0.0881 -0.5408
vn -1.0000 -0.0041 -0.0000
vn -0.9963 0.0859 0.0010
vn -0.9944 0.1058 0.0031
vn 0.8213 -0.0518 -0.5682
vn 0.8368 -0.1054 -0.5373
vn 0.8379 -0.0838 -0.5393
vn -0.8397 0.1478 0.5225
vn 0.0030 0.2237 -0.9747
vn -0.3711 0.1567 0.9153
vn -0.3729 -0.1560 -0.9146
vn 0.9893 -0.1458 -0.0048
vn -0.8406 -0.1475 -0.5212
vn -0.0016 -0.1556 -0.9878
vn 0.8405 0.1831 -0.5100
vn 0.3828 0.2183 -0.8977
vn -0.3846 0.2184 -0.8969
vn -0.8414 0.1826 -0.5087
vn -0.9893 -0.1461 -0.0050
vn -0.8524 -0.0899 0.5151
vn 0.0180 -0.1046 -0.9944
vn -0.3952 -0.1640 0.9039
vn -0.3969 0.1624 -0.9034
vn -0.8510 0.0852 -0.5182
vn -0.0178 0.1711 -0.9851
vn 0.8510 -0.0492 -0.5229
vn 0.4060 -0.0993 -0.9084
vn -0.4047 -0.1006 -0.9089
vn -0.8539 -0.0513 -0.5179
vn -0.0000 0.2582 -0.9661
vn -0.0000 -0.2582 0.9661
vn -0.0000 -0.0000 -1.0000
vn -0.0000 0.7847 0.6199
vn -0.0000 0.8473 0.5311
vn -0.0000 0.6162 0.7876
vn -0.0000 0.1477 0.9890
vn -0.0000 0.8472 -0.5313
vn -0.0000 -0.3269 -0.9451
vn -0.0000 -0.1133 -0.9936
vn -0.0000 -0.0000 1.0000
vn -0.0000 0.9531 -0.3026
vn -0.0000 0.8472 0.5313
vn -0.0000 0.8473 -0.5311
vn -0.9559 0.2935 0.0116
vn -0.0377 -0.8549 -0.5175
vn 0.9586 0.2848 -0.0000
vn -0.5916 -0.8062 -0.0000
vn -0.3246 0.9458 -0.0000
vn 0.9586 -0.2848 -0.0000
vn -0.1113 -0.3484 -0.9307
vn -0.9586 -0.2848 -0.0000
vn 0.1113 -0.3484 -0.9307
vn 0.3229 0.9464 -0.0004
vn 0.5916 -0.8062 -0.0000
vn 0.0380 -0.8549 -0.5175
vn 0.0958 0.8869 -0.4519
vn -0.0971 0.8865 -0.4524
vn 0.9538 0.2998 0.0200
vn -0.9586 0.2848 -0.0000
vn -0.9390 0.3403 -0.0487
vn 0.2569 -0.9664 0.0017
vn 0.9526 0.2952 0.0736
vn -0.4640 0.6602 0.5907
vn -0.1667 -0.9625 -0.2138
vn -0.2734 0.9618 0.0129
vn 0.9856 0.1066 0.1312
vn -0.2472 -0.9585 -0.1418
vn -1.0000 -0.0064 0.0005
vn -0.9912 0.0927 0.0950
vn -0.2755 0.9497 -0.1487
vn -0.2846 -0.9532 -0.1022
vn 0.9427 0.3293 -0.0531
vn -0.9473 0.3123 0.0718
vn 0.3066 -0.9464 -0.1015
vn 0.2475 0.9547 -0.1651
vn 0.2579 -0.9533 -0.1571
vn 0.2630 0.9646 0.0167
vn 0.1842 -0.9644 -0.1900
vn 0.4134 0.6259 0.6613
vn -0.8912 -0.0490 -0.4509
vn 0.0013 -0.8146 -0.5801
vn -0.0014 -0.8146 -0.5801
vn -0.2488 -0.9685 0.0017
vn 0.2753 0.8920 -0.3585
vn 0.8835 -0.0646 -0.4640
vn -0.2864 0.8890 -0.3573
vn -0.0489 0.0145 0.9987
vn 0.3246 -0.9459 -0.0000
vn -0.3246 0.9459 -0.0000
vn -0.0162 -0.0472 0.9988
vn 0.0489 -0.0145 0.9987
vn 0.3246 0.9459 -0.0000
vn -0.3246 -0.9459 -0.0000
vn -0.0162 0.0472 0.9988
vn 0.0162 -0.0472 0.9988
vn 0.0162 0.0472 0.9988
vn 0.0489 0.0145 0.9987
vn -0.0489 -0.0145 0.9987
vn -0.0245 -0.1640 0.9862
vn 0.0245 -0.1640 0.9862
vn -0.9755 0.2190 -0.0204
vn -0.1303 -0.9047 -0.4057
vn 0.9763 0.2145 0.0294
vn -0.6840 0.2655 0.6795
vn 0.1583 -0.9868 -0.0350
vn -0.6349 0.7668 0.0946
vn -0.5179 -0.3556 0.7780
vn 1.0000 0.0008 -0.0008
vn 0.2133 -0.6132 -0.7606
vn -1.0000 -0.0018 -0.0000
vn -1.0000 -0.0017 -0.0003
vn -0.6384 0.7657 -0.0783
vn 0.2683 -0.9520 -0.1471
vn 0.9769 0.2120 -0.0256
vn -0.9763 0.2144 0.0286
vn -0.2585 -0.9547 -0.1475
vn -0.0000 -0.9883 -0.1527
vn 0.5819 0.8071 -0.0997
vn -0.0000 0.9920 -0.1266
vn -0.1818 -0.5949 -0.7830
vn -0.0000 -0.6332 -0.7740
vn 0.4979 -0.3598 0.7891
vn -0.0000 -0.5659 0.8245
vn 0.6068 0.7883 0.1014
vn -0.0000 0.9914 0.1311
vn -0.1618 -0.9864 -0.0285
vn -0.0000 -0.9979 0.0650
vn 0.5952 0.2273 0.7708
vn -0.0000 0.2906 0.9568
vn -0.8753 -0.0596 -0.4798
vn -0.0000 0.8851 -0.4653
vn 0.3327 -0.5012 -0.7988
vn -0.3520 -0.4958 -0.7939
vn -0.0000 -0.5243 -0.8515
vn 0.1234 -0.9061 -0.4047
vn 0.6344 0.6078 -0.4776
vn 0.8665 -0.0698 -0.4942
vn -0.6628 0.5826 -0.4704
vn -0.0000 -0.9366 -0.3504
vn -0.0151 0.0080 -0.9999
vn -0.0151 0.0079 -0.9999
vn -0.9609 -0.2770 0.0001
vn 0.9609 0.2770 -0.0001
vn -0.2594 0.9658 -0.0012
vn 0.2594 -0.9658 0.0012
vn -0.3294 -0.9442 0.0011
vn 0.9382 -0.3461 0.0006
vn 0.3294 0.9442 -0.0011
vn -0.9382 0.3461 -0.0006
vn -0.0340 0.0197 -0.9992
vn 0.0047 0.0554 -0.9985
vn 0.0269 -0.0028 -0.9996
vn -0.0174 -0.0079 -0.9998
vn -0.0035 -0.0160 -0.9999
vn -0.0203 0.0465 -0.9987
vn 0.0359 0.0245 -0.9991
vn -0.0287 0.0059 -0.9996
vn -0.0334 -0.0238 0.9992
vn 0.0267 -0.0065 0.9996
vn 0.0041 0.0139 0.9999
vn 0.0196 -0.0441 0.9988
vn -0.0039 -0.0530 0.9986
vn 0.0320 -0.0189 0.9993
vn 0.0167 0.0059 0.9998
vn -0.0246 0.0020 0.9997
vn -0.9608 -0.2774 -0.0016
vn 0.9608 0.2774 0.0016
vn -0.2590 0.9659 0.0020
vn 0.2590 -0.9659 -0.0020
vn -0.3290 -0.9443 -0.0025
vn 0.9380 -0.3466 0.0001
vn 0.3290 0.9443 0.0025
vn -0.9380 0.3466 -0.0001
vn 0.3290 0.9443 -0.0000
vn -0.3290 -0.9443 -0.0000
vn -0.2590 0.9659 -0.0000
vn -0.9607 -0.2774 -0.0000
vn -0.9380 0.3466 -0.0000
vn 0.9380 -0.3466 -0.0000
vn 0.2590 -0.9659 -0.0000
vn 0.9608 0.2774 -0.0000
vn -0.0174 -0.0078 -0.9998
vn 0.5611 0.7021 0.4385
vn -0.8933 -0.2629 0.3645
vn 0.2450 -0.9030 0.3530
vn -0.7419 0.4836 0.4645
vn 0.7412 0.5085 0.4383
vn -0.4512 0.7679 0.4547
vn -0.3026 -0.8822 0.3607
vn 0.8819 -0.3281 0.3385
vn -0.9607 -0.2774 -0.0005
vn 0.9608 0.2774 0.0005
vn -0.2590 0.9659 0.0007
vn 0.2590 -0.9659 -0.0007
vn -0.3290 -0.9443 -0.0008
vn 0.3290 0.9443 0.0008
vn 0.3286 0.9443 -0.0204
vn -0.1531 -0.9881 -0.0134
vn -0.2592 0.9656 -0.0218
vn -0.9961 -0.0872 -0.0144
vn -0.9377 0.3465 -0.0240
vn 0.9808 -0.1945 -0.0118
vn 0.0842 -0.9964 -0.0131
vn 0.9605 0.2776 -0.0196
vn 0.2590 -0.9659 -0.0006
vn -0.9608 -0.2774 -0.0005
vn -0.5404 0.1977 0.8178
vn 0.2061 0.5502 0.8092
vn 0.5562 -0.2074 0.8048
vn -0.1811 -0.5612 0.8076
vn 0.1637 -0.5714 0.8042
vn -0.1410 0.5653 0.8128
vn 0.5708 0.1549 0.8064
vn -0.5525 -0.1696 0.8161
vn -0.4129 0.1504 0.8983
vn 0.1635 0.4236 0.8910
vn 0.4340 -0.1625 0.8861
vn -0.1360 -0.4361 0.8896
vn 0.1307 -0.4443 0.8863
vn -0.1050 0.4349 0.8944
vn 0.4453 0.1177 0.8876
vn -0.4222 -0.1329 0.8967
vn -0.9569 0.2904 -0.0000
vn 0.3317 0.3072 -0.8919
vn 0.9569 0.2904 -0.0000
vn -0.2231 0.2066 0.9527
vn 0.3773 -0.9261 -0.0000
vn -0.3773 0.9261 -0.0000
vn -0.2231 -0.2066 0.9527
vn 0.9569 -0.2904 -0.0000
vn 0.3317 -0.3072 -0.8919
vn -0.9569 -0.2904 -0.0000
vn -0.3317 -0.3072 -0.8919
vn 0.2231 -0.2066 0.9527
vn 0.3773 0.9261 -0.0000
vn -0.3773 -0.9261 -0.0000
vn 0.2231 0.2066 0.9527
vn -0.3317 0.3072 -0.8919
vn -0.9997 0.0261 -0.0000
vn -0.0000 0.5981 -0.8014
vn 0.9997 0.0261 -0.0000
vn -0.0000 0.5981 0.8014
vn -0.0000 -0.5981 0.8014
vn 0.9997 -0.0261 -0.0000
vn -0.0000 -0.5981 -0.8014
vn -0.9997 -0.0261 -0.0000
vn 0.9985 0.0322 0.0441
vn 0.1058 -0.3672 -0.9241
vn -0.1052 0.1875 0.9766
vn 0.5059 0.2830 0.8148
vn -0.5069 -0.3189 -0.8008
vn 0.8603 -0.1829 -0.4758
vn -0.9986 -0.0270 -0.0463
vn -0.9986 0.0085 -0.0517
vn 0.8785 -0.0076 -0.4776
vn -0.5345 0.0044 -0.8451
vn 0.5345 -0.0044 0.8452
vn -0.1175 0.0012 0.9931
vn 0.1174 -0.0012 -0.9931
vn 0.9986 -0.0085 0.0517
vn -0.8592 0.1453 0.4905
vn -0.8785 0.0076 0.4777
vn 0.1053 -0.6040 -0.7900
vn 0.9985 0.0215 0.0508
vn -0.8719 0.4036 0.2773
vn 0.5324 0.6739 0.5122
vn -0.9982 -0.0163 -0.0585
vn 0.8718 -0.3968 -0.2872
vn -0.1092 0.8022 0.5870
vn -0.5206 -0.5672 -0.6381
vn 0.5331 0.8270 0.1785
vn -0.1020 0.9719 0.2123
vn 0.8680 -0.4839 -0.1116
vn -0.9987 -0.0487 0.0151
vn -0.5298 -0.8011 -0.2786
vn 0.0993 -0.8910 -0.4430
vn -0.8678 0.4818 0.1214
vn 0.9989 0.0412 0.0211
vn 0.0085 1.0000 -0.0002
vn 0.0086 1.0000 -0.0003
vn 0.0085 1.0000 -0.0001
vn -0.8698 0.4935 -0.0000
vn 0.9991 0.0427 0.0011
vn 0.0985 -0.9948 -0.0264
vn -0.0985 0.9948 0.0264
vn 0.5413 0.8405 0.0223
vn -0.5413 -0.8405 -0.0223
vn 0.8697 -0.4935 -0.0131
vn -0.9991 -0.0427 -0.0000
vn -0.9991 -0.0427 -0.0011
vn 0.8697 -0.4935 -0.0000
vn -0.5414 -0.8408 -0.0000
vn 0.5414 0.8407 -0.0000
vn -0.0985 0.9951 -0.0000
vn 0.0986 -0.9951 -0.0000
vn 0.9991 0.0427 -0.0000
vn -0.8697 0.4935 0.0131
vn -0.8697 0.4935 -0.0000
vn -0.9985 -0.0322 0.0441
vn -0.1058 0.3672 -0.9241
vn 0.1051 -0.1876 0.9766
vn -0.5061 -0.2830 0.8147
vn 0.5069 0.3189 -0.8008
vn -0.8603 0.1829 -0.4758
vn 0.9986 0.0270 -0.0463
vn 0.9986 -0.0085 -0.0517
vn -0.8785 0.0076 -0.4776
vn 0.5345 -0.0044 -0.8452
vn -0.5345 0.0044 0.8452
vn 0.1174 -0.0012 0.9931
vn -0.1174 0.0012 -0.9931
vn -0.9986 0.0085 0.0517
vn 0.8593 -0.1453 0.4905
vn 0.8785 -0.0076 0.4777
vn -0.1053 0.6043 -0.7898
vn -0.9985 -0.0215 0.0508
vn 0.8719 -0.4036 0.2773
vn -0.5324 -0.6740 0.5121
vn 0.9982 0.0163 -0.0585
vn -0.8717 0.3969 -0.2873
vn 0.1092 -0.8022 0.5869
vn 0.5206 0.5675 -0.6379
vn -0.5331 -0.8270 0.1785
vn 0.1020 -0.9719 0.2123
vn -0.8680 0.4839 -0.1118
vn 0.9987 0.0487 0.0151
vn 0.5297 0.8010 -0.2791
vn -0.0994 0.8909 -0.4431
vn 0.8678 -0.4818 0.1215
vn -0.9989 -0.0412 0.0211
vn -0.0086 -1.0000 -0.0002
vn -0.0086 -1.0000 -0.0001
vn -0.0085 -1.0000 -0.0003
vn -0.0000 0.9882 0.1531
vn -0.9987 -0.0065 -0.0514
vn -0.0000 -0.1410 -0.9900
vn 0.9987 -0.0065 -0.0514
vn -0.0000 0.1174 0.9931
vn -0.0000 -0.9959 0.0900
vn -0.0000 0.9813 -0.1925
vn -0.0000 -0.0746 -0.9972
vn -0.0000 0.0555 0.9985
vn -0.0000 -0.9983 0.0589
vn -0.0000 0.9983 -0.0589
vn -0.0000 -0.9951 0.0988
vn -0.0000 0.9951 -0.0988
vn -0.9990 -0.0056 -0.0441
vn 0.9990 -0.0056 -0.0441
vn -0.0000 0.9824 -0.1867
vn -0.0000 -0.9983 0.0588
vn -0.0000 0.9983 -0.0588
vn -0.0000 -0.9950 0.1000
vn -0.0000 0.9950 -0.1000
vn -0.0760 -0.9934 0.0864
vn -0.9947 -0.0921 -0.0449
vn 0.9946 0.0777 -0.0684
vn 0.0759 0.9795 -0.1866
vn -0.0185 -0.9984 0.0530
vn -0.9998 -0.0191 -0.0004
vn 0.9998 0.0189 -0.0027
vn 0.0185 0.9977 -0.0650
vn 0.0008 -0.0730 -0.9973
vn -0.0565 -0.9948 0.0852
vn -0.9981 -0.0618 0.0032
vn 0.9981 0.0613 -0.0085
vn 0.0565 0.9929 -0.1045
vn -0.0000 -0.9952 0.0982
vn -0.0000 0.0746 0.9972
vn -0.0000 0.9952 -0.0982
vn -0.0000 -0.1174 -0.9931
vn -0.0000 -0.9960 0.0896
vn -0.9987 -0.0065 -0.0511
vn 0.9987 -0.0065 -0.0511
vn -0.0000 0.9815 -0.1916
vn -0.0000 -0.9983 0.0590
vn -0.0000 0.9983 -0.0591
vn 0.0068 0.9986 -0.0520
vn 0.1146 -0.0000 -0.9934
vn 0.0068 -0.9986 -0.0520
vn -0.1383 -0.0000 0.9904
vn -0.9969 -0.0000 -0.0784
vn 0.9997 -0.0000 -0.0248
vn 0.0226 0.9982 -0.0564
vn -0.0226 -0.9982 0.0564
vn 0.6680 -0.0000 0.7442
vn -0.9678 -0.0000 -0.2519
vn 0.9639 -0.0000 0.2661
vn -0.8863 -0.0000 0.4631
vn 0.0752 -0.9950 -0.0653
vn -0.6703 -0.0000 -0.7421
vn -0.0752 0.9950 0.0653
vn -0.9779 0.1975 0.0690
vn 0.8024 0.3232 -0.5016
vn 0.9779 0.1975 0.0690
vn -0.7059 0.6860 0.1763
vn -0.4209 -0.8691 0.2600
vn -0.4264 0.9009 -0.0817
vn 0.4264 0.9009 -0.0817
vn -0.0000 0.9925 -0.1221
vn 0.4209 -0.8691 0.2600
vn -0.0000 -0.9408 0.3389
vn 0.7059 0.6860 0.1763
vn -0.0000 0.9152 0.4030
vn -0.8024 0.3232 -0.5016
vn -0.0000 0.4938 -0.8696
vn 0.7059 0.6860 0.1764
vn -0.4263 0.9009 -0.0817
vn 0.4263 0.9009 -0.0817
vn 0.0870 0.9912 0.1001
vn 0.5709 -0.8186 0.0628
vn 0.0257 -0.9533 0.3010
vn 0.2697 0.7623 0.5884
vn -0.6967 0.3826 -0.6068
vn 0.5953 0.4769 0.6467
vn 0.5685 -0.3709 0.7343
vn 0.6674 0.0557 0.7426
vn -0.7231 -0.4543 -0.5203
vn -0.8156 -0.0340 -0.5776
vn 0.2254 -0.6413 0.7334
vn 0.1927 0.0948 0.9767
vn 0.6212 0.7770 -0.1021
vn 0.9953 -0.0405 -0.0885
vn -0.0000 0.0008 1.0000
vn 0.9995 0.0005 0.0317
vn -0.9992 -0.0006 -0.0388
vn 0.0016 0.0327 0.9995
vn 0.0478 0.9749 0.2175
vn -0.0000 -0.9783 -0.2070
vn 1.0000 0.0001 0.0082
vn -0.9999 -0.0002 -0.0153
vn 0.0478 0.9751 0.2165
vn 0.9999 -0.0003 -0.0153
vn -1.0000 0.0001 0.0082
vn 0.0478 0.9754 0.2154
vn 0.9992 -0.0007 -0.0388
vn -0.9995 0.0005 0.0317
vn 0.0479 0.9756 0.2143
vn -0.0068 -0.9986 -0.0520
vn -0.1146 -0.0000 -0.9934
vn -0.0068 0.9986 -0.0520
vn 0.1383 -0.0000 0.9904
vn 0.9969 -0.0000 -0.0784
vn -0.9997 -0.0000 -0.0248
vn -0.0226 -0.9982 -0.0564
vn 0.0226 0.9982 0.0564
vn -0.6680 -0.0000 0.7442
vn 0.9678 -0.0000 -0.2519
vn -0.9639 -0.0000 0.2661
vn 0.8863 -0.0000 0.4631
vn -0.0752 0.9950 -0.0653
vn 0.6703 -0.0000 -0.7421
vn 0.0752 -0.9950 0.0653
vn -0.0000 0.9952 0.0982
vn -0.0000 -0.0746 0.9972
vn -0.0000 -0.9952 -0.0982
vn -0.0000 0.1174 -0.9931
vn -0.0000 0.9960 0.0896
vn 0.9987 0.0065 -0.0511
vn -0.9987 0.0065 -0.0511
vn -0.0000 -0.9815 -0.1916
vn -0.0000 0.1410 -0.9900
vn -0.0000 0.9983 0.0590
vn -0.0000 -0.0555 0.9985
vn -0.0000 -0.9983 -0.0591
vn 0.0760 0.9934 0.0864
vn 0.9947 0.0921 -0.0449
vn -0.0000 -0.1174 0.9931
vn -0.9946 -0.0777 -0.0684
vn -0.0759 -0.9795 -0.1866
vn 0.0185 0.9984 0.0530
vn 0.9998 0.0191 -0.0004
vn -0.9998 -0.0189 -0.0027
vn -0.0185 -0.9977 -0.0650
vn -0.0008 0.0730 -0.9973
vn 0.0565 0.9948 0.0852
vn 0.9981 0.0618 0.0032
vn -0.9981 -0.0613 -0.0085
vn -0.0565 -0.9929 -0.1045
vn -0.0000 0.9951 0.0988
vn 0.9990 0.0056 -0.0441
vn -0.9990 0.0056 -0.0441
vn -0.0000 -0.9824 -0.1867
vn -0.0000 0.1411 -0.9900
vn -0.0000 0.9983 0.0588
vn -0.0000 -0.9983 -0.0588
vn -0.0000 0.0746 -0.9972
vn -0.0000 0.9950 0.1000
vn -0.0000 -0.9950 -0.1000
vn 0.9987 0.0065 -0.0514
vn -0.9987 0.0065 -0.0514
vn -0.0000 0.9959 0.0900
vn -0.0000 -0.9813 -0.1925
vn -0.0000 0.9983 0.0589
vn -0.0000 -0.9983 -0.0589
vn -0.0000 -0.9951 -0.0988
vn -0.0000 -0.0008 1.0000
vn -0.9995 -0.0005 0.0317
vn 0.9992 0.0006 -0.0388
vn -0.0016 -0.0327 0.9995
vn -0.0478 -0.9749 0.2175
vn -0.0000 0.9783 -0.2070
vn -1.0000 -0.0001 0.0082
vn 0.9999 0.0002 -0.0153
vn -0.0478 -0.9751 0.2165
vn -0.9999 0.0003 -0.0153
vn 1.0000 -0.0001 0.0082
vn -0.0478 -0.9754 0.2154
vn -0.9992 0.0007 -0.0388
vn 0.9995 -0.0005 0.0317
vn -0.0479 -0.9756 0.2143
vn 0.9779 -0.1975 0.0690
vn -0.8024 -0.3232 -0.5016
vn -0.9779 -0.1975 0.0690
vn 0.7059 -0.6860 0.1763
vn 0.4209 0.8690 0.2599
vn 0.4264 -0.9009 -0.0817
vn -0.4263 -0.9009 -0.0817
vn -0.0000 -0.9925 -0.1221
vn -0.4209 0.8690 0.2599
vn -0.0000 0.9408 0.3389
vn -0.7059 -0.6860 0.1763
vn -0.0000 -0.9152 0.4030
vn 0.8024 -0.3232 -0.5016
vn -0.0000 -0.4939 -0.8695
vn -0.0000 -0.4938 -0.8695
vn 0.4209 0.8690 0.2600
vn 0.4263 -0.9009 -0.0817
vn -0.4209 0.8690 0.2600
vn -0.0870 -0.9912 0.1001
vn -0.5709 0.8186 0.0628
vn -0.0257 0.9533 0.3010
vn -0.2697 -0.7623 0.5884
vn 0.6967 -0.3826 -0.6068
vn -0.5953 -0.4769 0.6467
vn -0.5685 0.3709 0.7343
vn -0.6674 -0.0557 0.7426
vn 0.7231 0.4543 -0.5203
vn 0.8156 0.0340 -0.5776
vn -0.2254 0.6413 0.7334
vn -0.1927 -0.0948 0.9767
vn -0.6212 -0.7770 -0.1021
vn -0.9953 0.0405 -0.0885
vn -0.0000 -0.9882 0.1532
vn 0.1051 -0.1872 0.9767
vn -0.5059 -0.2829 0.8149
vn 0.5070 0.3189 -0.8008
vn 0.5345 -0.0044 -0.8451
vn 0.1175 -0.0012 0.9931
vn 0.8592 -0.1453 0.4905
vn 0.8785 -0.0076 0.4776
vn -0.1052 0.6041 -0.7899
vn 0.8719 -0.4036 0.2774
vn -0.5325 -0.6739 0.5122
vn 0.9982 0.0163 -0.0584
vn -0.8718 0.3969 -0.2872
vn 0.1092 -0.8022 0.5870
vn 0.5207 0.5673 -0.6380
vn -0.5331 -0.8270 0.1784
vn -0.8679 0.4840 -0.1117
vn 0.5296 0.8011 -0.2787
vn -0.0994 0.8913 -0.4424
vn 0.8678 -0.4818 0.1214
vn -0.0085 -1.0000 -0.0002
vn -0.0086 -1.0000 -0.0003
vn -0.0085 -1.0000 -0.0001
vn 0.8698 -0.4935 -0.0000
vn -0.9991 -0.0427 0.0011
vn -0.0985 0.9948 -0.0264
vn 0.0985 -0.9948 0.0264
vn -0.5413 -0.8405 0.0223
vn 0.5413 0.8405 -0.0223
vn -0.8697 0.4935 -0.0131
vn 0.9991 0.0427 -0.0011
vn 0.5414 0.8408 -0.0000
vn -0.5414 -0.8407 -0.0000
vn 0.0985 -0.9951 -0.0000
vn -0.0986 0.9951 -0.0000
vn 0.8697 -0.4935 0.0131
vn -0.1051 0.1874 0.9766
vn 0.5061 0.2830 0.8148
vn 0.8785 -0.0076 -0.4777
vn -0.1174 0.0012 0.9931
vn 0.1175 -0.0012 -0.9931
vn -0.8593 0.1453 0.4905
vn 0.1052 -0.6039 -0.7901
vn 0.5324 0.6740 0.5122
vn -0.5206 -0.5674 -0.6380
vn 0.8679 -0.4839 -0.1118
vn -0.5297 -0.8010 -0.2791
vn 0.0993 -0.8909 -0.4431
vn -0.8678 0.4818 0.1215
vn 0.0086 1.0000 -0.0002
vn 0.9755 -0.2190 -0.0204
vn 0.1303 0.9047 -0.4057
vn -0.9763 -0.2145 0.0294
vn 0.6840 -0.2655 0.6795
vn -0.1583 0.9868 -0.0349
vn 0.6349 -0.7668 0.0946
vn 0.5179 0.3556 0.7780
vn -1.0000 -0.0008 -0.0008
vn -0.2133 0.6132 -0.7606
vn 1.0000 0.0018 -0.0000
vn 1.0000 0.0017 -0.0003
vn 0.6384 -0.7657 -0.0783
vn -0.2683 0.9520 -0.1471
vn -0.9769 -0.2120 -0.0256
vn 0.9763 -0.2144 0.0286
vn 0.2585 0.9547 -0.1475
vn -0.0000 0.9883 -0.1527
vn -0.5819 -0.8071 -0.0997
vn -0.0000 -0.9920 -0.1266
vn 0.1818 0.5949 -0.7830
vn -0.0000 0.6332 -0.7740
vn -0.4979 0.3598 0.7891
vn -0.0000 0.5659 0.8245
vn -0.6068 -0.7883 0.1014
vn -0.0000 -0.9914 0.1311
vn 0.1618 0.9864 -0.0285
vn -0.0000 0.9979 0.0650
vn -0.5952 -0.2273 0.7708
vn -0.0000 -0.2906 0.9568
vn 0.8753 0.0596 -0.4798
vn -0.0000 -0.8851 -0.4653
vn -0.3327 0.5012 -0.7988
vn 0.3520 0.4958 -0.7939
vn -0.0000 0.5243 -0.8515
vn -0.1234 0.9061 -0.4047
vn -0.6344 -0.6078 -0.4776
vn -0.8665 0.0698 -0.4942
vn 0.6628 -0.5826 -0.4704
vn -0.0000 0.9366 -0.3504
vn 0.0245 0.1640 0.9862
vn -0.0245 0.1640 0.9862
vn 0.9559 -0.2935 0.0116
vn 0.0377 0.8549 -0.5175
vn 0.5916 0.8062 -0.0000
vn 0.3246 -0.9458 -0.0000
vn 0.1113 0.3484 -0.9307
vn -0.1113 0.3484 -0.9307
vn -0.3229 -0.9464 -0.0004
vn -0.5916 0.8062 -0.0000
vn -0.0380 0.8549 -0.5175
vn -0.0958 -0.8869 -0.4519
vn 0.0971 -0.8865 -0.4524
vn -0.9538 -0.2998 0.0200
vn 0.9390 -0.3403 -0.0487
vn -0.2569 0.9664 0.0017
vn -0.9526 -0.2952 0.0736
vn 0.4640 -0.6602 0.5907
vn 0.1667 0.9625 -0.2138
vn 0.2734 -0.9618 0.0129
vn -0.9856 -0.1066 0.1312
vn 0.2472 0.9585 -0.1418
vn 1.0000 0.0064 0.0005
vn 0.9912 -0.0927 0.0950
vn 0.2755 -0.9497 -0.1487
vn 0.2846 0.9532 -0.1022
vn -0.9427 -0.3293 -0.0531
vn 0.9473 -0.3123 0.0718
vn -0.3066 0.9464 -0.1015
vn -0.2475 -0.9547 -0.1651
vn -0.2579 0.9533 -0.1571
vn -0.2630 -0.9646 0.0167
vn -0.1842 0.9644 -0.1899
vn -0.4134 -0.6259 0.6613
vn 0.8912 0.0490 -0.4509
vn -0.0013 0.8146 -0.5801
vn 0.0014 0.8146 -0.5801
vn 0.2488 0.9685 0.0017
vn -0.2753 -0.8920 -0.3585
vn -0.8835 0.0647 -0.4640
vn 0.2864 -0.8890 -0.3573
vn 0.0151 -0.0080 -0.9999
vn 0.0151 -0.0079 -0.9999
vn 0.9609 0.2770 0.0001
vn -0.9609 -0.2770 -0.0001
vn 0.2594 -0.9658 -0.0012
vn -0.2594 0.9658 0.0012
vn 0.3294 0.9442 0.0011
vn -0.9382 0.3461 0.0006
vn -0.3294 -0.9442 -0.0011
vn 0.9382 -0.3461 -0.0006
vn 0.0340 -0.0197 -0.9992
vn -0.0047 -0.0554 -0.9985
vn -0.0269 0.0028 -0.9996
vn 0.0174 0.0079 -0.9998
vn 0.0035 0.0160 -0.9999
vn 0.0203 -0.0465 -0.9987
vn -0.0359 -0.0245 -0.9991
vn 0.0287 -0.0059 -0.9996
vn 0.0334 0.0238 0.9992
vn -0.0267 0.0065 0.9996
vn -0.0041 -0.0139 0.9999
vn -0.0196 0.0441 0.9988
vn 0.0039 0.0530 0.9986
vn -0.0320 0.0189 0.9993
vn -0.0167 -0.0059 0.9998
vn 0.0246 -0.0020 0.9997
vn 0.9608 0.2774 -0.0016
vn -0.9608 -0.2774 0.0016
vn 0.2590 -0.9659 0.0020
vn -0.2590 0.9659 -0.0020
vn 0.3290 0.9443 -0.0025
vn -0.9380 0.3466 0.0001
vn -0.3290 -0.9443 0.0025
vn 0.9380 -0.3466 -0.0001
vn 0.9607 0.2774 -0.0000
vn -0.9608 -0.2774 -0.0000
vn -0.5611 -0.7021 0.4385
vn 0.8933 0.2629 0.3645
vn -0.2450 0.9030 0.3530
vn 0.7419 -0.4836 0.4645
vn -0.7412 -0.5085 0.4383
vn 0.4512 -0.7679 0.4547
vn 0.3026 0.8822 0.3608
vn -0.8819 0.3281 0.3385
vn 0.9608 0.2774 -0.0005
vn -0.9608 -0.2774 0.0005
vn 0.2590 -0.9659 0.0007
vn -0.2590 0.9659 -0.0007
vn 0.3290 0.9443 -0.0008
vn -0.3290 -0.9443 0.0008
vn -0.3286 -0.9443 -0.0204
vn 0.1531 0.9881 -0.0134
vn 0.2592 -0.9656 -0.0218
vn 0.9961 0.0872 -0.0144
vn 0.9377 -0.3465 -0.0240
vn -0.9808 0.1945 -0.0118
vn -0.0842 0.9964 -0.0131
vn -0.9605 -0.2776 -0.0196
vn 0.5404 -0.1977 0.8178
vn -0.2061 -0.5502 0.8092
vn -0.5562 0.2074 0.8048
vn 0.1811 0.5612 0.8076
vn -0.1637 0.5714 0.8042
vn 0.1410 -0.5653 0.8128
vn -0.5708 -0.1549 0.8064
vn 0.5525 0.1696 0.8161
vn 0.4129 -0.1504 0.8983
vn -0.1635 -0.4236 0.8910
vn -0.4341 0.1625 0.8861
vn 0.1360 0.4361 0.8896
vn -0.1307 0.4443 0.8863
vn 0.1050 -0.4349 0.8944
vn -0.4454 -0.1177 0.8876
vn 0.4222 0.1329 0.8967
vn -0.8113 0.5847 -0.0000
vn 0.9998 -0.0190 -0.0000
vn 0.0802 -0.9968 -0.0000
vn -0.0802 0.9968 -0.0000
vn 0.6623 0.7493 -0.0000
vn -0.6623 -0.7493 -0.0000
vn 0.8113 -0.5847 -0.0000
vn -0.9998 0.0190 -0.0000
vn -0.9338 -0.1144 -0.3389
vn 0.3147 0.0601 -0.9473
vn 0.9338 0.1144 0.3389
vn -0.3147 -0.0601 0.9473
vn 0.1285 -0.9903 0.0534
vn 0.2674 0.0151 0.9635
vn -0.2674 -0.0151 -0.9635
vn 0.1285 -0.9903 0.0535
vn 0.9494 0.1291 -0.2864
vn -0.9494 -0.1291 0.2864
vn -0.9542 -0.0937 0.2841
vn 0.9542 0.0937 -0.2841
vn -0.2586 -0.0911 -0.9617
vn 0.2586 0.0911 0.9617
vn -0.3265 0.0216 0.9450
vn 0.9322 0.1304 0.3377
vn 0.3265 -0.0216 -0.9450
vn -0.9322 -0.1304 -0.3377
vn 0.1097 -0.9931 0.0419
vn 0.1479 -0.9890 0.0058
vn 0.1701 -0.9834 0.0638
vn 0.1263 -0.9896 0.0692
vn 0.1400 -0.9871 0.0773
vn 0.1232 -0.9923 0.0149
vn 0.1788 -0.9832 0.0364
vn 0.1150 -0.9918 0.0556
vn -0.1764 0.9836 -0.0371
vn -0.1170 0.9916 -0.0550
vn -0.1395 0.9874 -0.0751
vn -0.1238 0.9922 -0.0173
vn -0.1471 0.9891 -0.0082
vn -0.1117 0.9928 -0.0426
vn -0.1270 0.9896 -0.0673
vn -0.1678 0.9838 -0.0630
vn -0.9523 -0.1086 0.2854
vn 0.9523 0.1086 -0.2854
vn -0.2589 -0.0854 -0.9621
vn 0.2590 0.0854 0.9621
vn -0.3244 0.0086 0.9459
vn 0.9309 0.1393 0.3377
vn 0.3244 -0.0086 -0.9459
vn -0.9309 -0.1393 -0.3377
vn -0.1286 0.9903 -0.0534
vn -0.1285 0.9903 -0.0534
vn -0.1285 0.9903 -0.0535
vn -0.1286 0.9903 -0.0535
vn 0.9309 0.1391 -0.3377
vn -0.3244 0.0089 -0.9459
vn -0.9309 -0.1391 0.3377
vn 0.3244 -0.0089 0.9459
vn -0.1285 0.9903 0.0534
vn -0.1285 0.9903 0.0535
vn -0.2589 -0.0855 0.9621
vn 0.2589 0.0855 -0.9621
vn -0.9523 -0.1083 -0.2853
vn 0.9523 0.1083 0.2853
vn 0.9542 0.0937 0.2841
vn -0.9542 -0.0937 -0.2841
vn 0.2586 0.0911 -0.9617
vn -0.2586 -0.0911 0.9617
vn 0.3265 -0.0216 0.9450
vn -0.9322 -0.1304 0.3377
vn -0.3265 0.0216 -0.9450
vn 0.9322 0.1304 -0.3377
vn -0.1097 0.9931 0.0419
vn -0.1479 0.9890 0.0058
vn -0.1701 0.9834 0.0638
vn -0.1263 0.9896 0.0693
vn -0.1400 0.9871 0.0773
vn -0.1232 0.9923 0.0149
vn -0.1788 0.9832 0.0364
vn -0.1150 0.9918 0.0556
vn 0.1764 -0.9836 -0.0371
vn 0.1170 -0.9916 -0.0550
vn 0.1395 -0.9874 -0.0751
vn 0.1238 -0.9922 -0.0173
vn 0.1471 -0.9891 -0.0082
vn 0.1117 -0.9928 -0.0426
vn 0.1270 -0.9896 -0.0673
vn 0.1678 -0.9838 -0.0630
vn 0.9523 0.1086 0.2854
vn -0.9523 -0.1086 -0.2854
vn 0.2589 0.0854 -0.9621
vn -0.2589 -0.0854 0.9621
vn 0.3244 -0.0086 0.9459
vn -0.9309 -0.1393 0.3377
vn -0.3244 0.0086 -0.9459
vn 0.9309 0.1393 -0.3377
vn 0.1286 -0.9903 -0.0534
vn 0.1285 -0.9903 -0.0534
vn 0.1285 -0.9903 -0.0535
vn 0.1286 -0.9903 -0.0535
vn 0.0327 0.0813 -0.9962
vn 0.2488 -0.9685 -0.0000
vn -0.2488 -0.9685 -0.0000
vn -0.7071 -0.7071 -0.0000
vn -0.9685 -0.2488 -0.0000
vn -0.9990 -0.0452 -0.0000
vn 0.9990 -0.0452 -0.0000
vn 0.9685 -0.2488 -0.0000
vn 0.7071 -0.7071 -0.0000
vn -0.2588 0.9659 -0.0000
vn -0.7071 0.7071 -0.0000
vn -0.9659 0.2588 -0.0000
vn 0.0003 -1.0000 -0.0000
vn 0.9659 0.2588 -0.0000
vn 0.7071 0.7071 -0.0000
vn 0.2588 0.9659 -0.0000
vn -0.1881 0.0538 0.9807
vn 0.1120 0.1195 0.9865
vn 0.1120 0.1195 -0.9865
vn 0.0420 0.1674 0.9850
vn -0.0420 0.1673 -0.9850
vn 0.0420 0.1674 -0.9850
vn -0.0420 0.1673 0.9850
vn -0.0000 0.1826 0.9832
vn -0.0003 -1.0000 -0.0000
vn -0.0002 -1.0000 -0.0000
vn -0.0001 -1.0000 -0.0000
vn 0.0002 -1.0000 -0.0000
vn 0.0420 0.1673 0.9850
vn -0.0420 0.1674 -0.9850
vn -0.0000 0.1826 -0.9832
vn 0.0420 0.1673 -0.9850
vn -0.0420 0.1674 0.9850
vn 0.2301 0.9732 -0.0000
vn 0.6616 0.7499 -0.0000
vn 0.9568 0.2906 -0.0000
vn -0.9568 0.2906 -0.0000
vn -0.6616 0.7499 -0.0000
vn -0.2301 0.9732 -0.0000
vn -0.1881 0.0538 -0.9807
vn -0.1880 0.0537 0.9807
vn 0.1880 0.0537 -0.9807
vn -0.1880 0.0537 -0.9807
vn 0.1880 0.0537 0.9807
vn -0.1120 0.1195 0.9865
vn -0.8141 -0.5808 -0.0000
vn 0.1881 0.0538 -0.9807
vn -0.1120 0.1195 -0.9865
vn 0.8141 -0.5808 -0.0000
vn 0.1881 0.0538 0.9807
vn -0.9484 0.0987 -0.3014
vn 0.3759 0.1025 -0.9210
vn 0.9484 0.0987 0.3014
vn -0.3759 0.1025 0.9210
vn 0.9484 0.0987 -0.3014
vn -0.9484 0.0987 0.3014
vn 0.3759 0.1025 0.9210
vn -0.3759 0.1025 -0.9210
vn -0.3650 -0.2592 -0.8942
vn -0.3779 -0.0000 -0.9259
vn 0.3650 -0.2592 0.8942
vn 0.3779 -0.0000 0.9259
vn -0.9227 -0.2503 0.2932
vn -0.9530 -0.0000 0.3029
vn 0.9227 -0.2503 -0.2932
vn 0.9530 -0.0000 -0.3029
vn -0.3650 -0.2592 0.8942
vn -0.3779 -0.0000 0.9259
vn 0.9227 -0.2503 0.2932
vn 0.9530 -0.0000 0.3029
vn 0.3650 -0.2592 -0.8942
vn 0.3779 -0.0000 -0.9259
vn -0.9227 -0.2503 -0.2932
vn -0.9530 -0.0000 -0.3029
vn -0.1424 -0.9263 -0.3488
vn 0.1424 -0.9263 0.3488
vn -0.3707 -0.9212 0.1178
vn 0.3707 -0.9212 -0.1178
vn -0.1424 -0.9263 0.3488
vn 0.3707 -0.9212 0.1178
vn 0.1424 -0.9263 -0.3488
vn -0.3707 -0.9212 -0.1178
vn 0.7785 0.6276 -0.0000
vn 0.9996 -0.0271 -0.0000
vn 0.0038 1.0000 -0.0000
vn -0.0000 -0.6029 -0.7978
vn -0.0000 -0.6029 0.7978
vn -0.0000 -0.1191 0.9929
vn -0.0000 -0.1191 -0.9929
vn 0.9799 -0.1995 -0.0000
vn -0.0000 0.2152 -0.9766
vn -0.0000 -0.2152 0.9766
vn -0.0000 0.7220 0.6919
vn -0.0000 0.7959 0.6054
vn -0.0000 0.5420 0.8404
vn -0.0000 0.1222 0.9925
vn -0.0000 0.7961 -0.6052
vn -0.0000 -0.2742 -0.9617
vn -0.0000 -0.0936 -0.9956
vn -0.0000 0.9332 -0.3593
vn -0.0000 -0.9499 -0.3127
vn -0.0000 -0.3127 -0.9499
vn -0.0230 0.9522 -0.3045
vn -0.0723 0.2863 -0.9554
vn -0.0000 -0.9499 0.3127
vn -0.0000 -0.3827 0.9239
vn -0.0000 0.9499 0.3127
vn -0.0000 0.3827 0.9239
vn 0.9999 -0.0089 0.0089
vn -0.0000 0.9499 -0.3127
vn -0.0000 0.3127 -0.9499
vn -0.0000 -0.3127 0.9499
vn -0.0000 0.3127 0.9499
vn -0.0000 0.9440 -0.3300
vn -0.0000 -0.9440 0.3300
vn -0.0000 0.7961 0.6052
vn -0.0000 0.7959 -0.6054
vn -0.0000 -0.2582 -0.9661
vn -0.0000 0.2582 0.9661
vn -0.0000 -0.7847 0.6199
vn -0.0000 -0.8472 0.5313
vn -0.0000 -0.6162 0.7876
vn -0.0000 -0.1477 0.9890
vn -0.0000 -0.8473 -0.5311
vn -0.0000 0.3269 -0.9451
vn -0.0000 0.1133 -0.9936
vn -0.0000 -0.9531 -0.3026
vn -0.0000 -0.8473 0.5311
vn -0.0000 -0.8472 -0.5313
vn -0.0000 -0.2152 -0.9766
vn -0.0000 0.2152 0.9766
vn -0.0000 -0.7220 0.6919
vn -0.0000 -0.7961 0.6052
vn -0.0000 -0.5420 0.8404
vn -0.0000 -0.1222 0.9925
vn -0.0000 -0.7959 -0.6054
vn -0.0000 0.2742 -0.9617
vn -0.0000 0.0936 -0.9956
vn -0.0000 -0.9332 -0.3593
vn 0.0230 -0.9522 -0.3045
vn 0.0723 -0.2863 -0.9554
vn -0.9999 0.0089 0.0089
vn -0.0000 -0.9440 -0.3300
vn -0.0000 0.9440 0.3300
vn -0.0000 -0.7959 0.6054
vn -0.0000 -0.7961 -0.6052
vn 0.5061 0.2829 0.8148
vn -0.5345 0.0044 -0.8452
vn 0.1053 -0.6043 -0.7898
vn -0.1093 0.8022 0.5870
vn -0.5206 -0.5675 -0.6379
vn 0.5331 0.8270 0.1784
vn 0.8679 -0.4839 -0.1117
vn -0.5296 -0.8010 -0.2791
vn 0.0994 -0.8912 -0.4425
vn 0.1051 -0.1874 0.9766
vn -0.5061 -0.2829 0.8148
vn -0.8785 0.0076 -0.4777
vn -0.1053 0.6044 -0.7897
vn -0.5324 -0.6740 0.5122
vn -0.8718 0.3968 -0.2872
vn 0.1093 -0.8022 0.5870
vn -0.8679 0.4839 -0.1117
vn 0.5296 0.8010 -0.2791
vn -0.0994 0.8912 -0.4426
vn 0.0446 0.0322 -0.9985
vn -0.9240 -0.3672 -0.1063
vn 0.9766 0.1874 0.1057
vn 0.8150 0.2829 -0.5056
vn -0.8011 -0.3189 0.5065
vn -0.4753 -0.1829 -0.8606
vn -0.0468 -0.0270 0.9985
vn -0.0497 -0.2991 0.9529
vn -0.4772 -0.0069 -0.8788
vn -0.8455 0.0040 0.5340
vn 0.8455 -0.0040 -0.5340
vn 0.9930 0.0011 0.1180
vn -0.9930 -0.0011 -0.1180
vn 0.0523 -0.0078 -0.9986
vn 0.4900 0.1453 0.8595
vn 0.4541 -0.3002 0.8389
vn -0.7897 -0.6043 -0.1057
vn 0.0514 0.0215 -0.9984
vn 0.2769 0.4036 0.8720
vn 0.5125 0.6740 -0.5321
vn -0.0590 -0.0163 0.9981
vn -0.2867 -0.3968 -0.8720
vn 0.5869 0.8022 0.1096
vn -0.6382 -0.5675 0.5203
vn 0.1787 0.8270 -0.5330
vn 0.2123 0.9719 0.1021
vn -0.1112 -0.4840 -0.8680
vn 0.0145 -0.0487 0.9987
vn -0.2793 -0.8010 0.5295
vn -0.4425 -0.8912 -0.0997
vn 0.1210 0.4818 0.8679
vn 0.0217 0.0412 -0.9989
vn -0.0005 0.4935 0.8697
vn -0.0006 -0.0427 0.9991
vn -0.0106 -0.0427 0.9990
vn 0.0005 -0.4935 -0.8697
vn 0.0093 -0.4935 -0.8697
vn -0.0003 -0.8407 0.5414
vn -0.0058 -0.8407 0.5414
vn 0.0003 0.8407 -0.5414
vn 0.0058 0.8407 -0.5414
vn -0.0001 0.9951 0.0986
vn -0.0011 0.9951 0.0986
vn 0.0001 -0.9951 -0.0986
vn 0.0011 -0.9951 -0.0986
vn 0.0006 0.0427 -0.9991
vn 0.0106 0.0427 -0.9990
vn -0.0093 0.4935 0.8697
vn 0.4772 0.0069 0.8788
vn 0.0498 -0.3183 -0.9467
vn -0.9404 -0.3222 -0.1090
vn 0.9406 -0.3196 0.1145
vn 0.8006 -0.3258 -0.5029
vn -0.8009 -0.3160 0.5087
vn -0.4536 -0.3172 -0.8328
vn -0.0523 0.0078 0.9986
vn -0.2062 -0.2786 0.9380
vn 0.2062 0.2786 -0.9380
vn -0.0651 0.9653 0.2530
vn 0.0651 -0.9653 -0.2530
vn -0.0630 -0.9447 0.3218
vn 0.2069 -0.3445 -0.9157
vn 0.0630 0.9447 -0.3218
vn -0.2069 0.3445 0.9157
vn -0.9829 0.0119 -0.1836
vn -0.9741 0.0478 -0.2212
vn -0.9699 -0.0104 -0.2432
vn -0.9797 -0.0156 -0.2000
vn -0.9766 -0.0237 -0.2136
vn -0.9796 0.0388 -0.1969
vn -0.9676 0.0169 -0.2518
vn -0.9820 -0.0018 -0.1888
vn 0.9683 -0.0162 0.2495
vn 0.9816 0.0012 0.1908
vn 0.9768 0.0216 0.2130
vn 0.9796 -0.0365 0.1976
vn 0.9743 -0.0453 0.2205
vn 0.9826 -0.0112 0.1856
vn 0.9796 0.0136 0.2007
vn 0.9705 0.0096 0.2410
vn -0.2078 -0.2790 0.9375
vn 0.2078 0.2791 -0.9375
vn -0.0618 0.9654 0.2533
vn 0.0618 -0.9654 -0.2532
vn -0.0664 -0.9449 0.3207
vn 0.2064 -0.3450 -0.9156
vn 0.0664 0.9449 -0.3207
vn -0.2064 0.3450 0.9156
vn 0.0947 0.9169 -0.3876
vn -0.0819 -0.9168 0.3909
vn -0.0694 0.9471 0.3135
vn -0.1841 -0.2250 0.9568
vn -0.1832 0.2804 0.9422
vn 0.2488 -0.2809 -0.9269
vn 0.0781 -0.9471 -0.3112
vn 0.2528 0.2254 -0.9409
vn -0.1898 0.3450 0.9192
vn 0.0992 0.9443 -0.3137
vn 0.2399 -0.3446 -0.9076
vn -0.0493 -0.9447 0.3241
vn 0.0852 -0.9649 -0.2483
vn -0.0353 0.9653 0.2587
vn 0.2444 0.2787 -0.9288
vn -0.1943 -0.2791 0.9404
vn 0.7861 0.1566 0.5980
vn 0.9019 0.4307 0.0338
vn 0.9604 -0.1550 -0.2314
vn 0.8422 -0.4295 0.3259
vn 0.8970 -0.4373 0.0648
vn 0.8468 0.4415 0.2966
vn 0.9621 0.1252 -0.2422
vn 0.7847 -0.1268 0.6068
vn 0.2062 0.2786 0.9380
vn -0.2062 -0.2786 -0.9380
vn 0.0651 -0.9653 0.2530
vn -0.0651 0.9653 -0.2530
vn 0.0630 0.9447 0.3218
vn -0.2069 0.3445 -0.9157
vn -0.0630 -0.9447 -0.3218
vn 0.2069 -0.3445 0.9157
vn 0.9829 -0.0119 -0.1836
vn 0.9741 -0.0477 -0.2212
vn 0.9699 0.0104 -0.2432
vn 0.9797 0.0156 -0.2000
vn 0.9766 0.0237 -0.2136
vn 0.9796 -0.0388 -0.1969
vn 0.9676 -0.0169 -0.2518
vn 0.9820 0.0018 -0.1888
vn -0.9683 0.0162 0.2495
vn -0.9816 -0.0012 0.1908
vn -0.9768 -0.0216 0.2130
vn -0.9796 0.0365 0.1976
vn -0.9743 0.0453 0.2205
vn -0.9826 0.0112 0.1856
vn -0.9796 -0.0136 0.2007
vn -0.9705 -0.0096 0.2410
vn 0.2078 0.2790 0.9375
vn -0.2078 -0.2790 -0.9375
vn 0.0618 -0.9654 0.2533
vn -0.0618 0.9654 -0.2532
vn 0.0664 0.9449 0.3206
vn -0.2064 0.3450 -0.9156
vn -0.0664 -0.9449 -0.3207
vn 0.2064 -0.3449 0.9157
vn -0.0947 -0.9169 -0.3876
vn 0.0819 0.9168 0.3909
vn 0.0694 -0.9471 0.3135
vn 0.1841 0.2250 0.9568
vn 0.1832 -0.2804 0.9422
vn -0.2488 0.2809 -0.9269
vn -0.0781 0.9471 -0.3112
vn -0.2528 -0.2254 -0.9409
vn 0.1898 -0.3450 0.9192
vn -0.0992 -0.9443 -0.3137
vn -0.2399 0.3445 -0.9076
vn 0.0493 0.9447 0.3241
vn -0.0852 0.9649 -0.2483
vn 0.0353 -0.9653 0.2587
vn -0.2444 -0.2787 -0.9288
vn 0.1943 0.2791 0.9404
vn -0.7861 -0.1566 0.5980
vn -0.9019 -0.4307 0.0338
vn -0.9604 0.1550 -0.2314
vn -0.8422 0.4295 0.3258
vn -0.8970 0.4373 0.0648
vn -0.8468 -0.4415 0.2965
vn -0.9621 -0.1252 -0.2422
vn -0.7847 0.1268 0.6068
vn -0.9461 -0.0391 -0.3215
vn 0.2323 0.0096 -0.9726
vn 0.9461 0.0391 0.3215
vn -0.2323 -0.0096 0.9726
vn 0.0413 -0.9991 -0.0000
vn -0.0413 0.9991 -0.0000
vn 0.9461 0.0391 -0.3215
vn -0.9461 -0.0391 0.3215
vn 0.2323 0.0096 0.9726
vn -0.2323 -0.0096 -0.9726
vn -0.0514 0.9570 -0.2855
vn 0.0205 -0.2627 -0.9647
vn 0.0871 -0.9547 0.2844
vn -0.0163 0.2625 0.9648
vn 0.0093 0.2616 0.9651
vn -0.0093 -0.2616 -0.9651
vn 0.0871 -0.9547 -0.2844
vn -0.0514 0.9570 0.2855
vn 0.0339 0.9574 0.2866
vn 0.0093 0.2616 -0.9651
vn 0.0205 -0.2627 0.9647
vn -0.0163 0.2625 -0.9648
vn 0.9947 -0.1026 -0.0000
vn -0.0093 -0.2616 0.9651
vn -0.0339 -0.9574 -0.2866
vn 0.0339 0.9574 -0.2866
vn -0.0339 -0.9574 0.2866
vn 0.3308 -0.1864 -0.9251
vn 0.8275 -0.3811 0.4122
vn -0.2204 0.0307 0.9749
vn 0.8275 -0.3811 -0.4123
vn 0.3308 -0.1864 0.9251
vn -0.0513 -0.0043 -0.9987
vn -0.0547 -0.0052 0.9985
vn -0.2451 0.0283 -0.9691
vn 0.9987 -0.0474 -0.0174
vn 0.9131 -0.0552 0.4041
vn 0.8840 -0.0492 0.4649
vn 0.9998 -0.0207 -0.0073
vn 0.8683 -0.1429 0.4749
vn 0.9978 -0.0657 0.0064
vn 0.8897 -0.0409 0.4547
vn 0.9705 0.2343 0.0566
vn 0.4253 0.8619 0.2762
vn 0.7365 0.6731 0.0666
vn 0.1796 0.1182 0.9766
vn 0.1431 -0.2776 0.9500
vn 0.1213 0.8883 0.4429
vn 0.1549 -0.1408 0.9778
vn -0.5695 -0.1901 0.7997
vn -0.5302 0.7625 0.3707
vn -0.4691 -0.3703 0.8017
vn -0.5480 0.2731 0.7906
vn -0.8703 -0.3391 0.3572
vn -0.8576 0.3939 0.3308
vn -0.9222 -0.2424 0.3014
vn -0.9245 -0.1459 0.3520
vn -0.7340 0.6149 0.2884
vn -0.9552 -0.2955 0.0178
vn -0.9105 0.4121 -0.0353
vn -0.9965 0.0568 -0.0610
vn -0.9949 -0.0972 0.0277
vn -0.9181 0.3870 -0.0852
vn 0.5279 0.2903 0.7981
vn 0.2930 -0.2647 0.9188
vn -0.8669 0.0970 0.4889
vn -0.7479 -0.2776 0.6030
vn -0.9420 0.1239 0.3118
vn 0.9883 0.1484 0.0349
vn 0.9760 -0.2177 -0.0008
vn 0.1567 0.0378 0.9869
vn 0.9043 -0.1932 0.3807
vn -0.5537 -0.0708 0.8297
vn -0.9972 -0.0747 0.0091
vn -0.9245 -0.0496 0.3780
vn -0.9147 -0.4041 0.0095
vn 0.6567 -0.7540 0.0129
vn -0.1325 -0.9909 0.0253
vn -0.6024 -0.7980 0.0163
vn 0.8911 -0.4539 0.0040
vn 0.8095 0.2735 0.5195
vn -0.9982 -0.0557 -0.0242
vn -0.2409 -0.1526 0.9585
vn -0.1703 -0.1243 0.9775
vn -0.2242 -0.0444 0.9735
vn -0.2136 -0.0222 0.9767
vn -0.0039 0.9864 -0.1640
vn -0.0505 0.9644 -0.2597
vn -0.0001 0.9468 -0.3218
vn -0.8625 0.0133 0.5059
vn 0.5497 0.0782 0.8317
vn 0.7939 0.2385 -0.5594
vn -0.3997 0.0311 -0.9161
vn -0.3705 -0.1751 -0.9122
vn -0.4022 -0.1297 -0.9063
vn -0.4105 -0.0812 -0.9083
vn -0.4109 -0.0677 -0.9092
vn -0.4012 -0.0042 -0.9160
vn 0.8596 -0.0482 -0.5087
vn 0.8638 -0.0854 -0.4965
vn 0.8648 -0.0713 -0.4971
vn 0.8597 0.0227 -0.5103
vn 0.6560 -0.1262 0.7441
vn 0.5683 -0.0823 0.8187
vn 0.5601 -0.0687 0.8256
vn 0.5465 0.0370 0.8367
vn -0.8643 -0.0804 0.4966
vn -0.8639 -0.0853 0.4964
vn -0.8649 -0.0712 0.4969
vn -0.8577 -0.0662 0.5098
vn -0.8576 -0.0663 -0.5100
vn -0.8648 -0.0713 -0.4971
vn -0.8638 -0.0854 -0.4965
vn -0.8290 -0.0979 -0.5507
vn 0.8598 0.0228 0.5101
vn 0.8649 -0.0712 0.4969
vn 0.8639 -0.0853 0.4964
vn 0.8445 -0.1296 0.5197
vn -0.4038 -0.0017 0.9149
vn 0.7714 0.0002 -0.6363
vn 0.8592 0.1287 0.4951
vn 0.9796 0.1889 -0.0685
vn -0.8587 0.0208 -0.5120
vn -0.9998 0.0207 -0.0027
vn 0.8408 0.0661 0.5373
vn 0.5432 0.0525 0.8380
vn -0.7969 -0.1517 -0.5848
vn 0.2515 -0.1216 -0.9602
vn -0.5473 -0.0169 0.8368
vn -0.5601 -0.0687 0.8256
vn -0.0000 -0.0636 0.9980
vn -0.5683 -0.0823 0.8187
vn -0.0000 -0.0763 0.9971
vn -0.4984 -0.1006 0.8611
vn -0.0119 -0.1209 0.9926
vn 0.4000 0.0346 -0.9159
vn 0.4109 -0.0677 -0.9092
vn -0.0000 -0.0638 -0.9980
vn 0.4105 -0.0812 -0.9083
vn -0.0000 -0.0765 -0.9971
vn 0.3405 -0.0863 -0.9363
vn -0.0077 -0.1226 -0.9924
vn -0.8669 0.0207 0.4981
vn -0.0267 -0.1706 -0.9850
vn 0.3684 0.1739 -0.9132
vn -0.0035 0.0773 -0.9970
vn -0.5530 0.0072 0.8331
vn -0.0041 0.0260 0.9997
vn 0.8318 0.0934 0.5471
vn -0.0202 -0.0781 0.9967
vn 0.3694 -0.2643 -0.8909
vn 0.8442 -0.1350 0.5188
vn 0.4180 -0.0733 0.9055
vn -0.2361 0.2193 0.9467
vn 0.0189 0.0763 0.9969
vn 0.8009 -0.3513 -0.4850
vn 0.3575 0.2110 0.9098
vn 0.0558 0.2198 0.9740
vn -0.7187 0.2833 0.6350
vn -0.8403 0.0466 0.5401
vn 0.9961 -0.0883 -0.0030
vn 0.8407 0.0470 0.5395
vn 0.3636 -0.1475 0.9198
vn 0.3634 0.1470 -0.9200
vn 0.0151 -0.1468 0.9891
vn 0.8372 -0.1277 0.5318
vn 0.3754 0.0080 0.9268
vn -0.3756 0.0076 0.9268
vn -0.0131 -0.0038 0.9999
vn 0.8370 0.1266 -0.5324
vn -0.9961 -0.0877 -0.0028
vn -0.9963 -0.0858 -0.0008
vn -0.9944 -0.1058 -0.0026
vn 0.8269 -0.1900 -0.5293
vn 0.8420 0.0670 -0.5354
vn 0.8389 0.1240 -0.5300
vn -0.0121 -0.0028 0.9999
vn -0.0125 0.1065 0.9942
vn -0.0152 0.0487 0.9987
vn -0.3734 0.0371 0.9269
vn -0.3730 0.1110 0.9212
vn -0.3745 0.0574 0.9254
vn 0.3753 -0.0559 0.9252
vn 0.3661 0.1045 0.9247
vn 0.3655 0.0614 0.9288
vn 0.8434 0.0864 0.5303
vn 0.8408 -0.0648 0.5375
vn 0.8371 -0.1255 0.5324
vn 0.0293 0.1105 0.9934
vn 0.0114 -0.0337 0.9994
vn 0.0122 -0.1254 0.9920
vn 0.3620 -0.1495 -0.9201
vn 0.3675 0.0428 -0.9290
vn 0.3663 0.1289 -0.9215
vn 0.4389 0.1179 0.8908
vn 0.3659 -0.0415 0.9297
vn 0.3642 -0.1296 0.9223
vn 0.8342 -0.1362 0.5343
vn 0.8365 0.0991 0.5389
vn 0.8366 0.0881 0.5408
vn 0.9963 -0.0859 -0.0010
vn 0.9944 -0.1058 -0.0031
vn -0.8213 0.0518 0.5682
vn -0.8368 0.1054 0.5373
vn -0.8379 0.0838 0.5393
vn 0.8397 -0.1478 -0.5225
vn -0.0030 -0.2237 0.9747
vn 0.3711 -0.1567 -0.9153
vn 0.3729 0.1560 0.9146
vn -0.9893 0.1458 0.0048
vn 0.8406 0.1475 0.5212
vn 0.0016 0.1556 0.9878
vn -0.8405 -0.1831 0.5100
vn -0.3828 -0.2183 0.8977
vn 0.3846 -0.2184 0.8969
vn 0.8414 -0.1826 0.5087
vn 0.9893 0.1461 0.0050
vn 0.8524 0.0899 -0.5151
vn -0.0180 0.1046 0.9944
vn 0.3952 0.1640 -0.9039
vn 0.3969 -0.1624 0.9034
vn 0.8510 -0.0852 0.5182
vn 0.0178 -0.1711 0.9851
vn -0.8510 0.0492 0.5229
vn -0.4060 0.0993 0.9084
vn 0.4047 0.1006 0.9089
vn 0.8539 0.0513 0.5179
vn -0.9633 0.2099 0.1674
vn 0.3684 0.2793 0.8867
vn 0.7993 0.3661 -0.4765
vn -0.5797 0.1158 -0.8066
vn -0.7835 0.3635 -0.5040
vn 0.3538 0.8382 -0.4151
vn 0.1634 0.8592 -0.4848
vn 0.3148 0.7004 -0.6406
vn 0.0189 0.6142 -0.7889
vn 0.1348 -0.9869 -0.0890
vn -0.0541 -0.9935 -0.1000
vn -0.0779 -0.9970 0.0051
vn 0.3621 0.2635 -0.8941
vn -0.0576 0.2387 -0.9694
vn 0.0015 0.1168 -0.9932
vn -0.0149 0.1672 -0.9858
vn -0.3502 0.0904 0.9323
vn -0.1424 0.1591 0.9769
vn -0.0471 0.1838 0.9818
vn -0.0979 0.2101 0.9728
vn 0.0257 -0.9992 -0.0307
vn -0.0322 -0.9965 -0.0774
vn -0.0216 -0.9992 -0.0336
vn -0.0171 -0.9848 -0.1727
vn 0.0522 -0.9946 -0.0893
vn -0.0783 0.5806 0.8104
vn 0.2451 0.6986 0.6722
vn 0.1714 0.8669 0.4680
vn 0.2242 0.9745 -0.0036
vn 0.4498 0.7962 0.4048
vn 0.4238 0.9057 0.0004
vn -0.8415 0.3821 0.3820
vn 0.7319 0.4633 0.4997
vn 0.9343 0.3531 0.0489
vn -0.9453 0.2152 -0.2451
vn -0.6954 0.2559 0.6715
vn -0.1011 -0.9948 0.0091
vn -0.5596 0.0648 0.8262
vn -0.1009 -0.9948 -0.0102
vn -0.5784 0.2841 -0.7647
vn -0.2554 0.1293 -0.9581
vn 0.9633 -0.2099 0.1674
vn -0.3684 -0.2793 0.8867
vn -0.7993 -0.3661 -0.4765
vn 0.5797 -0.1158 -0.8066
vn 0.7835 -0.3635 -0.5040
vn -0.3538 -0.8382 -0.4151
vn -0.1634 -0.8592 -0.4848
vn -0.3148 -0.7004 -0.6406
vn -0.0189 -0.6142 -0.7889
vn -0.1348 0.9869 -0.0890
vn 0.0541 0.9935 -0.1000
vn 0.0779 0.9970 0.0051
vn -0.3621 -0.2635 -0.8941
vn 0.0576 -0.2387 -0.9694
vn -0.0015 -0.1168 -0.9932
vn 0.0149 -0.1672 -0.9858
vn 0.3502 -0.0904 0.9323
vn 0.1424 -0.1591 0.9769
vn 0.0471 -0.1838 0.9818
vn 0.0979 -0.2101 0.9728
vn -0.0257 0.9992 -0.0307
vn 0.0322 0.9965 -0.0774
vn 0.0216 0.9992 -0.0336
vn 0.0171 0.9848 -0.1727
vn -0.0522 0.9946 -0.0893
vn 0.0783 -0.5806 0.8104
vn -0.2451 -0.6986 0.6722
vn -0.1714 -0.8669 0.4680
vn -0.2242 -0.9745 -0.0036
vn -0.4498 -0.7961 0.4048
vn -0.4238 -0.9057 0.0004
vn 0.8415 -0.3821 0.3820
vn -0.7319 -0.4633 0.4997
vn -0.9343 -0.3531 0.0489
vn 0.9453 -0.2152 -0.2451
vn 0.6954 -0.2559 0.6715
vn 0.1011 0.9948 0.0091
vn 0.5596 -0.0648 0.8262
vn 0.1009 0.9948 -0.0102
vn 0.5784 -0.2841 -0.7647
vn 0.2554 -0.1293 -0.9581
vn 0.8625 -0.0133 0.5059
vn -0.5497 -0.0782 0.8317
vn -0.7939 -0.2385 -0.5594
vn 0.3997 -0.0311 -0.9161
vn 0.3705 0.1751 -0.9122
vn 0.4022 0.1297 -0.9063
vn 0.4105 0.0812 -0.9083
vn 0.4109 0.0677 -0.9092
vn 0.4012 0.0042 -0.9160
vn -0.8596 0.0482 -0.5087
vn -0.8638 0.0854 -0.4965
vn -0.8648 0.0713 -0.4971
vn -0.8597 -0.0227 -0.5103
vn -0.6560 0.1262 0.7441
vn -0.5683 0.0823 0.8187
vn -0.5601 0.0687 0.8256
vn -0.5465 -0.0370 0.8367
vn 0.8643 0.0804 0.4966
vn 0.8639 0.0853 0.4964
vn 0.8649 0.0712 0.4969
vn 0.8577 0.0662 0.5098
vn 0.8576 0.0663 -0.5100
vn 0.8648 0.0713 -0.4971
vn 0.8638 0.0854 -0.4965
vn 0.8290 0.0979 -0.5507
vn -0.8598 -0.0228 0.5101
vn -0.8649 0.0712 0.4969
vn -0.8639 0.0853 0.4964
vn -0.8445 0.1296 0.5197
vn 0.4038 0.0017 0.9149
vn -0.7714 -0.0002 -0.6363
vn -0.8592 -0.1287 0.4951
vn -0.9796 -0.1889 -0.0685
vn 0.8587 -0.0208 -0.5120
vn 0.9998 -0.0207 -0.0027
vn -0.8408 -0.0661 0.5373
vn -0.5432 -0.0525 0.8380
vn 0.7969 0.1517 -0.5848
vn -0.2515 0.1216 -0.9602
vn 0.5473 0.0169 0.8368
vn 0.5601 0.0687 0.8256
vn -0.0000 0.0636 0.9980
vn 0.5683 0.0823 0.8187
vn -0.0000 0.0763 0.9971
vn 0.4984 0.1006 0.8611
vn 0.0119 0.1209 0.9926
vn -0.4000 -0.0346 -0.9159
vn -0.4109 0.0677 -0.9092
vn -0.0000 0.0638 -0.9980
vn -0.4105 0.0812 -0.9083
vn -0.0000 0.0765 -0.9971
vn -0.3405 0.0863 -0.9363
vn 0.0077 0.1226 -0.9924
vn 0.8669 -0.0207 0.4981
vn 0.0267 0.1706 -0.9850
vn -0.3684 -0.1739 -0.9132
vn 0.0035 -0.0773 -0.9970
vn 0.5530 -0.0072 0.8331
vn 0.0041 -0.0260 0.9997
vn -0.8318 -0.0934 0.5471
vn 0.0202 0.0781 0.9967
vn -0.3694 0.2643 -0.8909
vn -0.8442 0.1350 0.5188
vn -0.4180 0.0733 0.9055
vn 0.2361 -0.2193 0.9467
vn -0.0189 -0.0763 0.9969
vn -0.8009 0.3513 -0.4850
vn -0.3575 -0.2110 0.9098
vn -0.0558 -0.2198 0.9740
vn 0.7187 -0.2833 0.6350
vn 0.8403 -0.0466 0.5401
vn -0.9961 0.0883 -0.0030
vn -0.8407 -0.0470 0.5395
vn -0.3636 0.1475 0.9198
vn -0.3634 -0.1470 -0.9200
vn -0.0151 0.1468 0.9891
vn -0.8372 0.1277 0.5318
vn -0.3754 -0.0080 0.9268
vn 0.3756 -0.0076 0.9268
vn 0.0131 0.0038 0.9999
vn -0.8370 -0.1266 -0.5324
vn 0.9961 0.0877 -0.0028
vn 0.9963 0.0858 -0.0008
vn 0.9944 0.1058 -0.0026
vn -0.8269 0.1900 -0.5293
vn -0.8420 -0.0670 -0.5354
vn -0.8389 -0.1240 -0.5300
vn 0.0121 0.0028 0.9999
vn 0.0125 -0.1065 0.9942
vn 0.0152 -0.0487 0.9987
vn 0.3734 -0.0371 0.9269
vn 0.3730 -0.1110 0.9212
vn 0.3745 -0.0574 0.9254
vn -0.3753 0.0559 0.9252
vn -0.3661 -0.1045 0.9247
vn -0.3655 -0.0614 0.9288
vn -0.8434 -0.0864 0.5303
vn -0.8408 0.0648 0.5375
vn -0.8371 0.1255 0.5324
vn -0.0293 -0.1105 0.9934
vn -0.0114 0.0337 0.9994
vn -0.0122 0.1254 0.9920
vn -0.3620 0.1495 -0.9201
vn -0.3675 -0.0428 -0.9290
vn -0.3663 -0.1289 -0.9215
vn -0.4389 -0.1179 0.8908
vn -0.3659 0.0415 0.9297
vn -0.3642 0.1296 0.9223
vn -0.8342 0.1362 0.5343
vn -0.8365 -0.0991 0.5389
vn -0.8366 -0.0881 0.5408
vn -0.9963 0.0859 -0.0010
vn -0.9944 0.1058 -0.0031
vn 0.8213 -0.0518 0.5682
vn 0.8368 -0.1054 0.5373
vn 0.8379 -0.0838 0.5393
vn -0.8397 0.1478 -0.5225
vn 0.0030 0.2237 0.9747
vn -0.3711 0.1567 -0.9153
vn -0.3729 -0.1560 0.9146
vn 0.9893 -0.1458 0.0048
vn -0.8406 -0.1475 0.5212
vn -0.0016 -0.1556 0.9878
vn 0.8405 0.1831 0.5100
vn 0.3828 0.2183 0.8977
vn -0.3846 0.2184 0.8969
vn -0.8414 0.1826 0.5087
vn -0.9893 -0.1461 0.0050
vn -0.8524 -0.0899 -0.5151
vn 0.0180 -0.1046 0.9944
vn -0.3952 -0.1640 -0.9039
vn -0.3969 0.1624 0.9034
vn -0.8510 0.0852 0.5182
vn -0.0178 0.1711 0.9851
vn 0.8510 -0.0492 0.5229
vn 0.4060 -0.0993 0.9084
vn -0.4047 -0.1006 0.9089
vn -0.8539 -0.0513 0.5179
vn -0.0000 0.7847 -0.6199
vn -0.0000 0.6162 -0.7876
vn -0.0000 0.1477 -0.9890
vn -0.0000 -0.3269 0.9451
vn -0.0000 -0.1133 0.9936
vn -0.0000 0.9531 0.3026
vn -0.9559 0.2935 -0.0116
vn -0.0377 -0.8549 0.5175
vn -0.1113 -0.3484 0.9307
vn 0.1113 -0.3484 0.9307
vn 0.3229 0.9464 0.0004
vn 0.0380 -0.8549 0.5175
vn 0.0958 0.8869 0.4519
vn -0.0971 0.8865 0.4524
vn 0.9538 0.2998 -0.0200
vn -0.9390 0.3403 0.0487
vn 0.2569 -0.9664 -0.0017
vn 0.9526 0.2952 -0.0736
vn -0.4640 0.6602 -0.5907
vn -0.1667 -0.9625 0.2138
vn -0.2734 0.9618 -0.0129
vn 0.9856 0.1066 -0.1312
vn -0.2472 -0.9585 0.1418
vn -1.0000 -0.0064 -0.0005
vn -0.9912 0.0927 -0.0950
vn -0.2755 0.9497 0.1487
vn -0.2846 -0.9532 0.1022
vn 0.9427 0.3293 0.0531
vn -0.9473 0.3123 -0.0718
vn 0.3066 -0.9464 0.1015
vn 0.2475 0.9547 0.1651
vn 0.2579 -0.9533 0.1571
vn 0.2630 0.9646 -0.0167
vn 0.1842 -0.9644 0.1900
vn 0.4134 0.6259 -0.6613
vn -0.8912 -0.0490 0.4509
vn 0.0013 -0.8146 0.5801
vn -0.0014 -0.8146 0.5801
vn -0.2488 -0.9685 -0.0017
vn 0.2753 0.8920 0.3585
vn 0.8835 -0.0646 0.4640
vn -0.2864 0.8890 0.3573
vn -0.0489 0.0145 -0.9987
vn -0.0162 -0.0472 -0.9988
vn 0.0489 -0.0145 -0.9987
vn -0.0162 0.0472 -0.9988
vn 0.0162 -0.0472 -0.9988
vn 0.0162 0.0472 -0.9988
vn 0.0489 0.0145 -0.9987
vn -0.0489 -0.0145 -0.9987
vn -0.0245 -0.1640 -0.9862
vn 0.0245 -0.1640 -0.9862
vn -0.9755 0.2190 0.0204
vn -0.1303 -0.9047 0.4057
vn 0.9763 0.2145 -0.0294
vn -0.6840 0.2655 -0.6795
vn 0.1583 -0.9868 0.0349
vn -0.6349 0.7668 -0.0946
vn -0.5179 -0.3556 -0.7780
vn 1.0000 0.0008 0.0008
vn 0.2133 -0.6132 0.7606
vn -1.0000 -0.0017 0.0003
vn -0.6384 0.7657 0.0783
vn 0.2683 -0.9520 0.1471
vn 0.9769 0.2120 0.0256
vn -0.9763 0.2144 -0.0286
vn -0.2585 -0.9547 0.1475
vn -0.0000 -0.9883 0.1527
vn 0.5819 0.8071 0.0997
vn -0.0000 0.9920 0.1266
vn -0.1818 -0.5949 0.7830
vn -0.0000 -0.6332 0.7740
vn 0.4979 -0.3598 -0.7891
vn -0.0000 -0.5659 -0.8245
vn 0.6068 0.7883 -0.1014
vn -0.0000 0.9914 -0.1311
vn -0.1618 -0.9864 0.0285
vn -0.0000 -0.9979 -0.0650
vn 0.5952 0.2273 -0.7708
vn -0.0000 0.2906 -0.9568
vn -0.8753 -0.0596 0.4798
vn -0.0000 0.8851 0.4653
vn 0.3327 -0.5012 0.7988
vn -0.3520 -0.4958 0.7939
vn -0.0000 -0.5243 0.8515
vn 0.1234 -0.9061 0.4047
vn 0.6344 0.6078 0.4776
vn 0.8665 -0.0698 0.4942
vn -0.6628 0.5826 0.4704
vn -0.0000 -0.9366 0.3504
vn -0.0151 0.0080 0.9999
vn -0.0151 0.0079 0.9999
vn -0.0340 0.0197 0.9992
vn 0.0047 0.0554 0.9985
vn 0.0269 -0.0028 0.9996
vn -0.0174 -0.0079 0.9998
vn -0.0035 -0.0160 0.9999
vn -0.0203 0.0465 0.9987
vn 0.0359 0.0245 0.9991
vn -0.0287 0.0059 0.9996
vn -0.0334 -0.0238 -0.9992
vn 0.0267 -0.0065 -0.9996
vn 0.0041 0.0139 -0.9999
vn 0.0196 -0.0441 -0.9988
vn -0.0039 -0.0530 -0.9986
vn 0.0320 -0.0189 -0.9993
vn 0.0167 0.0059 -0.9998
vn -0.0246 0.0020 -0.9997
vn -0.0174 -0.0078 0.9998
vn 0.5611 0.7021 -0.4385
vn -0.8933 -0.2629 -0.3645
vn 0.2449 -0.9030 -0.3530
vn -0.7419 0.4836 -0.4645
vn 0.7412 0.5085 -0.4383
vn -0.4512 0.7679 -0.4547
vn -0.3026 -0.8822 -0.3608
vn 0.8819 -0.3281 -0.3385
vn 0.9607 0.2774 -0.0005
vn 0.3286 0.9443 0.0204
vn -0.1531 -0.9881 0.0134
vn -0.2592 0.9656 0.0218
vn -0.9961 -0.0872 0.0144
vn -0.9377 0.3465 0.0240
vn 0.9808 -0.1945 0.0118
vn 0.0842 -0.9964 0.0131
vn 0.9605 0.2776 0.0196
vn -0.2590 0.9659 -0.0006
vn -0.5404 0.1977 -0.8178
vn 0.2061 0.5502 -0.8092
vn 0.5562 -0.2074 -0.8048
vn -0.1811 -0.5612 -0.8076
vn 0.1637 -0.5714 -0.8042
vn -0.1410 0.5652 -0.8128
vn 0.5708 0.1549 -0.8063
vn -0.5525 -0.1696 -0.8161
vn -0.4129 0.1504 -0.8983
vn 0.1635 0.4235 -0.8910
vn 0.4340 -0.1625 -0.8861
vn -0.1360 -0.4361 -0.8896
vn 0.1306 -0.4443 -0.8863
vn -0.1050 0.4348 -0.8944
vn 0.4453 0.1177 -0.8876
vn -0.4222 -0.1329 -0.8967
vn 0.3317 0.3072 0.8919
vn -0.2231 0.2066 -0.9527
vn -0.2231 -0.2066 -0.9527
vn 0.3317 -0.3072 0.8919
vn -0.3317 -0.3072 0.8919
vn 0.2231 -0.2066 -0.9527
vn 0.2231 0.2066 -0.9527
vn -0.3317 0.3072 0.8919
vn 0.9985 0.0322 -0.0441
vn 0.1058 -0.3672 0.9241
vn -0.1051 0.1872 -0.9767
vn 0.5060 0.2828 -0.8148
vn -0.5070 -0.3189 0.8008
vn 0.8603 -0.1829 0.4758
vn -0.9986 -0.0270 0.0463
vn -0.5346 0.0044 0.8451
vn -0.1175 0.0012 -0.9931
vn -0.8592 0.1453 -0.4905
vn 0.1053 -0.6041 0.7899
vn 0.9985 0.0215 -0.0508
vn -0.8719 0.4036 -0.2773
vn 0.5324 0.6739 -0.5122
vn -0.9982 -0.0163 0.0584
vn 0.8719 -0.3968 0.2871
vn -0.1092 0.8022 -0.5870
vn -0.5206 -0.5674 0.6380
vn 0.5331 0.8270 -0.1784
vn -0.1020 0.9719 -0.2122
vn 0.8679 -0.4840 0.1117
vn -0.9987 -0.0487 -0.0151
vn -0.5297 -0.8011 0.2787
vn 0.0994 -0.8914 0.4422
vn -0.8678 0.4818 -0.1215
vn 0.9989 0.0412 -0.0211
vn 0.0085 1.0000 0.0002
vn 0.0086 1.0000 0.0002
vn 0.0085 1.0000 0.0001
vn -0.9985 -0.0322 -0.0441
vn -0.1058 0.3672 0.9241
vn 0.1051 -0.1875 -0.9766
vn -0.5061 -0.2830 -0.8147
vn 0.5069 0.3189 0.8008
vn -0.8603 0.1830 0.4758
vn 0.9986 0.0270 0.0463
vn 0.5345 -0.0044 0.8451
vn 0.8593 -0.1453 -0.4905
vn -0.1052 0.6040 0.7900
vn -0.9985 -0.0215 -0.0508
vn 0.8719 -0.4036 -0.2773
vn -0.5324 -0.6740 -0.5122
vn 0.9982 0.0163 0.0585
vn -0.8718 0.3968 0.2872
vn 0.1092 -0.8022 -0.5870
vn 0.5206 0.5674 0.6380
vn -0.5331 -0.8270 -0.1785
vn 0.1020 -0.9719 -0.2123
vn -0.8679 0.4839 0.1118
vn 0.9987 0.0487 -0.0151
vn 0.5296 0.8010 0.2791
vn -0.0993 0.8911 0.4429
vn 0.8678 -0.4818 -0.1215
vn -0.9989 -0.0412 -0.0211
vn -0.0085 -1.0000 0.0001
vn -0.0086 -1.0000 0.0002
vn -0.0086 -1.0000 0.0003
vn -0.0000 0.9882 -0.1532
vn -0.9987 -0.0065 0.0514
vn -0.0000 -0.1410 0.9900
vn 0.9987 -0.0065 0.0514
vn -0.0000 -0.9959 -0.0900
vn -0.0000 0.9813 0.1925
vn -0.0000 0.0555 -0.9985
vn -0.9990 -0.0056 0.0441
vn 0.9990 -0.0056 0.0441
vn -0.0000 0.9824 0.1867
vn -0.0760 -0.9934 -0.0864
vn -0.9947 -0.0921 0.0449
vn 0.9946 0.0777 0.0684
vn 0.0759 0.9795 0.1866
vn -0.0000 -0.1411 0.9900
vn -0.0185 -0.9984 -0.0530
vn -0.9998 -0.0191 0.0004
vn 0.9998 0.0189 0.0027
vn 0.0185 0.9977 0.0650
vn 0.0008 -0.0730 0.9973
vn -0.0565 -0.9948 -0.0852
vn -0.9981 -0.0618 -0.0032
vn 0.9981 0.0613 0.0085
vn 0.0565 0.9929 0.1045
vn -0.0000 -0.9960 -0.0896
vn -0.9987 -0.0065 0.0511
vn 0.9987 -0.0065 0.0511
vn -0.0000 0.9815 0.1916
vn -0.0000 -0.9983 -0.0590
vn -0.0000 0.9983 0.0591
vn 0.0068 0.9986 0.0520
vn 0.1146 -0.0000 0.9934
vn 0.0068 -0.9986 0.0520
vn -0.1382 -0.0000 -0.9904
vn -0.9969 -0.0000 0.0784
vn 0.9997 -0.0000 0.0248
vn 0.0226 0.9982 0.0565
vn -0.0226 -0.9982 -0.0565
vn 0.6680 -0.0000 -0.7442
vn -0.9678 -0.0000 0.2519
vn 0.9639 -0.0000 -0.2661
vn -0.8863 -0.0000 -0.4631
vn -0.6703 -0.0000 0.7421
vn -0.9779 0.1975 -0.0690
vn 0.8024 0.3232 0.5016
vn 0.9779 0.1975 -0.0690
vn -0.7059 0.6860 -0.1763
vn -0.4209 -0.8691 -0.2600
vn -0.4264 0.9009 0.0817
vn 0.4263 0.9009 0.0817
vn -0.0000 0.9925 0.1221
vn 0.4209 -0.8691 -0.2600
vn -0.0000 -0.9408 -0.3389
vn 0.7059 0.6860 -0.1763
vn -0.0000 0.9152 -0.4030
vn -0.8024 0.3232 0.5016
vn -0.0000 0.4938 0.8696
vn 0.7059 0.6860 -0.1764
vn -0.4263 0.9009 0.0817
vn 0.0870 0.9912 -0.1001
vn 0.5709 -0.8186 -0.0628
vn 0.0257 -0.9533 -0.3010
vn 0.2697 0.7623 -0.5884
vn -0.6967 0.3826 0.6068
vn 0.5953 0.4769 -0.6467
vn 0.5685 -0.3709 -0.7343
vn 0.6674 0.0557 -0.7426
vn -0.7231 -0.4543 0.5203
vn -0.8156 -0.0340 0.5776
vn 0.2254 -0.6413 -0.7334
vn 0.1927 0.0948 -0.9767
vn 0.6212 0.7770 0.1021
vn 0.9953 -0.0405 0.0885
vn -0.0000 0.0008 -1.0000
vn 0.9995 0.0005 -0.0317
vn -0.9992 -0.0006 0.0388
vn 0.0016 0.0327 -0.9995
vn 0.0478 0.9749 -0.2175
vn -0.0000 -0.9783 0.2070
vn 1.0000 0.0001 -0.0082
vn -0.9999 -0.0002 0.0153
vn 0.0478 0.9751 -0.2165
vn 0.9999 -0.0003 0.0153
vn -1.0000 0.0001 -0.0082
vn 0.0478 0.9754 -0.2154
vn 0.9992 -0.0007 0.0388
vn -0.9995 0.0005 -0.0317
vn 0.0479 0.9756 -0.2143
vn -0.0068 -0.9986 0.0520
vn -0.1146 -0.0000 0.9934
vn -0.0068 0.9986 0.0520
vn 0.1383 -0.0000 -0.9904
vn 0.9969 -0.0000 0.0784
vn -0.9997 -0.0000 0.0248
vn -0.6680 -0.0000 -0.7442
vn 0.9678 -0.0000 0.2519
vn -0.9639 -0.0000 -0.2661
vn 0.8863 -0.0000 -0.4631
vn 0.6703 -0.0000 0.7421
vn -0.0000 0.9960 -0.0896
vn 0.9987 0.0065 0.0511
vn -0.9987 0.0065 0.0511
vn -0.0000 -0.9815 0.1916
vn -0.0000 0.1410 0.9900
vn -0.0000 0.9983 -0.0590
vn -0.0000 -0.0555 -0.9985
vn -0.0000 -0.9983 0.0591
vn 0.0760 0.9934 -0.0864
vn 0.9947 0.0921 0.0449
vn -0.9946 -0.0777 0.0684
vn -0.0759 -0.9795 0.1866
vn 0.0185 0.9984 -0.0530
vn 0.9998 0.0191 0.0004
vn -0.9998 -0.0189 0.0027
vn -0.0185 -0.9977 0.0650
vn -0.0008 0.0730 0.9973
vn 0.0565 0.9948 -0.0852
vn 0.9981 0.0618 -0.0032
vn -0.9981 -0.0613 0.0085
vn -0.0565 -0.9929 0.1045
vn 0.9990 0.0056 0.0441
vn -0.9990 0.0056 0.0441
vn -0.0000 -0.9824 0.1867
vn -0.0000 0.1411 0.9900
vn 0.9987 0.0065 0.0514
vn -0.9987 0.0065 0.0514
vn -0.0000 0.9959 -0.0900
vn -0.0000 -0.9813 0.1925
vn -0.0000 -0.0008 -1.0000
vn -0.9995 -0.0005 -0.0317
vn 0.9992 0.0006 0.0388
vn -0.0016 -0.0327 -0.9995
vn -0.0478 -0.9749 -0.2175
vn -0.0000 0.9783 0.2070
vn -1.0000 -0.0001 -0.0082
vn 0.9999 0.0002 0.0153
vn -0.0478 -0.9751 -0.2165
vn -0.9999 0.0003 0.0153
vn 1.0000 -0.0001 -0.0082
vn -0.0478 -0.9754 -0.2154
vn -0.9992 0.0007 0.0388
vn 0.9995 -0.0005 -0.0317
vn -0.0479 -0.9756 -0.2143
vn 0.9779 -0.1975 -0.0690
vn -0.8024 -0.3232 0.5016
vn -0.9779 -0.1975 -0.0690
vn 0.7059 -0.6860 -0.1763
vn 0.4209 0.8690 -0.2600
vn 0.4263 -0.9009 0.0817
vn -0.4263 -0.9009 0.0817
vn -0.0000 -0.9925 0.1221
vn -0.4209 0.8690 -0.2599
vn -0.0000 0.9408 -0.3389
vn -0.7059 -0.6860 -0.1763
vn -0.0000 -0.9152 -0.4030
vn 0.8025 -0.3232 0.5016
vn -0.0000 -0.4938 0.8696
vn 0.7059 -0.6860 -0.1764
vn 0.4209 0.8690 -0.2599
vn -0.4209 0.8690 -0.2600
vn 0.8024 -0.3232 0.5016
vn -0.8025 -0.3232 0.5016
vn -0.7059 -0.6860 -0.1764
vn -0.0870 -0.9912 -0.1001
vn -0.5709 0.8186 -0.0628
vn -0.0257 0.9533 -0.3010
vn -0.2697 -0.7623 -0.5884
vn 0.6967 -0.3826 0.6068
vn -0.5953 -0.4769 -0.6467
vn -0.5685 0.3709 -0.7343
vn -0.6674 -0.0557 -0.7426
vn 0.7231 0.4543 0.5203
vn 0.8156 0.0340 0.5776
vn -0.2254 0.6413 -0.7334
vn -0.1927 -0.0948 -0.9767
vn -0.6212 -0.7770 0.1021
vn -0.9953 0.0405 0.0885
vn -0.0000 -0.9882 -0.1531
vn -0.1059 0.3672 0.9241
vn 0.1052 -0.1872 -0.9767
vn -0.5059 -0.2828 -0.8149
vn 0.5070 0.3189 0.8008
vn -0.8603 0.1829 0.4758
vn 0.5346 -0.0044 0.8451
vn 0.8592 -0.1453 -0.4905
vn -0.1053 0.6043 0.7898
vn -0.5325 -0.6739 -0.5122
vn -0.8718 0.3968 0.2873
vn 0.5205 0.5674 0.6381
vn 0.1020 -0.9719 -0.2122
vn -0.8679 0.4840 0.1116
vn 0.5297 0.8011 0.2787
vn -0.0994 0.8910 0.4430
vn 0.8678 -0.4818 -0.1214
vn -0.0085 -1.0000 0.0002
vn -0.1052 0.1874 -0.9766
vn 0.5061 0.2830 -0.8147
vn -0.5069 -0.3189 0.8008
vn -0.5345 0.0044 0.8451
vn 0.1053 -0.6044 0.7897
vn 0.5324 0.6740 -0.5121
vn -0.9982 -0.0163 0.0585
vn 0.8718 -0.3968 0.2873
vn -0.5207 -0.5674 0.6379
vn 0.5331 0.8270 -0.1785
vn -0.1020 0.9719 -0.2123
vn 0.8679 -0.4839 0.1118
vn -0.5296 -0.8010 0.2792
vn 0.0994 -0.8911 0.4428
vn 0.0086 1.0000 0.0001
vn 0.0085 1.0000 0.0003
vn 0.9755 -0.2190 0.0204
vn 0.1303 0.9047 0.4057
vn -0.9763 -0.2145 -0.0294
vn 0.6840 -0.2655 -0.6795
vn -0.1583 0.9868 0.0349
vn 0.6349 -0.7668 -0.0946
vn 0.5179 0.3556 -0.7780
vn -1.0000 -0.0008 0.0008
vn -0.2133 0.6132 0.7606
vn 1.0000 0.0017 0.0003
vn 0.6384 -0.7657 0.0783
vn -0.2683 0.9520 0.1471
vn -0.9769 -0.2120 0.0256
vn 0.9763 -0.2144 -0.0286
vn 0.2585 0.9547 0.1475
vn -0.0000 0.9883 0.1527
vn -0.5819 -0.8071 0.0997
vn -0.0000 -0.9919 0.1266
vn 0.1818 0.5949 0.7830
vn -0.0000 0.6332 0.7740
vn -0.4979 0.3598 -0.7891
vn -0.0000 0.5659 -0.8245
vn -0.6068 -0.7883 -0.1014
vn -0.0000 -0.9914 -0.1311
vn 0.1618 0.9864 0.0285
vn -0.0000 0.9979 -0.0650
vn -0.5952 -0.2273 -0.7708
vn -0.0000 -0.2906 -0.9568
vn 0.8753 0.0596 0.4798
vn -0.0000 -0.8851 0.4653
vn -0.3327 0.5012 0.7988
vn 0.3520 0.4958 0.7939
vn -0.0000 0.5243 0.8515
vn -0.1234 0.9061 0.4047
vn -0.6344 -0.6078 0.4776
vn -0.8665 0.0698 0.4942
vn 0.6628 -0.5826 0.4704
vn -0.0000 0.9366 0.3504
vn 0.0245 0.1640 -0.9862
vn -0.0245 0.1640 -0.9862
vn 0.9559 -0.2935 -0.0116
vn 0.0377 0.8549 0.5175
vn 0.1113 0.3484 0.9307
vn -0.1113 0.3484 0.9307
vn -0.3229 -0.9464 0.0004
vn -0.0380 0.8549 0.5175
vn -0.0958 -0.8869 0.4519
vn 0.0971 -0.8865 0.4524
vn -0.9538 -0.2998 -0.0200
vn 0.9390 -0.3403 0.0487
vn -0.2569 0.9664 -0.0017
vn -0.9526 -0.2952 -0.0736
vn 0.4640 -0.6602 -0.5907
vn 0.1667 0.9625 0.2138
vn 0.2734 -0.9618 -0.0129
vn -0.9856 -0.1066 -0.1312
vn 0.2472 0.9585 0.1418
vn 1.0000 0.0064 -0.0005
vn 0.9912 -0.0927 -0.0950
vn 0.2755 -0.9497 0.1487
vn 0.2846 0.9532 0.1022
vn -0.9427 -0.3293 0.0531
vn 0.9473 -0.3123 -0.0718
vn -0.3066 0.9464 0.1015
vn -0.2475 -0.9547 0.1651
vn -0.2579 0.9533 0.1571
vn -0.2631 -0.9646 -0.0167
vn -0.1842 0.9644 0.1900
vn -0.4134 -0.6259 -0.6613
vn 0.8912 0.0490 0.4509
vn -0.0013 0.8146 0.5801
vn 0.0014 0.8146 0.5801
vn 0.2488 0.9685 -0.0017
vn -0.2752 -0.8920 0.3585
vn -0.8835 0.0647 0.4640
vn 0.2864 -0.8890 0.3573
vn 0.0151 -0.0080 0.9999
vn 0.0151 -0.0079 0.9999
vn 0.0340 -0.0197 0.9992
vn -0.0047 -0.0554 0.9985
vn -0.0269 0.0028 0.9996
vn 0.0174 0.0079 0.9998
vn 0.0035 0.0160 0.9999
vn 0.0203 -0.0465 0.9987
vn -0.0359 -0.0245 0.9991
vn 0.0287 -0.0059 0.9996
vn 0.0334 0.0238 -0.9992
vn -0.0268 0.0065 -0.9996
vn -0.0041 -0.0139 -0.9999
vn -0.0196 0.0441 -0.9988
vn 0.0039 0.0530 -0.9986
vn -0.0320 0.0189 -0.9993
vn -0.0167 -0.0059 -0.9998
vn 0.0246 -0.0020 -0.9997
vn -0.5611 -0.7021 -0.4385
vn 0.8933 0.2629 -0.3645
vn -0.2450 0.9030 -0.3530
vn 0.7419 -0.4836 -0.4645
vn -0.7412 -0.5085 -0.4383
vn 0.4512 -0.7679 -0.4547
vn 0.3026 0.8822 -0.3608
vn -0.8819 0.3281 -0.3385
vn -0.3286 -0.9443 0.0204
vn 0.1531 0.9881 0.0134
vn 0.2592 -0.9656 0.0218
vn 0.9961 0.0872 0.0144
vn 0.9377 -0.3465 0.0240
vn -0.9808 0.1945 0.0118
vn -0.0842 0.9964 0.0131
vn -0.9605 -0.2776 0.0196
vn -0.2590 0.9659 0.0006
vn 0.5404 -0.1977 -0.8178
vn -0.2061 -0.5502 -0.8092
vn -0.5561 0.2074 -0.8048
vn 0.1811 0.5612 -0.8076
vn -0.1637 0.5714 -0.8042
vn 0.1410 -0.5653 -0.8128
vn -0.5708 -0.1549 -0.8064
vn 0.5525 0.1696 -0.8161
vn 0.4129 -0.1504 -0.8983
vn -0.1635 -0.4236 -0.8910
vn -0.4341 0.1625 -0.8861
vn 0.1360 0.4361 -0.8896
vn -0.1306 0.4443 -0.8863
vn 0.1050 -0.4349 -0.8944
vn -0.4453 -0.1177 -0.8876
vn 0.4222 0.1329 -0.8967
vn -0.9338 -0.1144 0.3389
vn 0.3147 0.0601 0.9473
vn 0.9338 0.1144 -0.3389
vn -0.3147 -0.0601 -0.9473
vn 0.2674 0.0151 -0.9635
vn -0.2674 -0.0151 0.9635
vn 0.9494 0.1291 0.2864
vn -0.9494 -0.1291 -0.2864
vn 0.1097 -0.9931 -0.0419
vn 0.1479 -0.9890 -0.0058
vn 0.1701 -0.9834 -0.0637
vn 0.1263 -0.9896 -0.0692
vn 0.1400 -0.9871 -0.0773
vn 0.1232 -0.9923 -0.0149
vn 0.1788 -0.9832 -0.0364
vn 0.1150 -0.9918 -0.0556
vn -0.1764 0.9836 0.0371
vn -0.1170 0.9916 0.0550
vn -0.1395 0.9874 0.0751
vn -0.1238 0.9922 0.0172
vn -0.1471 0.9891 0.0082
vn -0.1117 0.9928 0.0426
vn -0.1270 0.9896 0.0673
vn -0.1678 0.9838 0.0630
vn 0.2590 0.0854 -0.9621
vn -0.1286 0.9903 0.0534
vn -0.1286 0.9903 0.0535
vn 0.9309 0.1391 0.3377
vn -0.3244 0.0089 0.9459
vn -0.9309 -0.1391 -0.3377
vn 0.3244 -0.0089 -0.9459
vn -0.2589 -0.0855 -0.9621
vn 0.2589 0.0855 0.9621
vn -0.9523 -0.1083 0.2853
vn 0.9523 0.1083 -0.2853
vn -0.1097 0.9931 -0.0419
vn -0.1479 0.9890 -0.0058
vn -0.1701 0.9834 -0.0638
vn -0.1263 0.9896 -0.0692
vn -0.1400 0.9871 -0.0773
vn -0.1232 0.9923 -0.0149
vn -0.1788 0.9832 -0.0364
vn -0.1150 0.9918 -0.0556
vn 0.1764 -0.9836 0.0371
vn 0.1170 -0.9916 0.0550
vn 0.1395 -0.9874 0.0752
vn 0.1238 -0.9922 0.0173
vn 0.1471 -0.9891 0.0082
vn 0.1117 -0.9928 0.0426
vn 0.1270 -0.9896 0.0673
vn 0.1678 -0.9838 0.0630
vn 0.2589 0.0854 0.9621
vn 0.1286 -0.9903 0.0534
vn 0.1286 -0.9903 0.0535
vn 0.0327 0.0813 0.9962
vn -0.0000 0.7220 -0.6919
vn -0.0000 0.5420 -0.8404
vn -0.0000 0.1222 -0.9925
vn -0.0000 -0.2742 0.9617
vn -0.0000 -0.0936 0.9956
vn -0.0000 0.9332 0.3593
vn -0.0230 0.9522 0.3045
vn -0.0723 0.2863 0.9554
vn -0.0000 -0.3827 -0.9239
vn -0.0000 0.3827 -0.9239
vn 0.9999 -0.0089 -0.0089
vn -0.0000 -0.7847 -0.6199
vn -0.0000 -0.6162 -0.7876
vn -0.0000 -0.1477 -0.9890
vn -0.0000 0.3269 0.9451
vn -0.0000 0.1133 0.9936
vn -0.0000 -0.9531 0.3026
vn -0.0000 -0.7220 -0.6919
vn -0.0000 -0.5420 -0.8404
vn -0.0000 -0.1222 -0.9925
vn -0.0000 0.2742 0.9617
vn -0.0000 0.0936 0.9956
vn -0.0000 -0.9332 0.3593
vn 0.0230 -0.9522 0.3045
vn 0.0723 -0.2863 0.9554
vn -0.9999 0.0089 -0.0089
vn -0.1051 0.1874 -0.9766
vn 0.5061 0.2829 -0.8148
vn 0.5324 0.6740 -0.5122
vn 0.8718 -0.3968 0.2872
vn -0.1093 0.8022 -0.5870
vn -0.5206 -0.5675 0.6379
vn 0.8679 -0.4839 0.1117
vn -0.5296 -0.8010 0.2791
vn 0.0994 -0.8912 0.4425
vn 0.1051 -0.1874 -0.9766
vn -0.5061 -0.2829 -0.8148
vn -0.1053 0.6043 0.7897
vn 0.1093 -0.8022 -0.5870
vn 0.5206 0.5675 0.6379
vn -0.5331 -0.8270 -0.1784
vn -0.8679 0.4840 0.1117
vn 0.5297 0.8010 0.2791
vn -0.0994 0.8912 0.4426
vn 0.0446 0.0322 0.9985
vn -0.9240 -0.3672 0.1063
vn 0.9766 0.1874 -0.1057
vn 0.8150 0.2829 0.5056
vn -0.8011 -0.3189 -0.5065
vn -0.4753 -0.1829 0.8606
vn -0.0468 -0.0270 -0.9985
vn -0.0497 -0.2991 -0.9529
vn -0.4772 -0.0069 0.8788
vn -0.8455 0.0040 -0.5340
vn 0.8455 -0.0040 0.5340
vn 0.9930 0.0011 -0.1180
vn -0.9930 -0.0011 0.1180
vn 0.0523 -0.0078 0.9986
vn 0.4900 0.1453 -0.8595
vn 0.4541 -0.3002 -0.8389
vn -0.7897 -0.6043 0.1057
vn 0.0514 0.0215 0.9984
vn 0.2769 0.4036 -0.8720
vn 0.5125 0.6740 0.5321
vn -0.0590 -0.0163 -0.9981
vn -0.2867 -0.3968 0.8720
vn 0.5869 0.8022 -0.1096
vn -0.6382 -0.5675 -0.5203
vn 0.1787 0.8270 0.5330
vn 0.2123 0.9719 -0.1021
vn -0.1112 -0.4839 0.8680
vn 0.0145 -0.0487 -0.9987
vn -0.2793 -0.8010 -0.5295
vn -0.4425 -0.8912 0.0997
vn 0.1210 0.4818 -0.8679
vn 0.0217 0.0412 0.9989
vn -0.0005 0.4935 -0.8697
vn -0.0006 -0.0427 -0.9991
vn -0.0106 -0.0427 -0.9990
vn 0.0005 -0.4935 0.8697
vn 0.0093 -0.4935 0.8697
vn -0.0003 -0.8407 -0.5414
vn -0.0058 -0.8407 -0.5414
vn 0.0003 0.8407 0.5414
vn 0.0058 0.8407 0.5414
vn -0.0001 0.9951 -0.0986
vn -0.0011 0.9951 -0.0986
vn 0.0001 -0.9951 0.0986
vn 0.0011 -0.9951 0.0986
vn 0.0006 0.0427 0.9991
vn 0.0106 0.0427 0.9990
vn -0.0093 0.4935 -0.8697
vn 0.4772 0.0069 -0.8788
vn 0.0498 -0.3183 0.9467
vn -0.9404 -0.3222 0.1090
vn 0.9406 -0.3196 -0.1145
vn 0.8006 -0.3258 0.5029
vn -0.8009 -0.3160 -0.5087
vn -0.4536 -0.3172 0.8328
vn -0.0523 0.0078 -0.9986
vn -0.0651 0.9653 -0.2529
vn -0.9829 0.0119 0.1836
vn -0.9741 0.0477 0.2212
vn -0.9699 -0.0104 0.2432
vn -0.9797 -0.0156 0.2000
vn -0.9766 -0.0237 0.2136
vn -0.9796 0.0388 0.1969
vn -0.9676 0.0169 0.2518
vn -0.9820 -0.0018 0.1888
vn 0.9683 -0.0162 -0.2495
vn 0.9816 0.0012 -0.1908
vn 0.9768 0.0216 -0.2130
vn 0.9796 -0.0365 -0.1976
vn 0.9743 -0.0453 -0.2205
vn 0.9826 -0.0112 -0.1856
vn 0.9796 0.0136 -0.2007
vn 0.9705 0.0096 -0.2410
vn 0.2078 0.2791 0.9375
vn -0.0618 0.9654 -0.2533
vn 0.0618 -0.9654 0.2532
vn 0.2064 -0.3450 0.9156
vn 0.0664 0.9449 0.3207
vn -0.2064 0.3450 -0.9157
vn 0.0947 0.9169 0.3876
vn -0.0819 -0.9168 -0.3909
vn -0.0694 0.9471 -0.3135
vn -0.1841 -0.2250 -0.9568
vn -0.1832 0.2804 -0.9422
vn 0.2488 -0.2809 0.9269
vn 0.0781 -0.9471 0.3112
vn 0.2528 0.2254 0.9409
vn -0.1898 0.3450 -0.9192
vn 0.0992 0.9443 0.3137
vn 0.2399 -0.3446 0.9076
vn -0.0493 -0.9447 -0.3242
vn 0.0852 -0.9649 0.2483
vn -0.0353 0.9653 -0.2587
vn 0.2444 0.2787 0.9288
vn -0.1943 -0.2791 -0.9404
vn 0.7861 0.1566 -0.5980
vn 0.9019 0.4307 -0.0337
vn 0.9604 -0.1550 0.2314
vn 0.8422 -0.4295 -0.3259
vn 0.8970 -0.4373 -0.0648
vn 0.8468 0.4415 -0.2966
vn 0.9621 0.1252 0.2422
vn 0.7847 -0.1268 -0.6068
vn 0.0651 -0.9653 -0.2529
vn 0.9829 -0.0119 0.1836
vn 0.9741 -0.0477 0.2212
vn 0.9699 0.0104 0.2432
vn 0.9797 0.0156 0.2000
vn 0.9766 0.0237 0.2136
vn 0.9796 -0.0388 0.1969
vn 0.9676 -0.0169 0.2518
vn 0.9820 0.0018 0.1888
vn -0.9683 0.0162 -0.2495
vn -0.9816 -0.0012 -0.1908
vn -0.9768 -0.0216 -0.2130
vn -0.9796 0.0365 -0.1976
vn -0.9743 0.0453 -0.2205
vn -0.9826 0.0112 -0.1856
vn -0.9796 -0.0136 -0.2007
vn -0.9705 -0.0096 -0.2410
vn 0.2078 0.2790 -0.9375
vn -0.0618 0.9654 0.2532
vn 0.0664 0.9449 -0.3206
vn 0.2064 -0.3449 -0.9157
vn -0.0947 -0.9169 0.3876
vn 0.0819 0.9168 -0.3909
vn 0.0694 -0.9471 -0.3135
vn 0.1841 0.2250 -0.9568
vn 0.1832 -0.2804 -0.9422
vn -0.2488 0.2809 0.9269
vn -0.0781 0.9471 0.3112
vn -0.2528 -0.2254 0.9409
vn 0.1898 -0.3450 -0.9192
vn -0.0992 -0.9443 0.3137
vn -0.2399 0.3445 0.9076
vn 0.0493 0.9447 -0.3241
vn -0.0852 0.9649 0.2483
vn 0.0353 -0.9653 -0.2587
vn -0.2444 -0.2787 0.9288
vn 0.1943 0.2791 -0.9404
vn -0.7861 -0.1566 -0.5980
vn -0.9019 -0.4307 -0.0338
vn -0.9604 0.1550 0.2314
vn -0.8423 0.4295 -0.3258
vn -0.8970 0.4373 -0.0648
vn -0.8468 -0.4415 -0.2966
vn -0.9621 -0.1252 0.2422
vn -0.7847 0.1268 -0.6068
vn 0.8275 -0.3811 -0.4122
vn -0.2204 0.0307 -0.9749
vn 0.8275 -0.3811 0.4123
vn -0.0513 -0.0043 0.9987
vn -0.0547 -0.0052 -0.9985
vn -0.2451 0.0283 0.9691
vt 0.000000 0.500000
vt 1.000000 0.500000
vt 1.000000 1.000000
vt 0.000000 1.000000
vt 0.000000 0.000000
vt 1.000000 0.916667
vt 1.000000 0.583333
vt 1.000000 0.666667
vt 1.000000 0.833333
vt 0.575000 0.166667
vt 0.625000 0.166667
vt 0.625000 0.250000
vt 0.575000 0.250000
vt 0.575000 0.416667
vt 0.625000 0.416667
vt 0.625000 0.500000
vt 0.575000 0.500000
vt 0.575000 0.666667
vt 0.625000 0.666667
vt 0.625000 0.750000
vt 0.575000 0.750000
vt 0.575000 0.916667
vt 0.625000 0.916667
vt 0.625000 1.000000
vt 0.575000 1.000000
vt 0.375000 0.916667
vt 0.375000 1.000000
vt 0.425000 0.916667
vt 0.425000 1.000000
vt 0.475000 0.916667
vt 0.475000 1.000000
vt 0.525000 0.916667
vt 0.525000 1.000000
vt 0.375000 0.666667
vt 0.425000 0.666667
vt 0.425000 0.750000
vt 0.375000 0.750000
vt 0.475000 0.666667
vt 0.475000 0.750000
vt 0.525000 0.666667
vt 0.525000 0.750000
vt 0.375000 0.416667
vt 0.425000 0.416667
vt 0.425000 0.500000
vt 0.375000 0.500000
vt 0.475000 0.416667
vt 0.475000 0.500000
vt 0.525000 0.416667
vt 0.525000 0.500000
vt 0.375000 0.166667
vt 0.425000 0.166667
vt 0.425000 0.250000
vt 0.375000 0.250000
vt 0.475000 0.166667
vt 0.475000 0.250000
vt 0.525000 0.166667
vt 0.525000 0.250000
vt 0.525000 0.000000
vt 0.575000 0.000000
vt 0.575000 0.083333
vt 0.525000 0.083333
vt 0.475000 0.000000
vt 0.475000 0.083333
vt 0.425000 0.000000
vt 0.425000 0.083333
vt 0.375000 0.000000
vt 0.375000 0.083333
vt 0.575000 0.583333
vt 0.525000 0.583333
vt 0.475000 0.583333
vt 0.425000 0.583333
vt 0.375000 0.583333
vt 0.375000 0.333333
vt 0.625000 0.583333
vt 0.625000 0.000000
vt 0.625000 0.083333
vt 0.375000 0.833333
vt 0.575000 0.333333
vt 0.525000 0.333333
vt 0.475000 0.333333
vt 0.425000 0.333333
vt 0.575000 0.833333
vt 0.525000 0.833333
vt 0.475000 0.833333
vt 0.425000 0.833333
vt 0.625000 0.833333
vt 0.625000 0.333333
vt 0.208333 0.500000
vt 0.291667 0.500000
vt 0.125000 0.666667
vt 0.125000 0.583333
vt 0.375000 0.583333
vt 0.375000 0.416667
vt 0.375000 0.500000
vt 0.375000 0.250000
vt 0.125000 0.583333
vt 0.375000 0.833333
vt 0.375000 0.916667
vt 0.375000 0.750000
vt 0.375000 0.750000
vt 0.375000 0.583333
vt 0.291667 0.500000
vt 0.375000 0.666667
vt 0.375000 0.450000
vt 0.625000 0.450000
vt 0.375000 0.975000
vt 0.625000 0.975000
vt 0.325000 0.666667
vt 0.325000 0.750000
vt 0.850000 0.666667
vt 0.875000 0.666667
vt 0.875000 0.750000
vt 0.850000 0.750000
vt 0.675000 0.666667
vt 0.675000 0.750000
vt 0.725000 0.666667
vt 0.725000 0.750000
vt 0.775000 0.666667
vt 0.775000 0.750000
vt 0.825000 0.666667
vt 0.825000 0.750000
vt 0.150000 0.666667
vt 0.175000 0.666667
vt 0.175000 0.750000
vt 0.150000 0.750000
vt 0.225000 0.666667
vt 0.225000 0.750000
vt 0.275000 0.666667
vt 0.275000 0.750000
vt 0.625000 0.800000
vt 0.375000 0.800000
vt 0.625000 0.850000
vt 0.375000 0.850000
vt 0.625000 0.900000
vt 0.375000 0.900000
vt 0.625000 0.950000
vt 0.375000 0.950000
vt 0.375000 0.275000
vt 0.625000 0.275000
vt 0.625000 0.300000
vt 0.375000 0.300000
vt 0.625000 0.350000
vt 0.375000 0.350000
vt 0.625000 0.400000
vt 0.375000 0.400000
vt 0.275000 0.500000
vt 0.325000 0.500000
vt 0.325000 0.583333
vt 0.275000 0.583333
vt 0.225000 0.500000
vt 0.225000 0.583333
vt 0.175000 0.500000
vt 0.175000 0.583333
vt 0.150000 0.500000
vt 0.150000 0.583333
vt 0.775000 0.500000
vt 0.825000 0.500000
vt 0.825000 0.583333
vt 0.775000 0.583333
vt 0.725000 0.500000
vt 0.725000 0.583333
vt 0.675000 0.500000
vt 0.675000 0.583333
vt 0.850000 0.500000
vt 0.875000 0.500000
vt 0.875000 0.583333
vt 0.850000 0.583333
vt 0.375000 0.583333
vt 0.125000 0.500000
vt 0.125000 0.750000
vt 0.562500 0.125000
vt 0.625000 0.125000
vt 0.562500 0.250000
vt 0.562500 0.500000
vt 0.562500 0.625000
vt 0.625000 0.625000
vt 0.562500 0.750000
vt 0.562500 1.000000
vt 0.875000 0.625000
vt 0.437500 0.750000
vt 0.437500 1.000000
vt 0.500000 0.750000
vt 0.500000 1.000000
vt 0.375000 0.625000
vt 0.437500 0.625000
vt 0.500000 0.625000
vt 0.437500 0.250000
vt 0.437500 0.500000
vt 0.500000 0.250000
vt 0.500000 0.500000
vt 0.375000 0.125000
vt 0.437500 0.125000
vt 0.500000 0.125000
vt 0.125000 0.625000
vt 0.375000 0.625000
vt 0.500000 0.000000
vt 0.562500 0.000000
vt 0.437500 0.000000
vt 0.500000 0.223183
vt 0.625000 0.223183
vt 0.500000 0.250000
vt 0.500000 0.375000
vt 0.625000 0.375000
vt 0.500000 0.500000
vt 0.500000 0.526817
vt 0.625000 0.526817
vt 0.500000 0.750000
vt 0.500000 0.875000
vt 0.625000 0.875000
vt 0.250000 0.526817
vt 0.375000 0.526817
vt 0.250000 0.750000
vt 0.750000 0.526817
vt 0.875000 0.526817
vt 0.750000 0.750000
vt 0.375000 0.875000
vt 0.375000 0.375000
vt 0.375000 0.223183
vt 0.125000 0.526817
vt 0.250000 0.500000
vt 0.750000 0.500000
vt 0.500000 0.125000
vt 0.500000 0.331197
vt 0.500000 0.625000
vt 0.625000 0.625000
vt 0.500000 0.918803
vt 0.625000 0.918803
vt 0.289530 0.625000
vt 0.375000 0.625000
vt 0.289530 0.750000
vt 0.793803 0.625000
vt 0.793803 0.750000
vt 0.375000 0.414530
vt 0.500000 0.414530
vt 0.793803 0.500000
vt 0.289530 0.500000
vt 0.206197 0.500000
vt 0.206197 0.625000
vt 0.710470 0.500000
vt 0.710470 0.625000
vt 0.375000 0.331197
vt 0.710470 0.750000
vt 0.206197 0.750000
vt 0.625000 0.835470
vt 0.500000 0.835470
vt 0.625000 0.414530
vt 0.625000 0.331197
vt 0.375000 0.918803
vt 0.375000 0.835470
vt 0.250000 0.625000
vt 0.432037 0.000000
vt 0.566040 0.000000
vt 0.566040 0.125000
vt 0.432038 0.125000
vt 0.432038 0.500000
vt 0.566040 0.500000
vt 0.566040 0.625000
vt 0.432038 0.625000
vt 0.432038 0.250000
vt 0.566040 0.250000
vt 0.566040 0.375000
vt 0.432038 0.375000
vt 0.432038 0.750000
vt 0.566040 0.750000
vt 0.566040 0.875000
vt 0.432038 0.875000
vt 0.566040 1.000000
vt 0.432038 1.000000
vt 0.430430 0.125000
vt 0.430430 0.250000
vt 0.430430 0.375000
vt 0.430430 0.500000
vt 0.430430 0.625000
vt 0.430430 0.750000
vt 0.430430 0.875000
vt 0.430430 1.000000
vt 0.430430 0.000000
vt 0.566970 0.000000
vt 0.566969 0.125000
vt 0.566970 0.500000
vt 0.566969 0.625000
vt 0.566970 0.250000
vt 0.566969 0.374999
vt 0.566970 0.750000
vt 0.566969 0.875000
vt 0.566970 1.000000
vt 0.382928 0.000000
vt 0.382928 0.124999
vt 0.382928 0.500001
vt 0.382928 0.625000
vt 0.382928 0.250000
vt 0.382928 0.375000
vt 0.382928 0.750000
vt 0.382928 0.875000
vt 0.382928 1.000000
vt 0.380071 0.000000
vt 0.380071 0.125000
vt 0.380071 0.500000
vt 0.380071 0.625000
vt 0.380071 0.250000
vt 0.380071 0.375000
vt 0.380071 0.750000
vt 0.380071 0.875000
vt 0.380071 1.000000
vt 0.382872 0.125000
vt 0.382872 0.250000
vt 0.382872 0.375000
vt 0.382872 0.500000
vt 0.382872 0.625000
vt 0.382872 0.750000
vt 0.382872 0.875000
vt 0.382872 1.000000
vt 0.382872 0.000000
vt 0.380071 0.250000
vt 0.380071 0.375000
vt 0.380071 0.625000
vt 0.380071 0.875000
vt 0.380071 1.000000
vt 0.541667 0.000000
vt 0.541667 0.250000
vt 0.541667 0.500000
vt 0.541667 0.750000
vt 0.541667 1.000000
vt 0.458333 0.750000
vt 0.458333 1.000000
vt 0.458333 0.500000
vt 0.458333 0.250000
vt 0.458333 0.000000
vt 0.500000 0.666667
vt 0.250000 0.666667
vt 0.750000 0.666667
vt 0.500000 0.083333
vt 0.500000 0.166667
vt 0.500000 0.583333
vt 0.250000 0.583333
vt 0.750000 0.583333
vt 0.291667 0.750000
vt 0.791667 0.500000
vt 0.791667 0.750000
vt 0.708333 0.500000
vt 0.708333 0.750000
vt 0.208333 0.750000
vt 0.625000 0.125000
vt 0.750000 0.625000
vt 0.625329 0.136857
vt 0.725378 0.592435
vt 0.795170 0.750000
vt 0.724335 0.447842
vt 0.620511 0.308042
vt 0.617246 0.269958
vt 0.795170 0.500000
vt 0.564158 0.050090
vt 0.567124 0.000000
vt 0.563078 0.271318
vt 0.567124 0.253565
vt 0.510863 0.048219
vt 0.509247 0.000000
vt 0.510647 0.266709
vt 0.509247 0.250000
vt 0.623573 0.479496
vt 0.656224 0.468823
vt 0.678220 0.473390
vt 0.646441 0.486695
vt 0.656278 0.735709
vt 0.623605 0.738012
vt 0.646441 0.763305
vt 0.678220 0.776610
vt 0.564700 0.487698
vt 0.567124 0.496435
vt 0.564728 0.732073
vt 0.567124 0.753565
vt 0.510065 0.489764
vt 0.509247 0.500000
vt 0.510095 0.724459
vt 0.509247 0.750000
vt 0.390788 0.722764
vt 0.390924 0.033702
vt 0.390894 0.261165
vt 0.390774 0.490705
vt 0.795170 0.612500
vt 0.795170 0.611111
vt 0.875000 0.611111
vt 0.875000 0.612500
vt 0.620735 0.148477
vt 0.620692 0.149976
vt 0.567124 0.140869
vt 0.567124 0.139461
vt 0.509247 0.138889
vt 0.509247 0.137500
vt 0.375000 0.137500
vt 0.375000 0.138889
vt 0.375000 0.616667
vt 0.509247 0.616667
vt 0.509247 0.618055
vt 0.375000 0.618055
vt 0.678220 0.614893
vt 0.795170 0.616667
vt 0.795170 0.618055
vt 0.678220 0.616577
vt 0.567124 0.616429
vt 0.567124 0.617857
vt 0.646441 0.615780
vt 0.646441 0.617316
vt 0.678220 0.608154
vt 0.678220 0.609839
vt 0.646441 0.611169
vt 0.646441 0.609633
vt 0.509247 0.133333
vt 0.567124 0.135235
vt 0.678220 0.611523
vt 0.678220 0.613208
vt 0.646441 0.614243
vt 0.646441 0.612706
vt 0.567124 0.613572
vt 0.567124 0.612143
vt 0.567124 0.610715
vt 0.567124 0.615000
vt 0.509247 0.612500
vt 0.509247 0.611111
vt 0.509247 0.615278
vt 0.509247 0.613889
vt 0.875000 0.613889
vt 0.795170 0.613889
vt 0.795170 0.615278
vt 0.375000 0.611111
vt 0.375000 0.612500
vt 0.375000 0.613889
vt 0.375000 0.615278
vt 0.375000 0.131944
vt 0.509247 0.131944
vt 0.375000 0.133333
vt 0.509247 0.134722
vt 0.375000 0.134722
vt 0.509247 0.136111
vt 0.375000 0.136111
vt 0.567124 0.133826
vt 0.567124 0.136643
vt 0.567124 0.138052
vt 0.875000 0.615278
vt 0.620908 0.142478
vt 0.620864 0.143977
vt 0.620821 0.145477
vt 0.620778 0.146977
vt 0.875000 0.616667
vt 0.875000 0.618055
vt 0.582638 0.125000
vt 0.582638 0.250000
vt 0.582638 0.375000
vt 0.582638 0.500000
vt 0.582638 0.625000
vt 0.582638 0.750000
vt 0.582638 0.875000
vt 0.582638 1.000000
vt 0.582638 0.000000
vt 0.458333 0.375000
vt 0.541667 0.250000
vt 0.541667 0.375000
vt 0.458333 0.875000
vt 0.541667 0.875000
vt 0.458333 0.125000
vt 0.541667 0.125000
vt 0.458333 0.625000
vt 0.541667 0.625000
vt 0.581130 0.250000
vt 0.581130 0.375000
vt 0.581130 0.750000
vt 0.581130 0.875000
vt 0.581130 0.000000
vt 0.581130 0.125000
vt 0.581130 0.500000
vt 0.581130 0.625000
vt 0.581130 1.000000
vt 0.375000 0.375020
vt 0.625000 0.375020
vt 0.375000 0.874980
vt 0.625000 0.874980
vt 0.749980 0.500000
vt 0.749980 0.750000
vt 0.250020 0.500000
vt 0.250020 0.750000
vt 0.375000 0.605690
vt 0.125000 0.605690
vt 0.385319 0.510319
vt 0.390478 0.234522
vt 0.480690 0.250000
vt 0.480690 0.500000
vt 0.875000 0.605690
vt 0.625000 0.605690
vt 0.614681 0.510319
vt 0.609522 0.234522
vt 0.519310 0.500000
vt 0.519310 0.250000
vt 0.125000 0.644310
vt 0.375000 0.644310
vt 0.385319 0.739681
vt 0.480690 0.750000
vt 0.480690 1.000000
vt 0.625000 0.644310
vt 0.875000 0.644310
vt 0.614681 0.739681
vt 0.519310 1.000000
vt 0.519310 0.750000
vt 0.375000 0.105690
vt 0.405956 0.030956
vt 0.480690 0.000000
vt 0.519310 0.000000
vt 0.594044 0.030956
vt 0.625000 0.144310
vt 0.375000 0.136162
vt 0.500000 0.136162
vt 0.375000 0.613837
vt 0.500000 0.613838
vt 0.125000 0.613838
vt 0.250000 0.613837
vt 0.625000 0.613838
vt 0.750000 0.613838
vt 0.875000 0.613838
vt 0.625000 0.136162
vt 0.648963 0.529230
vt 0.750000 0.523592
vt 0.851037 0.720770
vt 0.750000 0.726408
vt 0.644989 0.625000
vt 0.648963 0.720770
vt 0.855011 0.625000
vt 0.851037 0.529230
vt 0.375000 0.937500
vt 0.625000 0.937500
vt 0.375000 0.312500
vt 0.625000 0.312500
s 0
usemtl Material.002
f 3/1/1 4/2/1 2/3/1 1/4/1
f 1/4/2 2/3/2 6/3/2 5/4/2
f 1/4/3 5/4/3 9/4/3 7/4/3
f 3/1/4 1/4/4 7/4/4 8/1/4
f 7/4/5 9/4/5 12/4/5 10/4/5
f 8/1/6 7/4/6 10/4/6 11/1/6
f 10/5/7 12/4/7 43/5/7 68/5/7
f 14/1/8 69/5/8 68/5/8 13/5/8
f 13/4/9 15/4/9 18/4/9 16/4/9
f 14/1/10 13/4/10 16/4/10 17/1/10
f 5/4/11 6/3/11 20/3/11 19/4/11
f 12/4/12 9/4/12 21/4/12 22/4/12 44/4/12
f 18/4/13 15/4/13 45/4/13 23/4/13 24/4/13
f 9/4/14 5/4/14 19/4/14 21/4/14
f 21/4/15 19/4/15 25/4/15 27/4/15
f 24/4/16 23/4/16 48/4/16 29/4/16 30/4/16
f 22/4/17 21/4/17 27/4/17 28/4/17 49/4/17
f 19/4/18 20/3/18 26/3/18 25/4/18
f 28/4/19 27/4/19 33/4/19 34/4/19
f 25/4/20 26/3/20 32/3/20 31/4/20
f 34/5/21 51/5/21 47/5/21 28/4/21
f 27/4/22 25/4/22 31/4/22 33/4/22
f 30/4/23 29/4/23 35/4/23 36/4/23
f 34/4/24 33/4/24 39/4/24 40/4/24
f 31/4/25 32/3/25 38/3/25 37/4/25
f 51/5/26 52/5/26 41/4/26 35/4/26
f 33/4/27 31/4/27 37/4/27 39/4/27
f 36/4/28 35/4/28 41/4/28 42/4/28
f 15/4/29 43/4/29 46/4/29 45/4/29
f 43/4/30 12/4/30 44/4/30 46/4/30
f 48/4/31 50/5/31 47/4/31 29/4/31
f 50/5/32 49/4/32 28/4/32 47/4/32
f 47/5/33 51/5/33 35/5/33 29/5/33
f 52/5/34 40/5/34 34/5/34 51/5/34
f 2/3/35 4/2/35 54/2/35 53/3/35
f 20/3/36 6/3/36 55/3/36 56/3/36
f 6/3/37 2/3/37 53/3/37 55/3/37
f 26/3/38 20/3/38 56/3/38 57/3/38
f 38/3/39 32/3/39 58/3/39 59/3/39
f 32/3/40 26/3/40 57/3/40 58/3/40
f 64/6/41 59/3/41 58/3/41 65/3/41
f 66/7/42 60/8/42 62/3/42 67/3/42
f 60/8/43 61/9/43 63/3/43 62/3/43
f 61/9/44 64/6/44 65/3/44 63/3/44
f 54/2/45 66/7/45 67/3/45 53/3/45
f 43/5/46 15/5/46 13/5/46 68/5/46
f 68/5/47 10/5/47 11/5/47 69/5/47
f 48/4/48 23/4/48 70/5/48 50/5/48
f 23/4/49 45/4/49 46/4/49 70/5/49
f 22/4/50 70/5/50 46/4/50 44/4/50
f 49/4/51 50/5/51 70/5/51 22/4/51
f 16/4/52 71/4/52 36/4/52 42/4/52 17/1/52
f 30/4/53 36/4/53 71/4/53 24/4/53
f 16/4/54 18/4/54 24/4/54 71/4/54
f 119/10/55 99/11/55 75/12/55 84/13/55
f 143/14/56 123/15/56 79/16/56 88/17/56
f 111/18/57 103/19/57 77/20/57 92/21/57
f 135/22/58 127/23/58 73/24/58 83/25/58
f 124/26/59 72/27/59 144/27/59 154/26/59
f 124/26/60 129/28/60 80/29/60 72/27/60
f 129/28/61 131/30/61 81/31/61 80/29/61
f 131/30/62 133/32/62 82/33/62 81/31/62
f 133/32/63 135/22/63 83/25/63 82/33/63
f 100/34/64 105/35/64 95/36/64 76/37/64
f 105/35/65 107/38/65 94/39/65 95/36/65
f 107/38/66 109/40/66 93/41/66 94/39/66
f 109/40/67 111/18/67 92/21/67 93/41/67
f 120/42/68 137/43/68 91/44/68 78/45/68
f 137/43/69 139/46/69 90/47/69 91/44/69
f 139/46/70 141/48/70 89/49/70 90/47/70
f 141/48/71 143/14/71 88/17/71 89/49/71
f 96/50/72 113/51/72 87/52/72 74/53/72
f 113/51/73 115/54/73 86/55/73 87/52/73
f 115/54/74 117/56/74 85/57/74 86/55/74
f 117/56/75 119/10/75 84/13/75 85/57/75
f 82/58/76 83/59/76 118/60/76 116/61/76
f 116/61/77 118/60/77 119/10/77 117/56/77
f 81/62/78 82/58/78 116/61/78 114/63/78
f 114/63/79 116/61/79 117/56/79 115/54/79
f 80/64/80 81/62/80 114/63/80 112/65/80
f 112/65/81 114/63/81 115/54/81 113/51/81
f 72/66/82 80/64/82 112/65/82 97/67/82
f 97/67/83 112/65/83 113/51/83 96/50/83
f 89/49/84 88/17/84 110/68/84 108/69/84
f 108/69/85 110/68/85 111/18/85 109/40/85
f 90/47/86 89/49/86 108/69/86 106/70/86
f 106/70/87 108/69/87 109/40/87 107/38/87
f 91/44/88 90/47/88 106/70/88 104/71/88
f 104/71/89 106/70/89 107/38/89 105/35/89
f 78/45/90 91/44/90 104/71/90 101/72/90
f 101/72/91 104/71/91 105/35/91 100/34/91
f 74/53/92 121/73/92 153/73/92 145/53/92
f 100/34/93 76/37/93 146/37/93 150/34/93
f 88/17/94 79/16/94 102/74/94 110/68/94
f 110/68/95 102/74/95 103/19/95 111/18/95
f 83/59/96 73/75/96 98/76/96 118/60/96
f 118/60/97 98/76/97 99/11/97 119/10/97
f 78/45/98 101/72/98 151/72/98 147/45/98
f 120/42/99 78/45/99 147/45/99 152/42/99
f 72/66/100 97/67/100 149/67/100 144/66/100
f 76/37/101 125/77/101 155/77/101 146/37/101
f 85/57/102 84/13/102 142/78/102 140/79/102
f 140/79/103 142/78/103 143/14/103 141/48/103
f 86/55/104 85/57/104 140/79/104 138/80/104
f 138/80/105 140/79/105 141/48/105 139/46/105
f 87/52/106 86/55/106 138/80/106 136/81/106
f 136/81/107 138/80/107 139/46/107 137/43/107
f 74/53/108 87/52/108 136/81/108 121/73/108
f 121/73/109 136/81/109 137/43/109 120/42/109
f 93/41/110 92/21/110 134/82/110 132/83/110
f 132/83/111 134/82/111 135/22/111 133/32/111
f 94/39/112 93/41/112 132/83/112 130/84/112
f 130/84/113 132/83/113 133/32/113 131/30/113
f 95/36/114 94/39/114 130/84/114 128/85/114
f 128/85/115 130/84/115 131/30/115 129/28/115
f 76/37/116 95/36/116 128/85/116 125/77/116
f 125/77/117 128/85/117 129/28/117 124/26/117
f 96/50/118 74/53/118 145/53/118 148/50/118
f 125/77/119 124/26/119 154/26/119 155/77/119
f 92/21/120 77/20/120 126/86/120 134/82/120
f 134/82/121 126/86/121 127/23/121 135/22/121
f 84/13/122 75/12/122 122/87/122 142/78/122
f 142/78/123 122/87/123 123/15/123 143/14/123
f 149/67/124 144/66/124 156/66/124 161/67/124
f 97/67/125 96/50/125 148/50/125 149/67/125
f 121/73/126 120/42/126 152/42/126 153/73/126
f 101/72/127 100/34/127 150/34/127 151/72/127
f 153/73/128 145/53/128 157/53/128 165/73/128
f 147/45/129 151/72/129 163/72/129 159/45/129
f 152/42/130 147/45/130 159/45/130 164/42/130
f 155/77/131 146/37/131 158/37/131 167/77/131
f 153/88/132 152/89/132 164/89/132 165/88/132
f 145/53/133 148/50/133 160/50/133 157/53/133
f 144/27/134 154/26/134 166/26/134 156/27/134
f 149/90/135 148/91/135 160/91/135 161/90/135
f 154/26/136 155/77/136 167/77/136 166/26/136
f 146/37/137 150/34/137 162/34/137 158/37/137
f 151/72/138 150/34/138 162/34/138 163/72/138
f 186/37/139 185/34/139 174/34/139 170/37/139
f 189/92/140 185/34/140 174/34/140 175/72/140
f 195/67/141 194/66/141 168/66/141 173/67/141
f 182/93/142 200/94/142 171/45/142 176/42/142
f 204/73/143 203/95/143 169/53/143 177/73/143
f 204/88/144 182/89/144 176/89/144 177/88/144
f 200/94/145 189/92/145 175/72/145 171/45/145
f 194/27/146 209/26/146 178/26/146 168/27/146
f 210/77/147 186/37/147 170/37/147 179/77/147
f 209/26/148 210/77/148 179/77/148 178/26/148
f 203/95/149 215/50/149 172/50/149 169/53/149
f 195/90/150 215/91/150 172/91/150 173/90/150
f 161/90/151 160/91/151 213/91/151 197/90/151
f 197/90/152 213/91/152 214/96/152 196/90/152
f 196/90/153 214/96/153 215/91/153 195/90/153
f 157/53/154 160/50/154 213/50/154 201/53/154
f 201/53/155 213/50/155 214/50/155 202/53/155
f 202/53/156 214/50/156 215/50/156 203/95/156
f 166/26/157 167/77/157 212/97/157 207/26/157
f 207/26/158 212/97/158 211/77/158 208/98/158
f 208/98/159 211/77/159 210/77/159 209/26/159
f 167/77/160 158/37/160 188/99/160 212/97/160
f 212/97/161 188/99/161 187/100/161 211/77/161
f 211/77/162 187/100/162 186/37/162 210/77/162
f 156/27/163 166/26/163 207/26/163 192/27/163
f 192/27/164 207/26/164 208/98/164 193/27/164
f 193/27/165 208/98/165 209/26/165 194/27/165
f 159/45/166 163/72/166 191/101/166 198/94/166
f 198/94/167 191/101/167 190/72/167 199/45/167
f 199/45/168 190/72/168 189/92/168 200/94/168
f 165/88/169 164/89/169 180/89/169 206/88/169
f 206/88/170 180/89/170 181/102/170 205/88/170
f 205/88/171 181/102/171 182/89/171 204/88/171
f 165/73/172 157/53/172 201/53/172 206/73/172
f 206/73/173 201/53/173 202/53/173 205/73/173
f 205/73/174 202/53/174 203/95/174 204/73/174
f 164/42/175 159/45/175 198/94/175 180/93/175
f 180/93/176 198/94/176 199/45/176 181/93/176
f 181/93/177 199/45/177 200/94/177 182/93/177
f 161/67/178 156/66/178 192/66/178 197/67/178
f 197/67/179 192/66/179 193/66/179 196/67/179
f 196/67/180 193/66/180 194/66/180 195/67/180
f 163/72/181 162/34/181 183/34/181 191/101/181
f 191/101/182 183/34/182 184/103/182 190/72/182
f 190/72/183 184/103/183 185/34/183 189/92/183
f 158/37/184 162/34/184 183/34/184 188/99/184
f 188/99/185 183/34/185 184/103/185 187/100/185
f 187/100/186 184/103/186 185/34/186 186/37/186
f 169/53/187 172/50/187 220/50/187 217/53/187
f 178/26/188 179/77/188 227/77/188 226/26/188
f 177/73/189 169/53/189 217/53/189 225/73/189
f 176/42/190 171/45/190 219/45/190 224/42/190
f 173/90/191 172/91/191 220/91/191 221/90/191
f 171/45/192 175/72/192 223/72/192 219/45/192
f 177/88/193 176/89/193 224/89/193 225/88/193
f 170/37/194 174/34/194 222/34/194 218/37/194
f 179/77/195 170/37/195 218/37/195 227/77/195
f 168/27/196 178/26/196 226/26/196 216/27/196
f 173/67/197 168/66/197 216/66/197 221/67/197
f 175/72/198 174/34/198 222/34/198 223/72/198
f 217/53/199 220/50/199 232/50/199 229/53/199
f 226/26/200 227/77/200 239/77/200 238/26/200
f 225/73/201 217/53/201 229/53/201 237/73/201
f 224/42/202 219/45/202 231/45/202 236/42/202
f 221/90/203 220/91/203 232/91/203 233/90/203
f 219/45/204 223/72/204 235/72/204 231/45/204
f 225/88/205 224/89/205 236/89/205 237/88/205
f 218/37/206 222/34/206 234/34/206 230/37/206
f 227/77/207 218/37/207 230/37/207 239/77/207
f 216/27/208 226/26/208 238/26/208 228/27/208
f 221/67/209 216/66/209 228/66/209 233/67/209
f 223/72/210 222/34/210 234/34/210 235/72/210
f 264/50/211 267/11/211 243/12/211 242/53/211
f 248/104/212 255/105/212 247/16/212 246/45/212
f 268/34/213 271/19/213 245/20/213 244/37/213
f 291/106/214 289/107/214 241/24/214 240/27/214
f 287/108/215 268/34/215 244/37/215 259/109/215
f 295/110/216 266/111/216 241/112/216 289/113/216
f 271/19/217 273/114/217 260/115/217 245/20/217
f 273/114/218 275/116/218 261/117/218 260/115/218
f 275/116/219 277/118/219 262/119/219 261/117/219
f 277/118/220 279/120/220 263/121/220 262/119/220
f 293/122/215 281/123/215 256/124/215 291/125/215
f 281/123/221 283/126/221 257/127/221 256/124/221
f 283/126/222 285/128/222 258/129/222 257/127/222
f 285/128/223 287/108/223 259/109/223 258/129/223
f 244/37/224 245/20/224 260/130/224 259/131/224
f 259/131/225 260/130/225 261/132/225 258/133/225
f 258/133/226 261/132/226 262/134/226 257/135/226
f 257/135/227 262/134/227 263/136/227 256/137/227
f 288/138/228 290/139/228 252/140/228 251/141/228
f 251/141/229 252/140/229 253/142/229 250/143/229
f 250/143/230 253/142/230 254/144/230 249/145/230
f 249/145/231 254/144/231 255/105/231 248/104/231
f 249/146/232 248/147/232 286/148/232 284/149/232
f 284/149/233 286/148/233 287/108/233 285/128/233
f 250/150/234 249/146/234 284/149/234 282/151/234
f 282/151/235 284/149/235 285/128/235 283/126/235
f 251/152/215 250/150/215 282/151/215 280/153/215
f 280/153/236 282/151/236 283/126/236 281/123/236
f 288/154/215 251/152/215 280/153/215 292/155/215
f 292/155/215 280/153/215 281/123/215 293/122/215
f 253/156/237 252/157/237 278/158/237 276/159/237
f 276/159/238 278/158/238 279/120/238 277/118/238
f 254/160/239 253/156/239 276/159/239 274/161/239
f 274/161/240 276/159/240 277/118/240 275/116/240
f 255/162/241 254/160/241 274/161/241 272/163/241
f 272/163/242 274/161/242 275/116/242 273/114/242
f 247/16/243 255/162/243 272/163/243 270/74/243
f 270/74/244 272/163/244 273/114/244 271/19/244
f 290/164/245 243/165/245 267/166/245 294/167/245
f 294/167/246 267/166/246 266/111/246 295/110/246
f 248/147/215 246/45/215 269/168/215 286/148/215
f 286/148/215 269/168/215 268/34/215 287/108/215
f 246/45/247 247/16/247 270/74/247 269/168/247
f 269/168/248 270/74/248 271/19/248 268/34/248
f 240/66/249 241/75/249 266/76/249 265/67/249
f 265/67/250 266/76/250 267/11/250 264/50/250
f 278/158/251 294/167/251 295/110/251 279/120/251
f 252/157/252 290/164/252 294/167/252 278/158/252
f 264/91/253 292/155/253 293/122/253 265/90/253
f 242/169/254 288/154/254 292/155/254 264/91/254
f 242/53/255 243/12/255 290/139/255 288/138/255
f 265/90/256 293/122/256 291/125/256 240/170/256
f 279/120/257 295/110/257 289/113/257 263/121/257
f 256/137/258 263/136/258 289/107/258 291/106/258
f 320/50/259 323/11/259 299/12/259 298/53/259
f 304/104/260 311/105/260 303/16/260 302/45/260
f 324/34/261 327/19/261 301/20/261 300/37/261
f 347/106/262 345/107/262 297/24/262 296/27/262
f 343/108/238 324/34/238 300/37/238 315/109/238
f 351/110/263 322/111/263 297/112/263 345/113/263
f 327/19/264 329/114/264 316/115/264 301/20/264
f 329/114/265 331/116/265 317/117/265 316/115/265
f 331/116/266 333/118/266 318/119/266 317/117/266
f 333/118/267 335/120/267 319/121/267 318/119/267
f 349/122/238 337/123/238 312/124/238 347/125/238
f 337/123/268 339/126/268 313/127/268 312/124/268
f 339/126/269 341/128/269 314/129/269 313/127/269
f 341/128/270 343/108/270 315/109/270 314/129/270
f 300/37/271 301/20/271 316/130/271 315/131/271
f 315/131/272 316/130/272 317/132/272 314/133/272
f 314/133/273 317/132/273 318/134/273 313/135/273
f 313/135/274 318/134/274 319/136/274 312/137/274
f 344/138/275 346/139/275 308/140/275 307/141/275
f 307/141/276 308/140/276 309/142/276 306/143/276
f 306/143/277 309/142/277 310/144/277 305/145/277
f 305/145/278 310/144/278 311/105/278 304/104/278
f 305/146/279 304/147/279 342/148/279 340/149/279
f 340/149/280 342/148/280 343/108/280 341/128/280
f 306/150/281 305/146/281 340/149/281 338/151/281
f 338/151/282 340/149/282 341/128/282 339/126/282
f 307/152/238 306/150/238 338/151/238 336/153/238
f 336/153/283 338/151/283 339/126/283 337/123/283
f 344/154/238 307/152/238 336/153/238 348/155/238
f 348/155/238 336/153/238 337/123/238 349/122/238
f 309/156/284 308/157/284 334/158/284 332/159/284
f 332/159/215 334/158/215 335/120/215 333/118/215
f 310/160/285 309/156/285 332/159/285 330/161/285
f 330/161/286 332/159/286 333/118/286 331/116/286
f 311/162/287 310/160/287 330/161/287 328/163/287
f 328/163/288 330/161/288 331/116/288 329/114/288
f 303/16/289 311/162/289 328/163/289 326/74/289
f 326/74/290 328/163/290 329/114/290 327/19/290
f 346/164/291 299/165/291 323/166/291 350/167/291
f 350/167/292 323/166/292 322/111/292 351/110/292
f 304/147/238 302/45/238 325/168/238 342/148/238
f 342/148/238 325/168/238 324/34/238 343/108/238
f 302/45/293 303/16/293 326/74/293 325/168/293
f 325/168/294 326/74/294 327/19/294 324/34/294
f 296/66/295 297/75/295 322/76/295 321/67/295
f 321/67/296 322/76/296 323/11/296 320/50/296
f 334/158/297 350/167/297 351/110/297 335/120/297
f 308/157/298 346/164/298 350/167/298 334/158/298
f 320/91/299 348/155/299 349/122/299 321/90/299
f 298/169/300 344/154/300 348/155/300 320/91/300
f 298/53/301 299/12/301 346/139/301 344/138/301
f 321/90/302 349/122/302 347/125/302 296/170/302
f 335/120/303 351/110/303 345/113/303 319/121/303
f 312/137/304 319/136/304 345/107/304 347/106/304
f 399/10/305 379/11/305 355/12/305 364/13/305
f 423/14/306 403/15/306 359/16/306 368/17/306
f 391/18/307 383/19/307 357/20/307 372/21/307
f 415/22/308 407/23/308 353/24/308 363/25/308
f 404/26/309 352/27/309 424/27/309 434/26/309
f 404/26/310 409/28/310 360/29/310 352/27/310
f 409/28/311 411/30/311 361/31/311 360/29/311
f 411/30/312 413/32/312 362/33/312 361/31/312
f 413/32/313 415/22/313 363/25/313 362/33/313
f 380/34/314 385/35/314 375/36/314 356/37/314
f 385/35/315 387/38/315 374/39/315 375/36/315
f 387/38/316 389/40/316 373/41/316 374/39/316
f 389/40/317 391/18/317 372/21/317 373/41/317
f 400/42/318 417/43/318 371/44/318 358/45/318
f 417/43/319 419/46/319 370/47/319 371/44/319
f 419/46/320 421/48/320 369/49/320 370/47/320
f 421/48/321 423/14/321 368/17/321 369/49/321
f 376/50/322 393/51/322 367/52/322 354/53/322
f 393/51/323 395/54/323 366/55/323 367/52/323
f 395/54/324 397/56/324 365/57/324 366/55/324
f 397/56/325 399/10/325 364/13/325 365/57/325
f 362/58/326 363/59/326 398/60/326 396/61/326
f 396/61/327 398/60/327 399/10/327 397/56/327
f 361/62/328 362/58/328 396/61/328 394/63/328
f 394/63/329 396/61/329 397/56/329 395/54/329
f 360/64/330 361/62/330 394/63/330 392/65/330
f 392/65/331 394/63/331 395/54/331 393/51/331
f 352/66/332 360/64/332 392/65/332 377/67/332
f 377/67/333 392/65/333 393/51/333 376/50/333
f 369/49/334 368/17/334 390/68/334 388/69/334
f 388/69/335 390/68/335 391/18/335 389/40/335
f 370/47/336 369/49/336 388/69/336 386/70/336
f 386/70/337 388/69/337 389/40/337 387/38/337
f 371/44/338 370/47/338 386/70/338 384/71/338
f 384/71/339 386/70/339 387/38/339 385/35/339
f 358/45/340 371/44/340 384/71/340 381/72/340
f 381/72/341 384/71/341 385/35/341 380/34/341
f 354/53/342 401/73/342 433/73/342 425/53/342
f 380/34/343 356/37/343 426/37/343 430/34/343
f 368/17/344 359/16/344 382/74/344 390/68/344
f 390/68/345 382/74/345 383/19/345 391/18/345
f 363/59/346 353/75/346 378/76/346 398/60/346
f 398/60/347 378/76/347 379/11/347 399/10/347
f 358/45/348 381/72/348 431/72/348 427/45/348
f 400/42/349 358/45/349 427/45/349 432/42/349
f 352/66/350 377/67/350 429/67/350 424/66/350
f 356/37/351 405/77/351 435/77/351 426/37/351
f 365/57/352 364/13/352 422/78/352 420/79/352
f 420/79/353 422/78/353 423/14/353 421/48/353
f 366/55/354 365/57/354 420/79/354 418/80/354
f 418/80/355 420/79/355 421/48/355 419/46/355
f 367/52/356 366/55/356 418/80/356 416/81/356
f 416/81/357 418/80/357 419/46/357 417/43/357
f 354/53/358 367/52/358 416/81/358 401/73/358
f 401/73/359 416/81/359 417/43/359 400/42/359
f 373/41/360 372/21/360 414/82/360 412/83/360
f 412/83/361 414/82/361 415/22/361 413/32/361
f 374/39/362 373/41/362 412/83/362 410/84/362
f 410/84/363 412/83/363 413/32/363 411/30/363
f 375/36/364 374/39/364 410/84/364 408/85/364
f 408/85/365 410/84/365 411/30/365 409/28/365
f 356/37/366 375/36/366 408/85/366 405/77/366
f 405/77/367 408/85/367 409/28/367 404/26/367
f 376/50/368 354/53/368 425/53/368 428/50/368
f 405/77/369 404/26/369 434/26/369 435/77/369
f 372/21/370 357/20/370 406/86/370 414/82/370
f 414/82/371 406/86/371 407/23/371 415/22/371
f 364/13/372 355/12/372 402/87/372 422/78/372
f 422/78/373 402/87/373 403/15/373 423/14/373
f 429/67/374 424/66/374 436/66/374 441/67/374
f 377/67/375 376/50/375 428/50/375 429/67/375
f 401/73/376 400/42/376 432/42/376 433/73/376
f 381/72/377 380/34/377 430/34/377 431/72/377
f 433/73/378 425/53/378 437/53/378 445/73/378
f 427/45/379 431/72/379 443/72/379 439/45/379
f 432/42/380 427/45/380 439/45/380 444/42/380
f 435/77/381 426/37/381 438/37/381 447/77/381
f 433/88/382 432/89/382 444/89/382 445/88/382
f 425/53/383 428/50/383 440/50/383 437/53/383
f 424/27/384 434/26/384 446/26/384 436/27/384
f 429/90/385 428/91/385 440/91/385 441/90/385
f 434/26/386 435/77/386 447/77/386 446/26/386
f 426/37/387 430/34/387 442/34/387 438/37/387
f 431/72/388 430/34/388 442/34/388 443/72/388
f 466/37/389 465/34/389 454/34/389 450/37/389
f 469/92/390 465/34/390 454/34/390 455/72/390
f 475/67/391 474/66/391 448/66/391 453/67/391
f 462/93/392 480/94/392 451/45/392 456/42/392
f 484/73/393 483/95/393 449/53/393 457/73/393
f 484/88/394 462/89/394 456/89/394 457/88/394
f 480/94/395 469/92/395 455/72/395 451/45/395
f 474/27/396 489/26/396 458/26/396 448/27/396
f 490/77/397 466/37/397 450/37/397 459/77/397
f 489/26/398 490/77/398 459/77/398 458/26/398
f 483/95/399 495/50/399 452/50/399 449/53/399
f 475/90/400 495/91/400 452/91/400 453/90/400
f 441/90/401 440/91/401 493/91/401 477/90/401
f 477/90/402 493/91/402 494/96/402 476/90/402
f 476/90/403 494/96/403 495/91/403 475/90/403
f 437/53/404 440/50/404 493/50/404 481/53/404
f 481/53/405 493/50/405 494/50/405 482/53/405
f 482/53/406 494/50/406 495/50/406 483/95/406
f 446/26/407 447/77/407 492/97/407 487/26/407
f 487/26/408 492/97/408 491/77/408 488/98/408
f 488/98/409 491/77/409 490/77/409 489/26/409
f 447/77/410 438/37/410 468/99/410 492/97/410
f 492/97/411 468/99/411 467/100/411 491/77/411
f 491/77/412 467/100/412 466/37/412 490/77/412
f 436/27/413 446/26/413 487/26/413 472/27/413
f 472/27/414 487/26/414 488/98/414 473/27/414
f 473/27/415 488/98/415 489/26/415 474/27/415
f 439/45/416 443/72/416 471/101/416 478/94/416
f 478/94/417 471/101/417 470/72/417 479/45/417
f 479/45/418 470/72/418 469/92/418 480/94/418
f 445/88/419 444/89/419 460/89/419 486/88/419
f 486/88/420 460/89/420 461/102/420 485/88/420
f 485/88/421 461/102/421 462/89/421 484/88/421
f 445/73/422 437/53/422 481/53/422 486/73/422
f 486/73/423 481/53/423 482/53/423 485/73/423
f 485/73/424 482/53/424 483/95/424 484/73/424
f 444/42/425 439/45/425 478/94/425 460/93/425
f 460/93/426 478/94/426 479/45/426 461/93/426
f 461/93/427 479/45/427 480/94/427 462/93/427
f 441/67/428 436/66/428 472/66/428 477/67/428
f 477/67/429 472/66/429 473/66/429 476/67/429
f 476/67/430 473/66/430 474/66/430 475/67/430
f 443/72/431 442/34/431 463/34/431 471/101/431
f 471/101/432 463/34/432 464/103/432 470/72/432
f 470/72/433 464/103/433 465/34/433 469/92/433
f 438/37/434 442/34/434 463/34/434 468/99/434
f 468/99/435 463/34/435 464/103/435 467/100/435
f 467/100/436 464/103/436 465/34/436 466/37/436
f 449/53/437 452/50/437 500/50/437 497/53/437
f 458/26/438 459/77/438 507/77/438 506/26/438
f 457/73/439 449/53/439 497/53/439 505/73/439
f 456/42/440 451/45/440 499/45/440 504/42/440
f 453/90/441 452/91/441 500/91/441 501/90/441
f 451/45/442 455/72/442 503/72/442 499/45/442
f 457/88/443 456/89/443 504/89/443 505/88/443
f 450/37/444 454/34/444 502/34/444 498/37/444
f 459/77/445 450/37/445 498/37/445 507/77/445
f 448/27/446 458/26/446 506/26/446 496/27/446
f 453/67/447 448/66/447 496/66/447 501/67/447
f 455/72/448 454/34/448 502/34/448 503/72/448
f 497/53/449 500/50/449 512/50/449 509/53/449
f 506/26/450 507/77/450 519/77/450 518/26/450
f 505/73/451 497/53/451 509/53/451 517/73/451
f 504/42/452 499/45/452 511/45/452 516/42/452
f 501/90/210 500/91/210 512/91/210 513/90/210
f 499/45/453 503/72/453 515/72/453 511/45/453
f 505/88/454 504/89/454 516/89/454 517/88/454
f 498/37/455 502/34/455 514/34/455 510/37/455
f 507/77/456 498/37/456 510/37/456 519/77/456
f 496/27/457 506/26/457 518/26/457 508/27/457
f 501/67/458 496/66/458 508/66/458 513/67/458
f 503/72/203 502/34/203 514/34/203 515/72/203
f 553/171/203 545/172/203 523/12/203 531/173/203
f 531/173/459 523/12/459 527/16/459 534/174/459
f 550/175/210 547/176/210 525/20/210 537/177/210
f 537/177/460 525/20/460 521/24/460 530/178/460
f 522/53/461 526/45/461 543/45/461 541/53/461
f 547/176/462 545/179/462 521/112/462 525/20/462
f 524/37/463 539/180/463 528/181/463 520/27/463
f 539/180/464 538/182/464 529/183/464 528/181/464
f 538/182/465 537/177/465 530/178/465 529/183/465
f 546/184/210 548/185/210 539/180/210 524/37/210
f 548/185/210 549/186/210 538/182/210 539/180/210
f 549/186/210 550/175/210 537/177/210 538/182/210
f 522/53/466 533/187/466 536/188/466 526/45/466
f 533/187/467 532/189/467 535/190/467 536/188/467
f 532/189/468 531/173/468 534/174/468 535/190/468
f 544/191/203 551/192/203 533/187/203 522/53/203
f 551/192/203 552/193/203 532/189/203 533/187/203
f 552/193/203 553/171/203 531/173/203 532/189/203
f 554/194/215 555/195/215 542/37/215 540/170/215
f 544/191/203 522/53/203 541/53/203 554/191/203
f 546/184/210 524/37/210 542/37/210 555/195/210
f 524/37/469 520/27/469 540/27/469 542/37/469
f 526/45/210 546/184/210 555/195/210 543/45/210
f 520/66/203 544/191/203 554/191/203 540/66/203
f 541/169/215 543/45/215 555/195/215 554/194/215
f 529/196/203 530/197/203 553/171/203 552/193/203
f 528/198/203 529/196/203 552/193/203 551/192/203
f 520/66/203 528/198/203 551/192/203 544/191/203
f 535/190/210 534/174/210 550/175/210 549/186/210
f 536/188/210 535/190/210 549/186/210 548/185/210
f 526/45/210 536/188/210 548/185/210 546/184/210
f 527/16/470 523/165/470 545/179/470 547/176/470
f 534/174/210 527/16/210 547/176/210 550/175/210
f 530/197/203 521/75/203 545/172/203 553/171/203
f 589/171/203 581/172/203 559/12/203 567/173/203
f 567/173/459 559/12/459 563/16/459 570/174/459
f 586/175/210 583/176/210 561/20/210 573/177/210
f 573/177/460 561/20/460 557/24/460 566/178/460
f 558/53/461 562/45/461 579/45/461 577/53/461
f 583/176/462 581/179/462 557/112/462 561/20/462
f 560/37/471 575/180/471 564/181/471 556/27/471
f 575/180/464 574/182/464 565/183/464 564/181/464
f 574/182/465 573/177/465 566/178/465 565/183/465
f 582/184/210 584/185/210 575/180/210 560/37/210
f 584/185/210 585/186/210 574/182/210 575/180/210
f 585/186/210 586/175/210 573/177/210 574/182/210
f 558/53/472 569/187/472 572/188/472 562/45/472
f 569/187/467 568/189/467 571/190/467 572/188/467
f 568/189/468 567/173/468 570/174/468 571/190/468
f 580/191/203 587/192/203 569/187/203 558/53/203
f 587/192/203 588/193/203 568/189/203 569/187/203
f 588/193/203 589/171/203 567/173/203 568/189/203
f 590/194/215 591/195/215 578/37/215 576/170/215
f 580/191/203 558/53/203 577/53/203 590/191/203
f 582/184/210 560/37/210 578/37/210 591/195/210
f 560/37/469 556/27/469 576/27/469 578/37/469
f 562/45/210 582/184/210 591/195/210 579/45/210
f 556/66/203 580/191/203 590/191/203 576/66/203
f 577/169/215 579/45/215 591/195/215 590/194/215
f 565/196/203 566/197/203 589/171/203 588/193/203
f 564/198/203 565/196/203 588/193/203 587/192/203
f 556/66/203 564/198/203 587/192/203 580/191/203
f 571/190/210 570/174/210 586/175/210 585/186/210
f 572/188/210 571/190/210 585/186/210 584/185/210
f 562/45/210 572/188/210 584/185/210 582/184/210
f 563/16/470 559/165/470 581/179/470 583/176/470
f 570/174/210 563/16/210 583/176/210 586/175/210
f 566/197/203 557/75/203 581/172/203 589/171/203
f 615/199/473 611/200/473 595/12/473 601/201/473
f 609/202/474 605/203/474 599/16/474 602/204/474
f 614/205/475 613/206/475 597/20/475 603/207/475
f 608/208/469 607/209/469 593/24/469 600/183/469
f 617/210/476 612/211/476 596/37/476 606/212/476
f 616/213/477 611/214/477 593/112/477 607/215/477
f 606/216/469 608/208/469 600/183/469 592/27/469
f 612/211/478 614/205/478 603/207/478 596/37/478
f 604/217/479 609/202/479 602/204/479 598/45/479
f 610/218/480 615/199/480 601/201/480 594/53/480
f 594/53/481 601/201/481 609/202/481 604/217/481
f 596/37/469 603/207/469 608/208/469 606/216/469
f 613/206/482 616/213/482 607/215/482 597/20/482
f 610/219/483 617/210/483 606/212/483 592/170/483
f 603/207/469 597/20/469 607/209/469 608/208/469
f 601/201/484 595/12/484 605/203/484 609/202/484
f 594/169/483 604/220/483 617/210/483 610/219/483
f 599/16/485 605/221/485 616/213/485 613/206/485
f 592/66/480 600/196/480 615/199/480 610/218/480
f 598/45/478 602/204/478 614/205/478 612/211/478
f 605/221/486 595/165/486 611/214/486 616/213/486
f 604/220/476 598/45/476 612/211/476 617/210/476
f 602/204/487 599/16/487 613/206/487 614/205/487
f 600/196/488 593/75/488 611/200/488 615/199/488
f 631/222/489 627/172/489 620/12/489 624/201/489
f 635/223/490 624/201/490 641/201/490 643/223/490
f 630/224/491 629/225/491 621/20/491 613/207/491
f 616/226/492 634/227/492 618/24/492 611/183/492
f 637/228/493 628/229/493 599/37/493 605/230/493
f 636/231/494 627/179/494 618/112/494 634/232/494
f 628/229/495 630/224/495 613/207/495 599/37/495
f 632/233/496 635/234/496 625/204/496 622/45/496
f 626/191/497 631/222/497 624/201/497 619/53/497
f 595/66/498 611/196/498 631/222/498 626/191/498
f 622/45/210 625/204/210 630/224/210 628/229/210
f 633/235/499 620/165/499 627/179/499 636/231/499
f 632/236/500 622/45/500 628/229/500 637/228/500
f 625/204/501 623/16/501 629/225/501 630/224/501
f 611/196/502 618/75/502 627/172/502 631/222/502
f 619/169/503 632/237/503 637/238/503 626/194/503
f 623/16/504 633/239/504 636/240/504 629/225/504
f 619/53/505 624/201/505 635/223/505 632/241/505
f 629/225/506 636/240/506 634/242/506 621/20/506
f 626/194/507 637/238/507 605/243/507 595/170/507
f 613/207/508 621/20/508 634/244/508 616/245/508
f 624/201/509 620/12/509 640/12/509 641/201/509
f 643/234/510 638/246/510 639/16/510 642/204/510
f 641/201/511 640/12/511 638/247/511 643/223/511
f 625/204/512 635/234/512 643/234/512 642/204/512
f 633/239/513 623/16/513 639/16/513 638/239/513
f 623/16/514 625/204/514 642/204/514 639/16/514
f 620/165/515 633/235/515 638/235/515 640/165/515
f 652/196/488 645/75/488 647/12/488 653/201/488
f 653/201/516 647/12/516 669/12/516 662/201/516
f 654/204/475 651/16/475 649/20/475 655/207/475
f 660/208/469 659/209/469 645/24/469 652/183/469
f 656/220/517 650/45/517 648/37/517 658/212/517
f 657/221/518 647/165/518 645/112/518 659/215/518
f 660/208/215 652/183/215 679/183/215 680/208/215
f 656/220/519 646/169/519 663/169/519 664/220/519
f 654/204/520 650/45/520 668/45/520 667/204/520
f 651/16/521 657/221/521 659/215/521 649/20/521
f 646/169/522 656/220/522 658/212/522 644/170/522
f 655/207/469 649/20/469 659/209/469 660/208/469
f 647/165/523 657/221/523 665/221/523 669/165/523
f 667/204/478 668/45/478 675/45/478 674/204/478
f 666/16/475 667/204/475 674/204/475 673/16/475
f 668/45/517 664/220/517 671/220/517 675/45/517
f 663/53/480 662/201/480 661/201/480 670/53/480
f 650/45/524 656/220/524 664/220/524 668/45/524
f 657/221/525 651/16/525 666/16/525 665/221/525
f 651/16/526 654/204/526 667/204/526 666/16/526
f 646/53/527 653/201/527 662/201/527 663/53/527
f 677/202/461 672/203/461 673/16/461 674/204/461
f 671/217/461 677/202/461 674/204/461 675/45/461
f 670/53/461 661/201/461 677/202/461 671/217/461
f 661/201/461 676/12/461 672/203/461 677/202/461
f 664/220/522 663/169/522 670/169/522 671/220/522
f 669/165/518 665/221/518 672/221/518 676/165/518
f 662/201/488 669/12/488 676/12/488 661/201/488
f 665/221/521 666/16/521 673/16/521 672/221/521
f 658/216/528 680/208/528 679/183/528 644/27/528
f 648/37/529 678/207/529 680/208/529 658/216/529
f 655/207/215 660/208/215 680/208/215 678/207/215
f 655/207/478 678/207/478 648/37/478 650/45/478 654/204/478
f 644/27/480 679/183/480 653/201/480 646/53/480
f 698/222/530 694/172/530 684/12/530 690/201/530
f 709/223/531 690/201/531 718/201/531 722/223/531
f 697/224/532 696/225/532 686/20/532 692/207/532
f 708/226/533 706/227/533 682/24/533 689/183/533
f 713/228/534 695/229/534 685/37/534 704/230/534
f 711/231/535 694/179/535 682/112/535 706/232/535
f 703/248/536 708/226/536 689/183/536 681/27/536
f 695/229/537 697/224/537 692/207/537 685/37/537
f 699/233/538 710/234/538 691/204/538 687/45/538
f 693/191/539 698/222/539 690/201/539 683/53/539
f 681/66/540 689/196/540 698/222/540 693/191/540
f 687/45/210 691/204/210 697/224/210 695/229/210
f 701/235/541 684/165/541 694/179/541 711/231/541
f 699/236/542 687/45/542 695/229/542 713/228/542
f 691/204/543 688/16/543 696/225/543 697/224/543
f 689/196/544 682/75/544 694/172/544 698/222/544
f 683/169/545 700/237/545 714/238/545 693/194/545
f 700/237/546 699/236/546 713/228/546 714/238/546
f 688/16/547 702/239/547 712/240/547 696/225/547
f 702/239/548 701/235/548 711/231/548 712/240/548
f 683/53/549 690/201/549 709/223/549 700/241/549
f 700/241/550 709/223/550 710/234/550 699/233/550
f 685/37/551 692/207/551 707/245/551 704/249/551
f 704/249/552 707/245/552 708/226/552 703/248/552
f 696/225/553 712/240/553 705/242/553 686/20/553
f 712/240/554 711/231/554 706/232/554 705/242/554
f 693/194/555 714/238/555 703/243/555 681/170/555
f 714/238/556 713/228/556 704/230/556 703/243/556
f 692/207/557 686/20/557 705/244/557 707/245/557
f 707/245/558 705/244/558 706/227/558 708/226/558
f 690/201/559 684/12/559 717/12/559 718/201/559
f 701/235/560 702/239/560 715/239/560 721/235/560
f 720/234/561 715/246/561 716/16/561 719/204/561
f 718/201/562 717/12/562 721/247/562 722/223/562
f 722/223/563 721/247/563 715/246/563 720/234/563
f 691/204/564 710/234/564 720/234/564 719/204/564
f 702/239/565 688/16/565 716/16/565 715/239/565
f 688/16/566 691/204/566 719/204/566 716/16/566
f 684/165/567 701/235/567 721/235/567 717/165/567
f 710/234/568 709/223/568 722/223/568 720/234/568
f 731/250/569 730/195/569 725/37/569 728/212/569
f 729/194/570 731/250/570 728/212/570 723/170/570
f 724/169/569 727/220/569 731/250/569 729/194/569
f 727/220/570 726/45/570 730/195/570 731/250/570
f 747/251/571 732/252/571 739/253/571 746/254/571
f 741/255/572 734/256/572 738/257/572 745/258/572
f 740/259/573 733/260/573 737/261/573 744/262/573
f 742/263/574 735/264/574 736/265/574 743/266/574
f 743/266/575 736/265/575 732/267/575 747/268/575
f 745/258/576 738/257/576 735/264/576 742/263/576
f 744/262/577 737/261/577 734/256/577 741/255/577
f 746/254/578 739/253/578 733/260/578 740/259/578
f 762/269/579 746/254/579 740/259/579 756/270/579
f 760/271/580 744/262/580 741/255/580 757/272/580
f 761/273/581 745/258/581 742/263/581 758/274/581
f 759/275/582 743/266/582 747/268/582 763/276/582
f 758/274/583 742/263/583 743/266/583 759/275/583
f 756/270/584 740/259/584 744/262/584 760/271/584
f 757/272/585 741/255/585 745/258/585 761/273/585
f 763/277/586 747/251/586 746/254/586 762/269/586
f 732/252/587 748/278/587 755/279/587 739/253/587
f 734/256/588 750/280/588 754/281/588 738/257/588
f 733/260/589 749/282/589 753/283/589 737/261/589
f 735/264/590 751/284/590 752/285/590 736/265/590
f 736/265/591 752/285/591 748/286/591 732/267/591
f 738/257/592 754/281/592 751/284/592 735/264/592
f 737/261/593 753/283/593 750/280/593 734/256/593
f 739/253/594 755/279/594 749/282/594 733/260/594
f 845/287/595 763/277/595 762/269/595 852/288/595
f 847/289/596 757/272/596 761/273/596 851/290/596
f 846/291/597 756/270/597 760/271/597 850/292/597
f 848/293/598 758/274/598 759/275/598 849/294/598
f 849/294/599 759/275/599 763/276/599 845/295/599
f 851/290/600 761/273/600 758/274/600 848/293/600
f 850/292/601 760/271/601 757/272/601 847/289/601
f 852/288/602 762/269/602 756/270/602 846/291/602
f 750/280/603 753/283/603 769/283/603 766/280/603
f 748/286/604 752/285/604 768/285/604 764/286/604
f 753/283/605 749/282/605 765/282/605 769/283/605
f 755/279/606 748/278/606 764/278/606 771/279/606
f 749/282/607 755/279/607 771/279/607 765/282/607
f 751/284/608 754/281/608 770/281/608 767/284/608
f 752/285/609 751/284/609 767/284/609 768/285/609
f 754/281/610 750/280/610 766/280/610 770/281/610
f 780/250/569 779/195/569 774/37/569 777/212/569
f 778/194/570 780/250/570 777/212/570 772/170/570
f 773/169/570 776/220/570 780/250/570 778/194/570
f 776/220/570 775/45/570 779/195/570 780/250/570
f 796/251/571 781/252/571 788/253/571 795/254/571
f 790/255/572 783/256/572 787/257/572 794/258/572
f 789/259/573 782/260/573 786/261/573 793/262/573
f 791/263/574 784/264/574 785/265/574 792/266/574
f 792/266/575 785/265/575 781/267/575 796/268/575
f 794/258/576 787/257/576 784/264/576 791/263/576
f 793/262/577 786/261/577 783/256/577 790/255/577
f 795/254/578 788/253/578 782/260/578 789/259/578
f 811/269/579 795/254/579 789/259/579 805/270/579
f 809/271/580 793/262/580 790/255/580 806/272/580
f 810/273/581 794/258/581 791/263/581 807/274/581
f 808/275/611 792/266/611 796/268/611 812/276/611
f 807/274/583 791/263/583 792/266/583 808/275/583
f 805/270/584 789/259/584 793/262/584 809/271/584
f 806/272/585 790/255/585 794/258/585 810/273/585
f 812/277/586 796/251/586 795/254/586 811/269/586
f 781/252/612 797/278/612 804/279/612 788/253/612
f 783/256/613 799/280/613 803/281/613 787/257/613
f 782/260/614 798/282/614 802/283/614 786/261/614
f 784/264/615 800/284/615 801/285/615 785/265/615
f 785/265/616 801/285/616 797/286/616 781/267/616
f 787/257/617 803/281/617 800/284/617 784/264/617
f 786/261/618 802/283/618 799/280/618 783/256/618
f 788/253/619 804/279/619 798/282/619 782/260/619
f 837/296/620 812/277/620 811/269/620 844/297/620
f 839/298/621 806/272/621 810/273/621 843/299/621
f 838/300/622 805/270/622 809/271/622 842/301/622
f 840/302/623 807/274/623 808/275/623 841/303/623
f 841/303/624 808/275/624 812/276/624 837/304/624
f 843/299/608 810/273/608 807/274/608 840/302/608
f 842/301/625 809/271/625 806/272/625 839/298/625
f 844/297/607 811/269/607 805/270/607 838/300/607
f 799/280/626 802/283/626 818/283/626 815/280/626
f 797/286/627 801/285/627 817/285/627 813/286/627
f 802/283/628 798/282/628 814/282/628 818/283/628
f 804/279/629 797/278/629 813/278/629 820/279/629
f 798/282/630 804/279/630 820/279/630 814/282/630
f 800/284/631 803/281/631 819/281/631 816/284/631
f 801/285/632 800/284/632 816/284/632 817/285/632
f 803/281/633 799/280/633 815/280/633 819/281/633
f 729/191/602 827/305/602 821/306/602 724/53/602
f 727/217/601 825/307/601 822/308/601 726/45/601
f 730/195/600 826/309/600 823/310/600 725/37/600
f 728/216/599 824/311/599 828/312/599 723/27/599
f 725/37/598 823/310/598 824/311/598 728/216/598
f 724/53/597 821/306/597 825/307/597 727/217/597
f 726/45/596 822/308/596 826/309/596 730/195/596
f 723/66/595 828/313/595 827/305/595 729/191/595
f 778/191/607 835/297/607 829/314/607 773/53/607
f 776/217/625 833/315/625 830/298/625 775/45/625
f 779/195/608 834/316/608 831/302/608 774/37/608
f 777/216/624 832/317/624 836/318/624 772/27/624
f 774/37/634 831/302/634 832/317/634 777/216/634
f 773/53/622 829/314/622 833/315/622 776/217/622
f 775/45/621 830/298/621 834/316/621 779/195/621
f 772/66/635 836/296/635 835/297/635 778/191/635
f 835/297/636 844/297/636 838/300/636 829/314/636
f 833/315/637 842/301/637 839/298/637 830/298/637
f 834/316/638 843/299/638 840/302/638 831/302/638
f 832/317/639 841/303/639 837/304/639 836/318/639
f 831/302/640 840/302/640 841/303/640 832/317/640
f 829/314/641 838/300/641 842/301/641 833/315/641
f 830/298/642 839/298/642 843/299/642 834/316/642
f 836/296/643 837/296/643 844/297/643 835/297/643
f 827/305/644 852/288/644 846/291/644 821/306/644
f 825/307/645 850/292/645 847/289/645 822/308/645
f 826/309/646 851/290/646 848/293/646 823/310/646
f 824/311/647 849/294/647 845/295/647 828/312/647
f 823/310/648 848/293/648 849/294/648 824/311/648
f 821/306/649 846/291/649 850/292/649 825/307/649
f 822/308/650 847/289/650 851/290/650 826/309/650
f 828/313/651 845/287/651 852/288/651 827/305/651
f 861/196/652 854/75/652 856/12/652 862/201/652
f 870/202/653 866/203/653 860/16/653 863/204/653
f 863/204/654 860/16/654 858/20/654 864/207/654
f 869/208/655 868/209/655 854/24/655 861/183/655
f 865/220/656 859/45/656 857/37/656 867/212/656
f 866/221/657 856/165/657 854/112/657 868/215/657
f 867/216/658 869/208/658 861/183/658 853/27/658
f 859/45/659 863/204/659 864/207/659 857/37/659
f 865/217/660 870/202/660 863/204/660 859/45/660
f 853/66/661 861/196/661 862/201/661 855/53/661
f 855/53/662 862/201/662 870/202/662 865/217/662
f 857/37/663 864/207/663 869/208/663 867/216/663
f 860/16/664 866/221/664 868/215/664 858/20/664
f 855/169/665 865/220/665 867/212/665 853/170/665
f 864/207/666 858/20/666 868/209/666 869/208/666
f 862/201/667 856/12/667 866/203/667 870/202/667
f 880/319/668 872/75/668 874/12/668 881/320/668
f 881/320/669 874/12/669 878/16/669 883/321/669
f 883/321/670 878/16/670 876/20/670 885/322/670
f 885/322/671 876/20/671 872/24/671 880/323/671
f 873/169/215 877/45/215 875/37/215 871/170/215
f 878/16/238 874/165/238 872/112/238 876/20/238
f 875/37/672 886/324/672 879/325/672 871/27/672
f 886/324/469 885/322/469 880/323/469 879/325/469
f 877/45/673 884/326/673 886/324/673 875/37/673
f 884/326/210 883/321/210 885/322/210 886/324/210
f 873/53/674 882/327/674 884/326/674 877/45/674
f 882/327/461 881/320/461 883/321/461 884/326/461
f 871/66/675 879/328/675 882/327/675 873/53/675
f 879/328/203 880/319/203 881/320/203 882/327/203
f 896/319/668 888/75/668 890/12/668 897/320/668
f 897/320/669 890/12/669 894/16/669 899/321/669
f 899/321/670 894/16/670 892/20/670 901/322/670
f 901/322/671 892/20/671 888/24/671 896/323/671
f 889/169/215 893/45/215 891/37/215 887/170/215
f 894/16/238 890/165/238 888/112/238 892/20/238
f 891/37/672 902/324/672 895/325/672 887/27/672
f 902/324/469 901/322/469 896/323/469 895/325/469
f 893/45/673 900/326/673 902/324/673 891/37/673
f 900/326/210 899/321/210 901/322/210 902/324/210
f 889/53/674 898/327/674 900/326/674 893/45/674
f 898/327/461 897/320/461 899/321/461 900/326/461
f 887/66/675 895/328/675 898/327/675 889/53/675
f 895/328/203 896/319/203 897/320/203 898/327/203
f 912/319/668 904/75/668 906/12/668 913/320/668
f 913/320/669 906/12/669 910/16/669 915/321/669
f 915/321/670 910/16/670 908/20/670 917/322/670
f 917/322/671 908/20/671 904/24/671 912/323/671
f 905/169/215 909/45/215 907/37/215 903/170/215
f 910/16/238 906/165/238 904/112/238 908/20/238
f 907/37/672 918/324/672 911/325/672 903/27/672
f 918/324/469 917/322/469 912/323/469 911/325/469
f 909/45/673 916/326/673 918/324/673 907/37/673
f 916/326/210 915/321/210 917/322/210 918/324/210
f 905/53/674 914/327/674 916/326/674 909/45/674
f 914/327/461 913/320/461 915/321/461 916/326/461
f 903/66/675 911/328/675 914/327/675 905/53/675
f 911/328/203 912/319/203 913/320/203 914/327/203
f 928/319/668 920/75/668 922/12/668 929/320/668
f 929/320/669 922/12/669 926/16/669 931/321/669
f 931/321/670 926/16/670 924/20/670 933/322/670
f 933/322/671 924/20/671 920/24/671 928/323/671
f 921/169/215 925/45/215 923/37/215 919/170/215
f 926/16/238 922/165/238 920/112/238 924/20/238
f 923/37/672 934/324/672 927/325/672 919/27/672
f 934/324/469 933/322/469 928/323/469 927/325/469
f 925/45/673 932/326/673 934/324/673 923/37/673
f 932/326/210 931/321/210 933/322/210 934/324/210
f 921/53/674 930/327/674 932/326/674 925/45/674
f 930/327/461 929/320/461 931/321/461 932/326/461
f 919/66/675 927/328/675 930/327/675 921/53/675
f 927/328/203 928/319/203 929/320/203 930/327/203
f 958/329/676 952/19/676 940/20/676 944/207/676
f 956/330/677 949/34/677 939/37/677 941/212/677
f 954/331/678 947/111/678 938/112/678 942/215/678
f 952/19/679 954/331/679 942/215/679 940/20/679
f 946/90/680 956/330/680 941/212/680 937/170/680
f 949/34/681 958/329/681 944/207/681 939/37/681
f 937/66/682 943/196/682 959/332/682 946/67/682
f 946/67/683 959/332/683 960/333/683 945/50/683
f 950/72/684 957/334/684 958/329/684 949/34/684
f 945/91/685 955/335/685 956/330/685 946/90/685
f 951/74/686 953/336/686 954/331/686 952/19/686
f 953/336/687 948/166/687 947/111/687 954/331/687
f 955/335/688 950/72/688 949/34/688 956/330/688
f 957/334/689 951/74/689 952/19/689 958/329/689
f 943/196/690 938/75/690 947/76/690 959/332/690
f 959/332/691 947/76/691 948/11/691 960/333/691
f 938/112/692 942/215/692 966/215/692 962/112/692
f 937/66/693 943/196/693 967/196/693 961/66/693
f 944/207/694 939/37/694 963/37/694 968/207/694
f 941/212/695 937/170/695 961/170/695 965/212/695
f 940/20/696 944/207/696 968/207/696 964/20/696
f 943/196/697 938/75/697 962/75/697 967/196/697
f 939/37/698 941/212/698 965/212/698 963/37/698
f 942/215/699 940/20/699 964/20/699 966/215/699
f 965/212/700 961/170/700 972/170/700 978/212/700
f 963/37/701 965/212/701 978/212/701 976/37/701
f 967/196/702 962/75/702 973/75/702 983/196/702
f 964/20/703 968/207/703 984/207/703 977/20/703
f 966/215/704 964/20/704 977/20/704 979/215/704
f 962/112/705 966/215/705 979/215/705 973/112/705
f 968/207/706 963/37/706 976/37/706 984/207/706
f 961/66/707 967/196/707 983/196/707 972/66/707
f 948/11/708 953/336/708 969/5/708 960/333/708
f 950/72/709 955/335/709 969/5/709 957/334/709
f 945/91/708 960/333/708 969/5/708 955/335/708
f 953/336/710 951/74/710 957/334/710 969/5/710
f 999/333/711 988/11/711 973/12/711 983/201/711
f 998/329/712 992/19/712 975/20/712 985/207/712
f 996/330/713 989/34/713 974/37/713 980/212/713
f 994/331/714 987/111/714 971/112/714 981/215/714
f 992/19/715 994/331/715 981/215/715 975/20/715
f 935/90/716 996/330/716 980/212/716 970/170/716
f 989/34/717 998/329/717 985/207/717 974/37/717
f 986/50/718 999/333/718 983/201/718 972/53/718
f 970/66/719 982/196/719 936/332/719 935/67/719
f 935/67/718 936/332/718 999/333/718 986/50/718
f 976/45/720 984/204/720 997/334/720 990/72/720
f 990/72/720 997/334/720 998/329/720 989/34/720
f 972/169/721 978/220/721 995/335/721 986/91/721
f 986/91/721 995/335/721 996/330/721 935/90/721
f 977/16/722 979/221/722 993/336/722 991/74/722
f 991/74/722 993/336/722 994/331/722 992/19/722
f 979/221/723 973/165/723 988/166/723 993/336/723
f 993/336/723 988/166/723 987/111/723 994/331/723
f 978/220/724 976/45/724 990/72/724 995/335/724
f 995/335/724 990/72/724 989/34/724 996/330/724
f 984/204/725 977/16/725 991/74/725 997/334/725
f 997/334/725 991/74/725 992/19/725 998/329/725
f 982/196/726 971/75/726 987/76/726 936/332/726
f 936/332/727 987/76/727 988/11/727 999/333/727
f 1021/329/728 1015/19/728 1003/20/728 1007/207/728
f 1019/330/729 1012/34/729 1002/37/729 1004/212/729
f 1017/331/730 1010/111/730 1001/112/730 1005/215/730
f 1015/19/731 1017/331/731 1005/215/731 1003/20/731
f 1009/90/732 1019/330/732 1004/212/732 1000/170/732
f 1012/34/733 1021/329/733 1007/207/733 1002/37/733
f 1000/66/734 1006/196/734 1022/332/734 1009/67/734
f 1009/67/735 1022/332/735 1023/333/735 1008/50/735
f 1013/72/736 1020/334/736 1021/329/736 1012/34/736
f 1008/91/737 1018/335/737 1019/330/737 1009/90/737
f 1014/74/738 1016/336/738 1017/331/738 1015/19/738
f 1016/336/739 1011/166/739 1010/111/739 1017/331/739
f 1018/335/740 1013/72/740 1012/34/740 1019/330/740
f 1020/334/741 1014/74/741 1015/19/741 1021/329/741
f 1006/196/742 1001/75/742 1010/76/742 1022/332/742
f 1022/332/743 1010/76/743 1011/11/743 1023/333/743
f 1001/112/744 1005/215/744 1029/215/744 1025/112/744
f 1000/66/745 1006/196/745 1030/196/745 1024/66/745
f 1007/207/746 1002/37/746 1026/37/746 1031/207/746
f 1004/212/747 1000/170/747 1024/170/747 1028/212/747
f 1003/20/748 1007/207/748 1031/207/748 1027/20/748
f 1006/196/749 1001/75/749 1025/75/749 1030/196/749
f 1002/37/750 1004/212/750 1028/212/750 1026/37/750
f 1005/215/751 1003/20/751 1027/20/751 1029/215/751
f 1028/212/752 1024/170/752 970/170/752 980/212/752
f 1026/37/753 1028/212/753 980/212/753 974/37/753
f 1030/196/754 1025/75/754 971/75/754 982/196/754
f 1027/20/755 1031/207/755 985/207/755 975/20/755
f 1029/215/756 1027/20/756 975/20/756 981/215/756
f 1025/112/757 1029/215/757 981/215/757 971/112/757
f 1031/207/758 1026/37/758 974/37/758 985/207/758
f 1024/66/759 1030/196/759 982/196/759 970/66/759
f 1011/11/760 1016/336/760 1032/5/760 1023/333/760
f 1013/72/761 1018/335/761 1032/5/761 1020/334/761
f 1008/91/760 1023/333/760 1032/5/760 1018/335/760
f 1016/336/762 1014/74/762 1020/334/762 1032/5/762
f 1033/66/203 1034/75/203 1036/12/203 1035/53/203
f 1035/53/461 1036/12/461 1040/16/461 1039/45/461
f 1039/45/210 1040/16/210 1038/20/210 1037/37/210
f 1037/37/469 1038/20/469 1034/24/469 1033/27/469
f 1035/169/215 1039/45/215 1037/37/215 1033/170/215
f 1040/16/238 1036/165/238 1034/112/238 1038/20/238
f 1041/66/203 1042/75/203 1044/12/203 1043/53/203
f 1043/53/461 1044/12/461 1048/16/461 1047/45/461
f 1047/45/210 1048/16/210 1046/20/210 1045/37/210
f 1045/37/469 1046/20/469 1042/24/469 1041/27/469
f 1043/169/215 1047/45/215 1045/37/215 1041/170/215
f 1048/16/763 1044/165/763 1042/112/763 1046/20/763
f 1049/66/764 1050/75/764 1052/12/764 1051/53/764
f 1051/53/765 1052/12/765 1056/16/765 1055/45/765
f 1055/45/766 1056/16/766 1054/20/766 1053/37/766
f 1053/37/767 1054/20/767 1050/24/767 1049/27/767
f 1051/169/768 1055/45/768 1053/37/768 1049/170/768
f 1056/16/769 1052/165/769 1050/112/769 1054/20/769
f 1057/66/203 1058/75/203 1060/12/203 1059/53/203
f 1059/53/770 1060/12/770 1064/16/770 1063/45/770
f 1063/45/210 1064/16/210 1062/20/210 1061/37/210
f 1061/37/771 1062/20/771 1058/24/771 1057/27/771
f 1059/169/772 1063/45/772 1061/37/772 1057/170/772
f 1064/16/773 1060/165/773 1058/112/773 1062/20/773
f 1059/66/203 1060/75/203 1050/12/203 1049/53/203
f 1053/45/210 1054/16/210 1064/20/210 1063/37/210
f 1049/169/774 1053/45/774 1063/37/774 1059/170/774
f 1054/16/775 1050/165/775 1060/112/775 1064/20/775
f 1066/169/774 1069/45/774 1068/37/774 1065/170/774
f 1065/66/776 1067/75/776 1072/12/776 1066/53/776
f 1068/37/767 1070/20/767 1067/24/767 1065/27/767
f 1069/45/777 1071/16/777 1070/20/777 1068/37/777
f 1071/16/778 1072/165/778 1067/112/778 1070/20/778
f 1066/53/765 1072/12/765 1071/16/765 1069/45/765
f 1074/169/779 1077/45/779 1076/37/779 1073/170/779
f 1073/66/203 1075/75/203 1080/12/203 1074/53/203
f 1076/37/771 1078/20/771 1075/24/771 1073/27/771
f 1077/45/210 1079/16/210 1078/20/210 1076/37/210
f 1079/16/780 1080/165/780 1075/112/780 1078/20/780
f 1074/53/770 1080/12/770 1079/16/770 1077/45/770
f 1065/169/781 1068/45/781 1077/37/781 1074/170/781
f 1074/66/203 1080/75/203 1067/12/203 1065/53/203
f 1068/45/210 1070/16/210 1079/20/210 1077/37/210
f 1070/16/782 1067/165/782 1080/112/782 1079/20/782
f 1082/169/783 1085/45/783 1084/37/783 1081/170/783
f 1081/66/784 1083/75/784 1088/12/784 1082/53/784
f 1084/37/767 1086/20/767 1083/24/767 1081/27/767
f 1085/45/785 1087/16/785 1086/20/785 1084/37/785
f 1087/16/786 1088/165/786 1083/112/786 1086/20/786
f 1082/53/765 1088/12/765 1087/16/765 1085/45/765
f 1090/169/787 1093/45/787 1092/37/787 1089/170/787
f 1089/66/788 1091/75/788 1096/12/788 1090/53/788
f 1092/37/771 1094/20/771 1091/24/771 1089/27/771
f 1093/45/789 1095/16/789 1094/20/789 1092/37/789
f 1095/16/790 1096/165/790 1091/112/790 1094/20/790
f 1090/53/791 1096/12/791 1095/16/791 1093/45/791
f 1081/169/792 1084/45/792 1093/37/792 1090/170/792
f 1090/66/793 1096/75/793 1083/12/793 1081/53/793
f 1084/45/794 1086/16/794 1095/20/794 1093/37/794
f 1086/16/795 1083/165/795 1096/112/795 1095/20/795
f 1098/169/796 1101/45/796 1100/37/796 1097/170/796
f 1097/66/203 1099/75/203 1104/12/203 1098/53/203
f 1100/37/797 1102/20/797 1099/24/797 1097/27/797
f 1101/45/210 1103/16/210 1102/20/210 1100/37/210
f 1103/16/798 1104/165/798 1099/112/798 1102/20/798
f 1098/53/799 1104/12/799 1103/16/799 1101/45/799
f 1105/169/800 1106/45/800 1101/37/800 1098/170/800
f 1098/66/801 1104/75/801 1108/12/801 1105/53/801
f 1106/45/802 1107/16/802 1103/20/802 1101/37/802
f 1107/16/803 1108/165/803 1104/112/803 1103/20/803
f 1105/53/765 1108/12/765 1107/16/765 1106/45/765
f 1097/169/804 1100/45/804 1111/37/804 1109/170/804
f 1109/66/203 1110/75/203 1099/12/203 1097/53/203
f 1111/37/771 1112/20/771 1110/24/771 1109/27/771
f 1100/45/210 1102/16/210 1112/20/210 1111/37/210
f 1102/16/805 1099/165/805 1110/112/805 1112/20/805
f 1113/66/806 1114/75/806 1116/12/806 1115/53/806
f 1115/53/807 1116/12/807 1120/16/807 1119/45/807
f 1119/45/808 1120/16/808 1118/20/808 1117/37/808
f 1117/37/809 1118/20/809 1114/24/809 1113/27/809
f 1115/169/810 1119/45/810 1117/37/810 1113/170/810
f 1120/16/811 1116/165/811 1114/112/811 1118/20/811
f 1121/66/812 1122/75/812 1114/12/812 1113/53/812
f 1117/45/813 1118/16/813 1124/20/813 1123/37/813
f 1124/20/814 1122/112/814 1126/112/814 1127/20/814
f 1113/169/815 1117/45/815 1123/37/815 1121/170/815
f 1118/16/816 1114/165/816 1122/112/816 1124/20/816
f 1128/37/817 1127/20/817 1126/24/817 1125/27/817
f 1123/37/818 1124/20/818 1127/20/818 1128/37/818
f 1121/170/819 1123/37/819 1128/37/819 1125/170/819
f 1122/75/820 1121/66/820 1125/66/820 1126/75/820
f 1129/66/821 1130/75/821 1132/12/821 1131/53/821
f 1137/42/822 1140/15/822 1136/16/822 1135/45/822
f 1135/45/823 1136/16/823 1134/20/823 1133/37/823
f 1141/26/824 1144/23/824 1130/24/824 1129/27/824
f 1137/89/825 1135/45/825 1133/37/825 1142/337/825
f 1139/338/826 1132/165/826 1130/112/826 1144/339/826
f 1136/16/827 1140/340/827 1143/341/827 1134/20/827
f 1140/340/828 1139/338/828 1144/339/828 1143/341/828
f 1131/169/829 1138/88/829 1141/342/829 1129/170/829
f 1138/88/830 1137/89/830 1142/337/830 1141/342/830
f 1133/37/831 1134/20/831 1143/86/831 1142/77/831
f 1142/77/832 1143/86/832 1144/23/832 1141/26/832
f 1131/53/833 1132/12/833 1139/87/833 1138/73/833
f 1138/73/834 1139/87/834 1140/15/834 1137/42/834
f 1145/66/821 1146/75/821 1148/12/821 1147/53/821
f 1153/42/822 1156/15/822 1152/16/822 1151/45/822
f 1151/45/823 1152/16/823 1150/20/823 1149/37/823
f 1157/26/824 1160/23/824 1146/24/824 1145/27/824
f 1153/89/825 1151/45/825 1149/37/825 1158/337/825
f 1155/338/826 1148/165/826 1146/112/826 1160/339/826
f 1152/16/827 1156/340/827 1159/341/827 1150/20/827
f 1156/340/828 1155/338/828 1160/339/828 1159/341/828
f 1147/169/829 1154/88/829 1157/342/829 1145/170/829
f 1154/88/830 1153/89/830 1158/337/830 1157/342/830
f 1149/37/835 1150/20/835 1159/86/835 1158/77/835
f 1158/77/832 1159/86/832 1160/23/832 1157/26/832
f 1147/53/833 1148/12/833 1155/87/833 1154/73/833
f 1154/73/834 1155/87/834 1156/15/834 1153/42/834
f 1161/66/821 1162/75/821 1164/12/821 1163/53/821
f 1169/42/822 1172/15/822 1168/16/822 1167/45/822
f 1167/45/823 1168/16/823 1166/20/823 1165/37/823
f 1173/26/824 1176/23/824 1162/24/824 1161/27/824
f 1169/89/825 1167/45/825 1165/37/825 1174/337/825
f 1171/338/826 1164/165/826 1162/112/826 1176/339/826
f 1168/16/827 1172/340/827 1175/341/827 1166/20/827
f 1172/340/828 1171/338/828 1176/339/828 1175/341/828
f 1163/169/829 1170/88/829 1173/342/829 1161/170/829
f 1170/88/830 1169/89/830 1174/337/830 1173/342/830
f 1165/37/831 1166/20/831 1175/86/831 1174/77/831
f 1174/77/832 1175/86/832 1176/23/832 1173/26/832
f 1163/53/833 1164/12/833 1171/87/833 1170/73/833
f 1170/73/834 1171/87/834 1172/15/834 1169/42/834
f 1177/66/821 1178/75/821 1180/12/821 1179/53/821
f 1185/42/822 1188/15/822 1184/16/822 1183/45/822
f 1183/45/823 1184/16/823 1182/20/823 1181/37/823
f 1189/26/824 1192/23/824 1178/24/824 1177/27/824
f 1185/89/825 1183/45/825 1181/37/825 1190/337/825
f 1187/338/836 1180/165/836 1178/112/836 1192/339/836
f 1184/16/837 1188/340/837 1191/341/837 1182/20/837
f 1188/340/828 1187/338/828 1192/339/828 1191/341/828
f 1179/169/829 1186/88/829 1189/342/829 1177/170/829
f 1186/88/830 1185/89/830 1190/337/830 1189/342/830
f 1181/37/831 1182/20/831 1191/86/831 1190/77/831
f 1190/77/832 1191/86/832 1192/23/832 1189/26/832
f 1179/53/833 1180/12/833 1187/87/833 1186/73/833
f 1186/73/834 1187/87/834 1188/15/834 1185/42/834
f 1193/66/838 1194/75/838 1196/12/838 1195/53/838
f 1201/42/839 1204/15/839 1200/16/839 1199/45/839
f 1199/45/840 1200/16/840 1198/20/840 1197/37/840
f 1205/26/841 1208/23/841 1194/24/841 1193/27/841
f 1201/89/842 1199/45/842 1197/37/842 1206/337/842
f 1203/338/843 1196/165/843 1194/112/843 1208/339/843
f 1200/16/844 1204/340/844 1207/341/844 1198/20/844
f 1204/340/845 1203/338/845 1208/339/845 1207/341/845
f 1195/169/846 1202/88/846 1205/342/846 1193/170/846
f 1202/88/847 1201/89/847 1206/337/847 1205/342/847
f 1197/37/848 1198/20/848 1207/86/848 1206/77/848
f 1206/77/849 1207/86/849 1208/23/849 1205/26/849
f 1195/53/850 1196/12/850 1203/87/850 1202/73/850
f 1202/73/851 1203/87/851 1204/15/851 1201/42/851
f 1211/37/852 1212/20/852 1210/24/852 1209/27/852
f 1213/66/853 1214/75/853 1210/12/853 1209/53/853
f 1211/45/854 1212/16/854 1216/20/854 1215/37/854
f 1215/37/855 1216/20/855 1214/24/855 1213/27/855
f 1209/169/856 1211/45/856 1215/37/856 1213/170/856
f 1212/16/857 1210/165/857 1214/112/857 1216/20/857
f 1219/37/852 1220/20/852 1218/24/852 1217/27/852
f 1221/66/858 1222/75/858 1218/12/858 1217/53/858
f 1219/45/859 1220/16/859 1224/20/859 1223/37/859
f 1223/37/855 1224/20/855 1222/24/855 1221/27/855
f 1217/169/860 1219/45/860 1223/37/860 1221/170/860
f 1220/16/857 1218/165/857 1222/112/857 1224/20/857
f 1227/37/852 1228/20/852 1226/24/852 1225/27/852
f 1229/66/861 1230/75/861 1226/12/861 1225/53/861
f 1227/45/862 1228/16/862 1232/20/862 1231/37/862
f 1231/37/855 1232/20/855 1230/24/855 1229/27/855
f 1225/169/863 1227/45/863 1231/37/863 1229/170/863
f 1228/16/857 1226/165/857 1230/112/857 1232/20/857
f 1235/37/852 1236/20/852 1234/24/852 1233/27/852
f 1237/66/864 1238/75/864 1234/12/864 1233/53/864
f 1235/45/865 1236/16/865 1240/20/865 1239/37/865
f 1239/37/855 1240/20/855 1238/24/855 1237/27/855
f 1233/169/866 1235/45/866 1239/37/866 1237/170/866
f 1236/16/857 1234/165/857 1238/112/857 1240/20/857
f 1241/66/867 1242/75/867 1244/12/867 1243/53/867
f 1243/53/868 1244/12/868 1248/16/868 1247/45/868
f 1247/45/869 1248/16/869 1246/20/869 1245/37/869
f 1245/37/870 1246/20/870 1242/24/870 1241/27/870
f 1243/169/871 1247/45/871 1245/37/871 1241/170/871
f 1248/16/872 1244/165/872 1242/112/872 1246/20/872
f 1249/66/873 1250/75/873 1242/12/873 1241/53/873
f 1245/45/874 1246/16/874 1252/20/874 1251/37/874
f 1252/20/875 1250/112/875 1254/112/875 1255/20/875
f 1241/169/876 1245/45/876 1251/37/876 1249/170/876
f 1246/16/877 1242/165/877 1250/112/877 1252/20/877
f 1256/37/878 1255/20/878 1254/24/878 1253/27/878
f 1251/37/879 1252/20/879 1255/20/879 1256/37/879
f 1249/170/880 1251/37/880 1256/37/880 1253/170/880
f 1250/75/881 1249/66/881 1253/66/881 1254/75/881
f 1258/169/882 1261/45/882 1260/37/882 1257/170/882
f 1257/66/210 1259/75/210 1264/12/210 1258/53/210
f 1260/37/883 1262/20/883 1259/24/883 1257/27/883
f 1261/45/203 1263/16/203 1262/20/203 1260/37/203
f 1263/16/884 1264/165/884 1259/112/884 1262/20/884
f 1258/53/885 1264/12/885 1263/16/885 1261/45/885
f 1265/169/886 1266/45/886 1261/37/886 1258/170/886
f 1258/66/887 1264/75/887 1268/12/887 1265/53/887
f 1266/45/888 1267/16/888 1263/20/888 1261/37/888
f 1267/16/889 1268/165/889 1264/112/889 1263/20/889
f 1265/53/890 1268/12/890 1267/16/890 1266/45/890
f 1257/169/891 1260/45/891 1271/37/891 1269/170/891
f 1269/66/210 1270/75/210 1259/12/210 1257/53/210
f 1271/37/892 1272/20/892 1270/24/892 1269/27/892
f 1260/45/203 1262/16/203 1272/20/203 1271/37/203
f 1262/16/893 1259/165/893 1270/112/893 1272/20/893
f 1274/169/894 1277/45/894 1276/37/894 1273/170/894
f 1273/66/895 1275/75/895 1280/12/895 1274/53/895
f 1276/37/896 1278/20/896 1275/24/896 1273/27/896
f 1277/45/897 1279/16/897 1278/20/897 1276/37/897
f 1279/16/898 1280/165/898 1275/112/898 1278/20/898
f 1274/53/890 1280/12/890 1279/16/890 1277/45/890
f 1282/169/899 1285/45/899 1284/37/899 1281/170/899
f 1281/66/900 1283/75/900 1288/12/900 1282/53/900
f 1284/37/892 1286/20/892 1283/24/892 1281/27/892
f 1285/45/901 1287/16/901 1286/20/901 1284/37/901
f 1287/16/902 1288/165/902 1283/112/902 1286/20/902
f 1282/53/903 1288/12/903 1287/16/903 1285/45/903
f 1273/169/904 1276/45/904 1285/37/904 1282/170/904
f 1282/66/905 1288/75/905 1275/12/905 1273/53/905
f 1276/45/906 1278/16/906 1287/20/906 1285/37/906
f 1278/16/907 1275/165/907 1288/112/907 1287/20/907
f 1290/169/908 1293/45/908 1292/37/908 1289/170/908
f 1289/66/909 1291/75/909 1296/12/909 1290/53/909
f 1292/37/896 1294/20/896 1291/24/896 1289/27/896
f 1293/45/910 1295/16/910 1294/20/910 1292/37/910
f 1295/16/911 1296/165/911 1291/112/911 1294/20/911
f 1290/53/912 1296/12/912 1295/16/912 1293/45/912
f 1298/169/913 1301/45/913 1300/37/913 1297/170/913
f 1297/66/210 1299/75/210 1304/12/210 1298/53/210
f 1300/37/892 1302/20/892 1299/24/892 1297/27/892
f 1301/45/203 1303/16/203 1302/20/203 1300/37/203
f 1303/16/914 1304/165/914 1299/112/914 1302/20/914
f 1298/53/915 1304/12/915 1303/16/915 1301/45/915
f 1289/169/916 1292/45/916 1301/37/916 1298/170/916
f 1298/66/210 1304/75/210 1291/12/210 1289/53/210
f 1292/45/203 1294/16/203 1303/20/203 1301/37/203
f 1294/16/917 1291/165/917 1304/112/917 1303/20/917
f 1305/66/918 1306/75/918 1308/12/918 1307/53/918
f 1307/53/890 1308/12/890 1312/16/890 1311/45/890
f 1311/45/919 1312/16/919 1310/20/919 1309/37/919
f 1309/37/896 1310/20/896 1306/24/896 1305/27/896
f 1307/169/920 1311/45/920 1309/37/920 1305/170/920
f 1312/16/921 1308/165/921 1306/112/921 1310/20/921
f 1313/66/210 1314/75/210 1316/12/210 1315/53/210
f 1315/53/915 1316/12/915 1320/16/915 1319/45/915
f 1319/45/203 1320/16/203 1318/20/203 1317/37/203
f 1317/37/892 1318/20/892 1314/24/892 1313/27/892
f 1315/169/922 1319/45/922 1317/37/922 1313/170/922
f 1320/16/923 1316/165/923 1314/112/923 1318/20/923
f 1315/66/210 1316/75/210 1306/12/210 1305/53/210
f 1309/45/203 1310/16/203 1320/20/203 1319/37/203
f 1305/169/908 1309/45/908 1319/37/908 1315/170/908
f 1310/16/924 1306/165/924 1316/112/924 1320/20/924
f 1323/37/925 1324/20/925 1322/24/925 1321/27/925
f 1325/66/926 1326/75/926 1322/12/926 1321/53/926
f 1323/45/927 1324/16/927 1328/20/927 1327/37/927
f 1327/37/928 1328/20/928 1326/24/928 1325/27/928
f 1321/169/929 1323/45/929 1327/37/929 1325/170/929
f 1324/16/930 1322/165/930 1326/112/930 1328/20/930
f 1331/37/925 1332/20/925 1330/24/925 1329/27/925
f 1333/66/931 1334/75/931 1330/12/931 1329/53/931
f 1331/45/932 1332/16/932 1336/20/932 1335/37/932
f 1335/37/928 1336/20/928 1334/24/928 1333/27/928
f 1329/169/933 1331/45/933 1335/37/933 1333/170/933
f 1332/16/930 1330/165/930 1334/112/930 1336/20/930
f 1339/37/925 1340/20/925 1338/24/925 1337/27/925
f 1341/66/934 1342/75/934 1338/12/934 1337/53/934
f 1339/45/935 1340/16/935 1344/20/935 1343/37/935
f 1343/37/928 1344/20/928 1342/24/928 1341/27/928
f 1337/169/936 1339/45/936 1343/37/936 1341/170/936
f 1340/16/930 1338/165/930 1342/112/930 1344/20/930
f 1347/37/925 1348/20/925 1346/24/925 1345/27/925
f 1349/66/937 1350/75/937 1346/12/937 1345/53/937
f 1347/45/938 1348/16/938 1352/20/938 1351/37/938
f 1351/37/928 1352/20/928 1350/24/928 1349/27/928
f 1345/169/939 1347/45/939 1351/37/939 1349/170/939
f 1348/16/930 1346/165/930 1350/112/930 1352/20/930
f 1353/66/940 1354/75/940 1356/12/940 1355/53/940
f 1361/42/941 1364/15/941 1360/16/941 1359/45/941
f 1359/45/942 1360/16/942 1358/20/942 1357/37/942
f 1365/26/943 1368/23/943 1354/24/943 1353/27/943
f 1361/89/944 1359/45/944 1357/37/944 1366/337/944
f 1363/338/945 1356/165/945 1354/112/945 1368/339/945
f 1360/16/946 1364/340/946 1367/341/946 1358/20/946
f 1364/340/947 1363/338/947 1368/339/947 1367/341/947
f 1355/169/948 1362/88/948 1365/342/948 1353/170/948
f 1362/88/949 1361/89/949 1366/337/949 1365/342/949
f 1357/37/950 1358/20/950 1367/86/950 1366/77/950
f 1366/77/951 1367/86/951 1368/23/951 1365/26/951
f 1355/53/952 1356/12/952 1363/87/952 1362/73/952
f 1362/73/953 1363/87/953 1364/15/953 1361/42/953
f 1369/66/940 1370/75/940 1372/12/940 1371/53/940
f 1377/42/941 1380/15/941 1376/16/941 1375/45/941
f 1375/45/942 1376/16/942 1374/20/942 1373/37/942
f 1381/26/943 1384/23/943 1370/24/943 1369/27/943
f 1377/89/944 1375/45/944 1373/37/944 1382/337/944
f 1379/338/945 1372/165/945 1370/112/945 1384/339/945
f 1376/16/946 1380/340/946 1383/341/946 1374/20/946
f 1380/340/947 1379/338/947 1384/339/947 1383/341/947
f 1371/169/948 1378/88/948 1381/342/948 1369/170/948
f 1378/88/949 1377/89/949 1382/337/949 1381/342/949
f 1373/37/950 1374/20/950 1383/86/950 1382/77/950
f 1382/77/951 1383/86/951 1384/23/951 1381/26/951
f 1371/53/952 1372/12/952 1379/87/952 1378/73/952
f 1378/73/954 1379/87/954 1380/15/954 1377/42/954
f 1385/66/940 1386/75/940 1388/12/940 1387/53/940
f 1393/42/941 1396/15/941 1392/16/941 1391/45/941
f 1391/45/942 1392/16/942 1390/20/942 1389/37/942
f 1397/26/943 1400/23/943 1386/24/943 1385/27/943
f 1393/89/955 1391/45/955 1389/37/955 1398/337/955
f 1395/338/945 1388/165/945 1386/112/945 1400/339/945
f 1392/16/946 1396/340/946 1399/341/946 1390/20/946
f 1396/340/947 1395/338/947 1400/339/947 1399/341/947
f 1387/169/948 1394/88/948 1397/342/948 1385/170/948
f 1394/88/949 1393/89/949 1398/337/949 1397/342/949
f 1389/37/950 1390/20/950 1399/86/950 1398/77/950
f 1398/77/951 1399/86/951 1400/23/951 1397/26/951
f 1387/53/952 1388/12/952 1395/87/952 1394/73/952
f 1394/73/953 1395/87/953 1396/15/953 1393/42/953
f 1401/66/940 1402/75/940 1404/12/940 1403/53/940
f 1409/42/941 1412/15/941 1408/16/941 1407/45/941
f 1407/45/942 1408/16/942 1406/20/942 1405/37/942
f 1413/26/943 1416/23/943 1402/24/943 1401/27/943
f 1409/89/944 1407/45/944 1405/37/944 1414/337/944
f 1411/338/956 1404/165/956 1402/112/956 1416/339/956
f 1408/16/946 1412/340/946 1415/341/946 1406/20/946
f 1412/340/947 1411/338/947 1416/339/947 1415/341/947
f 1403/169/957 1410/88/957 1413/342/957 1401/170/957
f 1410/88/949 1409/89/949 1414/337/949 1413/342/949
f 1405/37/950 1406/20/950 1415/86/950 1414/77/950
f 1414/77/951 1415/86/951 1416/23/951 1413/26/951
f 1403/53/952 1404/12/952 1411/87/952 1410/73/952
f 1410/73/953 1411/87/953 1412/15/953 1409/42/953
f 1417/66/958 1418/75/958 1420/12/958 1419/53/958
f 1425/42/959 1428/15/959 1424/16/959 1423/45/959
f 1423/45/960 1424/16/960 1422/20/960 1421/37/960
f 1429/26/961 1432/23/961 1418/24/961 1417/27/961
f 1425/89/962 1423/45/962 1421/37/962 1430/337/962
f 1427/338/963 1420/165/963 1418/112/963 1432/339/963
f 1424/16/964 1428/340/964 1431/341/964 1422/20/964
f 1428/340/965 1427/338/965 1432/339/965 1431/341/965
f 1419/169/966 1426/88/966 1429/342/966 1417/170/966
f 1426/88/967 1425/89/967 1430/337/967 1429/342/967
f 1421/37/968 1422/20/968 1431/86/968 1430/77/968
f 1430/77/969 1431/86/969 1432/23/969 1429/26/969
f 1419/53/970 1420/12/970 1427/87/970 1426/73/970
f 1426/73/971 1427/87/971 1428/15/971 1425/42/971
f 1433/66/210 1434/75/210 1436/12/210 1435/53/210
f 1435/53/461 1436/12/461 1440/16/461 1439/45/461
f 1439/45/203 1440/16/203 1438/20/203 1437/37/203
f 1437/37/469 1438/20/469 1434/24/469 1433/27/469
f 1435/169/238 1439/45/238 1437/37/238 1433/170/238
f 1440/16/972 1436/165/972 1434/112/972 1438/20/972
f 1441/66/210 1442/75/210 1444/12/210 1443/53/210
f 1443/53/461 1444/12/461 1448/16/461 1447/45/461
f 1447/45/203 1448/16/203 1446/20/203 1445/37/203
f 1445/37/469 1446/20/469 1442/24/469 1441/27/469
f 1443/169/238 1447/45/238 1445/37/238 1441/170/238
f 1448/16/215 1444/165/215 1442/112/215 1446/20/215
f 1472/329/728 1466/19/728 1454/20/728 1458/207/728
f 1470/330/729 1463/34/729 1453/37/729 1455/212/729
f 1468/331/973 1461/111/973 1452/112/973 1456/215/973
f 1466/19/974 1468/331/974 1456/215/974 1454/20/974
f 1460/90/975 1470/330/975 1455/212/975 1451/170/975
f 1463/34/733 1472/329/733 1458/207/733 1453/37/733
f 1451/66/734 1457/196/734 1473/332/734 1460/67/734
f 1460/67/735 1473/332/735 1474/333/735 1459/50/735
f 1464/72/736 1471/334/736 1472/329/736 1463/34/736
f 1459/91/976 1469/335/976 1470/330/976 1460/90/976
f 1465/74/738 1467/336/738 1468/331/738 1466/19/738
f 1467/336/977 1462/166/977 1461/111/977 1468/331/977
f 1469/335/740 1464/72/740 1463/34/740 1470/330/740
f 1471/334/741 1465/74/741 1466/19/741 1472/329/741
f 1457/196/978 1452/75/978 1461/76/978 1473/332/978
f 1473/332/979 1461/76/979 1462/11/979 1474/333/979
f 1452/112/980 1456/215/980 1480/215/980 1476/112/980
f 1451/66/745 1457/196/745 1481/196/745 1475/66/745
f 1458/207/981 1453/37/981 1477/37/981 1482/207/981
f 1455/212/982 1451/170/982 1475/170/982 1479/212/982
f 1454/20/983 1458/207/983 1482/207/983 1478/20/983
f 1457/196/984 1452/75/984 1476/75/984 1481/196/984
f 1453/37/985 1455/212/985 1479/212/985 1477/37/985
f 1456/215/986 1454/20/986 1478/20/986 1480/215/986
f 1479/212/987 1475/170/987 1486/170/987 1492/212/987
f 1477/37/753 1479/212/753 1492/212/753 1490/37/753
f 1481/196/988 1476/75/988 1487/75/988 1497/196/988
f 1478/20/755 1482/207/755 1498/207/755 1491/20/755
f 1480/215/989 1478/20/989 1491/20/989 1493/215/989
f 1476/112/990 1480/215/990 1493/215/990 1487/112/990
f 1482/207/991 1477/37/991 1490/37/991 1498/207/991
f 1475/66/759 1481/196/759 1497/196/759 1486/66/759
f 1462/11/992 1467/336/992 1483/5/992 1474/333/992
f 1464/72/993 1469/335/993 1483/5/993 1471/334/993
f 1459/91/992 1474/333/992 1483/5/992 1469/335/992
f 1467/336/994 1465/74/994 1471/334/994 1483/5/994
f 1513/333/995 1502/11/995 1487/12/995 1497/201/995
f 1512/329/996 1506/19/996 1489/20/996 1499/207/996
f 1510/330/997 1503/34/997 1488/37/997 1494/212/997
f 1508/331/998 1501/111/998 1485/112/998 1495/215/998
f 1506/19/999 1508/331/999 1495/215/999 1489/20/999
f 1449/90/1000 1510/330/1000 1494/212/1000 1484/170/1000
f 1503/34/1001 1512/329/1001 1499/207/1001 1488/37/1001
f 1500/50/725 1513/333/725 1497/201/725 1486/53/725
f 1484/66/1002 1496/196/1002 1450/332/1002 1449/67/1002
f 1449/67/725 1450/332/725 1513/333/725 1500/50/725
f 1490/45/727 1498/204/727 1511/334/727 1504/72/727
f 1504/72/727 1511/334/727 1512/329/727 1503/34/727
f 1486/169/1003 1492/220/1003 1509/335/1003 1500/91/1003
f 1500/91/1003 1509/335/1003 1510/330/1003 1449/90/1003
f 1491/16/721 1493/221/721 1507/336/721 1505/74/721
f 1505/74/1004 1507/336/1004 1508/331/1004 1506/19/1004
f 1493/221/1005 1487/165/1005 1502/166/1005 1507/336/1005
f 1507/336/1005 1502/166/1005 1501/111/1005 1508/331/1005
f 1492/220/1006 1490/45/1006 1504/72/1006 1509/335/1006
f 1509/335/1006 1504/72/1006 1503/34/1006 1510/330/1006
f 1498/204/718 1491/16/718 1505/74/718 1511/334/718
f 1511/334/718 1505/74/718 1506/19/718 1512/329/718
f 1496/196/1007 1485/75/1007 1501/76/1007 1450/332/1007
f 1450/332/720 1501/76/720 1502/11/720 1513/333/720
f 1535/329/676 1529/19/676 1517/20/676 1521/207/676
f 1533/330/677 1526/34/677 1516/37/677 1518/212/677
f 1531/331/1008 1524/111/1008 1515/112/1008 1519/215/1008
f 1529/19/1009 1531/331/1009 1519/215/1009 1517/20/1009
f 1523/90/680 1533/330/680 1518/212/680 1514/170/680
f 1526/34/681 1535/329/681 1521/207/681 1516/37/681
f 1514/66/682 1520/196/682 1536/332/682 1523/67/682
f 1523/67/683 1536/332/683 1537/333/683 1522/50/683
f 1527/72/1010 1534/334/1010 1535/329/1010 1526/34/1010
f 1522/91/685 1532/335/685 1533/330/685 1523/90/685
f 1528/74/686 1530/336/686 1531/331/686 1529/19/686
f 1530/336/1011 1525/166/1011 1524/111/1011 1531/331/1011
f 1532/335/1012 1527/72/1012 1526/34/1012 1533/330/1012
f 1534/334/689 1528/74/689 1529/19/689 1535/329/689
f 1520/196/1013 1515/75/1013 1524/76/1013 1536/332/1013
f 1536/332/691 1524/76/691 1525/11/691 1537/333/691
f 1515/112/1014 1519/215/1014 1543/215/1014 1539/112/1014
f 1514/66/693 1520/196/693 1544/196/693 1538/66/693
f 1521/207/694 1516/37/694 1540/37/694 1545/207/694
f 1518/212/1015 1514/170/1015 1538/170/1015 1542/212/1015
f 1517/20/696 1521/207/696 1545/207/696 1541/20/696
f 1520/196/697 1515/75/697 1539/75/697 1544/196/697
f 1516/37/698 1518/212/698 1542/212/698 1540/37/698
f 1519/215/1016 1517/20/1016 1541/20/1016 1543/215/1016
f 1542/212/700 1538/170/700 1484/170/700 1494/212/700
f 1540/37/701 1542/212/701 1494/212/701 1488/37/701
f 1544/196/1017 1539/75/1017 1485/75/1017 1496/196/1017
f 1541/20/703 1545/207/703 1499/207/703 1489/20/703
f 1543/215/1018 1541/20/1018 1489/20/1018 1495/215/1018
f 1539/112/1019 1543/215/1019 1495/215/1019 1485/112/1019
f 1545/207/1020 1540/37/1020 1488/37/1020 1499/207/1020
f 1538/66/707 1544/196/707 1496/196/707 1484/66/707
f 1525/11/710 1530/336/710 1546/5/710 1537/333/710
f 1527/72/1021 1532/335/1021 1546/5/1021 1534/334/1021
f 1522/91/709 1537/333/709 1546/5/709 1532/335/709
f 1530/336/709 1528/74/709 1534/334/709 1546/5/709
f 1556/319/673 1548/75/673 1550/12/673 1557/320/673
f 1557/320/674 1550/12/674 1554/16/674 1559/321/674
f 1559/321/675 1554/16/675 1552/20/675 1561/322/675
f 1561/322/672 1552/20/672 1548/24/672 1556/323/672
f 1549/169/238 1553/45/238 1551/37/238 1547/170/238
f 1554/16/215 1550/165/215 1548/112/215 1552/20/215
f 1551/37/671 1562/324/671 1555/325/671 1547/27/671
f 1562/324/469 1561/322/469 1556/323/469 1555/325/469
f 1553/45/668 1560/326/668 1562/324/668 1551/37/668
f 1560/326/203 1559/321/203 1561/322/203 1562/324/203
f 1549/53/669 1558/327/669 1560/326/669 1553/45/669
f 1558/327/461 1557/320/461 1559/321/461 1560/326/461
f 1547/66/670 1555/328/670 1558/327/670 1549/53/670
f 1555/328/210 1556/319/210 1557/320/210 1558/327/210
f 1572/319/673 1564/75/673 1566/12/673 1573/320/673
f 1573/320/674 1566/12/674 1570/16/674 1575/321/674
f 1575/321/675 1570/16/675 1568/20/675 1577/322/675
f 1577/322/672 1568/20/672 1564/24/672 1572/323/672
f 1565/169/238 1569/45/238 1567/37/238 1563/170/238
f 1570/16/215 1566/165/215 1564/112/215 1568/20/215
f 1567/37/671 1578/324/671 1571/325/671 1563/27/671
f 1578/324/469 1577/322/469 1572/323/469 1571/325/469
f 1569/45/668 1576/326/668 1578/324/668 1567/37/668
f 1576/326/203 1575/321/203 1577/322/203 1578/324/203
f 1565/53/669 1574/327/669 1576/326/669 1569/45/669
f 1574/327/461 1573/320/461 1575/321/461 1576/326/461
f 1563/66/670 1571/328/670 1574/327/670 1565/53/670
f 1571/328/210 1572/319/210 1573/320/210 1574/327/210
f 1588/319/673 1580/75/673 1582/12/673 1589/320/673
f 1589/320/674 1582/12/674 1586/16/674 1591/321/674
f 1591/321/675 1586/16/675 1584/20/675 1593/322/675
f 1593/322/672 1584/20/672 1580/24/672 1588/323/672
f 1581/169/238 1585/45/238 1583/37/238 1579/170/238
f 1586/16/215 1582/165/215 1580/112/215 1584/20/215
f 1583/37/671 1594/324/671 1587/325/671 1579/27/671
f 1594/324/469 1593/322/469 1588/323/469 1587/325/469
f 1585/45/668 1592/326/668 1594/324/668 1583/37/668
f 1592/326/203 1591/321/203 1593/322/203 1594/324/203
f 1581/53/669 1590/327/669 1592/326/669 1585/45/669
f 1590/327/461 1589/320/461 1591/321/461 1592/326/461
f 1579/66/670 1587/328/670 1590/327/670 1581/53/670
f 1587/328/210 1588/319/210 1589/320/210 1590/327/210
f 1604/319/673 1596/75/673 1598/12/673 1605/320/673
f 1605/320/674 1598/12/674 1602/16/674 1607/321/674
f 1607/321/675 1602/16/675 1600/20/675 1609/322/675
f 1609/322/672 1600/20/672 1596/24/672 1604/323/672
f 1597/169/238 1601/45/238 1599/37/238 1595/170/238
f 1602/16/215 1598/165/215 1596/112/215 1600/20/215
f 1599/37/671 1610/324/671 1603/325/671 1595/27/671
f 1610/324/469 1609/322/469 1604/323/469 1603/325/469
f 1601/45/668 1608/326/668 1610/324/668 1599/37/668
f 1608/326/203 1607/321/203 1609/322/203 1610/324/203
f 1597/53/669 1606/327/669 1608/326/669 1601/45/669
f 1606/327/461 1605/320/461 1607/321/461 1608/326/461
f 1595/66/670 1603/328/670 1606/327/670 1597/53/670
f 1603/328/210 1604/319/210 1605/320/210 1606/327/210
f 1619/196/659 1612/75/659 1614/12/659 1620/201/659
f 1628/202/662 1624/203/662 1618/16/662 1621/204/662
f 1621/204/661 1618/16/661 1616/20/661 1622/207/661
f 1627/208/663 1626/209/663 1612/24/663 1619/183/663
f 1623/220/657 1617/45/657 1615/37/657 1625/212/657
f 1624/221/656 1614/165/656 1612/112/656 1626/215/656
f 1625/216/666 1627/208/666 1619/183/666 1611/27/666
f 1617/45/652 1621/204/652 1622/207/652 1615/37/652
f 1623/217/667 1628/202/667 1621/204/667 1617/45/667
f 1611/66/654 1619/196/654 1620/201/654 1613/53/654
f 1613/53/653 1620/201/653 1628/202/653 1623/217/653
f 1615/37/655 1622/207/655 1627/208/655 1625/216/655
f 1618/16/665 1624/221/665 1626/215/665 1616/20/665
f 1613/169/664 1623/220/664 1625/212/664 1611/170/664
f 1622/207/658 1616/20/658 1626/209/658 1627/208/658
f 1620/201/660 1614/12/660 1624/203/660 1628/202/660
f 1646/222/1022 1642/172/1022 1632/12/1022 1638/201/1022
f 1657/223/1023 1638/201/1023 1666/201/1023 1670/223/1023
f 1645/224/1024 1644/225/1024 1634/20/1024 1640/207/1024
f 1656/226/1025 1654/227/1025 1630/24/1025 1637/183/1025
f 1661/228/1026 1643/229/1026 1633/37/1026 1652/230/1026
f 1659/231/1027 1642/179/1027 1630/112/1027 1654/232/1027
f 1651/248/1028 1656/226/1028 1637/183/1028 1629/27/1028
f 1643/229/1029 1645/224/1029 1640/207/1029 1633/37/1029
f 1647/233/1030 1658/234/1030 1639/204/1030 1635/45/1030
f 1641/191/1031 1646/222/1031 1638/201/1031 1631/53/1031
f 1629/66/1032 1637/196/1032 1646/222/1032 1641/191/1032
f 1635/45/203 1639/204/203 1645/224/203 1643/229/203
f 1649/235/1033 1632/165/1033 1642/179/1033 1659/231/1033
f 1647/236/1034 1635/45/1034 1643/229/1034 1661/228/1034
f 1639/204/1035 1636/16/1035 1644/225/1035 1645/224/1035
f 1637/196/1036 1630/75/1036 1642/172/1036 1646/222/1036
f 1631/169/1037 1648/237/1037 1662/238/1037 1641/194/1037
f 1648/237/1038 1647/236/1038 1661/228/1038 1662/238/1038
f 1636/16/1039 1650/239/1039 1660/240/1039 1644/225/1039
f 1650/239/1040 1649/235/1040 1659/231/1040 1660/240/1040
f 1631/53/1041 1638/201/1041 1657/223/1041 1648/241/1041
f 1648/241/1042 1657/223/1042 1658/234/1042 1647/233/1042
f 1633/37/1043 1640/207/1043 1655/245/1043 1652/249/1043
f 1652/249/1044 1655/245/1044 1656/226/1044 1651/248/1044
f 1644/225/1045 1660/240/1045 1653/242/1045 1634/20/1045
f 1660/240/1046 1659/231/1046 1654/232/1046 1653/242/1046
f 1641/194/1047 1662/238/1047 1651/243/1047 1629/170/1047
f 1662/238/1048 1661/228/1048 1652/230/1048 1651/243/1048
f 1640/207/1049 1634/20/1049 1653/244/1049 1655/245/1049
f 1655/245/1050 1653/244/1050 1654/227/1050 1656/226/1050
f 1638/201/1051 1632/12/1051 1665/12/1051 1666/201/1051
f 1649/235/1052 1650/239/1052 1663/239/1052 1669/235/1052
f 1668/234/1053 1663/246/1053 1664/16/1053 1667/204/1053
f 1666/201/1054 1665/12/1054 1669/247/1054 1670/223/1054
f 1670/223/1055 1669/247/1055 1663/246/1055 1668/234/1055
f 1639/204/1056 1658/234/1056 1668/234/1056 1667/204/1056
f 1650/239/1057 1636/16/1057 1664/16/1057 1663/239/1057
f 1636/16/1058 1639/204/1058 1667/204/1058 1664/16/1058
f 1632/165/1059 1649/235/1059 1669/235/1059 1665/165/1059
f 1658/234/1060 1657/223/1060 1670/223/1060 1668/234/1060
f 1679/196/478 1672/75/478 1674/12/478 1680/201/478
f 1680/201/520 1674/12/520 1696/12/520 1689/201/520
f 1681/204/480 1678/16/480 1676/20/480 1682/207/480
f 1687/208/469 1686/209/469 1672/24/469 1679/183/469
f 1683/220/518 1677/45/518 1675/37/518 1685/212/518
f 1684/221/517 1674/165/517 1672/112/517 1686/215/517
f 1687/208/238 1679/183/238 1706/183/238 1707/208/238
f 1683/220/525 1673/169/525 1690/169/525 1691/220/525
f 1681/204/516 1677/45/516 1695/45/516 1694/204/516
f 1678/16/522 1684/221/522 1686/215/522 1676/20/522
f 1673/169/521 1683/220/521 1685/212/521 1671/170/521
f 1682/207/469 1676/20/469 1686/209/469 1687/208/469
f 1674/165/524 1684/221/524 1692/221/524 1696/165/524
f 1694/204/488 1695/45/488 1702/45/488 1701/204/488
f 1693/16/480 1694/204/480 1701/204/480 1700/16/480
f 1695/45/518 1691/220/518 1698/220/518 1702/45/518
f 1690/53/475 1689/201/475 1688/201/475 1697/53/475
f 1677/45/523 1683/220/523 1691/220/523 1695/45/523
f 1684/221/519 1678/16/519 1693/16/519 1692/221/519
f 1678/16/527 1681/204/527 1694/204/527 1693/16/527
f 1673/53/526 1680/201/526 1689/201/526 1690/53/526
f 1704/202/461 1699/203/461 1700/16/461 1701/204/461
f 1698/217/461 1704/202/461 1701/204/461 1702/45/461
f 1697/53/461 1688/201/461 1704/202/461 1698/217/461
f 1688/201/461 1703/12/461 1699/203/461 1704/202/461
f 1691/220/521 1690/169/521 1697/169/521 1698/220/521
f 1696/165/517 1692/221/517 1699/221/517 1703/165/517
f 1689/201/478 1696/12/478 1703/12/478 1688/201/478
f 1692/221/522 1693/16/522 1700/16/522 1699/221/522
f 1685/216/1061 1707/208/1061 1706/183/1061 1671/27/1061
f 1675/37/1062 1705/207/1062 1707/208/1062 1685/216/1062
f 1682/207/238 1687/208/238 1707/208/238 1705/207/238
f 1682/207/488 1705/207/488 1675/37/488 1677/45/488 1681/204/488
f 1671/27/475 1706/183/475 1680/201/475 1673/53/475
f 1731/199/1063 1727/200/1063 1711/12/1063 1717/201/1063
f 1725/202/1064 1721/203/1064 1715/16/1064 1718/204/1064
f 1730/205/480 1729/206/480 1713/20/480 1719/207/480
f 1724/208/469 1723/209/469 1709/24/469 1716/183/469
f 1733/210/1065 1728/211/1065 1712/37/1065 1722/212/1065
f 1732/213/1066 1727/214/1066 1709/112/1066 1723/215/1066
f 1722/216/469 1724/208/469 1716/183/469 1708/27/469
f 1728/211/488 1730/205/488 1719/207/488 1712/37/488
f 1720/217/1067 1725/202/1067 1718/204/1067 1714/45/1067
f 1726/218/475 1731/199/475 1717/201/475 1710/53/475
f 1710/53/1068 1717/201/1068 1725/202/1068 1720/217/1068
f 1712/37/469 1719/207/469 1724/208/469 1722/216/469
f 1729/206/1069 1732/213/1069 1723/215/1069 1713/20/1069
f 1726/219/1070 1733/210/1070 1722/212/1070 1708/170/1070
f 1719/207/469 1713/20/469 1723/209/469 1724/208/469
f 1717/201/1071 1711/12/1071 1721/203/1071 1725/202/1071
f 1710/169/1070 1720/220/1070 1733/210/1070 1726/219/1070
f 1715/16/1072 1721/221/1072 1732/213/1072 1729/206/1072
f 1708/66/475 1716/196/475 1731/199/475 1726/218/475
f 1714/45/488 1718/204/488 1730/205/488 1728/211/488
f 1721/221/1073 1711/165/1073 1727/214/1073 1732/213/1073
f 1720/220/1065 1714/45/1065 1728/211/1065 1733/210/1065
f 1718/204/1074 1715/16/1074 1729/206/1074 1730/205/1074
f 1716/196/478 1709/75/478 1727/200/478 1731/199/478
f 1747/222/1075 1743/172/1075 1736/12/1075 1740/201/1075
f 1751/223/1076 1740/201/1076 1757/201/1076 1759/223/1076
f 1746/224/1077 1745/225/1077 1737/20/1077 1729/207/1077
f 1732/226/1078 1750/227/1078 1734/24/1078 1727/183/1078
f 1753/228/1079 1744/229/1079 1715/37/1079 1721/230/1079
f 1752/231/1080 1743/179/1080 1734/112/1080 1750/232/1080
f 1744/229/1081 1746/224/1081 1729/207/1081 1715/37/1081
f 1748/233/1082 1751/234/1082 1741/204/1082 1738/45/1082
f 1742/191/1083 1747/222/1083 1740/201/1083 1735/53/1083
f 1711/66/1084 1727/196/1084 1747/222/1084 1742/191/1084
f 1738/45/203 1741/204/203 1746/224/203 1744/229/203
f 1749/235/1085 1736/165/1085 1743/179/1085 1752/231/1085
f 1748/236/1086 1738/45/1086 1744/229/1086 1753/228/1086
f 1741/204/1087 1739/16/1087 1745/225/1087 1746/224/1087
f 1727/196/1088 1734/75/1088 1743/172/1088 1747/222/1088
f 1735/169/1089 1748/237/1089 1753/238/1089 1742/194/1089
f 1739/16/1090 1749/239/1090 1752/240/1090 1745/225/1090
f 1735/53/1091 1740/201/1091 1751/223/1091 1748/241/1091
f 1745/225/1092 1752/240/1092 1750/242/1092 1737/20/1092
f 1742/194/1093 1753/238/1093 1721/243/1093 1711/170/1093
f 1729/207/1094 1737/20/1094 1750/244/1094 1732/245/1094
f 1740/201/1095 1736/12/1095 1756/12/1095 1757/201/1095
f 1759/234/1096 1754/246/1096 1755/16/1096 1758/204/1096
f 1757/201/1097 1756/12/1097 1754/247/1097 1759/223/1097
f 1741/204/1098 1751/234/1098 1759/234/1098 1758/204/1098
f 1749/239/1099 1739/16/1099 1755/16/1099 1754/239/1099
f 1739/16/1100 1741/204/1100 1758/204/1100 1755/16/1100
f 1736/165/1101 1749/235/1101 1754/235/1101 1756/165/1101
f 1768/250/1102 1767/195/1102 1762/37/1102 1765/212/1102
f 1766/194/1103 1768/250/1103 1765/212/1103 1760/170/1103
f 1761/169/1102 1764/220/1102 1768/250/1102 1766/194/1102
f 1764/220/1103 1763/45/1103 1767/195/1103 1768/250/1103
f 1784/251/1104 1769/252/1104 1776/253/1104 1783/254/1104
f 1778/255/1105 1771/256/1105 1775/257/1105 1782/258/1105
f 1777/259/1106 1770/260/1106 1774/261/1106 1781/262/1106
f 1779/263/1107 1772/264/1107 1773/265/1107 1780/266/1107
f 1780/266/1108 1773/265/1108 1769/267/1108 1784/268/1108
f 1782/258/1109 1775/257/1109 1772/264/1109 1779/263/1109
f 1781/262/1110 1774/261/1110 1771/256/1110 1778/255/1110
f 1783/254/1111 1776/253/1111 1770/260/1111 1777/259/1111
f 1799/269/1112 1783/254/1112 1777/259/1112 1793/270/1112
f 1797/271/1113 1781/262/1113 1778/255/1113 1794/272/1113
f 1798/273/1114 1782/258/1114 1779/263/1114 1795/274/1114
f 1796/275/1115 1780/266/1115 1784/268/1115 1800/276/1115
f 1795/274/1116 1779/263/1116 1780/266/1116 1796/275/1116
f 1793/270/1117 1777/259/1117 1781/262/1117 1797/271/1117
f 1794/272/1118 1778/255/1118 1782/258/1118 1798/273/1118
f 1800/277/1119 1784/251/1119 1783/254/1119 1799/269/1119
f 1769/252/1120 1785/278/1120 1792/279/1120 1776/253/1120
f 1771/256/1121 1787/280/1121 1791/281/1121 1775/257/1121
f 1770/260/1122 1786/282/1122 1790/283/1122 1774/261/1122
f 1772/264/1123 1788/284/1123 1789/285/1123 1773/265/1123
f 1773/265/1124 1789/285/1124 1785/286/1124 1769/267/1124
f 1775/257/1125 1791/281/1125 1788/284/1125 1772/264/1125
f 1774/261/1126 1790/283/1126 1787/280/1126 1771/256/1126
f 1776/253/1127 1792/279/1127 1786/282/1127 1770/260/1127
f 1882/287/1128 1800/277/1128 1799/269/1128 1889/288/1128
f 1884/289/1129 1794/272/1129 1798/273/1129 1888/290/1129
f 1883/291/1130 1793/270/1130 1797/271/1130 1887/292/1130
f 1885/293/1131 1795/274/1131 1796/275/1131 1886/294/1131
f 1886/294/1132 1796/275/1132 1800/276/1132 1882/295/1132
f 1888/290/1133 1798/273/1133 1795/274/1133 1885/293/1133
f 1887/292/1134 1797/271/1134 1794/272/1134 1884/289/1134
f 1889/288/1135 1799/269/1135 1793/270/1135 1883/291/1135
f 1787/280/604 1790/283/604 1806/283/604 1803/280/604
f 1785/286/603 1789/285/603 1805/285/603 1801/286/603
f 1790/283/609 1786/282/609 1802/282/609 1806/283/609
f 1792/279/1136 1785/278/1136 1801/278/1136 1808/279/1136
f 1786/282/608 1792/279/608 1808/279/608 1802/282/608
f 1788/284/607 1791/281/607 1807/281/607 1804/284/607
f 1789/285/605 1788/284/605 1804/284/605 1805/285/605
f 1791/281/1137 1787/280/1137 1803/280/1137 1807/281/1137
f 1817/250/1102 1816/195/1102 1811/37/1102 1814/212/1102
f 1815/194/1103 1817/250/1103 1814/212/1103 1809/170/1103
f 1810/169/1103 1813/220/1103 1817/250/1103 1815/194/1103
f 1813/220/1103 1812/45/1103 1816/195/1103 1817/250/1103
f 1833/251/1104 1818/252/1104 1825/253/1104 1832/254/1104
f 1827/255/1105 1820/256/1105 1824/257/1105 1831/258/1105
f 1826/259/1106 1819/260/1106 1823/261/1106 1830/262/1106
f 1828/263/1107 1821/264/1107 1822/265/1107 1829/266/1107
f 1829/266/1108 1822/265/1108 1818/267/1108 1833/268/1108
f 1831/258/1109 1824/257/1109 1821/264/1109 1828/263/1109
f 1830/262/1110 1823/261/1110 1820/256/1110 1827/255/1110
f 1832/254/1111 1825/253/1111 1819/260/1111 1826/259/1111
f 1848/269/1112 1832/254/1112 1826/259/1112 1842/270/1112
f 1846/271/1113 1830/262/1113 1827/255/1113 1843/272/1113
f 1847/273/1114 1831/258/1114 1828/263/1114 1844/274/1114
f 1845/275/1115 1829/266/1115 1833/268/1115 1849/276/1115
f 1844/274/1116 1828/263/1116 1829/266/1116 1845/275/1116
f 1842/270/1117 1826/259/1117 1830/262/1117 1846/271/1117
f 1843/272/1118 1827/255/1118 1831/258/1118 1847/273/1118
f 1849/277/1119 1833/251/1119 1832/254/1119 1848/269/1119
f 1818/252/1138 1834/278/1138 1841/279/1138 1825/253/1138
f 1820/256/1139 1836/280/1139 1840/281/1139 1824/257/1139
f 1819/260/1140 1835/282/1140 1839/283/1140 1823/261/1140
f 1821/264/1141 1837/284/1141 1838/285/1141 1822/265/1141
f 1822/265/1142 1838/285/1142 1834/286/1142 1818/267/1142
f 1824/257/1143 1840/281/1143 1837/284/1143 1821/264/1143
f 1823/261/1144 1839/283/1144 1836/280/1144 1820/256/1144
f 1825/253/1145 1841/279/1145 1835/282/1145 1819/260/1145
f 1874/296/1146 1849/277/1146 1848/269/1146 1881/297/1146
f 1876/298/1147 1843/272/1147 1847/273/1147 1880/299/1147
f 1875/300/1148 1842/270/1148 1846/271/1148 1879/301/1148
f 1877/302/1149 1844/274/1149 1845/275/1149 1878/303/1149
f 1878/303/1150 1845/275/1150 1849/276/1150 1874/304/1150
f 1880/299/607 1847/273/607 1844/274/607 1877/302/607
f 1879/301/1151 1846/271/1151 1843/272/1151 1876/298/1151
f 1881/297/608 1848/269/608 1842/270/608 1875/300/608
f 1836/280/1152 1839/283/1152 1855/283/1152 1852/280/1152
f 1834/286/1153 1838/285/1153 1854/285/1153 1850/286/1153
f 1839/283/1154 1835/282/1154 1851/282/1154 1855/283/1154
f 1841/279/1155 1834/278/1155 1850/278/1155 1857/279/1155
f 1835/282/1156 1841/279/1156 1857/279/1156 1851/282/1156
f 1837/284/1157 1840/281/1157 1856/281/1157 1853/284/1157
f 1838/285/1158 1837/284/1158 1853/284/1158 1854/285/1158
f 1840/281/1159 1836/280/1159 1852/280/1159 1856/281/1159
f 1766/191/1135 1864/305/1135 1858/306/1135 1761/53/1135
f 1764/217/1134 1862/307/1134 1859/308/1134 1763/45/1134
f 1767/195/1133 1863/309/1133 1860/310/1133 1762/37/1133
f 1765/216/1132 1861/311/1132 1865/312/1132 1760/27/1132
f 1762/37/1131 1860/310/1131 1861/311/1131 1765/216/1131
f 1761/53/1130 1858/306/1130 1862/307/1130 1764/217/1130
f 1763/45/1129 1859/308/1129 1863/309/1129 1767/195/1129
f 1760/66/1128 1865/313/1128 1864/305/1128 1766/191/1128
f 1815/191/608 1872/297/608 1866/314/608 1810/53/608
f 1813/217/1151 1870/315/1151 1867/298/1151 1812/45/1151
f 1816/195/607 1871/316/607 1868/302/607 1811/37/607
f 1814/216/1150 1869/317/1150 1873/318/1150 1809/27/1150
f 1811/37/1149 1868/302/1149 1869/317/1149 1814/216/1149
f 1810/53/1148 1866/314/1148 1870/315/1148 1813/217/1148
f 1812/45/1147 1867/298/1147 1871/316/1147 1816/195/1147
f 1809/66/1146 1873/296/1146 1872/297/1146 1815/191/1146
f 1872/297/1160 1881/297/1160 1875/300/1160 1866/314/1160
f 1870/315/1161 1879/301/1161 1876/298/1161 1867/298/1161
f 1871/316/1162 1880/299/1162 1877/302/1162 1868/302/1162
f 1869/317/1163 1878/303/1163 1874/304/1163 1873/318/1163
f 1868/302/1164 1877/302/1164 1878/303/1164 1869/317/1164
f 1866/314/1165 1875/300/1165 1879/301/1165 1870/315/1165
f 1867/298/1166 1876/298/1166 1880/299/1166 1871/316/1166
f 1873/296/1167 1874/296/1167 1881/297/1167 1872/297/1167
f 1864/305/1168 1889/288/1168 1883/291/1168 1858/306/1168
f 1862/307/1169 1887/292/1169 1884/289/1169 1859/308/1169
f 1863/309/1170 1888/290/1170 1885/293/1170 1860/310/1170
f 1861/311/1171 1886/294/1171 1882/295/1171 1865/312/1171
f 1860/310/1172 1885/293/1172 1886/294/1172 1861/311/1172
f 1858/306/1173 1883/291/1173 1887/292/1173 1862/307/1173
f 1859/308/1174 1884/289/1174 1888/290/1174 1863/309/1174
f 1865/313/1175 1882/287/1175 1889/288/1175 1864/305/1175
f 1902/196/1176 1891/75/1176 1893/12/1176 1903/201/1176
f 1907/202/461 1899/203/461 1897/16/461 1904/204/461
f 1904/204/1177 1897/16/1177 1895/20/1177 1905/207/1177
f 1906/208/469 1901/209/469 1891/24/469 1902/183/469
f 1898/220/1178 1896/45/1178 1894/37/1178 1900/212/1178
f 1899/221/1179 1893/165/1179 1891/112/1179 1901/215/1179
f 1897/16/1180 1899/221/1180 1901/215/1180 1895/20/1180
f 1892/169/1181 1898/220/1181 1900/212/1181 1890/170/1181
f 1905/207/469 1895/20/469 1901/209/469 1906/208/469
f 1903/201/461 1893/12/461 1899/203/461 1907/202/461
f 1892/53/461 1903/201/461 1907/202/461 1898/217/461
f 1894/37/469 1905/207/469 1906/208/469 1900/216/469
f 1900/216/469 1906/208/469 1902/183/469 1890/27/469
f 1896/45/1182 1904/204/1182 1905/207/1182 1894/37/1182
f 1898/217/461 1907/202/461 1904/204/461 1896/45/461
f 1890/66/1183 1902/196/1183 1903/201/1183 1892/53/1183
f 1948/279/1184 1921/343/1184 1911/12/1184 1942/282/1184
f 1946/283/1185 1917/203/1185 1915/16/1185 1943/280/1185
f 1947/281/1186 1923/225/1186 1913/20/1186 1944/284/1186
f 1945/285/1187 1919/209/1187 1909/24/1187 1941/286/1187
f 1924/250/1188 1922/195/1188 1912/37/1188 1918/212/1188
f 1920/194/1188 1924/250/1188 1918/212/1188 1908/170/1188
f 1944/284/1189 1913/20/1189 1919/209/1189 1945/285/1189
f 1942/282/1190 1911/12/1190 1917/203/1190 1946/283/1190
f 1910/169/1191 1916/220/1191 1924/250/1191 1920/194/1191
f 1916/220/1191 1914/45/1191 1922/195/1191 1924/250/1191
f 1943/280/1192 1915/16/1192 1923/225/1192 1947/281/1192
f 1941/278/1193 1909/75/1193 1921/343/1193 1948/279/1193
f 1940/251/1194 1925/252/1194 1932/253/1194 1939/254/1194
f 1934/255/1195 1927/256/1195 1931/257/1195 1938/258/1195
f 1933/259/1196 1926/260/1196 1930/261/1196 1937/262/1196
f 1935/263/1197 1928/264/1197 1929/265/1197 1936/266/1197
f 1936/266/1198 1929/265/1198 1925/267/1198 1940/268/1198
f 1938/258/1199 1931/257/1199 1928/264/1199 1935/263/1199
f 1937/262/1200 1930/261/1200 1927/256/1200 1934/255/1200
f 1939/254/1201 1932/253/1201 1926/260/1201 1933/259/1201
f 1955/269/1202 1939/254/1202 1933/259/1202 1949/270/1202
f 1953/271/1203 1937/262/1203 1934/255/1203 1950/272/1203
f 1954/273/1204 1938/258/1204 1935/263/1204 1951/274/1204
f 1952/275/1205 1936/266/1205 1940/268/1205 1956/276/1205
f 1951/274/1206 1935/263/1206 1936/266/1206 1952/275/1206
f 1949/270/1207 1933/259/1207 1937/262/1207 1953/271/1207
f 1950/272/1208 1934/255/1208 1938/258/1208 1954/273/1208
f 1956/277/1209 1940/251/1209 1939/254/1209 1955/269/1209
f 1925/252/1210 1941/278/1210 1948/279/1210 1932/253/1210
f 1927/256/1211 1943/280/1211 1947/281/1211 1931/257/1211
f 1926/260/1212 1942/282/1212 1946/283/1212 1930/261/1212
f 1928/264/1213 1944/284/1213 1945/285/1213 1929/265/1213
f 1929/265/1214 1945/285/1214 1941/286/1214 1925/267/1214
f 1931/257/1215 1947/281/1215 1944/284/1215 1928/264/1215
f 1930/261/1216 1946/283/1216 1943/280/1216 1927/256/1216
f 1932/253/1217 1948/279/1217 1942/282/1217 1926/260/1217
f 1908/66/1218 1956/277/1218 1955/269/1218 1920/191/1218
f 1914/45/1219 1950/272/1219 1954/273/1219 1922/195/1219
f 1910/53/1220 1949/270/1220 1953/271/1220 1916/217/1220
f 1912/37/1221 1951/274/1221 1952/275/1221 1918/216/1221
f 1918/216/1222 1952/275/1222 1956/276/1222 1908/27/1222
f 1922/195/1223 1954/273/1223 1951/274/1223 1912/37/1223
f 1916/217/1224 1953/271/1224 1950/272/1224 1914/45/1224
f 1920/191/1225 1955/269/1225 1949/270/1225 1910/53/1225
f 1957/344/1226 1921/179/1226 1909/112/1226 1919/215/1226
f 1923/225/1227 1957/344/1227 1919/215/1227 1913/20/1227
f 1915/16/1228 1917/221/1228 1957/344/1228 1923/225/1228
f 1917/221/1229 1911/165/1229 1921/179/1229 1957/344/1229
f 1998/279/1230 1971/343/1230 1961/12/1230 1992/282/1230
f 1996/283/1231 1967/203/1231 1965/16/1231 1993/280/1231
f 1997/281/1232 1973/225/1232 1963/20/1232 1994/284/1232
f 1995/285/1233 1969/209/1233 1959/24/1233 1991/286/1233
f 1974/250/1234 1972/195/1234 1962/37/1234 1968/212/1234
f 1970/194/1235 1974/250/1235 1968/212/1235 1958/170/1235
f 1994/284/1236 1963/20/1236 1969/209/1236 1995/285/1236
f 1992/282/1237 1961/12/1237 1967/203/1237 1996/283/1237
f 1960/169/1234 1966/220/1234 1974/250/1234 1970/194/1234
f 1966/220/1235 1964/45/1235 1972/195/1235 1974/250/1235
f 1993/280/1238 1965/16/1238 1973/225/1238 1997/281/1238
f 1991/278/1239 1959/75/1239 1971/343/1239 1998/279/1239
f 1990/251/1240 1975/252/1240 1982/253/1240 1989/254/1240
f 1984/255/1241 1977/256/1241 1981/257/1241 1988/258/1241
f 1983/259/1242 1976/260/1242 1980/261/1242 1987/262/1242
f 1985/263/1243 1978/264/1243 1979/265/1243 1986/266/1243
f 1986/266/1244 1979/265/1244 1975/267/1244 1990/268/1244
f 1988/258/1245 1981/257/1245 1978/264/1245 1985/263/1245
f 1987/262/1246 1980/261/1246 1977/256/1246 1984/255/1246
f 1989/254/1247 1982/253/1247 1976/260/1247 1983/259/1247
f 2005/269/1248 1989/254/1248 1983/259/1248 1999/270/1248
f 2003/271/1249 1987/262/1249 1984/255/1249 2000/272/1249
f 2004/273/1250 1988/258/1250 1985/263/1250 2001/274/1250
f 2002/275/1251 1986/266/1251 1990/268/1251 2006/276/1251
f 2001/274/1252 1985/263/1252 1986/266/1252 2002/275/1252
f 1999/270/1253 1983/259/1253 1987/262/1253 2003/271/1253
f 2000/272/1254 1984/255/1254 1988/258/1254 2004/273/1254
f 2006/277/1255 1990/251/1255 1989/254/1255 2005/269/1255
f 1975/252/1256 1991/278/1256 1998/279/1256 1982/253/1256
f 1977/256/1257 1993/280/1257 1997/281/1257 1981/257/1257
f 1976/260/1258 1992/282/1258 1996/283/1258 1980/261/1258
f 1978/264/1259 1994/284/1259 1995/285/1259 1979/265/1259
f 1979/265/1260 1995/285/1260 1991/286/1260 1975/267/1260
f 1981/257/1261 1997/281/1261 1994/284/1261 1978/264/1261
f 1980/261/1262 1996/283/1262 1993/280/1262 1977/256/1262
f 1982/253/1263 1998/279/1263 1992/282/1263 1976/260/1263
f 1958/66/1264 2006/277/1264 2005/269/1264 1970/191/1264
f 1964/45/1265 2000/272/1265 2004/273/1265 1972/195/1265
f 1960/53/1266 1999/270/1266 2003/271/1266 1966/217/1266
f 1962/37/1267 2001/274/1267 2002/275/1267 1968/216/1267
f 1968/216/1268 2002/275/1268 2006/276/1268 1958/27/1268
f 1972/195/1269 2004/273/1269 2001/274/1269 1962/37/1269
f 1966/217/1270 2003/271/1270 2000/272/1270 1964/45/1270
f 1970/191/1271 2005/269/1271 1999/270/1271 1960/53/1271
f 2007/344/1272 1971/179/1272 1959/112/1272 1969/215/1272
f 1973/225/1273 2007/344/1273 1969/215/1273 1963/20/1273
f 1965/16/1274 1967/221/1274 2007/344/1274 1973/225/1274
f 1967/221/1275 1961/165/1275 1971/179/1275 2007/344/1275
f 2014/345/469 2012/346/469 2031/347/469 2030/75/469
f 2017/348/461 2019/349/461 2033/350/461 2032/351/461
f 2015/352/469 2014/345/469 2030/75/469 2034/353/469
f 2019/349/461 2018/354/461 2035/355/461 2033/350/461
f 2013/356/469 2015/352/469 2034/353/469 2036/357/469
f 2018/354/461 2016/358/461 2037/359/461 2035/355/461
f 2026/360/461 2024/361/461 2039/362/461 2038/363/461
f 2021/364/469 2023/365/469 2041/366/469 2040/367/469
f 2027/368/461 2026/360/461 2038/363/461 2042/369/461
f 2023/365/469 2022/370/469 2043/371/469 2041/366/469
f 2025/372/461 2027/368/461 2042/369/461 2044/373/461
f 2022/370/469 2020/374/469 2045/375/469 2043/371/469
f 2020/374/469 2010/376/469 2029/37/469 2045/375/469
f 2012/346/469 2021/364/469 2040/367/469 2031/347/469
f 2008/377/469 2013/356/469 2036/357/469 2028/66/469
f 2016/358/461 2009/378/461 2046/53/461 2037/359/461
f 2011/379/461 2025/372/461 2044/373/461 2047/45/461
f 2024/361/461 2017/348/461 2032/351/461 2039/362/461
f 2048/349/1276 2049/348/1276 2050/361/1276 2051/360/1276 2052/368/1276 2053/372/1276 2054/379/1276 2009/378/1276 2055/358/1276 2056/354/1276
f 2017/348/1277 2049/348/1277 2048/349/1277 2019/349/1277
f 2024/361/215 2050/361/215 2049/348/215 2017/348/215
f 2026/360/1278 2051/360/1278 2050/361/1278 2024/361/1278
f 2027/368/1279 2052/368/1279 2051/360/1279 2026/360/1279
f 2025/372/1280 2053/372/1280 2052/368/1280 2027/368/1280
f 2011/379/1281 2054/379/1281 2053/372/1281 2025/372/1281
f 2016/358/1282 2055/358/1282 2009/378/1282
f 2018/354/1283 2056/354/1283 2055/358/1283 2016/358/1283
f 2019/349/1284 2048/349/1284 2056/354/1284 2018/354/1284
f 2057/377/469 2058/376/469 2059/374/469 2060/370/469 2061/365/469 2062/364/469 2063/346/469 2064/345/469 2065/352/469 2066/356/469
f 2020/374/1281 2059/374/1281 2058/376/1281 2010/376/1281
f 2022/370/1280 2060/370/1280 2059/374/1280 2020/374/1280
f 2023/365/1279 2061/365/1279 2060/370/1279 2022/370/1279
f 2021/364/1278 2062/364/1278 2061/365/1278 2023/365/1278
f 2012/346/215 2063/346/215 2062/364/215 2021/364/215
f 2014/345/1277 2064/345/1277 2063/346/1277 2012/346/1277
f 2015/352/1284 2065/352/1284 2064/345/1284 2014/345/1284
f 2013/356/1283 2066/356/1283 2065/352/1283 2015/352/1283
f 2008/377/1282 2057/377/1282 2066/356/1282 2013/356/1282
f 2009/378/215 2054/379/215 2058/376/215 2057/377/215
f 2110/380/1285 2032/381/1285 2033/382/1285 2095/383/1285
f 2095/384/1286 2033/385/1286 2035/386/1286 2075/387/1286
f 2075/387/1287 2035/386/1287 2037/388/1287 2083/389/1287
f 2099/390/203 2083/389/203 2037/388/203 2046/391/203
f 2070/5/1288 2114/5/1288 2011/5/1288 2047/5/1288
f 2102/5/215 2103/5/215 2008/5/215 2028/5/215
f 2067/392/210 2071/393/210 2045/394/210 2029/395/210
f 2094/396/238 2107/397/238 2031/398/238 2040/399/238
f 2079/400/1289 2043/401/1289 2045/394/1289 2071/393/1289
f 2087/402/1290 2041/403/1290 2043/401/1290 2079/400/1290
f 2094/396/1291 2040/399/1291 2041/403/1291 2087/402/1291
f 2039/404/1291 2091/405/1291 2090/406/1291 2038/407/1291
f 2086/408/1292 2078/409/1292 2122/409/1292 2130/408/1292
f 2092/410/1291 2093/411/1291 2088/412/1291 2089/413/1291
f 2089/413/1293 2081/414/1293 2125/414/1293 2133/413/1293
f 2038/407/1290 2090/406/1290 2082/415/1290 2042/416/1290
f 2082/415/1294 2090/406/1294 2134/406/1294 2126/415/1294
f 2089/413/1290 2088/412/1290 2080/417/1290 2081/414/1290
f 2094/396/1295 2087/402/1295 2131/402/1295 2138/396/1295
f 2042/416/1289 2082/415/1289 2074/418/1289 2044/419/1289
f 2110/380/1296 2095/383/1296 2139/383/1296 2146/380/1296
f 2081/414/1289 2080/417/1289 2072/420/1289 2073/421/1289
f 2088/412/1297 2093/411/1297 2137/411/1297 2132/412/1297
f 2039/404/238 2032/381/238 2110/380/238 2091/405/238
f 2096/422/1298 2109/423/1298 2145/423/1298 2140/422/1298
f 2092/410/238 2109/423/238 2108/424/238 2093/411/238
f 2107/397/1299 2094/396/1299 2138/396/1299 2143/397/1299
f 2047/425/210 2044/419/210 2074/418/210 2070/426/210
f 2070/426/210 2074/418/210 2073/421/210 2069/427/210
f 2069/427/210 2073/421/210 2072/420/210 2068/428/210
f 2068/428/210 2072/420/210 2071/393/210 2067/392/210
f 2046/5/1300 2009/5/1300 2106/5/1300 2099/5/1300
f 2099/5/1301 2106/5/1301 2105/5/1301 2100/5/1301
f 2100/5/1301 2105/5/1301 2104/5/1301 2101/5/1301
f 2101/5/1302 2104/5/1302 2103/5/1302 2102/5/1302
f 2029/5/1288 2010/5/1288 2111/5/1288 2067/5/1288
f 2067/5/1303 2111/5/1303 2112/5/1303 2068/5/1303
f 2068/5/215 2112/5/215 2113/5/215 2069/5/215
f 2069/5/1303 2113/5/1303 2114/5/1303 2070/5/1303
f 2028/429/203 2036/430/203 2086/408/203 2102/431/203
f 2102/431/203 2086/408/203 2085/432/203 2101/433/203
f 2101/433/203 2085/432/203 2084/434/203 2100/435/203
f 2100/435/203 2084/434/203 2083/389/203 2099/390/203
f 2034/436/1287 2078/409/1287 2086/408/1287 2036/430/1287
f 2092/410/1304 2089/413/1304 2133/413/1304 2136/410/1304
f 2077/437/1287 2076/438/1287 2084/434/1287 2085/432/1287
f 2108/424/1305 2097/439/1305 2141/439/1305 2144/424/1305
f 2030/440/1286 2098/441/1286 2078/409/1286 2034/436/1286
f 2093/411/1306 2108/424/1306 2144/424/1306 2137/411/1306
f 2097/442/1286 2096/443/1286 2076/438/1286 2077/437/1286
f 2090/406/1307 2091/405/1307 2135/405/1307 2134/406/1307
f 2031/398/1285 2107/397/1285 2098/444/1285 2030/445/1285
f 2098/444/1308 2107/397/1308 2143/397/1308 2142/444/1308
f 2108/424/1285 2109/423/1285 2096/422/1285 2097/439/1285
f 2109/423/1299 2092/410/1299 2136/410/1299 2145/423/1299
f 2135/405/1309 2136/410/1309 2133/413/1309 2134/406/1309
f 2137/411/1309 2138/396/1309 2131/402/1309 2132/412/1309
f 2134/406/1310 2133/413/1310 2125/414/1310 2126/415/1310
f 2132/412/1310 2131/402/1310 2123/400/1310 2124/417/1310
f 2126/415/1311 2125/414/1311 2117/421/1311 2118/418/1311
f 2124/417/1311 2123/400/1311 2115/393/1311 2116/420/1311
f 2135/405/238 2146/380/238 2145/423/238 2136/410/238
f 2137/411/238 2144/424/238 2143/397/238 2138/396/238
f 2122/409/1312 2121/437/1312 2129/432/1312 2130/408/1312
f 2120/438/1312 2119/387/1312 2127/389/1312 2128/434/1312
f 2142/441/1313 2141/442/1313 2121/437/1313 2122/409/1313
f 2140/443/1313 2139/384/1313 2119/387/1313 2120/438/1313
f 2143/397/1314 2144/424/1314 2141/439/1314 2142/444/1314
f 2145/423/1314 2146/380/1314 2139/383/1314 2140/422/1314
f 2080/417/1294 2088/412/1294 2132/412/1294 2124/417/1294
f 2077/437/1315 2085/432/1315 2129/432/1315 2121/437/1315
f 2087/402/1293 2079/400/1293 2123/400/1293 2131/402/1293
f 2084/434/1316 2076/438/1316 2120/438/1316 2128/434/1316
f 2074/418/1317 2082/415/1317 2126/415/1317 2118/418/1317
f 2075/387/1318 2083/389/1318 2127/389/1318 2119/387/1318
f 2081/414/1319 2073/421/1319 2117/421/1319 2125/414/1319
f 2078/409/1320 2098/441/1320 2142/441/1320 2122/409/1320
f 2083/389/1321 2084/434/1321 2128/434/1321 2127/389/1321
f 2072/420/1322 2080/417/1322 2124/417/1322 2116/420/1322
f 2097/442/1323 2077/437/1323 2121/437/1323 2141/442/1323
f 2071/393/1324 2072/420/1324 2116/420/1324 2115/393/1324
f 2079/400/1325 2071/393/1325 2115/393/1325 2123/400/1325
f 2076/438/1320 2096/443/1320 2140/443/1320 2120/438/1320
f 2085/432/1321 2086/408/1321 2130/408/1321 2129/432/1321
f 2091/405/1306 2110/380/1306 2146/380/1306 2135/405/1306
f 2095/384/1323 2075/387/1323 2119/387/1323 2139/384/1323
f 2073/421/1324 2074/418/1324 2118/418/1324 2117/421/1324
f 2193/446/1326 2156/343/1326 2150/12/1326 2189/447/1326
f 2195/448/1327 2160/203/1327 2154/16/1327 2190/449/1327
f 2192/450/1328 2158/225/1328 2152/20/1328 2191/451/1328
f 2194/452/1329 2162/209/1329 2148/24/1329 2188/453/1329
f 2163/250/215 2157/195/215 2151/37/215 2161/212/215
f 2159/220/215 2153/45/215 2157/195/215 2163/250/215
f 2190/449/1330 2154/16/1330 2158/225/1330 2192/450/1330
f 2188/454/1331 2148/75/1331 2156/343/1331 2193/446/1331
f 2149/169/215 2159/220/215 2163/250/215 2155/194/215
f 2155/194/215 2163/250/215 2161/212/215 2147/170/215
f 2191/451/1332 2152/20/1332 2162/209/1332 2194/452/1332
f 2189/447/1333 2150/12/1333 2160/203/1333 2195/448/1333
f 2149/53/1334 2167/327/1334 2179/455/1334 2159/217/1334
f 2167/327/1335 2166/456/1335 2178/457/1335 2179/455/1335
f 2151/37/1336 2171/324/1336 2177/458/1336 2161/216/1336
f 2171/324/1337 2170/322/1337 2176/459/1337 2177/458/1337
f 2147/66/1338 2164/328/1338 2175/460/1338 2155/191/1338
f 2164/328/1339 2165/319/1339 2174/461/1339 2175/460/1339
f 2153/45/1340 2169/326/1340 2173/462/1340 2157/195/1340
f 2169/326/1341 2168/321/1341 2172/463/1341 2173/462/1341
f 2161/216/1342 2177/458/1342 2164/325/1342 2147/27/1342
f 2177/458/1343 2176/459/1343 2165/323/1343 2164/325/1343
f 2157/195/1344 2173/462/1344 2171/324/1344 2151/37/1344
f 2173/462/1345 2172/463/1345 2170/322/1345 2171/324/1345
f 2159/217/1346 2179/455/1346 2169/326/1346 2153/45/1346
f 2179/455/1347 2178/457/1347 2168/321/1347 2169/326/1347
f 2155/191/1348 2175/460/1348 2167/327/1348 2149/53/1348
f 2175/460/1349 2174/461/1349 2166/456/1349 2167/327/1349
f 2166/456/1333 2181/464/1333 2187/465/1333 2178/457/1333
f 2170/322/1332 2183/466/1332 2186/467/1332 2176/459/1332
f 2165/319/1331 2180/468/1331 2185/469/1331 2174/461/1331
f 2168/321/1330 2182/470/1330 2184/471/1330 2172/463/1330
f 2176/459/1329 2186/467/1329 2180/472/1329 2165/323/1329
f 2172/463/1328 2184/471/1328 2183/466/1328 2170/322/1328
f 2178/457/1327 2187/465/1327 2182/470/1327 2168/321/1327
f 2174/461/1326 2185/469/1326 2181/464/1326 2166/456/1326
f 2181/464/1350 2189/447/1350 2195/448/1350 2187/465/1350
f 2183/466/1351 2191/451/1351 2194/452/1351 2186/467/1351
f 2180/468/1352 2188/454/1352 2193/446/1352 2185/469/1352
f 2182/470/1353 2190/449/1353 2192/450/1353 2184/471/1353
f 2186/467/1354 2194/452/1354 2188/453/1354 2180/472/1354
f 2184/471/1355 2192/450/1355 2191/451/1355 2183/466/1355
f 2187/465/1356 2195/448/1356 2190/449/1356 2182/470/1356
f 2185/469/1357 2193/446/1357 2189/447/1357 2181/464/1357
f 2196/66/203 2197/75/203 2199/12/203 2198/53/203
f 2204/473/461 2205/474/461 2203/16/461 2202/45/461
f 2202/45/1358 2203/16/1358 2201/20/1358 2200/37/1358
f 2206/475/469 2207/476/469 2197/24/469 2196/27/469
f 2202/45/1359 2200/37/1359 2212/37/1359 2213/45/1359
f 2199/12/203 2197/75/203 2208/75/203 2209/12/203
f 2203/16/1360 2205/477/1360 2207/478/1360 2201/20/1360
f 2200/37/469 2201/20/469 2207/476/469 2206/475/469
f 2198/53/461 2199/12/461 2205/474/461 2204/473/461
f 2211/477/238 2209/165/238 2208/112/238 2210/478/238
f 2205/474/461 2199/12/461 2209/12/461 2211/474/461
f 2197/24/469 2207/476/469 2210/476/469 2208/24/469
f 2207/478/210 2205/477/210 2211/477/210 2210/478/210
f 2204/473/1361 2202/45/1361 2213/45/1361 2215/473/1361
f 2200/37/1362 2206/475/1362 2214/475/1362 2212/37/1362
f 2219/479/215 2217/45/215 2216/37/215 2218/480/215
f 2212/37/1363 2214/475/1363 2218/475/1363 2216/37/1363
f 2215/473/1364 2213/45/1364 2217/45/1364 2219/473/1364
f 2213/45/1365 2212/37/1365 2216/37/1365 2217/45/1365
f 2253/171/203 2245/172/203 2223/12/203 2231/173/203
f 2231/173/1366 2223/12/1366 2227/16/1366 2234/174/1366
f 2250/175/210 2247/176/210 2225/20/210 2237/177/210
f 2237/177/1367 2225/20/1367 2221/24/1367 2230/178/1367
f 2222/53/461 2226/45/461 2243/45/461 2241/53/461
f 2247/176/1368 2245/179/1368 2221/112/1368 2225/20/1368
f 2224/37/1369 2239/180/1369 2228/181/1369 2220/27/1369
f 2239/180/1370 2238/182/1370 2229/183/1370 2228/181/1370
f 2238/182/1371 2237/177/1371 2230/178/1371 2229/183/1371
f 2246/184/210 2248/185/210 2239/180/210 2224/37/210
f 2248/185/210 2249/186/210 2238/182/210 2239/180/210
f 2249/186/210 2250/175/210 2237/177/210 2238/182/210
f 2222/53/1372 2233/187/1372 2236/188/1372 2226/45/1372
f 2233/187/1373 2232/189/1373 2235/190/1373 2236/188/1373
f 2232/189/1374 2231/173/1374 2234/174/1374 2235/190/1374
f 2244/191/203 2251/192/203 2233/187/203 2222/53/203
f 2251/192/203 2252/193/203 2232/189/203 2233/187/203
f 2252/193/203 2253/171/203 2231/173/203 2232/189/203
f 2254/194/215 2255/195/215 2242/37/215 2240/170/215
f 2244/191/203 2222/53/203 2241/53/203 2254/191/203
f 2246/184/210 2224/37/210 2242/37/210 2255/195/210
f 2224/37/469 2220/27/469 2240/27/469 2242/37/469
f 2226/45/210 2246/184/210 2255/195/210 2243/45/210
f 2220/66/203 2244/191/203 2254/191/203 2240/66/203
f 2241/169/215 2243/45/215 2255/195/215 2254/194/215
f 2229/196/203 2230/197/203 2253/171/203 2252/193/203
f 2228/198/203 2229/196/203 2252/193/203 2251/192/203
f 2220/66/203 2228/198/203 2251/192/203 2244/191/203
f 2235/190/210 2234/174/210 2250/175/210 2249/186/210
f 2236/188/210 2235/190/210 2249/186/210 2248/185/210
f 2226/45/210 2236/188/210 2248/185/210 2246/184/210
f 2227/16/1375 2223/165/1375 2245/179/1375 2247/176/1375
f 2234/174/210 2227/16/210 2247/176/210 2250/175/210
f 2230/197/203 2221/75/203 2245/172/203 2253/171/203
f 2266/481/1376 2256/482/1376 2263/169/1376 2272/483/1376
f 2272/483/1377 2263/484/1377 2262/485/1377 2271/486/1377
f 2260/487/1378 2268/488/1378 2273/489/1378 2264/165/1378
f 2264/490/1379 2273/489/1379 2271/491/1379 2262/492/1379
f 2256/493/1380 2266/494/1380 2267/495/1380 2258/170/1380
f 2258/27/1381 2267/495/1381 2265/496/1381 2257/497/1381
f 2268/498/1382 2260/499/1382 2261/112/1382 2270/500/1382
f 2270/500/1383 2261/24/1383 2259/501/1383 2269/502/1383
f 2256/503/203 2258/504/203 2257/505/203 2259/506/203 2261/507/203 2260/508/203 2264/490/203 2262/485/203 2263/484/203
f 2265/496/469 2269/502/469 2259/501/469 2257/497/469
f 2266/481/1384 2272/483/1384 2271/491/1384 2273/489/1384 2268/498/1384 2270/500/1384 2269/502/1384 2265/496/1384 2267/495/1384
f 2283/481/1376 2274/482/1376 2280/169/1376 2288/483/1376
f 2288/483/1377 2280/484/1377 2279/485/1377 2287/486/1377
f 2277/487/1385 2285/488/1385 2289/489/1385 2281/165/1385
f 2281/490/1386 2289/489/1386 2287/491/1386 2279/492/1386
f 2274/493/1380 2283/494/1380 2284/495/1380 2276/170/1380
f 2276/27/1387 2284/495/1387 2282/496/1387 2275/497/1387
f 2285/498/1382 2277/499/1382 2278/112/1382 2286/500/1382
f 2286/500/1388 2278/24/1388 2275/501/1388 2282/502/1388
f 2274/503/203 2276/504/203 2275/506/203 2278/507/203 2277/508/203 2281/490/203 2279/485/203 2280/484/203
f 2283/481/210 2288/483/210 2287/491/210 2289/489/210 2285/498/210 2286/500/210 2282/496/210 2284/495/210
f 2289/489/1389 2281/165/1389 2260/487/1389 2268/488/1389
f 2267/495/1390 2258/170/1390 2274/482/1390 2283/481/1390
f 2323/171/203 2315/172/203 2293/12/203 2301/173/203
f 2301/173/1366 2293/12/1366 2297/16/1366 2304/174/1366
f 2320/175/210 2317/176/210 2295/20/210 2307/177/210
f 2307/177/1367 2295/20/1367 2291/24/1367 2300/178/1367
f 2292/53/461 2296/45/461 2313/45/461 2311/53/461
f 2317/176/1368 2315/179/1368 2291/112/1368 2295/20/1368
f 2294/37/1391 2309/180/1391 2298/181/1391 2290/27/1391
f 2309/180/1370 2308/182/1370 2299/183/1370 2298/181/1370
f 2308/182/1371 2307/177/1371 2300/178/1371 2299/183/1371
f 2316/184/210 2318/185/210 2309/180/210 2294/37/210
f 2318/185/210 2319/186/210 2308/182/210 2309/180/210
f 2319/186/210 2320/175/210 2307/177/210 2308/182/210
f 2292/53/1392 2303/187/1392 2306/188/1392 2296/45/1392
f 2303/187/1373 2302/189/1373 2305/190/1373 2306/188/1373
f 2302/189/1374 2301/173/1374 2304/174/1374 2305/190/1374
f 2314/191/203 2321/192/203 2303/187/203 2292/53/203
f 2321/192/203 2322/193/203 2302/189/203 2303/187/203
f 2322/193/203 2323/171/203 2301/173/203 2302/189/203
f 2324/194/215 2325/195/215 2312/37/215 2310/170/215
f 2314/191/203 2292/53/203 2311/53/203 2324/191/203
f 2316/184/210 2294/37/210 2312/37/210 2325/195/210
f 2294/37/469 2290/27/469 2310/27/469 2312/37/469
f 2296/45/210 2316/184/210 2325/195/210 2313/45/210
f 2290/66/203 2314/191/203 2324/191/203 2310/66/203
f 2311/169/215 2313/45/215 2325/195/215 2324/194/215
f 2299/196/203 2300/197/203 2323/171/203 2322/193/203
f 2298/198/203 2299/196/203 2322/193/203 2321/192/203
f 2290/66/203 2298/198/203 2321/192/203 2314/191/203
f 2305/190/210 2304/174/210 2320/175/210 2319/186/210
f 2306/188/210 2305/190/210 2319/186/210 2318/185/210
f 2296/45/210 2306/188/210 2318/185/210 2316/184/210
f 2297/16/1375 2293/165/1375 2315/179/1375 2317/176/1375
f 2304/174/210 2297/16/210 2317/176/210 2320/175/210
f 2300/197/203 2291/75/203 2315/172/203 2323/171/203
f 2359/171/210 2351/172/210 2329/12/210 2337/173/210
f 2337/173/1393 2329/12/1393 2333/16/1393 2340/174/1393
f 2356/175/203 2353/176/203 2331/20/203 2343/177/203
f 2343/177/1394 2331/20/1394 2327/24/1394 2336/178/1394
f 2328/53/461 2332/45/461 2349/45/461 2347/53/461
f 2353/176/1395 2351/179/1395 2327/112/1395 2331/20/1395
f 2330/37/1396 2345/180/1396 2334/181/1396 2326/27/1396
f 2345/180/1397 2344/182/1397 2335/183/1397 2334/181/1397
f 2344/182/1398 2343/177/1398 2336/178/1398 2335/183/1398
f 2352/184/203 2354/185/203 2345/180/203 2330/37/203
f 2354/185/203 2355/186/203 2344/182/203 2345/180/203
f 2355/186/203 2356/175/203 2343/177/203 2344/182/203
f 2328/53/1399 2339/187/1399 2342/188/1399 2332/45/1399
f 2339/187/1400 2338/189/1400 2341/190/1400 2342/188/1400
f 2338/189/1401 2337/173/1401 2340/174/1401 2341/190/1401
f 2350/191/210 2357/192/210 2339/187/210 2328/53/210
f 2357/192/210 2358/193/210 2338/189/210 2339/187/210
f 2358/193/210 2359/171/210 2337/173/210 2338/189/210
f 2360/194/238 2361/195/238 2348/37/238 2346/170/238
f 2350/191/210 2328/53/210 2347/53/210 2360/191/210
f 2352/184/203 2330/37/203 2348/37/203 2361/195/203
f 2330/37/469 2326/27/469 2346/27/469 2348/37/469
f 2332/45/203 2352/184/203 2361/195/203 2349/45/203
f 2326/66/210 2350/191/210 2360/191/210 2346/66/210
f 2347/169/238 2349/45/238 2361/195/238 2360/194/238
f 2335/196/210 2336/197/210 2359/171/210 2358/193/210
f 2334/198/210 2335/196/210 2358/193/210 2357/192/210
f 2326/66/210 2334/198/210 2357/192/210 2350/191/210
f 2341/190/203 2340/174/203 2356/175/203 2355/186/203
f 2342/188/203 2341/190/203 2355/186/203 2354/185/203
f 2332/45/203 2342/188/203 2354/185/203 2352/184/203
f 2333/16/1402 2329/165/1402 2351/179/1402 2353/176/1402
f 2340/174/203 2333/16/203 2353/176/203 2356/175/203
f 2336/197/210 2327/75/210 2351/172/210 2359/171/210
f 2395/171/210 2387/172/210 2365/12/210 2373/173/210
f 2373/173/1393 2365/12/1393 2369/16/1393 2376/174/1393
f 2392/175/203 2389/176/203 2367/20/203 2379/177/203
f 2379/177/1394 2367/20/1394 2363/24/1394 2372/178/1394
f 2364/53/461 2368/45/461 2385/45/461 2383/53/461
f 2389/176/1395 2387/179/1395 2363/112/1395 2367/20/1395
f 2366/37/1403 2381/180/1403 2370/181/1403 2362/27/1403
f 2381/180/1397 2380/182/1397 2371/183/1397 2370/181/1397
f 2380/182/1398 2379/177/1398 2372/178/1398 2371/183/1398
f 2388/184/203 2390/185/203 2381/180/203 2366/37/203
f 2390/185/203 2391/186/203 2380/182/203 2381/180/203
f 2391/186/203 2392/175/203 2379/177/203 2380/182/203
f 2364/53/1404 2375/187/1404 2378/188/1404 2368/45/1404
f 2375/187/1400 2374/189/1400 2377/190/1400 2378/188/1400
f 2374/189/1401 2373/173/1401 2376/174/1401 2377/190/1401
f 2386/191/210 2393/192/210 2375/187/210 2364/53/210
f 2393/192/210 2394/193/210 2374/189/210 2375/187/210
f 2394/193/210 2395/171/210 2373/173/210 2374/189/210
f 2396/194/238 2397/195/238 2384/37/238 2382/170/238
f 2386/191/210 2364/53/210 2383/53/210 2396/191/210
f 2388/184/203 2366/37/203 2384/37/203 2397/195/203
f 2366/37/469 2362/27/469 2382/27/469 2384/37/469
f 2368/45/203 2388/184/203 2397/195/203 2385/45/203
f 2362/66/210 2386/191/210 2396/191/210 2382/66/210
f 2383/169/238 2385/45/238 2397/195/238 2396/194/238
f 2371/196/210 2372/197/210 2395/171/210 2394/193/210
f 2370/198/210 2371/196/210 2394/193/210 2393/192/210
f 2362/66/210 2370/198/210 2393/192/210 2386/191/210
f 2377/190/203 2376/174/203 2392/175/203 2391/186/203
f 2378/188/203 2377/190/203 2391/186/203 2390/185/203
f 2368/45/203 2378/188/203 2390/185/203 2388/184/203
f 2369/16/1402 2365/165/1402 2387/179/1402 2389/176/1402
f 2376/174/203 2369/16/203 2389/176/203 2392/175/203
f 2372/197/210 2363/75/210 2387/172/210 2395/171/210
f 2431/171/210 2423/172/210 2401/12/210 2409/173/210
f 2409/173/1405 2401/12/1405 2405/16/1405 2412/174/1405
f 2428/175/203 2425/176/203 2403/20/203 2415/177/203
f 2415/177/1406 2403/20/1406 2399/24/1406 2408/178/1406
f 2400/53/461 2404/45/461 2421/45/461 2419/53/461
f 2425/176/1407 2423/179/1407 2399/112/1407 2403/20/1407
f 2402/37/1408 2417/180/1408 2406/181/1408 2398/27/1408
f 2417/180/1409 2416/182/1409 2407/183/1409 2406/181/1409
f 2416/182/1410 2415/177/1410 2408/178/1410 2407/183/1410
f 2424/184/203 2426/185/203 2417/180/203 2402/37/203
f 2426/185/203 2427/186/203 2416/182/203 2417/180/203
f 2427/186/203 2428/175/203 2415/177/203 2416/182/203
f 2400/53/1411 2411/187/1411 2414/188/1411 2404/45/1411
f 2411/187/1412 2410/189/1412 2413/190/1412 2414/188/1412
f 2410/189/1413 2409/173/1413 2412/174/1413 2413/190/1413
f 2422/191/210 2429/192/210 2411/187/210 2400/53/210
f 2429/192/210 2430/193/210 2410/189/210 2411/187/210
f 2430/193/210 2431/171/210 2409/173/210 2410/189/210
f 2432/194/238 2433/195/238 2420/37/238 2418/170/238
f 2422/191/210 2400/53/210 2419/53/210 2432/191/210
f 2424/184/203 2402/37/203 2420/37/203 2433/195/203
f 2402/37/469 2398/27/469 2418/27/469 2420/37/469
f 2404/45/203 2424/184/203 2433/195/203 2421/45/203
f 2398/66/210 2422/191/210 2432/191/210 2418/66/210
f 2419/169/238 2421/45/238 2433/195/238 2432/194/238
f 2407/196/210 2408/197/210 2431/171/210 2430/193/210
f 2406/198/210 2407/196/210 2430/193/210 2429/192/210
f 2398/66/210 2406/198/210 2429/192/210 2422/191/210
f 2413/190/203 2412/174/203 2428/175/203 2427/186/203
f 2414/188/203 2413/190/203 2427/186/203 2426/185/203
f 2404/45/203 2414/188/203 2426/185/203 2424/184/203
f 2405/16/1414 2401/165/1414 2423/179/1414 2425/176/1414
f 2412/174/203 2405/16/203 2425/176/203 2428/175/203
f 2408/197/210 2399/75/210 2423/172/210 2431/171/210
f 2444/481/1385 2434/482/1385 2441/169/1385 2450/483/1385
f 2450/483/1386 2441/484/1386 2440/485/1386 2449/486/1386
f 2438/487/1415 2446/488/1415 2451/489/1415 2442/165/1415
f 2442/490/1416 2451/489/1416 2449/491/1416 2440/492/1416
f 2434/493/1382 2444/494/1382 2445/495/1382 2436/170/1382
f 2436/27/1383 2445/495/1383 2443/496/1383 2435/497/1383
f 2446/498/1380 2438/499/1380 2439/112/1380 2448/500/1380
f 2448/500/1381 2439/24/1381 2437/501/1381 2447/502/1381
f 2434/503/210 2436/504/210 2435/505/210 2437/506/210 2439/507/210 2438/508/210 2442/490/210 2440/485/210 2441/484/210
f 2443/496/469 2447/502/469 2437/501/469 2435/497/469
f 2444/481/1417 2450/483/1417 2449/491/1417 2451/489/1417 2446/498/1417 2448/500/1417 2447/502/1417 2443/496/1417 2445/495/1417
f 2461/481/1385 2452/482/1385 2458/169/1385 2466/483/1385
f 2466/483/1386 2458/484/1386 2457/485/1386 2465/486/1386
f 2455/487/1376 2463/488/1376 2467/489/1376 2459/165/1376
f 2459/490/1377 2467/489/1377 2465/491/1377 2457/492/1377
f 2452/493/1382 2461/494/1382 2462/495/1382 2454/170/1382
f 2454/27/1388 2462/495/1388 2460/496/1388 2453/497/1388
f 2463/498/1380 2455/499/1380 2456/112/1380 2464/500/1380
f 2464/500/1387 2456/24/1387 2453/501/1387 2460/502/1387
f 2452/503/210 2454/504/210 2453/506/210 2456/507/210 2455/508/210 2459/490/210 2457/485/210 2458/484/210
f 2461/481/203 2466/483/203 2465/491/203 2467/489/203 2463/498/203 2464/500/203 2460/496/203 2462/495/203
f 2467/489/1418 2459/165/1418 2438/487/1418 2446/488/1418
f 2445/495/1419 2436/170/1419 2452/482/1419 2461/481/1419
f 2501/171/210 2493/172/210 2471/12/210 2479/173/210
f 2479/173/1405 2471/12/1405 2475/16/1405 2482/174/1405
f 2498/175/203 2495/176/203 2473/20/203 2485/177/203
f 2485/177/1406 2473/20/1406 2469/24/1406 2478/178/1406
f 2470/53/461 2474/45/461 2491/45/461 2489/53/461
f 2495/176/1407 2493/179/1407 2469/112/1407 2473/20/1407
f 2472/37/1420 2487/180/1420 2476/181/1420 2468/27/1420
f 2487/180/1409 2486/182/1409 2477/183/1409 2476/181/1409
f 2486/182/1410 2485/177/1410 2478/178/1410 2477/183/1410
f 2494/184/203 2496/185/203 2487/180/203 2472/37/203
f 2496/185/203 2497/186/203 2486/182/203 2487/180/203
f 2497/186/203 2498/175/203 2485/177/203 2486/182/203
f 2470/53/1421 2481/187/1421 2484/188/1421 2474/45/1421
f 2481/187/1412 2480/189/1412 2483/190/1412 2484/188/1412
f 2480/189/1413 2479/173/1413 2482/174/1413 2483/190/1413
f 2492/191/210 2499/192/210 2481/187/210 2470/53/210
f 2499/192/210 2500/193/210 2480/189/210 2481/187/210
f 2500/193/210 2501/171/210 2479/173/210 2480/189/210
f 2502/194/238 2503/195/238 2490/37/238 2488/170/238
f 2492/191/210 2470/53/210 2489/53/210 2502/191/210
f 2494/184/203 2472/37/203 2490/37/203 2503/195/203
f 2472/37/469 2468/27/469 2488/27/469 2490/37/469
f 2474/45/203 2494/184/203 2503/195/203 2491/45/203
f 2468/66/210 2492/191/210 2502/191/210 2488/66/210
f 2489/169/238 2491/45/238 2503/195/238 2502/194/238
f 2477/196/210 2478/197/210 2501/171/210 2500/193/210
f 2476/198/210 2477/196/210 2500/193/210 2499/192/210
f 2468/66/210 2476/198/210 2499/192/210 2492/191/210
f 2483/190/203 2482/174/203 2498/175/203 2497/186/203
f 2484/188/203 2483/190/203 2497/186/203 2496/185/203
f 2474/45/203 2484/188/203 2496/185/203 2494/184/203
f 2475/16/1414 2471/165/1414 2493/179/1414 2495/176/1414
f 2482/174/203 2475/16/203 2495/176/203 2498/175/203
f 2478/197/210 2469/75/210 2493/172/210 2501/171/210
f 2527/329/676 2521/19/676 2509/20/676 2513/207/676
f 2525/330/677 2518/34/677 2508/37/677 2510/212/677
f 2523/331/1008 2516/111/1008 2507/112/1008 2511/215/1008
f 2521/19/1422 2523/331/1422 2511/215/1422 2509/20/1422
f 2515/90/680 2525/330/680 2510/212/680 2506/170/680
f 2518/34/681 2527/329/681 2513/207/681 2508/37/681
f 2506/66/682 2512/196/682 2528/332/682 2515/67/682
f 2515/67/683 2528/332/683 2529/333/683 2514/50/683
f 2519/72/1010 2526/334/1010 2527/329/1010 2518/34/1010
f 2514/91/1423 2524/335/1423 2525/330/1423 2515/90/1423
f 2520/74/686 2522/336/686 2523/331/686 2521/19/686
f 2522/336/1011 2517/166/1011 2516/111/1011 2523/331/1011
f 2524/335/688 2519/72/688 2518/34/688 2525/330/688
f 2526/334/689 2520/74/689 2521/19/689 2527/329/689
f 2512/196/690 2507/75/690 2516/76/690 2528/332/690
f 2528/332/691 2516/76/691 2517/11/691 2529/333/691
f 2507/112/1424 2511/215/1424 2535/215/1424 2531/112/1424
f 2506/66/693 2512/196/693 2536/196/693 2530/66/693
f 2513/207/694 2508/37/694 2532/37/694 2537/207/694
f 2510/212/1015 2506/170/1015 2530/170/1015 2534/212/1015
f 2509/20/696 2513/207/696 2537/207/696 2533/20/696
f 2512/196/697 2507/75/697 2531/75/697 2536/196/697
f 2508/37/1425 2510/212/1425 2534/212/1425 2532/37/1425
f 2511/215/1426 2509/20/1426 2533/20/1426 2535/215/1426
f 2534/212/1427 2530/170/1427 2541/170/1427 2547/212/1427
f 2532/37/701 2534/212/701 2547/212/701 2545/37/701
f 2536/196/1428 2531/75/1428 2542/75/1428 2552/196/1428
f 2533/20/703 2537/207/703 2553/207/703 2546/20/703
f 2535/215/1429 2533/20/1429 2546/20/1429 2548/215/1429
f 2531/112/1430 2535/215/1430 2548/215/1430 2542/112/1430
f 2537/207/1020 2532/37/1020 2545/37/1020 2553/207/1020
f 2530/66/707 2536/196/707 2552/196/707 2541/66/707
f 2517/11/708 2522/336/708 2538/5/708 2529/333/708
f 2519/72/708 2524/335/708 2538/5/708 2526/334/708
f 2514/91/708 2529/333/708 2538/5/708 2524/335/708
f 2522/336/708 2520/74/708 2526/334/708 2538/5/708
f 2568/333/727 2557/11/727 2542/12/727 2552/201/727
f 2567/329/725 2561/19/725 2544/20/725 2554/207/725
f 2565/330/724 2558/34/724 2543/37/724 2549/212/724
f 2563/331/1006 2556/111/1006 2540/112/1006 2550/215/1006
f 2561/19/722 2563/331/722 2550/215/722 2544/20/722
f 2504/90/1004 2565/330/1004 2549/212/1004 2539/170/1004
f 2558/34/720 2567/329/720 2554/207/720 2543/37/720
f 2555/50/718 2568/333/718 2552/201/718 2541/53/718
f 2539/66/718 2551/196/718 2505/332/718 2504/67/718
f 2504/67/718 2505/332/718 2568/333/718 2555/50/718
f 2545/45/720 2553/204/720 2566/334/720 2559/72/720
f 2559/72/720 2566/334/720 2567/329/720 2558/34/720
f 2541/169/1004 2547/220/1004 2564/335/1004 2555/91/1004
f 2555/91/1004 2564/335/1004 2565/330/1004 2504/90/1004
f 2546/16/722 2548/221/722 2562/336/722 2560/74/722
f 2560/74/722 2562/336/722 2563/331/722 2561/19/722
f 2548/221/1006 2542/165/1006 2557/166/1006 2562/336/1006
f 2562/336/1006 2557/166/1006 2556/111/1006 2563/331/1006
f 2547/220/724 2545/45/724 2559/72/724 2564/335/724
f 2564/335/724 2559/72/724 2558/34/724 2565/330/724
f 2553/204/725 2546/16/725 2560/74/725 2566/334/725
f 2566/334/725 2560/74/725 2561/19/725 2567/329/725
f 2551/196/727 2540/75/727 2556/76/727 2505/332/727
f 2505/332/727 2556/76/727 2557/11/727 2568/333/727
f 2590/329/728 2584/19/728 2572/20/728 2576/207/728
f 2588/330/729 2581/34/729 2571/37/729 2573/212/729
f 2586/331/1431 2579/111/1431 2570/112/1431 2574/215/1431
f 2584/19/1432 2586/331/1432 2574/215/1432 2572/20/1432
f 2578/90/732 2588/330/732 2573/212/732 2569/170/732
f 2581/34/733 2590/329/733 2576/207/733 2571/37/733
f 2569/66/734 2575/196/734 2591/332/734 2578/67/734
f 2578/67/735 2591/332/735 2592/333/735 2577/50/735
f 2582/72/1433 2589/334/1433 2590/329/1433 2581/34/1433
f 2577/91/737 2587/335/737 2588/330/737 2578/90/737
f 2583/74/738 2585/336/738 2586/331/738 2584/19/738
f 2585/336/739 2580/166/739 2579/111/739 2586/331/739
f 2587/335/740 2582/72/740 2581/34/740 2588/330/740
f 2589/334/741 2583/74/741 2584/19/741 2590/329/741
f 2575/196/978 2570/75/978 2579/76/978 2591/332/978
f 2591/332/743 2579/76/743 2580/11/743 2592/333/743
f 2570/112/1434 2574/215/1434 2598/215/1434 2594/112/1434
f 2569/66/745 2575/196/745 2599/196/745 2593/66/745
f 2576/207/746 2571/37/746 2595/37/746 2600/207/746
f 2573/212/1435 2569/170/1435 2593/170/1435 2597/212/1435
f 2572/20/748 2576/207/748 2600/207/748 2596/20/748
f 2575/196/1436 2570/75/1436 2594/75/1436 2599/196/1436
f 2571/37/1437 2573/212/1437 2597/212/1437 2595/37/1437
f 2574/215/751 2572/20/751 2596/20/751 2598/215/751
f 2597/212/987 2593/170/987 2539/170/987 2549/212/987
f 2595/37/753 2597/212/753 2549/212/753 2543/37/753
f 2599/196/1438 2594/75/1438 2540/75/1438 2551/196/1438
f 2596/20/755 2600/207/755 2554/207/755 2544/20/755
f 2598/215/1439 2596/20/1439 2544/20/1439 2550/215/1439
f 2594/112/1440 2598/215/1440 2550/215/1440 2540/112/1440
f 2600/207/758 2595/37/758 2543/37/758 2554/207/758
f 2593/66/759 2599/196/759 2551/196/759 2539/66/759
f 2580/11/992 2585/336/992 2601/5/992 2592/333/992
f 2582/72/992 2587/335/992 2601/5/992 2589/334/992
f 2577/91/992 2592/333/992 2601/5/992 2587/335/992
f 2585/336/992 2583/74/992 2589/334/992 2601/5/992
f 2625/329/1441 2619/19/1441 2607/20/1441 2611/207/1441
f 2623/330/1442 2616/34/1442 2606/37/1442 2608/212/1442
f 2621/331/1443 2614/111/1443 2605/112/1443 2609/215/1443
f 2619/19/1444 2621/331/1444 2609/215/1444 2607/20/1444
f 2613/90/1445 2623/330/1445 2608/212/1445 2604/170/1445
f 2616/34/1446 2625/329/1446 2611/207/1446 2606/37/1446
f 2604/66/1447 2610/196/1447 2626/332/1447 2613/67/1447
f 2658/509/1448 2665/510/1448 2627/333/1448 2612/50/1448
f 2660/511/1449 2664/512/1449 2625/329/1449 2616/34/1449
f 2658/513/1450 2663/514/1450 2623/330/1450 2613/90/1450
f 2661/515/1451 2662/516/1451 2621/331/1451 2619/19/1451
f 2662/516/1452 2659/517/1452 2614/111/1452 2621/331/1452
f 2663/514/1453 2660/511/1453 2616/34/1453 2623/330/1453
f 2664/512/1454 2661/515/1454 2619/19/1454 2625/329/1454
f 2610/196/1455 2605/75/1455 2614/76/1455 2626/332/1455
f 2665/510/1456 2659/518/1456 2615/11/1456 2627/333/1456
f 2605/112/1457 2609/215/1457 2633/215/1457 2629/112/1457
f 2604/66/1458 2610/196/1458 2634/196/1458 2628/66/1458
f 2611/207/1459 2606/37/1459 2630/37/1459 2635/207/1459
f 2608/212/1460 2604/170/1460 2628/170/1460 2632/212/1460
f 2607/20/1461 2611/207/1461 2635/207/1461 2631/20/1461
f 2610/196/1462 2605/75/1462 2629/75/1462 2634/196/1462
f 2606/37/1463 2608/212/1463 2632/212/1463 2630/37/1463
f 2609/215/1464 2607/20/1464 2631/20/1464 2633/215/1464
f 2632/212/1465 2628/170/1465 2636/170/1465 2640/212/1465
f 2630/37/1466 2632/212/1466 2640/212/1466 2638/37/1466
f 2634/196/1467 2629/75/1467 2637/75/1467 2642/196/1467
f 2631/20/1468 2635/207/1468 2643/207/1468 2639/20/1468
f 2633/215/1469 2631/20/1469 2639/20/1469 2641/215/1469
f 2629/112/1470 2633/215/1470 2641/215/1470 2637/112/1470
f 2635/207/1471 2630/37/1471 2638/37/1471 2643/207/1471
f 2628/66/1472 2634/196/1472 2642/196/1472 2636/66/1472
f 2657/333/1473 2646/11/1473 2637/12/1473 2642/201/1473
f 2644/50/1474 2657/333/1474 2642/201/1474 2636/53/1474
f 2602/67/1475 2603/332/1475 2657/333/1475 2644/50/1475
f 2638/45/1476 2643/204/1476 2655/334/1476 2648/72/1476
f 2648/72/1477 2655/334/1477 2656/329/1477 2647/34/1477
f 2636/169/1478 2640/220/1478 2653/335/1478 2644/91/1478
f 2644/91/1479 2653/335/1479 2654/330/1479 2602/90/1479
f 2639/16/1480 2641/221/1480 2651/336/1480 2649/74/1480
f 2649/74/1481 2651/336/1481 2652/331/1481 2650/19/1481
f 2641/221/1482 2637/165/1482 2646/166/1482 2651/336/1482
f 2651/336/1483 2646/166/1483 2645/111/1483 2652/331/1483
f 2640/220/1484 2638/45/1484 2648/72/1484 2653/335/1484
f 2653/335/1485 2648/72/1485 2647/34/1485 2654/330/1485
f 2643/204/1486 2639/16/1486 2649/74/1486 2655/334/1486
f 2655/334/1487 2649/74/1487 2650/19/1487 2656/329/1487
f 2603/332/1488 2645/76/1488 2646/11/1488 2657/333/1488
f 2626/332/1489 2614/76/1489 2659/518/1489 2665/510/1489
f 2624/334/1490 2618/74/1490 2661/515/1490 2664/512/1490
f 2622/335/1491 2617/72/1491 2660/511/1491 2663/514/1491
f 2620/336/1492 2615/166/1492 2659/517/1492 2662/516/1492
f 2618/74/1493 2620/336/1493 2662/516/1493 2661/515/1493
f 2612/91/1494 2622/335/1494 2663/514/1494 2658/513/1494
f 2617/72/1495 2624/334/1495 2664/512/1495 2660/511/1495
f 2613/67/1496 2626/332/1496 2665/510/1496 2658/509/1496
f 2689/251/1497 2674/252/1497 2681/253/1497 2688/254/1497
f 2683/255/1498 2676/256/1498 2680/257/1498 2687/258/1498
f 2682/259/1499 2675/260/1499 2679/261/1499 2686/262/1499
f 2684/263/1500 2677/264/1500 2678/265/1500 2685/266/1500
f 2685/266/1501 2678/265/1501 2674/267/1501 2689/268/1501
f 2687/258/1502 2680/257/1502 2677/264/1502 2684/263/1502
f 2686/262/1503 2679/261/1503 2676/256/1503 2683/255/1503
f 2688/254/1504 2681/253/1504 2675/260/1504 2682/259/1504
f 2704/269/1505 2688/254/1505 2682/259/1505 2698/270/1505
f 2702/271/1506 2686/262/1506 2683/255/1506 2699/272/1506
f 2703/273/1507 2687/258/1507 2684/263/1507 2700/274/1507
f 2701/275/1508 2685/266/1508 2689/268/1508 2705/276/1508
f 2700/274/1509 2684/263/1509 2685/266/1509 2701/275/1509
f 2698/270/1510 2682/259/1510 2686/262/1510 2702/271/1510
f 2699/272/1511 2683/255/1511 2687/258/1511 2703/273/1511
f 2705/277/1512 2689/251/1512 2688/254/1512 2704/269/1512
f 2674/252/1513 2690/278/1513 2697/279/1513 2681/253/1513
f 2676/256/1514 2692/280/1514 2696/281/1514 2680/257/1514
f 2675/260/1515 2691/282/1515 2695/283/1515 2679/261/1515
f 2677/264/1516 2693/284/1516 2694/285/1516 2678/265/1516
f 2678/265/1517 2694/285/1517 2690/286/1517 2674/267/1517
f 2680/257/1518 2696/281/1518 2693/284/1518 2677/264/1518
f 2679/261/1519 2695/283/1519 2692/280/1519 2676/256/1519
f 2681/253/1520 2697/279/1520 2691/282/1520 2675/260/1520
f 2722/287/1521 2705/277/1521 2704/269/1521 2729/288/1521
f 2724/289/1522 2699/272/1522 2703/273/1522 2728/290/1522
f 2723/291/1523 2698/270/1523 2702/271/1523 2727/292/1523
f 2725/293/1524 2700/274/1524 2701/275/1524 2726/294/1524
f 2726/294/1525 2701/275/1525 2705/276/1525 2722/295/1525
f 2728/290/1526 2703/273/1526 2700/274/1526 2725/293/1526
f 2727/292/1527 2702/271/1527 2699/272/1527 2724/289/1527
f 2729/288/1528 2704/269/1528 2698/270/1528 2723/291/1528
f 2692/280/1529 2695/283/1529 2711/283/1529 2708/280/1529
f 2690/286/1530 2694/285/1530 2710/285/1530 2706/286/1530
f 2695/283/1531 2691/282/1531 2707/282/1531 2711/283/1531
f 2697/279/1532 2690/278/1532 2706/278/1532 2713/279/1532
f 2691/282/1533 2697/279/1533 2713/279/1533 2707/282/1533
f 2693/284/1534 2696/281/1534 2712/281/1534 2709/284/1534
f 2694/285/1535 2693/284/1535 2709/284/1535 2710/285/1535
f 2696/281/1536 2692/280/1536 2708/280/1536 2712/281/1536
f 2672/191/1537 2720/305/1537 2714/306/1537 2667/53/1537
f 2670/217/1538 2718/307/1538 2715/308/1538 2669/45/1538
f 2673/195/1539 2719/309/1539 2716/310/1539 2668/37/1539
f 2671/216/1540 2717/311/1540 2721/312/1540 2666/27/1540
f 2668/37/1541 2716/310/1541 2717/311/1541 2671/216/1541
f 2667/53/1542 2714/306/1542 2718/307/1542 2670/217/1542
f 2669/45/1543 2715/308/1543 2719/309/1543 2673/195/1543
f 2666/66/1544 2721/313/1544 2720/305/1544 2672/191/1544
f 2720/305/1545 2729/288/1545 2723/291/1545 2714/306/1545
f 2718/307/1546 2727/292/1546 2724/289/1546 2715/308/1546
f 2719/309/1547 2728/290/1547 2725/293/1547 2716/310/1547
f 2717/311/1548 2726/294/1548 2722/295/1548 2721/312/1548
f 2716/310/1549 2725/293/1549 2726/294/1549 2717/311/1549
f 2714/306/1550 2723/291/1550 2727/292/1550 2718/307/1550
f 2715/308/1551 2724/289/1551 2728/290/1551 2719/309/1551
f 2721/313/1552 2722/287/1552 2729/288/1552 2720/305/1552
f 2753/251/1553 2738/252/1553 2745/253/1553 2752/254/1553
f 2747/255/1554 2740/256/1554 2744/257/1554 2751/258/1554
f 2746/259/1555 2739/260/1555 2743/261/1555 2750/262/1555
f 2748/263/1556 2741/264/1556 2742/265/1556 2749/266/1556
f 2749/266/1557 2742/265/1557 2738/267/1557 2753/268/1557
f 2751/258/1558 2744/257/1558 2741/264/1558 2748/263/1558
f 2750/262/1559 2743/261/1559 2740/256/1559 2747/255/1559
f 2752/254/1560 2745/253/1560 2739/260/1560 2746/259/1560
f 2768/269/1561 2752/254/1561 2746/259/1561 2762/270/1561
f 2766/271/1562 2750/262/1562 2747/255/1562 2763/272/1562
f 2767/273/1563 2751/258/1563 2748/263/1563 2764/274/1563
f 2765/275/1564 2749/266/1564 2753/268/1564 2769/276/1564
f 2764/274/1565 2748/263/1565 2749/266/1565 2765/275/1565
f 2762/270/1566 2746/259/1566 2750/262/1566 2766/271/1566
f 2763/272/1567 2747/255/1567 2751/258/1567 2767/273/1567
f 2769/277/1568 2753/251/1568 2752/254/1568 2768/269/1568
f 2738/252/1569 2754/278/1569 2761/279/1569 2745/253/1569
f 2740/256/1570 2756/280/1570 2760/281/1570 2744/257/1570
f 2739/260/1571 2755/282/1571 2759/283/1571 2743/261/1571
f 2741/264/1572 2757/284/1572 2758/285/1572 2742/265/1572
f 2742/265/1573 2758/285/1573 2754/286/1573 2738/267/1573
f 2744/257/1574 2760/281/1574 2757/284/1574 2741/264/1574
f 2743/261/1575 2759/283/1575 2756/280/1575 2740/256/1575
f 2745/253/1576 2761/279/1576 2755/282/1576 2739/260/1576
f 2786/287/1577 2769/277/1577 2768/269/1577 2793/288/1577
f 2788/289/1578 2763/272/1578 2767/273/1578 2792/290/1578
f 2787/291/1579 2762/270/1579 2766/271/1579 2791/292/1579
f 2789/293/1580 2764/274/1580 2765/275/1580 2790/294/1580
f 2790/294/1581 2765/275/1581 2769/276/1581 2786/295/1581
f 2792/290/1582 2767/273/1582 2764/274/1582 2789/293/1582
f 2791/292/1583 2766/271/1583 2763/272/1583 2788/289/1583
f 2793/288/1584 2768/269/1584 2762/270/1584 2787/291/1584
f 2756/280/1585 2759/283/1585 2775/283/1585 2772/280/1585
f 2754/286/1586 2758/285/1586 2774/285/1586 2770/286/1586
f 2759/283/1587 2755/282/1587 2771/282/1587 2775/283/1587
f 2761/279/1588 2754/278/1588 2770/278/1588 2777/279/1588
f 2755/282/1589 2761/279/1589 2777/279/1589 2771/282/1589
f 2757/284/1590 2760/281/1590 2776/281/1590 2773/284/1590
f 2758/285/1591 2757/284/1591 2773/284/1591 2774/285/1591
f 2760/281/1592 2756/280/1592 2772/280/1592 2776/281/1592
f 2736/191/1593 2784/305/1593 2778/306/1593 2731/53/1593
f 2734/217/1594 2782/307/1594 2779/308/1594 2733/45/1594
f 2737/195/1595 2783/309/1595 2780/310/1595 2732/37/1595
f 2735/216/1596 2781/311/1596 2785/312/1596 2730/27/1596
f 2732/37/1597 2780/310/1597 2781/311/1597 2735/216/1597
f 2731/53/1598 2778/306/1598 2782/307/1598 2734/217/1598
f 2733/45/1599 2779/308/1599 2783/309/1599 2737/195/1599
f 2730/66/1600 2785/313/1600 2784/305/1600 2736/191/1600
f 2784/305/1601 2793/288/1601 2787/291/1601 2778/306/1601
f 2782/307/1602 2791/292/1602 2788/289/1602 2779/308/1602
f 2783/309/1603 2792/290/1603 2789/293/1603 2780/310/1603
f 2781/311/1604 2790/294/1604 2786/295/1604 2785/312/1604
f 2780/310/1605 2789/293/1605 2790/294/1605 2781/311/1605
f 2778/306/1606 2787/291/1606 2791/292/1606 2782/307/1606
f 2779/308/1607 2788/289/1607 2792/290/1607 2783/309/1607
f 2785/313/1608 2786/287/1608 2793/288/1608 2784/305/1608
f 2802/191/1609 2803/343/1609 2797/12/1609 2796/53/1609
f 2806/217/1610 2807/203/1610 2801/16/1610 2800/45/1610
f 2804/195/1611 2805/225/1611 2799/20/1611 2798/37/1611
f 2808/216/1612 2809/209/1612 2795/24/1612 2794/27/1612
f 2811/250/1613 2804/195/1613 2798/37/1613 2808/212/1613
f 2810/344/1614 2803/179/1614 2795/112/1614 2809/215/1614
f 2807/221/1614 2797/165/1614 2803/179/1614 2810/344/1614
f 2806/220/1613 2800/45/1613 2804/195/1613 2811/250/1613
f 2800/45/1615 2801/16/1615 2805/225/1615 2804/195/1615
f 2794/66/1616 2795/75/1616 2803/343/1616 2802/191/1616
f 2796/169/1613 2806/220/1613 2811/250/1613 2802/194/1613
f 2801/16/1614 2807/221/1614 2810/344/1614 2805/225/1614
f 2805/225/1614 2810/344/1614 2809/215/1614 2799/20/1614
f 2802/194/1613 2811/250/1613 2808/212/1613 2794/170/1613
f 2798/37/1617 2799/20/1617 2809/209/1617 2808/216/1617
f 2796/53/1618 2797/12/1618 2807/203/1618 2806/217/1618
f 2820/191/1619 2828/343/1619 2829/12/1619 2814/53/1619
f 2824/217/1620 2830/203/1620 2831/16/1620 2818/45/1620
f 2822/195/1621 2832/225/1621 2833/20/1621 2816/37/1621
f 2826/216/1622 2834/209/1622 2835/24/1622 2812/27/1622
f 2819/519/1623 2825/520/1623 2838/520/1623 2841/519/1623
f 2813/521/1624 2827/522/1624 2839/522/1624 2843/521/1624
f 2818/45/1625 2831/16/1625 2832/225/1625 2822/195/1625
f 2812/66/1626 2835/75/1626 2828/343/1626 2820/191/1626
f 2823/523/1627 2819/519/1627 2841/519/1627 2836/523/1627
f 2827/522/1628 2817/524/1628 2842/524/1628 2839/522/1628
f 2816/37/1629 2833/20/1629 2834/209/1629 2826/216/1629
f 2814/53/1630 2829/12/1630 2830/203/1630 2824/217/1630
f 2821/525/1631 2815/526/1631 2829/165/1631 2828/179/1631
f 2825/520/1631 2819/519/1631 2831/16/1631 2830/221/1631
f 2823/523/1631 2817/524/1631 2833/20/1631 2832/225/1631
f 2827/522/1631 2813/521/1631 2835/112/1631 2834/215/1631
f 2813/521/1631 2821/525/1631 2828/179/1631 2835/112/1631
f 2819/519/1631 2823/523/1631 2832/225/1631 2831/16/1631
f 2815/526/1631 2825/520/1631 2830/221/1631 2829/165/1631
f 2817/524/1631 2827/522/1631 2834/215/1631 2833/20/1631
f 2825/520/1632 2815/526/1632 2840/526/1632 2838/520/1632
f 2821/525/1633 2813/521/1633 2843/521/1633 2837/525/1633
f 2817/524/1634 2823/523/1634 2836/523/1634 2842/524/1634
f 2815/526/1635 2821/525/1635 2837/525/1635 2840/526/1635
f 2854/217/1636 2855/203/1636 2851/16/1636 2850/45/1636
f 2852/195/1637 2853/225/1637 2849/20/1637 2848/37/1637
f 2859/527/1638 2858/528/1638 2845/24/1638 2844/27/1638
f 2850/45/1639 2851/16/1639 2853/225/1639 2852/195/1639
f 2848/37/1640 2849/20/1640 2857/209/1640 2856/216/1640
f 2860/529/1641 2861/530/1641 2855/203/1641 2854/217/1641
f 2856/216/1642 2857/209/1642 2858/528/1642 2859/527/1642
f 2846/53/1643 2847/12/1643 2861/530/1643 2860/529/1643
f 3/1/1644 2862/4/1644 2863/3/1644 4/2/1644
f 2862/4/1645 2864/4/1645 2865/3/1645 2863/3/1645
f 2862/4/1646 2866/4/1646 2867/4/1646 2864/4/1646
f 3/1/1647 8/1/1647 2866/4/1647 2862/4/1647
f 2866/4/1648 2868/4/1648 2869/4/1648 2867/4/1648
f 8/1/1649 11/1/1649 2868/4/1649 2866/4/1649
f 2868/5/1650 2910/5/1650 2892/5/1650 2869/4/1650
f 14/1/1651 2870/5/1651 2910/5/1651 69/5/1651
f 2870/4/1652 2872/4/1652 2873/4/1652 2871/4/1652
f 14/1/1653 17/1/1653 2872/4/1653 2870/4/1653
f 2864/4/1654 2874/4/1654 2875/3/1654 2865/3/1654
f 2869/4/1655 2893/4/1655 2877/4/1655 2876/4/1655 2867/4/1655
f 2873/4/1656 2879/4/1656 2878/4/1656 2894/4/1656 2871/4/1656
f 2867/4/1657 2876/4/1657 2874/4/1657 2864/4/1657
f 2876/4/1658 2882/4/1658 2880/4/1658 2874/4/1658
f 2879/4/1659 2885/4/1659 2884/4/1659 2897/4/1659 2878/4/1659
f 2877/4/1660 2898/4/1660 2883/4/1660 2882/4/1660 2876/4/1660
f 2874/4/1661 2880/4/1661 2881/3/1661 2875/3/1661
f 2883/4/1662 2889/4/1662 2888/4/1662 2882/4/1662
f 2880/4/1663 2886/4/1663 2887/3/1663 2881/3/1663
f 2889/5/1664 2883/4/1664 2896/5/1664 2900/5/1664
f 2882/4/1665 2888/4/1665 2886/4/1665 2880/4/1665
f 2885/4/1666 2891/4/1666 2890/4/1666 2884/4/1666
f 2889/4/1667 40/4/1667 39/4/1667 2888/4/1667
f 2886/4/1668 37/4/1668 38/3/1668 2887/3/1668
f 2900/5/1669 2890/4/1669 41/4/1669 52/5/1669
f 2888/4/1670 39/4/1670 37/4/1670 2886/4/1670
f 2891/4/1671 42/4/1671 41/4/1671 2890/4/1671
f 2871/4/1672 2894/4/1672 2895/4/1672 2892/4/1672
f 2892/4/1673 2895/4/1673 2893/4/1673 2869/4/1673
f 2897/4/1674 2884/4/1674 2896/4/1674 2899/5/1674
f 2899/5/1675 2896/4/1675 2883/4/1675 2898/4/1675
f 2896/5/1676 2884/5/1676 2890/5/1676 2900/5/1676
f 52/5/1677 2900/5/1677 2889/5/1677 40/5/1677
f 2863/3/1678 2901/3/1678 54/2/1678 4/2/1678
f 2875/3/1679 2903/3/1679 2902/3/1679 2865/3/1679
f 2865/3/1680 2902/3/1680 2901/3/1680 2863/3/1680
f 2881/3/1681 2904/3/1681 2903/3/1681 2875/3/1681
f 38/3/1682 59/3/1682 2905/3/1682 2887/3/1682
f 2887/3/1683 2905/3/1683 2904/3/1683 2881/3/1683
f 64/6/1684 2908/3/1684 2905/3/1684 59/3/1684
f 66/7/1685 2909/3/1685 2906/3/1685 60/8/1685
f 60/8/1686 2906/3/1686 2907/3/1686 61/9/1686
f 61/9/1687 2907/3/1687 2908/3/1687 64/6/1687
f 54/2/1688 2901/3/1688 2909/3/1688 66/7/1688
f 2892/5/1689 2910/5/1689 2870/5/1689 2871/5/1689
f 2910/5/1690 69/5/1690 11/5/1690 2868/5/1690
f 2897/4/1691 2899/5/1691 2911/5/1691 2878/4/1691
f 2878/4/1692 2911/5/1692 2895/4/1692 2894/4/1692
f 2877/4/1693 2893/4/1693 2895/4/1693 2911/5/1693
f 2898/4/1694 2877/4/1694 2911/5/1694 2899/5/1694
f 2872/4/1695 17/1/1695 42/4/1695 2891/4/1695 2912/4/1695
f 2885/4/1696 2879/4/1696 2912/4/1696 2891/4/1696
f 2872/4/1697 2912/4/1697 2879/4/1697 2873/4/1697
f 2960/10/1698 2925/13/1698 2916/12/1698 2940/11/1698
f 2984/14/1699 2929/17/1699 2920/16/1699 2964/15/1699
f 2952/18/1700 2933/21/1700 2918/20/1700 2944/19/1700
f 2976/22/1701 2924/25/1701 2914/24/1701 2968/23/1701
f 2965/26/1702 2995/26/1702 2985/27/1702 2913/27/1702
f 2965/26/1703 2913/27/1703 2921/29/1703 2970/28/1703
f 2970/28/1704 2921/29/1704 2922/31/1704 2972/30/1704
f 2972/30/1705 2922/31/1705 2923/33/1705 2974/32/1705
f 2974/32/1706 2923/33/1706 2924/25/1706 2976/22/1706
f 2941/34/1707 2917/37/1707 2936/36/1707 2946/35/1707
f 2946/35/1708 2936/36/1708 2935/39/1708 2948/38/1708
f 2948/38/1709 2935/39/1709 2934/41/1709 2950/40/1709
f 2950/40/1710 2934/41/1710 2933/21/1710 2952/18/1710
f 2961/42/1711 2919/45/1711 2932/44/1711 2978/43/1711
f 2978/43/1712 2932/44/1712 2931/47/1712 2980/46/1712
f 2980/46/1713 2931/47/1713 2930/49/1713 2982/48/1713
f 2982/48/1714 2930/49/1714 2929/17/1714 2984/14/1714
f 2937/50/1715 2915/53/1715 2928/52/1715 2954/51/1715
f 2954/51/1716 2928/52/1716 2927/55/1716 2956/54/1716
f 2956/54/1717 2927/55/1717 2926/57/1717 2958/56/1717
f 2958/56/1718 2926/57/1718 2925/13/1718 2960/10/1718
f 2923/58/1719 2957/61/1719 2959/60/1719 2924/59/1719
f 2957/61/77 2958/56/77 2960/10/77 2959/60/77
f 2922/62/1720 2955/63/1720 2957/61/1720 2923/58/1720
f 2955/63/79 2956/54/79 2958/56/79 2957/61/79
f 2921/64/1721 2953/65/1721 2955/63/1721 2922/62/1721
f 2953/65/81 2954/51/81 2956/54/81 2955/63/81
f 2913/66/1722 2938/67/1722 2953/65/1722 2921/64/1722
f 2938/67/83 2937/50/83 2954/51/83 2953/65/83
f 2930/49/1723 2949/69/1723 2951/68/1723 2929/17/1723
f 2949/69/85 2950/40/85 2952/18/85 2951/68/85
f 2931/47/1724 2947/70/1724 2949/69/1724 2930/49/1724
f 2947/70/87 2948/38/87 2950/40/87 2949/69/87
f 2932/44/1725 2945/71/1725 2947/70/1725 2931/47/1725
f 2945/71/89 2946/35/89 2948/38/89 2947/70/89
f 2919/45/1726 2942/72/1726 2945/71/1726 2932/44/1726
f 2942/72/91 2941/34/91 2946/35/91 2945/71/91
f 2915/53/1727 2986/53/1727 2994/73/1727 2962/73/1727
f 2941/34/1728 2991/34/1728 2987/37/1728 2917/37/1728
f 2929/17/1729 2951/68/1729 2943/74/1729 2920/16/1729
f 2951/68/1730 2952/18/1730 2944/19/1730 2943/74/1730
f 2924/59/1731 2959/60/1731 2939/76/1731 2914/75/1731
f 2959/60/1732 2960/10/1732 2940/11/1732 2939/76/1732
f 2919/45/1733 2988/45/1733 2992/72/1733 2942/72/1733
f 2961/42/1734 2993/42/1734 2988/45/1734 2919/45/1734
f 2913/66/1735 2985/66/1735 2990/67/1735 2938/67/1735
f 2917/37/1736 2987/37/1736 2996/77/1736 2966/77/1736
f 2926/57/1737 2981/79/1737 2983/78/1737 2925/13/1737
f 2981/79/111 2982/48/111 2984/14/111 2983/78/111
f 2927/55/1738 2979/80/1738 2981/79/1738 2926/57/1738
f 2979/80/1739 2980/46/1739 2982/48/1739 2981/79/1739
f 2928/52/1740 2977/81/1740 2979/80/1740 2927/55/1740
f 2977/81/1741 2978/43/1741 2980/46/1741 2979/80/1741
f 2915/53/1742 2962/73/1742 2977/81/1742 2928/52/1742
f 2962/73/1743 2961/42/1743 2978/43/1743 2977/81/1743
f 2934/41/1744 2973/83/1744 2975/82/1744 2933/21/1744
f 2973/83/103 2974/32/103 2976/22/103 2975/82/103
f 2935/39/1745 2971/84/1745 2973/83/1745 2934/41/1745
f 2971/84/1746 2972/30/1746 2974/32/1746 2973/83/1746
f 2936/36/1747 2969/85/1747 2971/84/1747 2935/39/1747
f 2969/85/1748 2970/28/1748 2972/30/1748 2971/84/1748
f 2917/37/1749 2966/77/1749 2969/85/1749 2936/36/1749
f 2966/77/1750 2965/26/1750 2970/28/1750 2969/85/1750
f 2937/50/1751 2989/50/1751 2986/53/1751 2915/53/1751
f 2966/77/1752 2996/77/1752 2995/26/1752 2965/26/1752
f 2933/21/1753 2975/82/1753 2967/86/1753 2918/20/1753
f 2975/82/1754 2976/22/1754 2968/23/1754 2967/86/1754
f 2925/13/1755 2983/78/1755 2963/87/1755 2916/12/1755
f 2983/78/1756 2984/14/1756 2964/15/1756 2963/87/1756
f 2990/67/1757 3002/67/1757 2997/66/1757 2985/66/1757
f 2938/67/125 2990/67/125 2989/50/125 2937/50/125
f 2962/73/1758 2994/73/1758 2993/42/1758 2961/42/1758
f 2942/72/127 2992/72/127 2991/34/127 2941/34/127
f 2994/73/1759 3006/73/1759 2998/53/1759 2986/53/1759
f 2988/45/1760 3000/45/1760 3004/72/1760 2992/72/1760
f 2993/42/1761 3005/42/1761 3000/45/1761 2988/45/1761
f 2996/77/1762 3008/77/1762 2999/37/1762 2987/37/1762
f 2994/88/1763 3006/88/1763 3005/89/1763 2993/89/1763
f 2986/53/1764 2998/53/1764 3001/50/1764 2989/50/1764
f 2985/27/1765 2997/27/1765 3007/26/1765 2995/26/1765
f 2990/90/135 3002/90/135 3001/91/135 2989/91/135
f 2995/26/1766 3007/26/1766 3008/77/1766 2996/77/1766
f 2987/37/1767 2999/37/1767 3003/34/1767 2991/34/1767
f 2992/72/138 3004/72/138 3003/34/138 2991/34/138
f 3027/37/1768 3011/37/1768 3015/34/1768 3026/34/1768
f 3030/92/1769 3016/72/1769 3015/34/1769 3026/34/1769
f 3036/67/1770 3014/67/1770 3009/66/1770 3035/66/1770
f 3023/93/1771 3017/42/1771 3012/45/1771 3041/94/1771
f 3045/73/1772 3018/73/1772 3010/53/1772 3044/95/1772
f 3045/88/1773 3018/88/1773 3017/89/1773 3023/89/1773
f 3041/94/1774 3012/45/1774 3016/72/1774 3030/92/1774
f 3035/27/1775 3009/27/1775 3019/26/1775 3050/26/1775
f 3051/77/1776 3020/77/1776 3011/37/1776 3027/37/1776
f 3050/26/1777 3019/26/1777 3020/77/1777 3051/77/1777
f 3044/95/1778 3010/53/1778 3013/50/1778 3056/50/1778
f 3036/90/1779 3014/90/1779 3013/91/1779 3056/91/1779
f 3002/90/151 3038/90/151 3054/91/151 3001/91/151
f 3038/90/1780 3037/90/1780 3055/96/1780 3054/91/1780
f 3037/90/1781 3036/90/1781 3056/91/1781 3055/96/1781
f 2998/53/1782 3042/53/1782 3054/50/1782 3001/50/1782
f 3042/53/1783 3043/53/1783 3055/50/1783 3054/50/1783
f 3043/53/1784 3044/95/1784 3056/50/1784 3055/50/1784
f 3007/26/1785 3048/26/1785 3053/97/1785 3008/77/1785
f 3048/26/1786 3049/98/1786 3052/77/1786 3053/97/1786
f 3049/98/1787 3050/26/1787 3051/77/1787 3052/77/1787
f 3008/77/1788 3053/97/1788 3029/99/1788 2999/37/1788
f 3053/97/1789 3052/77/1789 3028/100/1789 3029/99/1789
f 3052/77/1790 3051/77/1790 3027/37/1790 3028/100/1790
f 2997/27/1791 3033/27/1791 3048/26/1791 3007/26/1791
f 3033/27/1792 3034/27/1792 3049/98/1792 3048/26/1792
f 3034/27/1793 3035/27/1793 3050/26/1793 3049/98/1793
f 3000/45/1794 3039/94/1794 3032/101/1794 3004/72/1794
f 3039/94/1795 3040/45/1795 3031/72/1795 3032/101/1795
f 3040/45/1796 3041/94/1796 3030/92/1796 3031/72/1796
f 3006/88/1797 3047/88/1797 3021/89/1797 3005/89/1797
f 3047/88/1798 3046/88/1798 3022/102/1798 3021/89/1798
f 3046/88/1799 3045/88/1799 3023/89/1799 3022/102/1799
f 3006/73/1800 3047/73/1800 3042/53/1800 2998/53/1800
f 3047/73/1801 3046/73/1801 3043/53/1801 3042/53/1801
f 3046/73/1802 3045/73/1802 3044/95/1802 3043/53/1802
f 3005/42/1803 3021/93/1803 3039/94/1803 3000/45/1803
f 3021/93/1804 3022/93/1804 3040/45/1804 3039/94/1804
f 3022/93/1805 3023/93/1805 3041/94/1805 3040/45/1805
f 3002/67/1806 3038/67/1806 3033/66/1806 2997/66/1806
f 3038/67/1807 3037/67/1807 3034/66/1807 3033/66/1807
f 3037/67/1808 3036/67/1808 3035/66/1808 3034/66/1808
f 3004/72/181 3032/101/181 3024/34/181 3003/34/181
f 3032/101/1809 3031/72/1809 3025/103/1809 3024/34/1809
f 3031/72/1810 3030/92/1810 3026/34/1810 3025/103/1810
f 2999/37/1811 3029/99/1811 3024/34/1811 3003/34/1811
f 3029/99/1812 3028/100/1812 3025/103/1812 3024/34/1812
f 3028/100/1813 3027/37/1813 3026/34/1813 3025/103/1813
f 3010/53/1814 3058/53/1814 3061/50/1814 3013/50/1814
f 3019/26/1815 3067/26/1815 3068/77/1815 3020/77/1815
f 3018/73/1816 3066/73/1816 3058/53/1816 3010/53/1816
f 3017/42/1817 3065/42/1817 3060/45/1817 3012/45/1817
f 3014/90/1818 3062/90/1818 3061/91/1818 3013/91/1818
f 3012/45/1819 3060/45/1819 3064/72/1819 3016/72/1819
f 3018/88/1820 3066/88/1820 3065/89/1820 3017/89/1820
f 3011/37/1821 3059/37/1821 3063/34/1821 3015/34/1821
f 3020/77/1822 3068/77/1822 3059/37/1822 3011/37/1822
f 3009/27/1823 3057/27/1823 3067/26/1823 3019/26/1823
f 3014/67/1824 3062/67/1824 3057/66/1824 3009/66/1824
f 3016/72/1825 3064/72/1825 3063/34/1825 3015/34/1825
f 3058/53/1826 3070/53/1826 3073/50/1826 3061/50/1826
f 3067/26/1827 3079/26/1827 3080/77/1827 3068/77/1827
f 3066/73/1828 3078/73/1828 3070/53/1828 3058/53/1828
f 3065/42/1829 3077/42/1829 3072/45/1829 3060/45/1829
f 3062/90/203 3074/90/203 3073/91/203 3061/91/203
f 3060/45/1830 3072/45/1830 3076/72/1830 3064/72/1830
f 3066/88/1831 3078/88/1831 3077/89/1831 3065/89/1831
f 3059/37/1832 3071/37/1832 3075/34/1832 3063/34/1832
f 3068/77/1833 3080/77/1833 3071/37/1833 3059/37/1833
f 3057/27/1834 3069/27/1834 3079/26/1834 3067/26/1834
f 3062/67/1835 3074/67/1835 3069/66/1835 3057/66/1835
f 3064/72/210 3076/72/210 3075/34/210 3063/34/210
f 3105/50/1836 3083/53/1836 3084/12/1836 3108/11/1836
f 3089/104/1837 3087/45/1837 3088/16/1837 3096/105/1837
f 3109/34/1838 3085/37/1838 3086/20/1838 3112/19/1838
f 3132/106/1839 3081/27/1839 3082/24/1839 3130/107/1839
f 3128/108/215 3100/109/215 3085/37/215 3109/34/215
f 3136/110/1840 3130/113/1840 3082/112/1840 3107/111/1840
f 3112/19/1841 3086/20/1841 3101/115/1841 3114/114/1841
f 3114/114/1842 3101/115/1842 3102/117/1842 3116/116/1842
f 3116/116/1843 3102/117/1843 3103/119/1843 3118/118/1843
f 3118/118/1844 3103/119/1844 3104/121/1844 3120/120/1844
f 3134/122/215 3132/125/215 3097/124/215 3122/123/215
f 3122/123/1845 3097/124/1845 3098/127/1845 3124/126/1845
f 3124/126/1846 3098/127/1846 3099/129/1846 3126/128/1846
f 3126/128/1847 3099/129/1847 3100/109/1847 3128/108/1847
f 3085/37/1848 3100/131/1848 3101/130/1848 3086/20/1848
f 3100/131/1849 3099/133/1849 3102/132/1849 3101/130/1849
f 3099/133/1850 3098/135/1850 3103/134/1850 3102/132/1850
f 3098/135/1851 3097/137/1851 3104/136/1851 3103/134/1851
f 3129/138/1852 3092/141/1852 3093/140/1852 3131/139/1852
f 3092/141/1853 3091/143/1853 3094/142/1853 3093/140/1853
f 3091/143/1854 3090/145/1854 3095/144/1854 3094/142/1854
f 3090/145/1855 3089/104/1855 3096/105/1855 3095/144/1855
f 3090/146/1856 3125/149/1856 3127/148/1856 3089/147/1856
f 3125/149/1857 3126/128/1857 3128/108/1857 3127/148/1857
f 3091/150/1858 3123/151/1858 3125/149/1858 3090/146/1858
f 3123/151/1859 3124/126/1859 3126/128/1859 3125/149/1859
f 3092/152/215 3121/153/215 3123/151/215 3091/150/215
f 3121/153/1860 3122/123/1860 3124/126/1860 3123/151/1860
f 3129/154/215 3133/155/215 3121/153/215 3092/152/215
f 3133/155/215 3134/122/215 3122/123/215 3121/153/215
f 3094/156/1861 3117/159/1861 3119/158/1861 3093/157/1861
f 3117/159/238 3118/118/238 3120/120/238 3119/158/238
f 3095/160/1862 3115/161/1862 3117/159/1862 3094/156/1862
f 3115/161/240 3116/116/240 3118/118/240 3117/159/240
f 3096/162/1863 3113/163/1863 3115/161/1863 3095/160/1863
f 3113/163/1864 3114/114/1864 3116/116/1864 3115/161/1864
f 3088/16/1865 3111/74/1865 3113/163/1865 3096/162/1865
f 3111/74/1866 3112/19/1866 3114/114/1866 3113/163/1866
f 3131/164/1867 3135/167/1867 3108/166/1867 3084/165/1867
f 3135/167/246 3136/110/246 3107/111/246 3108/166/246
f 3089/147/215 3127/148/215 3110/168/215 3087/45/215
f 3127/148/215 3128/108/215 3109/34/215 3110/168/215
f 3087/45/1868 3110/168/1868 3111/74/1868 3088/16/1868
f 3110/168/1869 3109/34/1869 3112/19/1869 3111/74/1869
f 3081/66/1870 3106/67/1870 3107/76/1870 3082/75/1870
f 3106/67/250 3105/50/250 3108/11/250 3107/76/250
f 3119/158/251 3120/120/251 3136/110/251 3135/167/251
f 3093/157/1871 3119/158/1871 3135/167/1871 3131/164/1871
f 3105/91/253 3106/90/253 3134/122/253 3133/155/253
f 3083/169/1872 3105/91/1872 3133/155/1872 3129/154/1872
f 3083/53/1873 3129/138/1873 3131/139/1873 3084/12/1873
f 3106/90/1874 3081/170/1874 3132/125/1874 3134/122/1874
f 3120/120/1875 3104/121/1875 3130/113/1875 3136/110/1875
f 3097/137/1876 3132/106/1876 3130/107/1876 3104/136/1876
f 3161/50/1877 3139/53/1877 3140/12/1877 3164/11/1877
f 3145/104/1878 3143/45/1878 3144/16/1878 3152/105/1878
f 3165/34/1879 3141/37/1879 3142/20/1879 3168/19/1879
f 3188/106/1880 3137/27/1880 3138/24/1880 3186/107/1880
f 3184/108/238 3156/109/238 3141/37/238 3165/34/238
f 3192/110/1881 3186/113/1881 3138/112/1881 3163/111/1881
f 3168/19/1882 3142/20/1882 3157/115/1882 3170/114/1882
f 3170/114/1883 3157/115/1883 3158/117/1883 3172/116/1883
f 3172/116/1884 3158/117/1884 3159/119/1884 3174/118/1884
f 3174/118/1885 3159/119/1885 3160/121/1885 3176/120/1885
f 3190/122/238 3188/125/238 3153/124/238 3178/123/238
f 3178/123/1886 3153/124/1886 3154/127/1886 3180/126/1886
f 3180/126/1887 3154/127/1887 3155/129/1887 3182/128/1887
f 3182/128/1888 3155/129/1888 3156/109/1888 3184/108/1888
f 3141/37/1889 3156/131/1889 3157/130/1889 3142/20/1889
f 3156/131/1890 3155/133/1890 3158/132/1890 3157/130/1890
f 3155/133/1891 3154/135/1891 3159/134/1891 3158/132/1891
f 3154/135/1892 3153/137/1892 3160/136/1892 3159/134/1892
f 3185/138/1893 3148/141/1893 3149/140/1893 3187/139/1893
f 3148/141/1894 3147/143/1894 3150/142/1894 3149/140/1894
f 3147/143/1895 3146/145/1895 3151/144/1895 3150/142/1895
f 3146/145/1896 3145/104/1896 3152/105/1896 3151/144/1896
f 3146/146/1897 3181/149/1897 3183/148/1897 3145/147/1897
f 3181/149/1898 3182/128/1898 3184/108/1898 3183/148/1898
f 3147/150/1899 3179/151/1899 3181/149/1899 3146/146/1899
f 3179/151/1900 3180/126/1900 3182/128/1900 3181/149/1900
f 3148/152/238 3177/153/238 3179/151/238 3147/150/238
f 3177/153/1901 3178/123/1901 3180/126/1901 3179/151/1901
f 3185/154/238 3189/155/238 3177/153/238 3148/152/238
f 3189/155/238 3190/122/238 3178/123/238 3177/153/238
f 3150/156/1902 3173/159/1902 3175/158/1902 3149/157/1902
f 3173/159/215 3174/118/215 3176/120/215 3175/158/215
f 3151/160/1903 3171/161/1903 3173/159/1903 3150/156/1903
f 3171/161/286 3172/116/286 3174/118/286 3173/159/286
f 3152/162/1904 3169/163/1904 3171/161/1904 3151/160/1904
f 3169/163/1905 3170/114/1905 3172/116/1905 3171/161/1905
f 3144/16/1906 3167/74/1906 3169/163/1906 3152/162/1906
f 3167/74/1907 3168/19/1907 3170/114/1907 3169/163/1907
f 3187/164/1908 3191/167/1908 3164/166/1908 3140/165/1908
f 3191/167/292 3192/110/292 3163/111/292 3164/166/292
f 3145/147/238 3183/148/238 3166/168/238 3143/45/238
f 3183/148/238 3184/108/238 3165/34/238 3166/168/238
f 3143/45/1909 3166/168/1909 3167/74/1909 3144/16/1909
f 3166/168/1910 3165/34/1910 3168/19/1910 3167/74/1910
f 3137/66/1911 3162/67/1911 3163/76/1911 3138/75/1911
f 3162/67/296 3161/50/296 3164/11/296 3163/76/296
f 3175/158/297 3176/120/297 3192/110/297 3191/167/297
f 3149/157/1912 3175/158/1912 3191/167/1912 3187/164/1912
f 3161/91/299 3162/90/299 3190/122/299 3189/155/299
f 3139/169/1913 3161/91/1913 3189/155/1913 3185/154/1913
f 3139/53/1914 3185/138/1914 3187/139/1914 3140/12/1914
f 3162/90/1915 3137/170/1915 3188/125/1915 3190/122/1915
f 3176/120/1916 3160/121/1916 3186/113/1916 3192/110/1916
f 3153/137/1917 3188/106/1917 3186/107/1917 3160/136/1917
f 3240/10/1918 3205/13/1918 3196/12/1918 3220/11/1918
f 3264/14/1919 3209/17/1919 3200/16/1919 3244/15/1919
f 3232/18/1920 3213/21/1920 3198/20/1920 3224/19/1920
f 3256/22/1921 3204/25/1921 3194/24/1921 3248/23/1921
f 3245/26/1922 3275/26/1922 3265/27/1922 3193/27/1922
f 3245/26/1923 3193/27/1923 3201/29/1923 3250/28/1923
f 3250/28/1924 3201/29/1924 3202/31/1924 3252/30/1924
f 3252/30/1925 3202/31/1925 3203/33/1925 3254/32/1925
f 3254/32/1926 3203/33/1926 3204/25/1926 3256/22/1926
f 3221/34/1927 3197/37/1927 3216/36/1927 3226/35/1927
f 3226/35/1928 3216/36/1928 3215/39/1928 3228/38/1928
f 3228/38/1929 3215/39/1929 3214/41/1929 3230/40/1929
f 3230/40/1930 3214/41/1930 3213/21/1930 3232/18/1930
f 3241/42/1931 3199/45/1931 3212/44/1931 3258/43/1931
f 3258/43/1932 3212/44/1932 3211/47/1932 3260/46/1932
f 3260/46/1933 3211/47/1933 3210/49/1933 3262/48/1933
f 3262/48/1934 3210/49/1934 3209/17/1934 3264/14/1934
f 3217/50/1935 3195/53/1935 3208/52/1935 3234/51/1935
f 3234/51/1936 3208/52/1936 3207/55/1936 3236/54/1936
f 3236/54/1937 3207/55/1937 3206/57/1937 3238/56/1937
f 3238/56/1938 3206/57/1938 3205/13/1938 3240/10/1938
f 3203/58/1939 3237/61/1939 3239/60/1939 3204/59/1939
f 3237/61/327 3238/56/327 3240/10/327 3239/60/327
f 3202/62/1940 3235/63/1940 3237/61/1940 3203/58/1940
f 3235/63/329 3236/54/329 3238/56/329 3237/61/329
f 3201/64/1941 3233/65/1941 3235/63/1941 3202/62/1941
f 3233/65/331 3234/51/331 3236/54/331 3235/63/331
f 3193/66/1942 3218/67/1942 3233/65/1942 3201/64/1942
f 3218/67/333 3217/50/333 3234/51/333 3233/65/333
f 3210/49/1943 3229/69/1943 3231/68/1943 3209/17/1943
f 3229/69/335 3230/40/335 3232/18/335 3231/68/335
f 3211/47/1944 3227/70/1944 3229/69/1944 3210/49/1944
f 3227/70/337 3228/38/337 3230/40/337 3229/69/337
f 3212/44/1945 3225/71/1945 3227/70/1945 3211/47/1945
f 3225/71/339 3226/35/339 3228/38/339 3227/70/339
f 3199/45/1946 3222/72/1946 3225/71/1946 3212/44/1946
f 3222/72/341 3221/34/341 3226/35/341 3225/71/341
f 3195/53/1947 3266/53/1947 3274/73/1947 3242/73/1947
f 3221/34/1948 3271/34/1948 3267/37/1948 3197/37/1948
f 3209/17/1949 3231/68/1949 3223/74/1949 3200/16/1949
f 3231/68/1950 3232/18/1950 3224/19/1950 3223/74/1950
f 3204/59/1951 3239/60/1951 3219/76/1951 3194/75/1951
f 3239/60/1952 3240/10/1952 3220/11/1952 3219/76/1952
f 3199/45/1953 3268/45/1953 3272/72/1953 3222/72/1953
f 3241/42/1954 3273/42/1954 3268/45/1954 3199/45/1954
f 3193/66/1955 3265/66/1955 3270/67/1955 3218/67/1955
f 3197/37/1956 3267/37/1956 3276/77/1956 3246/77/1956
f 3206/57/1957 3261/79/1957 3263/78/1957 3205/13/1957
f 3261/79/361 3262/48/361 3264/14/361 3263/78/361
f 3207/55/1958 3259/80/1958 3261/79/1958 3206/57/1958
f 3259/80/1959 3260/46/1959 3262/48/1959 3261/79/1959
f 3208/52/1960 3257/81/1960 3259/80/1960 3207/55/1960
f 3257/81/1961 3258/43/1961 3260/46/1961 3259/80/1961
f 3195/53/1962 3242/73/1962 3257/81/1962 3208/52/1962
f 3242/73/1963 3241/42/1963 3258/43/1963 3257/81/1963
f 3214/41/1964 3253/83/1964 3255/82/1964 3213/21/1964
f 3253/83/353 3254/32/353 3256/22/353 3255/82/353
f 3215/39/1965 3251/84/1965 3253/83/1965 3214/41/1965
f 3251/84/1966 3252/30/1966 3254/32/1966 3253/83/1966
f 3216/36/1967 3249/85/1967 3251/84/1967 3215/39/1967
f 3249/85/1968 3250/28/1968 3252/30/1968 3251/84/1968
f 3197/37/1969 3246/77/1969 3249/85/1969 3216/36/1969
f 3246/77/1970 3245/26/1970 3250/28/1970 3249/85/1970
f 3217/50/1971 3269/50/1971 3266/53/1971 3195/53/1971
f 3246/77/1972 3276/77/1972 3275/26/1972 3245/26/1972
f 3213/21/1973 3255/82/1973 3247/86/1973 3198/20/1973
f 3255/82/1974 3256/22/1974 3248/23/1974 3247/86/1974
f 3205/13/1975 3263/78/1975 3243/87/1975 3196/12/1975
f 3263/78/1976 3264/14/1976 3244/15/1976 3243/87/1976
f 3270/67/1977 3282/67/1977 3277/66/1977 3265/66/1977
f 3218/67/375 3270/67/375 3269/50/375 3217/50/375
f 3242/73/1978 3274/73/1978 3273/42/1978 3241/42/1978
f 3222/72/377 3272/72/377 3271/34/377 3221/34/377
f 3274/73/1979 3286/73/1979 3278/53/1979 3266/53/1979
f 3268/45/1980 3280/45/1980 3284/72/1980 3272/72/1980
f 3273/42/1981 3285/42/1981 3280/45/1981 3268/45/1981
f 3276/77/1982 3288/77/1982 3279/37/1982 3267/37/1982
f 3274/88/1983 3286/88/1983 3285/89/1983 3273/89/1983
f 3266/53/1984 3278/53/1984 3281/50/1984 3269/50/1984
f 3265/27/1985 3277/27/1985 3287/26/1985 3275/26/1985
f 3270/90/385 3282/90/385 3281/91/385 3269/91/385
f 3275/26/1986 3287/26/1986 3288/77/1986 3276/77/1986
f 3267/37/1987 3279/37/1987 3283/34/1987 3271/34/1987
f 3272/72/388 3284/72/388 3283/34/388 3271/34/388
f 3307/37/1988 3291/37/1988 3295/34/1988 3306/34/1988
f 3310/92/1989 3296/72/1989 3295/34/1989 3306/34/1989
f 3316/67/1990 3294/67/1990 3289/66/1990 3315/66/1990
f 3303/93/1991 3297/42/1991 3292/45/1991 3321/94/1991
f 3325/73/1992 3298/73/1992 3290/53/1992 3324/95/1992
f 3325/88/1993 3298/88/1993 3297/89/1993 3303/89/1993
f 3321/94/1994 3292/45/1994 3296/72/1994 3310/92/1994
f 3315/27/1995 3289/27/1995 3299/26/1995 3330/26/1995
f 3331/77/1996 3300/77/1996 3291/37/1996 3307/37/1996
f 3330/26/1997 3299/26/1997 3300/77/1997 3331/77/1997
f 3324/95/1998 3290/53/1998 3293/50/1998 3336/50/1998
f 3316/90/1999 3294/90/1999 3293/91/1999 3336/91/1999
f 3282/90/401 3318/90/401 3334/91/401 3281/91/401
f 3318/90/2000 3317/90/2000 3335/96/2000 3334/91/2000
f 3317/90/2001 3316/90/2001 3336/91/2001 3335/96/2001
f 3278/53/2002 3322/53/2002 3334/50/2002 3281/50/2002
f 3322/53/2003 3323/53/2003 3335/50/2003 3334/50/2003
f 3323/53/2004 3324/95/2004 3336/50/2004 3335/50/2004
f 3287/26/2005 3328/26/2005 3333/97/2005 3288/77/2005
f 3328/26/2006 3329/98/2006 3332/77/2006 3333/97/2006
f 3329/98/2007 3330/26/2007 3331/77/2007 3332/77/2007
f 3288/77/2008 3333/97/2008 3309/99/2008 3279/37/2008
f 3333/97/2009 3332/77/2009 3308/100/2009 3309/99/2009
f 3332/77/2010 3331/77/2010 3307/37/2010 3308/100/2010
f 3277/27/2011 3313/27/2011 3328/26/2011 3287/26/2011
f 3313/27/2012 3314/27/2012 3329/98/2012 3328/26/2012
f 3314/27/2013 3315/27/2013 3330/26/2013 3329/98/2013
f 3280/45/2014 3319/94/2014 3312/101/2014 3284/72/2014
f 3319/94/2015 3320/45/2015 3311/72/2015 3312/101/2015
f 3320/45/2016 3321/94/2016 3310/92/2016 3311/72/2016
f 3286/88/2017 3327/88/2017 3301/89/2017 3285/89/2017
f 3327/88/2018 3326/88/2018 3302/102/2018 3301/89/2018
f 3326/88/2019 3325/88/2019 3303/89/2019 3302/102/2019
f 3286/73/2020 3327/73/2020 3322/53/2020 3278/53/2020
f 3327/73/2021 3326/73/2021 3323/53/2021 3322/53/2021
f 3326/73/2022 3325/73/2022 3324/95/2022 3323/53/2022
f 3285/42/2023 3301/93/2023 3319/94/2023 3280/45/2023
f 3301/93/2024 3302/93/2024 3320/45/2024 3319/94/2024
f 3302/93/2025 3303/93/2025 3321/94/2025 3320/45/2025
f 3282/67/2026 3318/67/2026 3313/66/2026 3277/66/2026
f 3318/67/2027 3317/67/2027 3314/66/2027 3313/66/2027
f 3317/67/2028 3316/67/2028 3315/66/2028 3314/66/2028
f 3284/72/431 3312/101/431 3304/34/431 3283/34/431
f 3312/101/2029 3311/72/2029 3305/103/2029 3304/34/2029
f 3311/72/2030 3310/92/2030 3306/34/2030 3305/103/2030
f 3279/37/2031 3309/99/2031 3304/34/2031 3283/34/2031
f 3309/99/2032 3308/100/2032 3305/103/2032 3304/34/2032
f 3308/100/2033 3307/37/2033 3306/34/2033 3305/103/2033
f 3290/53/2034 3338/53/2034 3341/50/2034 3293/50/2034
f 3299/26/2035 3347/26/2035 3348/77/2035 3300/77/2035
f 3298/73/2036 3346/73/2036 3338/53/2036 3290/53/2036
f 3297/42/2037 3345/42/2037 3340/45/2037 3292/45/2037
f 3294/90/2038 3342/90/2038 3341/91/2038 3293/91/2038
f 3292/45/2039 3340/45/2039 3344/72/2039 3296/72/2039
f 3298/88/2040 3346/88/2040 3345/89/2040 3297/89/2040
f 3291/37/2041 3339/37/2041 3343/34/2041 3295/34/2041
f 3300/77/2042 3348/77/2042 3339/37/2042 3291/37/2042
f 3289/27/2043 3337/27/2043 3347/26/2043 3299/26/2043
f 3294/67/2044 3342/67/2044 3337/66/2044 3289/66/2044
f 3296/72/2045 3344/72/2045 3343/34/2045 3295/34/2045
f 3338/53/2046 3350/53/2046 3353/50/2046 3341/50/2046
f 3347/26/2047 3359/26/2047 3360/77/2047 3348/77/2047
f 3346/73/2048 3358/73/2048 3350/53/2048 3338/53/2048
f 3345/42/2049 3357/42/2049 3352/45/2049 3340/45/2049
f 3342/90/210 3354/90/210 3353/91/210 3341/91/210
f 3340/45/2050 3352/45/2050 3356/72/2050 3344/72/2050
f 3346/88/2051 3358/88/2051 3357/89/2051 3345/89/2051
f 3339/37/2052 3351/37/2052 3355/34/2052 3343/34/2052
f 3348/77/2053 3360/77/2053 3351/37/2053 3339/37/2053
f 3337/27/2054 3349/27/2054 3359/26/2054 3347/26/2054
f 3342/67/2055 3354/67/2055 3349/66/2055 3337/66/2055
f 3344/72/203 3356/72/203 3355/34/203 3343/34/203
f 3394/171/203 3372/173/203 3364/12/203 3386/172/203
f 3372/173/1394 3375/174/1394 3368/16/1394 3364/12/1394
f 3391/175/210 3378/177/210 3366/20/210 3388/176/210
f 3378/177/1393 3371/178/1393 3362/24/1393 3366/20/1393
f 3363/53/469 3382/53/469 3384/45/469 3367/45/469
f 3388/176/2056 3366/20/2056 3362/112/2056 3386/179/2056
f 3365/37/472 3361/27/472 3369/181/472 3380/180/472
f 3380/180/2057 3369/181/2057 3370/183/2057 3379/182/2057
f 3379/182/2058 3370/183/2058 3371/178/2058 3378/177/2058
f 3387/184/210 3365/37/210 3380/180/210 3389/185/210
f 3389/185/210 3380/180/210 3379/182/210 3390/186/210
f 3390/186/210 3379/182/210 3378/177/210 3391/175/210
f 3363/53/471 3367/45/471 3377/188/471 3374/187/471
f 3374/187/2059 3377/188/2059 3376/190/2059 3373/189/2059
f 3373/189/2060 3376/190/2060 3375/174/2060 3372/173/2060
f 3385/191/203 3363/53/203 3374/187/203 3392/192/203
f 3392/192/203 3374/187/203 3373/189/203 3393/193/203
f 3393/193/203 3373/189/203 3372/173/203 3394/171/203
f 3395/194/215 3381/170/215 3383/37/215 3396/195/215
f 3385/191/203 3395/191/203 3382/53/203 3363/53/203
f 3387/184/210 3396/195/210 3383/37/210 3365/37/210
f 3365/37/461 3383/37/461 3381/27/461 3361/27/461
f 3367/45/210 3384/45/210 3396/195/210 3387/184/210
f 3361/66/203 3381/66/203 3395/191/203 3385/191/203
f 3382/169/215 3395/194/215 3396/195/215 3384/45/215
f 3370/196/203 3393/193/203 3394/171/203 3371/197/203
f 3369/198/203 3392/192/203 3393/193/203 3370/196/203
f 3361/66/203 3385/191/203 3392/192/203 3369/198/203
f 3376/190/210 3390/186/210 3391/175/210 3375/174/210
f 3377/188/210 3389/185/210 3390/186/210 3376/190/210
f 3367/45/210 3387/184/210 3389/185/210 3377/188/210
f 3368/16/2061 3388/176/2061 3386/179/2061 3364/165/2061
f 3375/174/210 3391/175/210 3388/176/210 3368/16/210
f 3371/197/203 3394/171/203 3386/172/203 3362/75/203
f 3430/171/203 3408/173/203 3400/12/203 3422/172/203
f 3408/173/1394 3411/174/1394 3404/16/1394 3400/12/1394
f 3427/175/210 3414/177/210 3402/20/210 3424/176/210
f 3414/177/1393 3407/178/1393 3398/24/1393 3402/20/1393
f 3399/53/469 3418/53/469 3420/45/469 3403/45/469
f 3424/176/2056 3402/20/2056 3398/112/2056 3422/179/2056
f 3401/37/466 3397/27/466 3405/181/466 3416/180/466
f 3416/180/2057 3405/181/2057 3406/183/2057 3415/182/2057
f 3415/182/2058 3406/183/2058 3407/178/2058 3414/177/2058
f 3423/184/210 3401/37/210 3416/180/210 3425/185/210
f 3425/185/210 3416/180/210 3415/182/210 3426/186/210
f 3426/186/210 3415/182/210 3414/177/210 3427/175/210
f 3399/53/463 3403/45/463 3413/188/463 3410/187/463
f 3410/187/2059 3413/188/2059 3412/190/2059 3409/189/2059
f 3409/189/2060 3412/190/2060 3411/174/2060 3408/173/2060
f 3421/191/203 3399/53/203 3410/187/203 3428/192/203
f 3428/192/203 3410/187/203 3409/189/203 3429/193/203
f 3429/193/203 3409/189/203 3408/173/203 3430/171/203
f 3431/194/215 3417/170/215 3419/37/215 3432/195/215
f 3421/191/203 3431/191/203 3418/53/203 3399/53/203
f 3423/184/210 3432/195/210 3419/37/210 3401/37/210
f 3401/37/461 3419/37/461 3417/27/461 3397/27/461
f 3403/45/210 3420/45/210 3432/195/210 3423/184/210
f 3397/66/203 3417/66/203 3431/191/203 3421/191/203
f 3418/169/215 3431/194/215 3432/195/215 3420/45/215
f 3406/196/203 3429/193/203 3430/171/203 3407/197/203
f 3405/198/203 3428/192/203 3429/193/203 3406/196/203
f 3397/66/203 3421/191/203 3428/192/203 3405/198/203
f 3412/190/210 3426/186/210 3427/175/210 3411/174/210
f 3413/188/210 3425/185/210 3426/186/210 3412/190/210
f 3403/45/210 3423/184/210 3425/185/210 3413/188/210
f 3404/16/2061 3424/176/2061 3422/179/2061 3400/165/2061
f 3411/174/210 3427/175/210 3424/176/210 3404/16/210
f 3407/197/203 3430/171/203 3422/172/203 3398/75/203
f 3456/199/2062 3442/201/2062 3436/12/2062 3452/200/2062
f 3450/202/2063 3443/204/2063 3440/16/2063 3446/203/2063
f 3455/205/475 3444/207/475 3438/20/475 3454/206/475
f 3449/208/461 3441/183/461 3434/24/461 3448/209/461
f 3458/210/476 3447/212/476 3437/37/476 3453/211/476
f 3457/213/477 3448/215/477 3434/112/477 3452/214/477
f 3447/216/461 3433/27/461 3441/183/461 3449/208/461
f 3453/211/478 3437/37/478 3444/207/478 3455/205/478
f 3445/217/2064 3439/45/2064 3443/204/2064 3450/202/2064
f 3451/218/480 3435/53/480 3442/201/480 3456/199/480
f 3435/53/2065 3445/217/2065 3450/202/2065 3442/201/2065
f 3437/37/461 3447/216/461 3449/208/461 3444/207/461
f 3454/206/2066 3438/20/2066 3448/215/2066 3457/213/2066
f 3451/219/483 3433/170/483 3447/212/483 3458/210/483
f 3444/207/461 3449/208/461 3448/209/461 3438/20/461
f 3442/201/2067 3450/202/2067 3446/203/2067 3436/12/2067
f 3435/169/483 3451/219/483 3458/210/483 3445/220/483
f 3440/16/2068 3454/206/2068 3457/213/2068 3446/221/2068
f 3433/66/480 3451/218/480 3456/199/480 3441/196/480
f 3439/45/478 3453/211/478 3455/205/478 3443/204/478
f 3446/221/2069 3457/213/2069 3452/214/2069 3436/165/2069
f 3445/220/476 3458/210/476 3453/211/476 3439/45/476
f 3443/204/2070 3455/205/2070 3454/206/2070 3440/16/2070
f 3441/196/488 3456/199/488 3452/200/488 3434/75/488
f 3472/222/2071 3465/201/2071 3461/12/2071 3468/172/2071
f 3476/223/2072 3484/223/2072 3482/201/2072 3465/201/2072
f 3471/224/2073 3454/207/2073 3462/20/2073 3470/225/2073
f 3457/226/2074 3452/183/2074 3459/24/2074 3475/227/2074
f 3478/228/2075 3446/230/2075 3440/37/2075 3469/229/2075
f 3477/231/2076 3475/232/2076 3459/112/2076 3468/179/2076
f 3469/229/2077 3440/37/2077 3454/207/2077 3471/224/2077
f 3473/233/2078 3463/45/2078 3466/204/2078 3476/234/2078
f 3467/191/2079 3460/53/2079 3465/201/2079 3472/222/2079
f 3436/66/2080 3467/191/2080 3472/222/2080 3452/196/2080
f 3463/45/210 3469/229/210 3471/224/210 3466/204/210
f 3474/235/2081 3477/231/2081 3468/179/2081 3461/165/2081
f 3473/236/2082 3478/228/2082 3469/229/2082 3463/45/2082
f 3466/204/2083 3471/224/2083 3470/225/2083 3464/16/2083
f 3452/196/2084 3472/222/2084 3468/172/2084 3459/75/2084
f 3460/169/2085 3467/194/2085 3478/238/2085 3473/237/2085
f 3464/16/2086 3470/225/2086 3477/240/2086 3474/239/2086
f 3460/53/2087 3473/241/2087 3476/223/2087 3465/201/2087
f 3470/225/2088 3462/20/2088 3475/242/2088 3477/240/2088
f 3467/194/2089 3436/170/2089 3446/243/2089 3478/238/2089
f 3454/207/2090 3457/245/2090 3475/244/2090 3462/20/2090
f 3465/201/2091 3482/201/2091 3481/12/2091 3461/12/2091
f 3484/234/2092 3483/204/2092 3480/16/2092 3479/246/2092
f 3482/201/2093 3484/223/2093 3479/247/2093 3481/12/2093
f 3466/204/2094 3483/204/2094 3484/234/2094 3476/234/2094
f 3474/239/2095 3479/239/2095 3480/16/2095 3464/16/2095
f 3464/16/2096 3480/16/2096 3483/204/2096 3466/204/2096
f 3461/165/2097 3481/165/2097 3479/235/2097 3474/235/2097
f 3493/196/488 3494/201/488 3488/12/488 3486/75/488
f 3494/201/2098 3503/201/2098 3510/12/2098 3488/12/2098
f 3495/204/475 3496/207/475 3490/20/475 3492/16/475
f 3501/208/461 3493/183/461 3486/24/461 3500/209/461
f 3497/220/517 3499/212/517 3489/37/517 3491/45/517
f 3498/221/518 3500/215/518 3486/112/518 3488/165/518
f 3501/208/215 3521/208/215 3520/183/215 3493/183/215
f 3497/220/2099 3505/220/2099 3504/169/2099 3487/169/2099
f 3495/204/2100 3508/204/2100 3509/45/2100 3491/45/2100
f 3492/16/521 3490/20/521 3500/215/521 3498/221/521
f 3487/169/522 3485/170/522 3499/212/522 3497/220/522
f 3496/207/461 3501/208/461 3500/209/461 3490/20/461
f 3488/165/2101 3510/165/2101 3506/221/2101 3498/221/2101
f 3508/204/478 3515/204/478 3516/45/478 3509/45/478
f 3507/16/475 3514/16/475 3515/204/475 3508/204/475
f 3509/45/517 3516/45/517 3512/220/517 3505/220/517
f 3504/53/480 3511/53/480 3502/201/480 3503/201/480
f 3491/45/2102 3509/45/2102 3505/220/2102 3497/220/2102
f 3498/221/2103 3506/221/2103 3507/16/2103 3492/16/2103
f 3492/16/2104 3507/16/2104 3508/204/2104 3495/204/2104
f 3487/53/2105 3504/53/2105 3503/201/2105 3494/201/2105
f 3518/202/469 3515/204/469 3514/16/469 3513/203/469
f 3512/217/469 3516/45/469 3515/204/469 3518/202/469
f 3511/53/469 3512/217/469 3518/202/469 3502/201/469
f 3502/201/469 3518/202/469 3513/203/469 3517/12/469
f 3505/220/522 3512/220/522 3511/169/522 3504/169/522
f 3510/165/518 3517/165/518 3513/221/518 3506/221/518
f 3503/201/488 3502/201/488 3517/12/488 3510/12/488
f 3506/221/521 3513/221/521 3514/16/521 3507/16/521
f 3499/216/2106 3485/27/2106 3520/183/2106 3521/208/2106
f 3489/37/2107 3499/216/2107 3521/208/2107 3519/207/2107
f 3496/207/215 3519/207/215 3521/208/215 3501/208/215
f 3496/207/478 3495/204/478 3491/45/478 3489/37/478 3519/207/478
f 3485/27/480 3487/53/480 3494/201/480 3520/183/480
f 3539/222/2108 3531/201/2108 3525/12/2108 3535/172/2108
f 3550/223/2109 3563/223/2109 3559/201/2109 3531/201/2109
f 3538/224/2110 3533/207/2110 3527/20/2110 3537/225/2110
f 3549/226/2111 3530/183/2111 3523/24/2111 3547/227/2111
f 3554/228/2112 3545/230/2112 3526/37/2112 3536/229/2112
f 3552/231/2113 3547/232/2113 3523/112/2113 3535/179/2113
f 3544/248/2114 3522/27/2114 3530/183/2114 3549/226/2114
f 3536/229/2115 3526/37/2115 3533/207/2115 3538/224/2115
f 3540/233/2116 3528/45/2116 3532/204/2116 3551/234/2116
f 3534/191/539 3524/53/539 3531/201/539 3539/222/539
f 3522/66/2117 3534/191/2117 3539/222/2117 3530/196/2117
f 3528/45/210 3536/229/210 3538/224/210 3532/204/210
f 3542/235/2118 3552/231/2118 3535/179/2118 3525/165/2118
f 3540/236/2119 3554/228/2119 3536/229/2119 3528/45/2119
f 3532/204/2120 3538/224/2120 3537/225/2120 3529/16/2120
f 3530/196/2121 3539/222/2121 3535/172/2121 3523/75/2121
f 3524/169/2122 3534/194/2122 3555/238/2122 3541/237/2122
f 3541/237/2123 3555/238/2123 3554/228/2123 3540/236/2123
f 3529/16/2124 3537/225/2124 3553/240/2124 3543/239/2124
f 3543/239/2125 3553/240/2125 3552/231/2125 3542/235/2125
f 3524/53/2126 3541/241/2126 3550/223/2126 3531/201/2126
f 3541/241/2127 3540/233/2127 3551/234/2127 3550/223/2127
f 3526/37/2128 3545/249/2128 3548/245/2128 3533/207/2128
f 3545/249/2129 3544/248/2129 3549/226/2129 3548/245/2129
f 3537/225/2130 3527/20/2130 3546/242/2130 3553/240/2130
f 3553/240/2131 3546/242/2131 3547/232/2131 3552/231/2131
f 3534/194/2132 3522/170/2132 3544/243/2132 3555/238/2132
f 3555/238/2133 3544/243/2133 3545/230/2133 3554/228/2133
f 3533/207/2134 3548/245/2134 3546/244/2134 3527/20/2134
f 3548/245/2135 3549/226/2135 3547/227/2135 3546/244/2135
f 3531/201/2136 3559/201/2136 3558/12/2136 3525/12/2136
f 3542/235/2137 3562/235/2137 3556/239/2137 3543/239/2137
f 3561/234/2138 3560/204/2138 3557/16/2138 3556/246/2138
f 3559/201/2139 3563/223/2139 3562/247/2139 3558/12/2139
f 3563/223/2140 3561/234/2140 3556/246/2140 3562/247/2140
f 3532/204/2141 3560/204/2141 3561/234/2141 3551/234/2141
f 3543/239/2142 3556/239/2142 3557/16/2142 3529/16/2142
f 3529/16/2143 3557/16/2143 3560/204/2143 3532/204/2143
f 3525/165/2144 3558/165/2144 3562/235/2144 3542/235/2144
f 3551/234/2145 3561/234/2145 3563/223/2145 3550/223/2145
f 3572/250/2146 3569/212/2146 3566/37/2146 3571/195/2146
f 3570/194/2147 3564/170/2147 3569/212/2147 3572/250/2147
f 3565/169/2146 3570/194/2146 3572/250/2146 3568/220/2146
f 3568/220/2147 3572/250/2147 3571/195/2147 3567/45/2147
f 3588/251/1105 3587/254/1105 3580/253/1105 3573/252/1105
f 3582/255/1104 3586/258/1104 3579/257/1104 3575/256/1104
f 3581/259/1107 3585/262/1107 3578/261/1107 3574/260/1107
f 3583/263/1106 3584/266/1106 3577/265/1106 3576/264/1106
f 3584/266/1110 3588/268/1110 3573/267/1110 3577/265/1110
f 3586/258/1111 3583/263/1111 3576/264/1111 3579/257/1111
f 3585/262/1108 3582/255/1108 3575/256/1108 3578/261/1108
f 3587/254/1109 3581/259/1109 3574/260/1109 3580/253/1109
f 3603/269/2148 3597/270/2148 3581/259/2148 3587/254/2148
f 3601/271/2149 3598/272/2149 3582/255/2149 3585/262/2149
f 3602/273/2150 3599/274/2150 3583/263/2150 3586/258/2150
f 3600/275/2151 3604/276/2151 3588/268/2151 3584/266/2151
f 3599/274/2152 3600/275/2152 3584/266/2152 3583/263/2152
f 3597/270/2153 3601/271/2153 3585/262/2153 3581/259/2153
f 3598/272/2154 3602/273/2154 3586/258/2154 3582/255/2154
f 3604/277/2155 3603/269/2155 3587/254/2155 3588/251/2155
f 3573/252/2156 3580/253/2156 3596/279/2156 3589/278/2156
f 3575/256/2157 3579/257/2157 3595/281/2157 3591/280/2157
f 3574/260/2158 3578/261/2158 3594/283/2158 3590/282/2158
f 3576/264/2159 3577/265/2159 3593/285/2159 3592/284/2159
f 3577/265/2160 3573/267/2160 3589/286/2160 3593/285/2160
f 3579/257/2161 3576/264/2161 3592/284/2161 3595/281/2161
f 3578/261/2162 3575/256/2162 3591/280/2162 3594/283/2162
f 3580/253/2163 3574/260/2163 3590/282/2163 3596/279/2163
f 3686/287/1129 3693/288/1129 3603/269/1129 3604/277/1129
f 3688/289/1128 3692/290/1128 3602/273/1128 3598/272/1128
f 3687/291/1131 3691/292/1131 3601/271/1131 3597/270/1131
f 3689/293/1130 3690/294/1130 3600/275/1130 3599/274/1130
f 3690/294/1134 3686/295/1134 3604/276/1134 3600/275/1134
f 3692/290/1135 3689/293/1135 3599/274/1135 3602/273/1135
f 3691/292/1132 3688/289/1132 3598/272/1132 3601/271/1132
f 3693/288/1133 3687/291/1133 3597/270/1133 3603/269/1133
f 3591/280/603 3607/280/603 3610/283/603 3594/283/603
f 3589/286/604 3605/286/604 3609/285/604 3593/285/604
f 3594/283/605 3610/283/605 3606/282/605 3590/282/605
f 3596/279/606 3612/279/606 3605/278/606 3589/278/606
f 3590/282/607 3606/282/607 3612/279/607 3596/279/607
f 3592/284/608 3608/284/608 3611/281/608 3595/281/608
f 3593/285/609 3609/285/609 3608/284/609 3592/284/609
f 3595/281/610 3611/281/610 3607/280/610 3591/280/610
f 3621/250/2146 3618/212/2146 3615/37/2146 3620/195/2146
f 3619/194/2147 3613/170/2147 3618/212/2147 3621/250/2147
f 3614/169/2146 3619/194/2146 3621/250/2146 3617/220/2146
f 3617/220/2147 3621/250/2147 3620/195/2147 3616/45/2147
f 3637/251/1105 3636/254/1105 3629/253/1105 3622/252/1105
f 3631/255/1104 3635/258/1104 3628/257/1104 3624/256/1104
f 3630/259/1107 3634/262/1107 3627/261/1107 3623/260/1107
f 3632/263/1106 3633/266/1106 3626/265/1106 3625/264/1106
f 3633/266/1110 3637/268/1110 3622/267/1110 3626/265/1110
f 3635/258/1111 3632/263/1111 3625/264/1111 3628/257/1111
f 3634/262/1108 3631/255/1108 3624/256/1108 3627/261/1108
f 3636/254/1109 3630/259/1109 3623/260/1109 3629/253/1109
f 3652/269/2148 3646/270/2148 3630/259/2148 3636/254/2148
f 3650/271/2149 3647/272/2149 3631/255/2149 3634/262/2149
f 3651/273/2150 3648/274/2150 3632/263/2150 3635/258/2150
f 3649/275/2164 3653/276/2164 3637/268/2164 3633/266/2164
f 3648/274/2152 3649/275/2152 3633/266/2152 3632/263/2152
f 3646/270/2153 3650/271/2153 3634/262/2153 3630/259/2153
f 3647/272/2154 3651/273/2154 3635/258/2154 3631/255/2154
f 3653/277/2155 3652/269/2155 3636/254/2155 3637/251/2155
f 3622/252/2165 3629/253/2165 3645/279/2165 3638/278/2165
f 3624/256/2166 3628/257/2166 3644/281/2166 3640/280/2166
f 3623/260/2167 3627/261/2167 3643/283/2167 3639/282/2167
f 3625/264/2168 3626/265/2168 3642/285/2168 3641/284/2168
f 3626/265/2169 3622/267/2169 3638/286/2169 3642/285/2169
f 3628/257/2170 3625/264/2170 3641/284/2170 3644/281/2170
f 3627/261/2171 3624/256/2171 3640/280/2171 3643/283/2171
f 3629/253/2172 3623/260/2172 3639/282/2172 3645/279/2172
f 3678/296/1147 3685/297/1147 3652/269/1147 3653/277/1147
f 3680/298/2173 3684/299/2173 3651/273/2173 3647/272/2173
f 3679/300/1149 3683/301/1149 3650/271/1149 3646/270/1149
f 3681/302/1148 3682/303/1148 3649/275/1148 3648/274/1148
f 3682/303/1151 3678/304/1151 3653/276/1151 3649/275/1151
f 3684/299/608 3681/302/608 3648/274/608 3651/273/608
f 3683/301/1150 3680/298/1150 3647/272/1150 3650/271/1150
f 3685/297/607 3679/300/607 3646/270/607 3652/269/607
f 3640/280/2174 3656/280/2174 3659/283/2174 3643/283/2174
f 3638/286/2175 3654/286/2175 3658/285/2175 3642/285/2175
f 3643/283/2176 3659/283/2176 3655/282/2176 3639/282/2176
f 3645/279/2177 3661/279/2177 3654/278/2177 3638/278/2177
f 3639/282/2178 3655/282/2178 3661/279/2178 3645/279/2178
f 3641/284/2179 3657/284/2179 3660/281/2179 3644/281/2179
f 3642/285/2180 3658/285/2180 3657/284/2180 3641/284/2180
f 3644/281/2181 3660/281/2181 3656/280/2181 3640/280/2181
f 3570/191/1133 3565/53/1133 3662/306/1133 3668/305/1133
f 3568/217/1132 3567/45/1132 3663/308/1132 3666/307/1132
f 3571/195/1135 3566/37/1135 3664/310/1135 3667/309/1135
f 3569/216/1134 3564/27/1134 3669/312/1134 3665/311/1134
f 3566/37/1130 3569/216/1130 3665/311/1130 3664/310/1130
f 3565/53/1131 3568/217/1131 3666/307/1131 3662/306/1131
f 3567/45/1128 3571/195/1128 3667/309/1128 3663/308/1128
f 3564/66/1129 3570/191/1129 3668/305/1129 3669/313/1129
f 3619/191/607 3614/53/607 3670/314/607 3676/297/607
f 3617/217/1150 3616/45/1150 3671/298/1150 3674/315/1150
f 3620/195/608 3615/37/608 3672/302/608 3675/316/608
f 3618/216/1151 3613/27/1151 3677/318/1151 3673/317/1151
f 3615/37/1148 3618/216/1148 3673/317/1148 3672/302/1148
f 3614/53/2182 3617/217/2182 3674/315/2182 3670/314/2182
f 3616/45/1146 3620/195/1146 3675/316/1146 3671/298/1146
f 3613/66/1147 3619/191/1147 3676/297/1147 3677/296/1147
f 3676/297/2183 3670/314/2183 3679/300/2183 3685/297/2183
f 3674/315/2184 3671/298/2184 3680/298/2184 3683/301/2184
f 3675/316/2185 3672/302/2185 3681/302/2185 3684/299/2185
f 3673/317/2186 3677/318/2186 3678/304/2186 3682/303/2186
f 3672/302/2187 3673/317/2187 3682/303/2187 3681/302/2187
f 3670/314/2188 3674/315/2188 3683/301/2188 3679/300/2188
f 3671/298/2189 3675/316/2189 3684/299/2189 3680/298/2189
f 3677/296/2190 3676/297/2190 3685/297/2190 3678/296/2190
f 3668/305/2191 3662/306/2191 3687/291/2191 3693/288/2191
f 3666/307/2192 3663/308/2192 3688/289/2192 3691/292/2192
f 3667/309/2193 3664/310/2193 3689/293/2193 3692/290/2193
f 3665/311/2194 3669/312/2194 3686/295/2194 3690/294/2194
f 3664/310/2195 3665/311/2195 3690/294/2195 3689/293/2195
f 3662/306/2196 3666/307/2196 3691/292/2196 3687/291/2196
f 3663/308/2197 3667/309/2197 3692/290/2197 3688/289/2197
f 3669/313/2198 3668/305/2198 3693/288/2198 3686/287/2198
f 3702/196/652 3703/201/652 3697/12/652 3695/75/652
f 3711/202/2199 3704/204/2199 3701/16/2199 3707/203/2199
f 3704/204/654 3705/207/654 3699/20/654 3701/16/654
f 3710/208/2200 3702/183/2200 3695/24/2200 3709/209/2200
f 3706/220/656 3708/212/656 3698/37/656 3700/45/656
f 3707/221/657 3709/215/657 3695/112/657 3697/165/657
f 3708/216/2201 3694/27/2201 3702/183/2201 3710/208/2201
f 3700/45/659 3698/37/659 3705/207/659 3704/204/659
f 3706/217/2202 3700/45/2202 3704/204/2202 3711/202/2202
f 3694/66/661 3696/53/661 3703/201/661 3702/196/661
f 3696/53/2203 3706/217/2203 3711/202/2203 3703/201/2203
f 3698/37/2204 3708/216/2204 3710/208/2204 3705/207/2204
f 3701/16/664 3699/20/664 3709/215/664 3707/221/664
f 3696/169/665 3694/170/665 3708/212/665 3706/220/665
f 3705/207/2205 3710/208/2205 3709/209/2205 3699/20/2205
f 3703/201/2206 3711/202/2206 3707/203/2206 3697/12/2206
f 3721/319/668 3722/320/668 3715/12/668 3713/75/668
f 3722/320/671 3724/321/671 3719/16/671 3715/12/671
f 3724/321/670 3726/322/670 3717/20/670 3719/16/670
f 3726/322/669 3721/323/669 3713/24/669 3717/20/669
f 3714/169/215 3712/170/215 3716/37/215 3718/45/215
f 3719/16/238 3717/20/238 3713/112/238 3715/165/238
f 3716/37/674 3712/27/674 3720/325/674 3727/324/674
f 3727/324/461 3720/325/461 3721/323/461 3726/322/461
f 3718/45/673 3716/37/673 3727/324/673 3725/326/673
f 3725/326/210 3727/324/210 3726/322/210 3724/321/210
f 3714/53/672 3718/45/672 3725/326/672 3723/327/672
f 3723/327/469 3725/326/469 3724/321/469 3722/320/469
f 3712/66/675 3714/53/675 3723/327/675 3720/328/675
f 3720/328/203 3723/327/203 3722/320/203 3721/319/203
f 3737/319/668 3738/320/668 3731/12/668 3729/75/668
f 3738/320/671 3740/321/671 3735/16/671 3731/12/671
f 3740/321/670 3742/322/670 3733/20/670 3735/16/670
f 3742/322/669 3737/323/669 3729/24/669 3733/20/669
f 3730/169/215 3728/170/215 3732/37/215 3734/45/215
f 3735/16/238 3733/20/238 3729/112/238 3731/165/238
f 3732/37/674 3728/27/674 3736/325/674 3743/324/674
f 3743/324/461 3736/325/461 3737/323/461 3742/322/461
f 3734/45/673 3732/37/673 3743/324/673 3741/326/673
f 3741/326/210 3743/324/210 3742/322/210 3740/321/210
f 3730/53/672 3734/45/672 3741/326/672 3739/327/672
f 3739/327/469 3741/326/469 3740/321/469 3738/320/469
f 3728/66/675 3730/53/675 3739/327/675 3736/328/675
f 3736/328/203 3739/327/203 3738/320/203 3737/319/203
f 3753/319/668 3754/320/668 3747/12/668 3745/75/668
f 3754/320/671 3756/321/671 3751/16/671 3747/12/671
f 3756/321/670 3758/322/670 3749/20/670 3751/16/670
f 3758/322/669 3753/323/669 3745/24/669 3749/20/669
f 3746/169/215 3744/170/215 3748/37/215 3750/45/215
f 3751/16/238 3749/20/238 3745/112/238 3747/165/238
f 3748/37/674 3744/27/674 3752/325/674 3759/324/674
f 3759/324/461 3752/325/461 3753/323/461 3758/322/461
f 3750/45/673 3748/37/673 3759/324/673 3757/326/673
f 3757/326/210 3759/324/210 3758/322/210 3756/321/210
f 3746/53/672 3750/45/672 3757/326/672 3755/327/672
f 3755/327/469 3757/326/469 3756/321/469 3754/320/469
f 3744/66/675 3746/53/675 3755/327/675 3752/328/675
f 3752/328/203 3755/327/203 3754/320/203 3753/319/203
f 3769/319/668 3770/320/668 3763/12/668 3761/75/668
f 3770/320/671 3772/321/671 3767/16/671 3763/12/671
f 3772/321/670 3774/322/670 3765/20/670 3767/16/670
f 3774/322/669 3769/323/669 3761/24/669 3765/20/669
f 3762/169/215 3760/170/215 3764/37/215 3766/45/215
f 3767/16/238 3765/20/238 3761/112/238 3763/165/238
f 3764/37/674 3760/27/674 3768/325/674 3775/324/674
f 3775/324/461 3768/325/461 3769/323/461 3774/322/461
f 3766/45/673 3764/37/673 3775/324/673 3773/326/673
f 3773/326/210 3775/324/210 3774/322/210 3772/321/210
f 3762/53/672 3766/45/672 3773/326/672 3771/327/672
f 3771/327/469 3773/326/469 3772/321/469 3770/320/469
f 3760/66/675 3762/53/675 3771/327/675 3768/328/675
f 3768/328/203 3771/327/203 3770/320/203 3769/319/203
f 3799/329/2207 3785/207/2207 3781/20/2207 3793/19/2207
f 3797/330/2208 3782/212/2208 3780/37/2208 3790/34/2208
f 3795/331/2209 3783/215/2209 3779/112/2209 3788/111/2209
f 3793/19/2210 3781/20/2210 3783/215/2210 3795/331/2210
f 3787/90/2211 3778/170/2211 3782/212/2211 3797/330/2211
f 3790/34/2212 3780/37/2212 3785/207/2212 3799/329/2212
f 3778/66/2213 3787/67/2213 3800/332/2213 3784/196/2213
f 3787/67/741 3786/50/741 3801/333/741 3800/332/741
f 3791/72/979 3790/34/979 3799/329/979 3798/334/979
f 3786/91/2214 3787/90/2214 3797/330/2214 3796/335/2214
f 3792/74/737 3793/19/737 3795/331/737 3794/336/737
f 3794/336/2215 3795/331/2215 3788/111/2215 3789/166/2215
f 3796/335/739 3797/330/739 3790/34/739 3791/72/739
f 3798/334/735 3799/329/735 3793/19/735 3792/74/735
f 3784/196/2216 3800/332/2216 3788/76/2216 3779/75/2216
f 3800/332/1433 3801/333/1433 3789/11/1433 3788/76/1433
f 3779/112/2217 3803/112/2217 3807/215/2217 3783/215/2217
f 3778/66/2218 3802/66/2218 3808/196/2218 3784/196/2218
f 3785/207/2219 3809/207/2219 3804/37/2219 3780/37/2219
f 3782/212/2220 3806/212/2220 3802/170/2220 3778/170/2220
f 3781/20/2221 3805/20/2221 3809/207/2221 3785/207/2221
f 3784/196/2222 3808/196/2222 3803/75/2222 3779/75/2222
f 3780/37/2223 3804/37/2223 3806/212/2223 3782/212/2223
f 3783/215/2224 3807/215/2224 3805/20/2224 3781/20/2224
f 3806/212/2225 3819/212/2225 3813/170/2225 3802/170/2225
f 3804/37/2226 3817/37/2226 3819/212/2226 3806/212/2226
f 3808/196/2227 3824/196/2227 3814/75/2227 3803/75/2227
f 3805/20/2228 3818/20/2228 3825/207/2228 3809/207/2228
f 3807/215/2229 3820/215/2229 3818/20/2229 3805/20/2229
f 3803/112/2230 3814/112/2230 3820/215/2230 3807/215/2230
f 3809/207/2231 3825/207/2231 3817/37/2231 3804/37/2231
f 3802/66/2232 3813/66/2232 3824/196/2232 3808/196/2232
f 3789/11/2233 3801/333/2233 3810/5/2233 3794/336/2233
f 3791/72/2234 3798/334/2234 3810/5/2234 3796/335/2234
f 3786/91/2233 3796/335/2233 3810/5/2233 3801/333/2233
f 3794/336/2235 3810/5/2235 3798/334/2235 3792/74/2235
f 3840/333/711 3824/201/711 3814/12/711 3829/11/711
f 3839/329/1002 3826/207/1002 3816/20/1002 3833/19/1002
f 3837/330/998 3821/212/998 3815/37/998 3830/34/998
f 3835/331/997 3822/215/997 3812/112/997 3828/111/997
f 3833/19/1000 3816/20/1000 3822/215/1000 3835/331/1000
f 3776/90/999 3811/170/999 3821/212/999 3837/330/999
f 3830/34/1007 3815/37/1007 3826/207/1007 3839/329/1007
f 3827/50/718 3813/53/718 3824/201/718 3840/333/718
f 3811/66/996 3776/67/996 3777/332/996 3823/196/996
f 3776/67/718 3827/50/718 3840/333/718 3777/332/718
f 3817/45/720 3831/72/720 3838/334/720 3825/204/720
f 3831/72/720 3830/34/720 3839/329/720 3838/334/720
f 3813/169/721 3827/91/721 3836/335/721 3819/220/721
f 3827/91/721 3776/90/721 3837/330/721 3836/335/721
f 3818/16/722 3832/74/722 3834/336/722 3820/221/722
f 3832/74/722 3833/19/722 3835/331/722 3834/336/722
f 3820/221/723 3834/336/723 3829/166/723 3814/165/723
f 3834/336/723 3835/331/723 3828/111/723 3829/166/723
f 3819/220/724 3836/335/724 3831/72/724 3817/45/724
f 3836/335/724 3837/330/724 3830/34/724 3831/72/724
f 3825/204/725 3838/334/725 3832/74/725 3818/16/725
f 3838/334/725 3839/329/725 3833/19/725 3832/74/725
f 3823/196/1001 3777/332/1001 3828/76/1001 3812/75/1001
f 3777/332/727 3840/333/727 3829/11/727 3828/76/727
f 3862/329/2236 3848/207/2236 3844/20/2236 3856/19/2236
f 3860/330/2237 3845/212/2237 3843/37/2237 3853/34/2237
f 3858/331/2238 3846/215/2238 3842/112/2238 3851/111/2238
f 3856/19/2239 3844/20/2239 3846/215/2239 3858/331/2239
f 3850/90/2240 3841/170/2240 3845/212/2240 3860/330/2240
f 3853/34/2241 3843/37/2241 3848/207/2241 3862/329/2241
f 3841/66/2242 3850/67/2242 3863/332/2242 3847/196/2242
f 3850/67/689 3849/50/689 3864/333/689 3863/332/689
f 3854/72/691 3853/34/691 3862/329/691 3861/334/691
f 3849/91/2243 3850/90/2243 3860/330/2243 3859/335/2243
f 3855/74/1423 3856/19/1423 3858/331/1423 3857/336/1423
f 3857/336/688 3858/331/688 3851/111/688 3852/166/688
f 3859/335/1011 3860/330/1011 3853/34/1011 3854/72/1011
f 3861/334/683 3862/329/683 3856/19/683 3855/74/683
f 3847/196/2244 3863/332/2244 3851/76/2244 3842/75/2244
f 3863/332/684 3864/333/684 3852/11/684 3851/76/684
f 3842/112/2245 3866/112/2245 3870/215/2245 3846/215/2245
f 3841/66/2246 3865/66/2246 3871/196/2246 3847/196/2246
f 3848/207/2247 3872/207/2247 3867/37/2247 3843/37/2247
f 3845/212/2248 3869/212/2248 3865/170/2248 3841/170/2248
f 3844/20/2249 3868/20/2249 3872/207/2249 3848/207/2249
f 3847/196/2250 3871/196/2250 3866/75/2250 3842/75/2250
f 3843/37/2251 3867/37/2251 3869/212/2251 3845/212/2251
f 3846/215/2252 3870/215/2252 3868/20/2252 3844/20/2252
f 3869/212/2253 3821/212/2253 3811/170/2253 3865/170/2253
f 3867/37/2254 3815/37/2254 3821/212/2254 3869/212/2254
f 3871/196/2255 3823/196/2255 3812/75/2255 3866/75/2255
f 3868/20/2256 3816/20/2256 3826/207/2256 3872/207/2256
f 3870/215/2257 3822/215/2257 3816/20/2257 3868/20/2257
f 3866/112/2258 3812/112/2258 3822/215/2258 3870/215/2258
f 3872/207/2259 3826/207/2259 3815/37/2259 3867/37/2259
f 3865/66/2260 3811/66/2260 3823/196/2260 3871/196/2260
f 3852/11/2261 3864/333/2261 3873/5/2261 3857/336/2261
f 3854/72/2262 3861/334/2262 3873/5/2262 3859/335/2262
f 3849/91/2263 3859/335/2263 3873/5/2263 3864/333/2263
f 3857/336/2263 3873/5/2263 3861/334/2263 3855/74/2263
f 3874/66/203 3876/53/203 3877/12/203 3875/75/203
f 3876/53/469 3880/45/469 3881/16/469 3877/12/469
f 3880/45/210 3878/37/210 3879/20/210 3881/16/210
f 3878/37/461 3874/27/461 3875/24/461 3879/20/461
f 3876/169/215 3874/170/215 3878/37/215 3880/45/215
f 3881/16/238 3879/20/238 3875/112/238 3877/165/238
f 3882/66/203 3884/53/203 3885/12/203 3883/75/203
f 3884/53/469 3888/45/469 3889/16/469 3885/12/469
f 3888/45/210 3886/37/210 3887/20/210 3889/16/210
f 3886/37/461 3882/27/461 3883/24/461 3887/20/461
f 3884/169/215 3882/170/215 3886/37/215 3888/45/215
f 3889/16/2264 3887/20/2264 3883/112/2264 3885/165/2264
f 3890/66/2265 3892/53/2265 3893/12/2265 3891/75/2265
f 3892/53/2266 3896/45/2266 3897/16/2266 3893/12/2266
f 3896/45/2267 3894/37/2267 3895/20/2267 3897/16/2267
f 3894/37/885 3890/27/885 3891/24/885 3895/20/885
f 3892/169/2268 3890/170/2268 3894/37/2268 3896/45/2268
f 3897/16/2269 3895/20/2269 3891/112/2269 3893/165/2269
f 3898/66/203 3900/53/203 3901/12/203 3899/75/203
f 3900/53/883 3904/45/883 3905/16/883 3901/12/883
f 3904/45/210 3902/37/210 3903/20/210 3905/16/210
f 3902/37/2270 3898/27/2270 3899/24/2270 3903/20/2270
f 3900/169/923 3898/170/923 3902/37/923 3904/45/923
f 3905/16/922 3903/20/922 3899/112/922 3901/165/922
f 3900/66/203 3890/53/203 3891/12/203 3901/75/203
f 3894/45/210 3904/37/210 3905/20/210 3895/16/210
f 3890/169/924 3900/170/924 3904/37/924 3894/45/924
f 3895/16/908 3905/20/908 3901/112/908 3891/165/908
f 3907/169/924 3906/170/924 3909/37/924 3910/45/924
f 3906/66/2271 3907/53/2271 3913/12/2271 3908/75/2271
f 3909/37/885 3906/27/885 3908/24/885 3911/20/885
f 3910/45/2272 3909/37/2272 3911/20/2272 3912/16/2272
f 3912/16/2273 3911/20/2273 3908/112/2273 3913/165/2273
f 3907/53/2266 3910/45/2266 3912/16/2266 3913/12/2266
f 3915/169/914 3914/170/914 3917/37/914 3918/45/914
f 3914/66/203 3915/53/203 3921/12/203 3916/75/203
f 3917/37/2270 3914/27/2270 3916/24/2270 3919/20/2270
f 3918/45/210 3917/37/210 3919/20/210 3920/16/210
f 3920/16/913 3919/20/913 3916/112/913 3921/165/913
f 3915/53/883 3918/45/883 3920/16/883 3921/12/883
f 3906/169/917 3915/170/917 3918/37/917 3909/45/917
f 3915/66/203 3906/53/203 3908/12/203 3921/75/203
f 3909/45/210 3918/37/210 3920/20/210 3911/16/210
f 3911/16/916 3920/20/916 3921/112/916 3908/165/916
f 3923/169/2274 3922/170/2274 3925/37/2274 3926/45/2274
f 3922/66/2275 3923/53/2275 3929/12/2275 3924/75/2275
f 3925/37/885 3922/27/885 3924/24/885 3927/20/885
f 3926/45/2276 3925/37/2276 3927/20/2276 3928/16/2276
f 3928/16/2277 3927/20/2277 3924/112/2277 3929/165/2277
f 3923/53/2278 3926/45/2278 3928/16/2278 3929/12/2278
f 3931/169/2279 3930/170/2279 3933/37/2279 3934/45/2279
f 3930/66/2280 3931/53/2280 3937/12/2280 3932/75/2280
f 3933/37/2270 3930/27/2270 3932/24/2270 3935/20/2270
f 3934/45/2281 3933/37/2281 3935/20/2281 3936/16/2281
f 3936/16/2282 3935/20/2282 3932/112/2282 3937/165/2282
f 3931/53/2283 3934/45/2283 3936/16/2283 3937/12/2283
f 3922/169/2284 3931/170/2284 3934/37/2284 3925/45/2284
f 3931/66/2285 3922/53/2285 3924/12/2285 3937/75/2285
f 3925/45/2286 3934/37/2286 3936/20/2286 3927/16/2286
f 3927/16/2287 3936/20/2287 3937/112/2287 3924/165/2287
f 3939/169/884 3938/170/884 3941/37/884 3942/45/884
f 3938/66/203 3939/53/203 3945/12/203 3940/75/203
f 3941/37/915 3938/27/915 3940/24/915 3943/20/915
f 3942/45/210 3941/37/210 3943/20/210 3944/16/210
f 3944/16/882 3943/20/882 3940/112/882 3945/165/882
f 3939/53/896 3942/45/896 3944/16/896 3945/12/896
f 3946/169/2288 3939/170/2288 3942/37/2288 3947/45/2288
f 3939/66/2289 3946/53/2289 3949/12/2289 3945/75/2289
f 3947/45/2290 3942/37/2290 3944/20/2290 3948/16/2290
f 3948/16/2291 3944/20/2291 3945/112/2291 3949/165/2291
f 3946/53/2278 3947/45/2278 3948/16/2278 3949/12/2278
f 3938/169/2292 3950/170/2292 3952/37/2292 3941/45/2292
f 3950/66/203 3938/53/203 3940/12/203 3951/75/203
f 3952/37/2270 3950/27/2270 3951/24/2270 3953/20/2270
f 3941/45/210 3952/37/210 3953/20/210 3943/16/210
f 3943/16/2293 3953/20/2293 3951/112/2293 3940/165/2293
f 3954/66/2294 3956/53/2294 3957/12/2294 3955/75/2294
f 3956/53/2295 3960/45/2295 3961/16/2295 3957/12/2295
f 3960/45/2296 3958/37/2296 3959/20/2296 3961/16/2296
f 3958/37/2297 3954/27/2297 3955/24/2297 3959/20/2297
f 3956/169/2298 3954/170/2298 3958/37/2298 3960/45/2298
f 3961/16/2299 3959/20/2299 3955/112/2299 3957/165/2299
f 3962/66/2300 3954/53/2300 3955/12/2300 3963/75/2300
f 3958/45/2301 3964/37/2301 3965/20/2301 3959/16/2301
f 3965/20/2302 3968/20/2302 3967/112/2302 3963/112/2302
f 3954/169/2303 3962/170/2303 3964/37/2303 3958/45/2303
f 3959/16/2304 3965/20/2304 3963/112/2304 3955/165/2304
f 3969/37/2305 3966/27/2305 3967/24/2305 3968/20/2305
f 3964/37/881 3969/37/881 3968/20/881 3965/20/881
f 3962/170/2306 3966/170/2306 3969/37/2306 3964/37/2306
f 3963/75/879 3967/75/879 3966/66/879 3962/66/879
f 3970/66/2307 3972/53/2307 3973/12/2307 3971/75/2307
f 3978/42/2308 3976/45/2308 3977/16/2308 3981/15/2308
f 3976/45/2309 3974/37/2309 3975/20/2309 3977/16/2309
f 3982/26/2310 3970/27/2310 3971/24/2310 3985/23/2310
f 3978/89/2311 3983/337/2311 3974/37/2311 3976/45/2311
f 3980/338/2312 3985/339/2312 3971/112/2312 3973/165/2312
f 3977/16/2313 3975/20/2313 3984/341/2313 3981/340/2313
f 3981/340/2314 3984/341/2314 3985/339/2314 3980/338/2314
f 3972/169/2315 3970/170/2315 3982/342/2315 3979/88/2315
f 3979/88/2316 3982/342/2316 3983/337/2316 3978/89/2316
f 3974/37/2317 3983/77/2317 3984/86/2317 3975/20/2317
f 3983/77/2318 3982/26/2318 3985/23/2318 3984/86/2318
f 3972/53/2319 3979/73/2319 3980/87/2319 3973/12/2319
f 3979/73/2320 3978/42/2320 3981/15/2320 3980/87/2320
f 3986/66/2307 3988/53/2307 3989/12/2307 3987/75/2307
f 3994/42/2308 3992/45/2308 3993/16/2308 3997/15/2308
f 3992/45/2309 3990/37/2309 3991/20/2309 3993/16/2309
f 3998/26/2310 3986/27/2310 3987/24/2310 4001/23/2310
f 3994/89/2311 3999/337/2311 3990/37/2311 3992/45/2311
f 3996/338/2312 4001/339/2312 3987/112/2312 3989/165/2312
f 3993/16/2313 3991/20/2313 4000/341/2313 3997/340/2313
f 3997/340/2314 4000/341/2314 4001/339/2314 3996/338/2314
f 3988/169/2315 3986/170/2315 3998/342/2315 3995/88/2315
f 3995/88/2316 3998/342/2316 3999/337/2316 3994/89/2316
f 3990/37/2321 3999/77/2321 4000/86/2321 3991/20/2321
f 3999/77/2318 3998/26/2318 4001/23/2318 4000/86/2318
f 3988/53/2319 3995/73/2319 3996/87/2319 3989/12/2319
f 3995/73/2320 3994/42/2320 3997/15/2320 3996/87/2320
f 4002/66/2307 4004/53/2307 4005/12/2307 4003/75/2307
f 4010/42/2308 4008/45/2308 4009/16/2308 4013/15/2308
f 4008/45/2309 4006/37/2309 4007/20/2309 4009/16/2309
f 4014/26/2310 4002/27/2310 4003/24/2310 4017/23/2310
f 4010/89/2311 4015/337/2311 4006/37/2311 4008/45/2311
f 4012/338/2312 4017/339/2312 4003/112/2312 4005/165/2312
f 4009/16/2313 4007/20/2313 4016/341/2313 4013/340/2313
f 4013/340/2314 4016/341/2314 4017/339/2314 4012/338/2314
f 4004/169/2315 4002/170/2315 4014/342/2315 4011/88/2315
f 4011/88/2316 4014/342/2316 4015/337/2316 4010/89/2316
f 4006/37/2317 4015/77/2317 4016/86/2317 4007/20/2317
f 4015/77/2318 4014/26/2318 4017/23/2318 4016/86/2318
f 4004/53/2319 4011/73/2319 4012/87/2319 4005/12/2319
f 4011/73/2320 4010/42/2320 4013/15/2320 4012/87/2320
f 4018/66/2307 4020/53/2307 4021/12/2307 4019/75/2307
f 4026/42/2308 4024/45/2308 4025/16/2308 4029/15/2308
f 4024/45/2309 4022/37/2309 4023/20/2309 4025/16/2309
f 4030/26/2310 4018/27/2310 4019/24/2310 4033/23/2310
f 4026/89/2311 4031/337/2311 4022/37/2311 4024/45/2311
f 4028/338/2322 4033/339/2322 4019/112/2322 4021/165/2322
f 4025/16/2313 4023/20/2313 4032/341/2313 4029/340/2313
f 4029/340/2314 4032/341/2314 4033/339/2314 4028/338/2314
f 4020/169/2315 4018/170/2315 4030/342/2315 4027/88/2315
f 4027/88/2316 4030/342/2316 4031/337/2316 4026/89/2316
f 4022/37/2317 4031/77/2317 4032/86/2317 4023/20/2317
f 4031/77/2318 4030/26/2318 4033/23/2318 4032/86/2318
f 4020/53/2319 4027/73/2319 4028/87/2319 4021/12/2319
f 4027/73/2320 4026/42/2320 4029/15/2320 4028/87/2320
f 4034/66/2323 4036/53/2323 4037/12/2323 4035/75/2323
f 4042/42/2324 4040/45/2324 4041/16/2324 4045/15/2324
f 4040/45/2325 4038/37/2325 4039/20/2325 4041/16/2325
f 4046/26/2326 4034/27/2326 4035/24/2326 4049/23/2326
f 4042/89/2327 4047/337/2327 4038/37/2327 4040/45/2327
f 4044/338/2328 4049/339/2328 4035/112/2328 4037/165/2328
f 4041/16/2329 4039/20/2329 4048/341/2329 4045/340/2329
f 4045/340/2330 4048/341/2330 4049/339/2330 4044/338/2330
f 4036/169/2331 4034/170/2331 4046/342/2331 4043/88/2331
f 4043/88/2332 4046/342/2332 4047/337/2332 4042/89/2332
f 4038/37/2333 4047/77/2333 4048/86/2333 4039/20/2333
f 4047/77/2334 4046/26/2334 4049/23/2334 4048/86/2334
f 4036/53/2335 4043/73/2335 4044/87/2335 4037/12/2335
f 4043/73/2336 4042/42/2336 4045/15/2336 4044/87/2336
f 4052/37/2337 4050/27/2337 4051/24/2337 4053/20/2337
f 4054/66/2338 4050/53/2338 4051/12/2338 4055/75/2338
f 4052/45/2339 4056/37/2339 4057/20/2339 4053/16/2339
f 4056/37/2340 4054/27/2340 4055/24/2340 4057/20/2340
f 4050/169/2341 4054/170/2341 4056/37/2341 4052/45/2341
f 4053/16/2342 4057/20/2342 4055/112/2342 4051/165/2342
f 4060/37/2337 4058/27/2337 4059/24/2337 4061/20/2337
f 4062/66/2343 4058/53/2343 4059/12/2343 4063/75/2343
f 4060/45/2344 4064/37/2344 4065/20/2344 4061/16/2344
f 4064/37/2340 4062/27/2340 4063/24/2340 4065/20/2340
f 4058/169/2345 4062/170/2345 4064/37/2345 4060/45/2345
f 4061/16/2342 4065/20/2342 4063/112/2342 4059/165/2342
f 4068/37/2337 4066/27/2337 4067/24/2337 4069/20/2337
f 4070/66/2346 4066/53/2346 4067/12/2346 4071/75/2346
f 4068/45/2347 4072/37/2347 4073/20/2347 4069/16/2347
f 4072/37/2340 4070/27/2340 4071/24/2340 4073/20/2340
f 4066/169/2348 4070/170/2348 4072/37/2348 4068/45/2348
f 4069/16/2342 4073/20/2342 4071/112/2342 4067/165/2342
f 4076/37/2337 4074/27/2337 4075/24/2337 4077/20/2337
f 4078/66/2349 4074/53/2349 4075/12/2349 4079/75/2349
f 4076/45/2350 4080/37/2350 4081/20/2350 4077/16/2350
f 4080/37/2340 4078/27/2340 4079/24/2340 4081/20/2340
f 4074/169/2351 4078/170/2351 4080/37/2351 4076/45/2351
f 4077/16/2342 4081/20/2342 4079/112/2342 4075/165/2342
f 4082/66/2352 4084/53/2352 4085/12/2352 4083/75/2352
f 4084/53/2353 4088/45/2353 4089/16/2353 4085/12/2353
f 4088/45/2354 4086/37/2354 4087/20/2354 4089/16/2354
f 4086/37/2355 4082/27/2355 4083/24/2355 4087/20/2355
f 4084/169/2356 4082/170/2356 4086/37/2356 4088/45/2356
f 4089/16/2357 4087/20/2357 4083/112/2357 4085/165/2357
f 4090/66/813 4082/53/813 4083/12/813 4091/75/813
f 4086/45/812 4092/37/812 4093/20/812 4087/16/812
f 4093/20/2358 4096/20/2358 4095/112/2358 4091/112/2358
f 4082/169/2359 4090/170/2359 4092/37/2359 4086/45/2359
f 4087/16/2360 4093/20/2360 4091/112/2360 4083/165/2360
f 4097/37/2361 4094/27/2361 4095/24/2361 4096/20/2361
f 4092/37/820 4097/37/820 4096/20/820 4093/20/820
f 4090/170/2362 4094/170/2362 4097/37/2362 4092/37/2362
f 4091/75/818 4095/75/818 4094/66/818 4090/66/818
f 4099/169/798 4098/170/798 4101/37/798 4102/45/798
f 4098/66/210 4099/53/210 4105/12/210 4100/75/210
f 4101/37/770 4098/27/770 4100/24/770 4103/20/770
f 4102/45/203 4101/37/203 4103/20/203 4104/16/203
f 4104/16/796 4103/20/796 4100/112/796 4105/165/796
f 4099/53/767 4102/45/767 4104/16/767 4105/12/767
f 4106/169/2363 4099/170/2363 4102/37/2363 4107/45/2363
f 4099/66/2364 4106/53/2364 4109/12/2364 4105/75/2364
f 4107/45/2365 4102/37/2365 4104/20/2365 4108/16/2365
f 4108/16/2366 4104/20/2366 4105/112/2366 4109/165/2366
f 4106/53/2367 4107/45/2367 4108/16/2367 4109/12/2367
f 4098/169/2368 4110/170/2368 4112/37/2368 4101/45/2368
f 4110/66/210 4098/53/210 4100/12/210 4111/75/210
f 4112/37/2369 4110/27/2369 4111/24/2369 4113/20/2369
f 4101/45/203 4112/37/203 4113/20/203 4103/16/203
f 4103/16/2370 4113/20/2370 4111/112/2370 4100/165/2370
f 4115/169/2371 4114/170/2371 4117/37/2371 4118/45/2371
f 4114/66/2372 4115/53/2372 4121/12/2372 4116/75/2372
f 4117/37/799 4114/27/799 4116/24/799 4119/20/799
f 4118/45/2373 4117/37/2373 4119/20/2373 4120/16/2373
f 4120/16/2374 4119/20/2374 4116/112/2374 4121/165/2374
f 4115/53/2367 4118/45/2367 4120/16/2367 4121/12/2367
f 4123/169/2375 4122/170/2375 4125/37/2375 4126/45/2375
f 4122/66/2376 4123/53/2376 4129/12/2376 4124/75/2376
f 4125/37/2369 4122/27/2369 4124/24/2369 4127/20/2369
f 4126/45/2377 4125/37/2377 4127/20/2377 4128/16/2377
f 4128/16/2378 4127/20/2378 4124/112/2378 4129/165/2378
f 4123/53/2379 4126/45/2379 4128/16/2379 4129/12/2379
f 4114/169/2380 4123/170/2380 4126/37/2380 4117/45/2380
f 4123/66/2381 4114/53/2381 4116/12/2381 4129/75/2381
f 4117/45/2382 4126/37/2382 4128/20/2382 4119/16/2382
f 4119/16/2383 4128/20/2383 4129/112/2383 4116/165/2383
f 4131/169/775 4130/170/775 4133/37/775 4134/45/775
f 4130/66/2384 4131/53/2384 4137/12/2384 4132/75/2384
f 4133/37/799 4130/27/799 4132/24/799 4135/20/799
f 4134/45/2385 4133/37/2385 4135/20/2385 4136/16/2385
f 4136/16/2386 4135/20/2386 4132/112/2386 4137/165/2386
f 4131/53/2387 4134/45/2387 4136/16/2387 4137/12/2387
f 4139/169/780 4138/170/780 4141/37/780 4142/45/780
f 4138/66/210 4139/53/210 4145/12/210 4140/75/210
f 4141/37/2369 4138/27/2369 4140/24/2369 4143/20/2369
f 4142/45/203 4141/37/203 4143/20/203 4144/16/203
f 4144/16/779 4143/20/779 4140/112/779 4145/165/779
f 4139/53/797 4142/45/797 4144/16/797 4145/12/797
f 4130/169/782 4139/170/782 4142/37/782 4133/45/782
f 4139/66/210 4130/53/210 4132/12/210 4145/75/210
f 4133/45/203 4142/37/203 4144/20/203 4135/16/203
f 4135/16/781 4144/20/781 4145/112/781 4132/165/781
f 4146/66/2388 4148/53/2388 4149/12/2388 4147/75/2388
f 4148/53/2367 4152/45/2367 4153/16/2367 4149/12/2367
f 4152/45/2389 4150/37/2389 4151/20/2389 4153/16/2389
f 4150/37/799 4146/27/799 4147/24/799 4151/20/799
f 4148/169/2390 4146/170/2390 4150/37/2390 4152/45/2390
f 4153/16/2391 4151/20/2391 4147/112/2391 4149/165/2391
f 4154/66/210 4156/53/210 4157/12/210 4155/75/210
f 4156/53/797 4160/45/797 4161/16/797 4157/12/797
f 4160/45/203 4158/37/203 4159/20/203 4161/16/203
f 4158/37/2369 4154/27/2369 4155/24/2369 4159/20/2369
f 4156/169/773 4154/170/773 4158/37/773 4160/45/773
f 4161/16/772 4159/20/772 4155/112/772 4157/165/772
f 4156/66/210 4146/53/210 4147/12/210 4157/75/210
f 4150/45/203 4160/37/203 4161/20/203 4151/16/203
f 4146/169/775 4156/170/775 4160/37/775 4150/45/775
f 4151/16/774 4161/20/774 4157/112/774 4147/165/774
f 4164/37/2392 4162/27/2392 4163/24/2392 4165/20/2392
f 4166/66/2393 4162/53/2393 4163/12/2393 4167/75/2393
f 4164/45/2394 4168/37/2394 4169/20/2394 4165/16/2394
f 4168/37/2395 4166/27/2395 4167/24/2395 4169/20/2395
f 4162/169/2396 4166/170/2396 4168/37/2396 4164/45/2396
f 4165/16/2397 4169/20/2397 4167/112/2397 4163/165/2397
f 4172/37/2392 4170/27/2392 4171/24/2392 4173/20/2392
f 4174/66/2398 4170/53/2398 4171/12/2398 4175/75/2398
f 4172/45/2399 4176/37/2399 4177/20/2399 4173/16/2399
f 4176/37/2395 4174/27/2395 4175/24/2395 4177/20/2395
f 4170/169/2400 4174/170/2400 4176/37/2400 4172/45/2400
f 4173/16/2397 4177/20/2397 4175/112/2397 4171/165/2397
f 4180/37/2392 4178/27/2392 4179/24/2392 4181/20/2392
f 4182/66/2401 4178/53/2401 4179/12/2401 4183/75/2401
f 4180/45/2402 4184/37/2402 4185/20/2402 4181/16/2402
f 4184/37/2395 4182/27/2395 4183/24/2395 4185/20/2395
f 4178/169/2403 4182/170/2403 4184/37/2403 4180/45/2403
f 4181/16/2397 4185/20/2397 4183/112/2397 4179/165/2397
f 4188/37/2392 4186/27/2392 4187/24/2392 4189/20/2392
f 4190/66/2404 4186/53/2404 4187/12/2404 4191/75/2404
f 4188/45/2405 4192/37/2405 4193/20/2405 4189/16/2405
f 4192/37/2395 4190/27/2395 4191/24/2395 4193/20/2395
f 4186/169/2406 4190/170/2406 4192/37/2406 4188/45/2406
f 4189/16/2397 4193/20/2397 4191/112/2397 4187/165/2397
f 4194/66/2407 4196/53/2407 4197/12/2407 4195/75/2407
f 4202/42/2408 4200/45/2408 4201/16/2408 4205/15/2408
f 4200/45/2409 4198/37/2409 4199/20/2409 4201/16/2409
f 4206/26/2410 4194/27/2410 4195/24/2410 4209/23/2410
f 4202/89/2411 4207/337/2411 4198/37/2411 4200/45/2411
f 4204/338/2412 4209/339/2412 4195/112/2412 4197/165/2412
f 4201/16/2413 4199/20/2413 4208/341/2413 4205/340/2413
f 4205/340/2414 4208/341/2414 4209/339/2414 4204/338/2414
f 4196/169/2415 4194/170/2415 4206/342/2415 4203/88/2415
f 4203/88/2416 4206/342/2416 4207/337/2416 4202/89/2416
f 4198/37/2417 4207/77/2417 4208/86/2417 4199/20/2417
f 4207/77/2418 4206/26/2418 4209/23/2418 4208/86/2418
f 4196/53/2419 4203/73/2419 4204/87/2419 4197/12/2419
f 4203/73/2420 4202/42/2420 4205/15/2420 4204/87/2420
f 4210/66/2407 4212/53/2407 4213/12/2407 4211/75/2407
f 4218/42/2408 4216/45/2408 4217/16/2408 4221/15/2408
f 4216/45/2409 4214/37/2409 4215/20/2409 4217/16/2409
f 4222/26/2421 4210/27/2421 4211/24/2421 4225/23/2421
f 4218/89/2422 4223/337/2422 4214/37/2422 4216/45/2422
f 4220/338/2412 4225/339/2412 4211/112/2412 4213/165/2412
f 4217/16/2413 4215/20/2413 4224/341/2413 4221/340/2413
f 4221/340/2414 4224/341/2414 4225/339/2414 4220/338/2414
f 4212/169/2423 4210/170/2423 4222/342/2423 4219/88/2423
f 4219/88/2416 4222/342/2416 4223/337/2416 4218/89/2416
f 4214/37/2417 4223/77/2417 4224/86/2417 4215/20/2417
f 4223/77/2418 4222/26/2418 4225/23/2418 4224/86/2418
f 4212/53/2424 4219/73/2424 4220/87/2424 4213/12/2424
f 4219/73/2420 4218/42/2420 4221/15/2420 4220/87/2420
f 4226/66/2407 4228/53/2407 4229/12/2407 4227/75/2407
f 4234/42/2425 4232/45/2425 4233/16/2425 4237/15/2425
f 4232/45/2409 4230/37/2409 4231/20/2409 4233/16/2409
f 4238/26/2410 4226/27/2410 4227/24/2410 4241/23/2410
f 4234/89/2422 4239/337/2422 4230/37/2422 4232/45/2422
f 4236/338/2412 4241/339/2412 4227/112/2412 4229/165/2412
f 4233/16/2413 4231/20/2413 4240/341/2413 4237/340/2413
f 4237/340/2414 4240/341/2414 4241/339/2414 4236/338/2414
f 4228/169/2423 4226/170/2423 4238/342/2423 4235/88/2423
f 4235/88/2416 4238/342/2416 4239/337/2416 4234/89/2416
f 4230/37/2426 4239/77/2426 4240/86/2426 4231/20/2426
f 4239/77/2418 4238/26/2418 4241/23/2418 4240/86/2418
f 4228/53/2424 4235/73/2424 4236/87/2424 4229/12/2424
f 4235/73/2420 4234/42/2420 4237/15/2420 4236/87/2420
f 4242/66/2407 4244/53/2407 4245/12/2407 4243/75/2407
f 4250/42/2408 4248/45/2408 4249/16/2408 4253/15/2408
f 4248/45/2409 4246/37/2409 4247/20/2409 4249/16/2409
f 4254/26/2410 4242/27/2410 4243/24/2410 4257/23/2410
f 4250/89/2422 4255/337/2422 4246/37/2422 4248/45/2422
f 4252/338/2412 4257/339/2412 4243/112/2412 4245/165/2412
f 4249/16/2413 4247/20/2413 4256/341/2413 4253/340/2413
f 4253/340/2414 4256/341/2414 4257/339/2414 4252/338/2414
f 4244/169/2423 4242/170/2423 4254/342/2423 4251/88/2423
f 4251/88/2416 4254/342/2416 4255/337/2416 4250/89/2416
f 4246/37/2417 4255/77/2417 4256/86/2417 4247/20/2417
f 4255/77/2418 4254/26/2418 4257/23/2418 4256/86/2418
f 4244/53/2424 4251/73/2424 4252/87/2424 4245/12/2424
f 4251/73/2420 4250/42/2420 4253/15/2420 4252/87/2420
f 4258/66/2427 4260/53/2427 4261/12/2427 4259/75/2427
f 4266/42/2428 4264/45/2428 4265/16/2428 4269/15/2428
f 4264/45/2429 4262/37/2429 4263/20/2429 4265/16/2429
f 4270/26/2430 4258/27/2430 4259/24/2430 4273/23/2430
f 4266/89/2431 4271/337/2431 4262/37/2431 4264/45/2431
f 4268/338/2432 4273/339/2432 4259/112/2432 4261/165/2432
f 4265/16/2433 4263/20/2433 4272/341/2433 4269/340/2433
f 4269/340/2434 4272/341/2434 4273/339/2434 4268/338/2434
f 4260/169/2435 4258/170/2435 4270/342/2435 4267/88/2435
f 4267/88/2436 4270/342/2436 4271/337/2436 4266/89/2436
f 4262/37/2437 4271/77/2437 4272/86/2437 4263/20/2437
f 4271/77/2438 4270/26/2438 4273/23/2438 4272/86/2438
f 4260/53/2439 4267/73/2439 4268/87/2439 4261/12/2439
f 4267/73/2440 4266/42/2440 4269/15/2440 4268/87/2440
f 4274/66/210 4276/53/210 4277/12/210 4275/75/210
f 4276/53/469 4280/45/469 4281/16/469 4277/12/469
f 4280/45/203 4278/37/203 4279/20/203 4281/16/203
f 4278/37/461 4274/27/461 4275/24/461 4279/20/461
f 4276/169/238 4274/170/238 4278/37/238 4280/45/238
f 4281/16/2441 4279/20/2441 4275/112/2441 4277/165/2441
f 4282/66/210 4284/53/210 4285/12/210 4283/75/210
f 4284/53/469 4288/45/469 4289/16/469 4285/12/469
f 4288/45/203 4286/37/203 4287/20/203 4289/16/203
f 4286/37/461 4282/27/461 4283/24/461 4287/20/461
f 4284/169/238 4282/170/238 4286/37/238 4288/45/238
f 4289/16/215 4287/20/215 4283/112/215 4285/165/215
f 4313/329/2236 4299/207/2236 4295/20/2236 4307/19/2236
f 4311/330/2442 4296/212/2442 4294/37/2442 4304/34/2442
f 4309/331/2443 4297/215/2443 4293/112/2443 4302/111/2443
f 4307/19/2444 4295/20/2444 4297/215/2444 4309/331/2444
f 4301/90/2445 4292/170/2445 4296/212/2445 4311/330/2445
f 4304/34/2446 4294/37/2446 4299/207/2446 4313/329/2446
f 4292/66/2242 4301/67/2242 4314/332/2242 4298/196/2242
f 4301/67/689 4300/50/689 4315/333/689 4314/332/689
f 4305/72/691 4304/34/691 4313/329/691 4312/334/691
f 4300/91/2447 4301/90/2447 4311/330/2447 4310/335/2447
f 4306/74/685 4307/19/685 4309/331/685 4308/336/685
f 4308/336/1012 4309/331/1012 4302/111/1012 4303/166/1012
f 4310/335/687 4311/330/687 4304/34/687 4305/72/687
f 4312/334/683 4313/329/683 4307/19/683 4306/74/683
f 4298/196/2448 4314/332/2448 4302/76/2448 4293/75/2448
f 4314/332/684 4315/333/684 4303/11/684 4302/76/684
f 4293/112/2449 4317/112/2449 4321/215/2449 4297/215/2449
f 4292/66/2246 4316/66/2246 4322/196/2246 4298/196/2246
f 4299/207/2247 4323/207/2247 4318/37/2247 4294/37/2247
f 4296/212/2450 4320/212/2450 4316/170/2450 4292/170/2450
f 4295/20/2249 4319/20/2249 4323/207/2249 4299/207/2249
f 4298/196/2451 4322/196/2451 4317/75/2451 4293/75/2451
f 4294/37/2251 4318/37/2251 4320/212/2251 4296/212/2251
f 4297/215/2452 4321/215/2452 4319/20/2452 4295/20/2452
f 4320/212/2253 4333/212/2253 4327/170/2253 4316/170/2253
f 4318/37/2453 4331/37/2453 4333/212/2453 4320/212/2453
f 4322/196/2454 4338/196/2454 4328/75/2454 4317/75/2454
f 4319/20/2256 4332/20/2256 4339/207/2256 4323/207/2256
f 4321/215/2455 4334/215/2455 4332/20/2455 4319/20/2455
f 4317/112/2456 4328/112/2456 4334/215/2456 4321/215/2456
f 4323/207/2457 4339/207/2457 4331/37/2457 4318/37/2457
f 4316/66/2260 4327/66/2260 4338/196/2260 4322/196/2260
f 4303/11/2458 4315/333/2458 4324/5/2458 4308/336/2458
f 4305/72/2263 4312/334/2263 4324/5/2263 4310/335/2263
f 4300/91/2458 4310/335/2458 4324/5/2458 4315/333/2458
f 4308/336/2261 4324/5/2261 4312/334/2261 4306/74/2261
f 4354/333/995 4338/201/995 4328/12/995 4343/11/995
f 4353/329/719 4340/207/719 4330/20/719 4347/19/719
f 4351/330/714 4335/212/714 4329/37/714 4344/34/714
f 4349/331/713 4336/215/713 4326/112/713 4342/111/713
f 4347/19/716 4330/20/716 4336/215/716 4349/331/716
f 4290/90/715 4325/170/715 4335/212/715 4351/330/715
f 4344/34/726 4329/37/726 4340/207/726 4353/329/726
f 4341/50/725 4327/53/725 4338/201/725 4354/333/725
f 4325/66/712 4290/67/712 4291/332/712 4337/196/712
f 4290/67/725 4341/50/725 4354/333/725 4291/332/725
f 4331/45/727 4345/72/727 4352/334/727 4339/204/727
f 4345/72/727 4344/34/727 4353/329/727 4352/334/727
f 4327/169/1003 4341/91/1003 4350/335/1003 4333/220/1003
f 4341/91/1003 4290/90/1003 4351/330/1003 4350/335/1003
f 4332/16/721 4346/74/721 4348/336/721 4334/221/721
f 4346/74/1004 4347/19/1004 4349/331/1004 4348/336/1004
f 4334/221/1005 4348/336/1005 4343/166/1005 4328/165/1005
f 4348/336/1005 4349/331/1005 4342/111/1005 4343/166/1005
f 4333/220/1006 4350/335/1006 4345/72/1006 4331/45/1006
f 4350/335/1006 4351/330/1006 4344/34/1006 4345/72/1006
f 4339/204/718 4352/334/718 4346/74/718 4332/16/718
f 4352/334/718 4353/329/718 4347/19/718 4346/74/718
f 4337/196/717 4291/332/717 4342/76/717 4326/75/717
f 4291/332/720 4354/333/720 4343/11/720 4342/76/720
f 4376/329/2207 4362/207/2207 4358/20/2207 4370/19/2207
f 4374/330/2208 4359/212/2208 4357/37/2208 4367/34/2208
f 4372/331/2459 4360/215/2459 4356/112/2459 4365/111/2459
f 4370/19/2460 4358/20/2460 4360/215/2460 4372/331/2460
f 4364/90/2461 4355/170/2461 4359/212/2461 4374/330/2461
f 4367/34/2212 4357/37/2212 4362/207/2212 4376/329/2212
f 4355/66/2213 4364/67/2213 4377/332/2213 4361/196/2213
f 4364/67/741 4363/50/741 4378/333/741 4377/332/741
f 4368/72/979 4367/34/979 4376/329/979 4375/334/979
f 4363/91/2462 4364/90/2462 4374/330/2462 4373/335/2462
f 4369/74/737 4370/19/737 4372/331/737 4371/336/737
f 4371/336/740 4372/331/740 4365/111/740 4366/166/740
f 4373/335/739 4374/330/739 4367/34/739 4368/72/739
f 4375/334/735 4376/329/735 4370/19/735 4369/74/735
f 4361/196/2216 4377/332/2216 4365/76/2216 4356/75/2216
f 4377/332/736 4378/333/736 4366/11/736 4365/76/736
f 4356/112/2463 4380/112/2463 4384/215/2463 4360/215/2463
f 4355/66/2218 4379/66/2218 4385/196/2218 4361/196/2218
f 4362/207/2219 4386/207/2219 4381/37/2219 4357/37/2219
f 4359/212/2464 4383/212/2464 4379/170/2464 4355/170/2464
f 4358/20/2465 4382/20/2465 4386/207/2465 4362/207/2465
f 4361/196/2466 4385/196/2466 4380/75/2466 4356/75/2466
f 4357/37/2223 4381/37/2223 4383/212/2223 4359/212/2223
f 4360/215/2467 4384/215/2467 4382/20/2467 4358/20/2467
f 4383/212/2468 4335/212/2468 4325/170/2468 4379/170/2468
f 4381/37/2469 4329/37/2469 4335/212/2469 4383/212/2469
f 4385/196/2470 4337/196/2470 4326/75/2470 4380/75/2470
f 4382/20/2228 4330/20/2228 4340/207/2228 4386/207/2228
f 4384/215/2471 4336/215/2471 4330/20/2471 4382/20/2471
f 4380/112/2472 4326/112/2472 4336/215/2472 4384/215/2472
f 4386/207/2231 4340/207/2231 4329/37/2231 4381/37/2231
f 4379/66/2232 4325/66/2232 4337/196/2232 4385/196/2232
f 4366/11/2234 4378/333/2234 4387/5/2234 4371/336/2234
f 4368/72/2473 4375/334/2473 4387/5/2473 4373/335/2473
f 4363/91/2234 4373/335/2234 4387/5/2234 4378/333/2234
f 4371/336/2474 4387/5/2474 4375/334/2474 4369/74/2474
f 4397/319/673 4398/320/673 4391/12/673 4389/75/673
f 4398/320/672 4400/321/672 4395/16/672 4391/12/672
f 4400/321/675 4402/322/675 4393/20/675 4395/16/675
f 4402/322/674 4397/323/674 4389/24/674 4393/20/674
f 4390/169/238 4388/170/238 4392/37/238 4394/45/238
f 4395/16/215 4393/20/215 4389/112/215 4391/165/215
f 4392/37/669 4388/27/669 4396/325/669 4403/324/669
f 4403/324/461 4396/325/461 4397/323/461 4402/322/461
f 4394/45/668 4392/37/668 4403/324/668 4401/326/668
f 4401/326/203 4403/324/203 4402/322/203 4400/321/203
f 4390/53/671 4394/45/671 4401/326/671 4399/327/671
f 4399/327/469 4401/326/469 4400/321/469 4398/320/469
f 4388/66/670 4390/53/670 4399/327/670 4396/328/670
f 4396/328/210 4399/327/210 4398/320/210 4397/319/210
f 4413/319/673 4414/320/673 4407/12/673 4405/75/673
f 4414/320/672 4416/321/672 4411/16/672 4407/12/672
f 4416/321/675 4418/322/675 4409/20/675 4411/16/675
f 4418/322/674 4413/323/674 4405/24/674 4409/20/674
f 4406/169/238 4404/170/238 4408/37/238 4410/45/238
f 4411/16/215 4409/20/215 4405/112/215 4407/165/215
f 4408/37/669 4404/27/669 4412/325/669 4419/324/669
f 4419/324/461 4412/325/461 4413/323/461 4418/322/461
f 4410/45/668 4408/37/668 4419/324/668 4417/326/668
f 4417/326/203 4419/324/203 4418/322/203 4416/321/203
f 4406/53/671 4410/45/671 4417/326/671 4415/327/671
f 4415/327/469 4417/326/469 4416/321/469 4414/320/469
f 4404/66/670 4406/53/670 4415/327/670 4412/328/670
f 4412/328/210 4415/327/210 4414/320/210 4413/319/210
f 4429/319/673 4430/320/673 4423/12/673 4421/75/673
f 4430/320/672 4432/321/672 4427/16/672 4423/12/672
f 4432/321/675 4434/322/675 4425/20/675 4427/16/675
f 4434/322/674 4429/323/674 4421/24/674 4425/20/674
f 4422/169/238 4420/170/238 4424/37/238 4426/45/238
f 4427/16/215 4425/20/215 4421/112/215 4423/165/215
f 4424/37/669 4420/27/669 4428/325/669 4435/324/669
f 4435/324/461 4428/325/461 4429/323/461 4434/322/461
f 4426/45/668 4424/37/668 4435/324/668 4433/326/668
f 4433/326/203 4435/324/203 4434/322/203 4432/321/203
f 4422/53/671 4426/45/671 4433/326/671 4431/327/671
f 4431/327/469 4433/326/469 4432/321/469 4430/320/469
f 4420/66/670 4422/53/670 4431/327/670 4428/328/670
f 4428/328/210 4431/327/210 4430/320/210 4429/319/210
f 4445/319/673 4446/320/673 4439/12/673 4437/75/673
f 4446/320/672 4448/321/672 4443/16/672 4439/12/672
f 4448/321/675 4450/322/675 4441/20/675 4443/16/675
f 4450/322/674 4445/323/674 4437/24/674 4441/20/674
f 4438/169/238 4436/170/238 4440/37/238 4442/45/238
f 4443/16/215 4441/20/215 4437/112/215 4439/165/215
f 4440/37/669 4436/27/669 4444/325/669 4451/324/669
f 4451/324/461 4444/325/461 4445/323/461 4450/322/461
f 4442/45/668 4440/37/668 4451/324/668 4449/326/668
f 4449/326/203 4451/324/203 4450/322/203 4448/321/203
f 4438/53/671 4442/45/671 4449/326/671 4447/327/671
f 4447/327/469 4449/326/469 4448/321/469 4446/320/469
f 4436/66/670 4438/53/670 4447/327/670 4444/328/670
f 4444/328/210 4447/327/210 4446/320/210 4445/319/210
f 4460/196/659 4461/201/659 4455/12/659 4453/75/659
f 4469/202/2203 4462/204/2203 4459/16/2203 4465/203/2203
f 4462/204/661 4463/207/661 4457/20/661 4459/16/661
f 4468/208/2204 4460/183/2204 4453/24/2204 4467/209/2204
f 4464/220/657 4466/212/657 4456/37/657 4458/45/657
f 4465/221/656 4467/215/656 4453/112/656 4455/165/656
f 4466/216/2205 4452/27/2205 4460/183/2205 4468/208/2205
f 4458/45/652 4456/37/652 4463/207/652 4462/204/652
f 4464/217/2206 4458/45/2206 4462/204/2206 4469/202/2206
f 4452/66/654 4454/53/654 4461/201/654 4460/196/654
f 4454/53/2199 4464/217/2199 4469/202/2199 4461/201/2199
f 4456/37/2200 4466/216/2200 4468/208/2200 4463/207/2200
f 4459/16/665 4457/20/665 4467/215/665 4465/221/665
f 4454/169/664 4452/170/664 4466/212/664 4464/220/664
f 4463/207/2201 4468/208/2201 4467/209/2201 4457/20/2201
f 4461/201/2202 4469/202/2202 4465/203/2202 4455/12/2202
f 4487/222/2475 4479/201/2475 4473/12/2475 4483/172/2475
f 4498/223/2476 4511/223/2476 4507/201/2476 4479/201/2476
f 4486/224/2477 4481/207/2477 4475/20/2477 4485/225/2477
f 4497/226/2478 4478/183/2478 4471/24/2478 4495/227/2478
f 4502/228/2479 4493/230/2479 4474/37/2479 4484/229/2479
f 4500/231/2480 4495/232/2480 4471/112/2480 4483/179/2480
f 4492/248/2481 4470/27/2481 4478/183/2481 4497/226/2481
f 4484/229/2482 4474/37/2482 4481/207/2482 4486/224/2482
f 4488/233/2483 4476/45/2483 4480/204/2483 4499/234/2483
f 4482/191/1031 4472/53/1031 4479/201/1031 4487/222/1031
f 4470/66/2484 4482/191/2484 4487/222/2484 4478/196/2484
f 4476/45/203 4484/229/203 4486/224/203 4480/204/203
f 4490/235/2485 4500/231/2485 4483/179/2485 4473/165/2485
f 4488/236/2486 4502/228/2486 4484/229/2486 4476/45/2486
f 4480/204/2487 4486/224/2487 4485/225/2487 4477/16/2487
f 4478/196/2488 4487/222/2488 4483/172/2488 4471/75/2488
f 4472/169/2489 4482/194/2489 4503/238/2489 4489/237/2489
f 4489/237/2490 4503/238/2490 4502/228/2490 4488/236/2490
f 4477/16/2491 4485/225/2491 4501/240/2491 4491/239/2491
f 4491/239/2492 4501/240/2492 4500/231/2492 4490/235/2492
f 4472/53/2493 4489/241/2493 4498/223/2493 4479/201/2493
f 4489/241/2494 4488/233/2494 4499/234/2494 4498/223/2494
f 4474/37/2495 4493/249/2495 4496/245/2495 4481/207/2495
f 4493/249/2496 4492/248/2496 4497/226/2496 4496/245/2496
f 4485/225/2497 4475/20/2497 4494/242/2497 4501/240/2497
f 4501/240/2498 4494/242/2498 4495/232/2498 4500/231/2498
f 4482/194/2499 4470/170/2499 4492/243/2499 4503/238/2499
f 4503/238/2500 4492/243/2500 4493/230/2500 4502/228/2500
f 4481/207/2501 4496/245/2501 4494/244/2501 4475/20/2501
f 4496/245/2502 4497/226/2502 4495/227/2502 4494/244/2502
f 4479/201/2503 4507/201/2503 4506/12/2503 4473/12/2503
f 4490/235/2504 4510/235/2504 4504/239/2504 4491/239/2504
f 4509/234/2505 4508/204/2505 4505/16/2505 4504/246/2505
f 4507/201/2506 4511/223/2506 4510/247/2506 4506/12/2506
f 4511/223/2507 4509/234/2507 4504/246/2507 4510/247/2507
f 4480/204/2508 4508/204/2508 4509/234/2508 4499/234/2508
f 4491/239/2509 4504/239/2509 4505/16/2509 4477/16/2509
f 4477/16/2510 4505/16/2510 4508/204/2510 4480/204/2510
f 4473/165/2511 4506/165/2511 4510/235/2511 4490/235/2511
f 4499/234/2512 4509/234/2512 4511/223/2512 4498/223/2512
f 4520/196/478 4521/201/478 4515/12/478 4513/75/478
f 4521/201/2100 4530/201/2100 4537/12/2100 4515/12/2100
f 4522/204/480 4523/207/480 4517/20/480 4519/16/480
f 4528/208/461 4520/183/461 4513/24/461 4527/209/461
f 4524/220/518 4526/212/518 4516/37/518 4518/45/518
f 4525/221/517 4527/215/517 4513/112/517 4515/165/517
f 4528/208/238 4548/208/238 4547/183/238 4520/183/238
f 4524/220/2103 4532/220/2103 4531/169/2103 4514/169/2103
f 4522/204/2098 4535/204/2098 4536/45/2098 4518/45/2098
f 4519/16/522 4517/20/522 4527/215/522 4525/221/522
f 4514/169/521 4512/170/521 4526/212/521 4524/220/521
f 4523/207/461 4528/208/461 4527/209/461 4517/20/461
f 4515/165/2102 4537/165/2102 4533/221/2102 4525/221/2102
f 4535/204/488 4542/204/488 4543/45/488 4536/45/488
f 4534/16/480 4541/16/480 4542/204/480 4535/204/480
f 4536/45/518 4543/45/518 4539/220/518 4532/220/518
f 4531/53/475 4538/53/475 4529/201/475 4530/201/475
f 4518/45/2101 4536/45/2101 4532/220/2101 4524/220/2101
f 4525/221/2099 4533/221/2099 4534/16/2099 4519/16/2099
f 4519/16/2105 4534/16/2105 4535/204/2105 4522/204/2105
f 4514/53/2104 4531/53/2104 4530/201/2104 4521/201/2104
f 4545/202/469 4542/204/469 4541/16/469 4540/203/469
f 4539/217/469 4543/45/469 4542/204/469 4545/202/469
f 4538/53/469 4539/217/469 4545/202/469 4529/201/469
f 4529/201/469 4545/202/469 4540/203/469 4544/12/469
f 4532/220/521 4539/220/521 4538/169/521 4531/169/521
f 4537/165/517 4544/165/517 4540/221/517 4533/221/517
f 4530/201/478 4529/201/478 4544/12/478 4537/12/478
f 4533/221/522 4540/221/522 4541/16/522 4534/16/522
f 4526/216/2513 4512/27/2513 4547/183/2513 4548/208/2513
f 4516/37/2514 4526/216/2514 4548/208/2514 4546/207/2514
f 4523/207/238 4546/207/238 4548/208/238 4528/208/238
f 4523/207/488 4522/204/488 4518/45/488 4516/37/488 4546/207/488
f 4512/27/475 4514/53/475 4521/201/475 4547/183/475
f 4572/199/2515 4558/201/2515 4552/12/2515 4568/200/2515
f 4566/202/2516 4559/204/2516 4556/16/2516 4562/203/2516
f 4571/205/480 4560/207/480 4554/20/480 4570/206/480
f 4565/208/461 4557/183/461 4550/24/461 4564/209/461
f 4574/210/1065 4563/212/1065 4553/37/1065 4569/211/1065
f 4573/213/1066 4564/215/1066 4550/112/1066 4568/214/1066
f 4563/216/461 4549/27/461 4557/183/461 4565/208/461
f 4569/211/488 4553/37/488 4560/207/488 4571/205/488
f 4561/217/2517 4555/45/2517 4559/204/2517 4566/202/2517
f 4567/218/475 4551/53/475 4558/201/475 4572/199/475
f 4551/53/2518 4561/217/2518 4566/202/2518 4558/201/2518
f 4553/37/461 4563/216/461 4565/208/461 4560/207/461
f 4570/206/2519 4554/20/2519 4564/215/2519 4573/213/2519
f 4567/219/1070 4549/170/1070 4563/212/1070 4574/210/1070
f 4560/207/461 4565/208/461 4564/209/461 4554/20/461
f 4558/201/2520 4566/202/2520 4562/203/2520 4552/12/2520
f 4551/169/1070 4567/219/1070 4574/210/1070 4561/220/1070
f 4556/16/2521 4570/206/2521 4573/213/2521 4562/221/2521
f 4549/66/475 4567/218/475 4572/199/475 4557/196/475
f 4555/45/488 4569/211/488 4571/205/488 4559/204/488
f 4562/221/2522 4573/213/2522 4568/214/2522 4552/165/2522
f 4561/220/1065 4574/210/1065 4569/211/1065 4555/45/1065
f 4559/204/2523 4571/205/2523 4570/206/2523 4556/16/2523
f 4557/196/478 4572/199/478 4568/200/478 4550/75/478
f 4588/222/2524 4581/201/2524 4577/12/2524 4584/172/2524
f 4592/223/2525 4600/223/2525 4598/201/2525 4581/201/2525
f 4587/224/2526 4570/207/2526 4578/20/2526 4586/225/2526
f 4573/226/2527 4568/183/2527 4575/24/2527 4591/227/2527
f 4594/228/2528 4562/230/2528 4556/37/2528 4585/229/2528
f 4593/231/2529 4591/232/2529 4575/112/2529 4584/179/2529
f 4585/229/2530 4556/37/2530 4570/207/2530 4587/224/2530
f 4589/233/2531 4579/45/2531 4582/204/2531 4592/234/2531
f 4583/191/2532 4576/53/2532 4581/201/2532 4588/222/2532
f 4552/66/2533 4583/191/2533 4588/222/2533 4568/196/2533
f 4579/45/203 4585/229/203 4587/224/203 4582/204/203
f 4590/235/2534 4593/231/2534 4584/179/2534 4577/165/2534
f 4589/236/2535 4594/228/2535 4585/229/2535 4579/45/2535
f 4582/204/2536 4587/224/2536 4586/225/2536 4580/16/2536
f 4568/196/2537 4588/222/2537 4584/172/2537 4575/75/2537
f 4576/169/2538 4583/194/2538 4594/238/2538 4589/237/2538
f 4580/16/2539 4586/225/2539 4593/240/2539 4590/239/2539
f 4576/53/2540 4589/241/2540 4592/223/2540 4581/201/2540
f 4586/225/2541 4578/20/2541 4591/242/2541 4593/240/2541
f 4583/194/2542 4552/170/2542 4562/243/2542 4594/238/2542
f 4570/207/2543 4573/245/2543 4591/244/2543 4578/20/2543
f 4581/201/2544 4598/201/2544 4597/12/2544 4577/12/2544
f 4600/234/2545 4599/204/2545 4596/16/2545 4595/246/2545
f 4598/201/2546 4600/223/2546 4595/247/2546 4597/12/2546
f 4582/204/2547 4599/204/2547 4600/234/2547 4592/234/2547
f 4590/239/2548 4595/239/2548 4596/16/2548 4580/16/2548
f 4580/16/2549 4596/16/2549 4599/204/2549 4582/204/2549
f 4577/165/2550 4597/165/2550 4595/235/2550 4590/235/2550
f 4609/250/2551 4606/212/2551 4603/37/2551 4608/195/2551
f 4607/194/2552 4601/170/2552 4606/212/2552 4609/250/2552
f 4602/169/2551 4607/194/2551 4609/250/2551 4605/220/2551
f 4605/220/2552 4609/250/2552 4608/195/2552 4604/45/2552
f 4625/251/572 4624/254/572 4617/253/572 4610/252/572
f 4619/255/571 4623/258/571 4616/257/571 4612/256/571
f 4618/259/574 4622/262/574 4615/261/574 4611/260/574
f 4620/263/573 4621/266/573 4614/265/573 4613/264/573
f 4621/266/577 4625/268/577 4610/267/577 4614/265/577
f 4623/258/578 4620/263/578 4613/264/578 4616/257/578
f 4622/262/575 4619/255/575 4612/256/575 4615/261/575
f 4624/254/576 4618/259/576 4611/260/576 4617/253/576
f 4640/269/2553 4634/270/2553 4618/259/2553 4624/254/2553
f 4638/271/2554 4635/272/2554 4619/255/2554 4622/262/2554
f 4639/273/2555 4636/274/2555 4620/263/2555 4623/258/2555
f 4637/275/2556 4641/276/2556 4625/268/2556 4621/266/2556
f 4636/274/2557 4637/275/2557 4621/266/2557 4620/263/2557
f 4634/270/2558 4638/271/2558 4622/262/2558 4618/259/2558
f 4635/272/2559 4639/273/2559 4623/258/2559 4619/255/2559
f 4641/277/2560 4640/269/2560 4624/254/2560 4625/251/2560
f 4610/252/2561 4617/253/2561 4633/279/2561 4626/278/2561
f 4612/256/2562 4616/257/2562 4632/281/2562 4628/280/2562
f 4611/260/2563 4615/261/2563 4631/283/2563 4627/282/2563
f 4613/264/2564 4614/265/2564 4630/285/2564 4629/284/2564
f 4614/265/2565 4610/267/2565 4626/286/2565 4630/285/2565
f 4616/257/2566 4613/264/2566 4629/284/2566 4632/281/2566
f 4615/261/2567 4612/256/2567 4628/280/2567 4631/283/2567
f 4617/253/2568 4611/260/2568 4627/282/2568 4633/279/2568
f 4723/287/596 4730/288/596 4640/269/596 4641/277/596
f 4725/289/595 4729/290/595 4639/273/595 4635/272/595
f 4724/291/598 4728/292/598 4638/271/598 4634/270/598
f 4726/293/597 4727/294/597 4637/275/597 4636/274/597
f 4727/294/601 4723/295/601 4641/276/601 4637/275/601
f 4729/290/602 4726/293/602 4636/274/602 4639/273/602
f 4728/292/599 4725/289/599 4635/272/599 4638/271/599
f 4730/288/600 4724/291/600 4634/270/600 4640/269/600
f 4628/280/604 4644/280/604 4647/283/604 4631/283/604
f 4626/286/603 4642/286/603 4646/285/603 4630/285/603
f 4631/283/609 4647/283/609 4643/282/609 4627/282/609
f 4633/279/1136 4649/279/1136 4642/278/1136 4626/278/1136
f 4627/282/608 4643/282/608 4649/279/608 4633/279/608
f 4629/284/607 4645/284/607 4648/281/607 4632/281/607
f 4630/285/605 4646/285/605 4645/284/605 4629/284/605
f 4632/281/1137 4648/281/1137 4644/280/1137 4628/280/1137
f 4658/250/2551 4655/212/2551 4652/37/2551 4657/195/2551
f 4656/194/2552 4650/170/2552 4655/212/2552 4658/250/2552
f 4651/169/2552 4656/194/2552 4658/250/2552 4654/220/2552
f 4654/220/2552 4658/250/2552 4657/195/2552 4653/45/2552
f 4674/251/572 4673/254/572 4666/253/572 4659/252/572
f 4668/255/571 4672/258/571 4665/257/571 4661/256/571
f 4667/259/574 4671/262/574 4664/261/574 4660/260/574
f 4669/263/573 4670/266/573 4663/265/573 4662/264/573
f 4670/266/577 4674/268/577 4659/267/577 4663/265/577
f 4672/258/578 4669/263/578 4662/264/578 4665/257/578
f 4671/262/575 4668/255/575 4661/256/575 4664/261/575
f 4673/254/576 4667/259/576 4660/260/576 4666/253/576
f 4689/269/2553 4683/270/2553 4667/259/2553 4673/254/2553
f 4687/271/2554 4684/272/2554 4668/255/2554 4671/262/2554
f 4688/273/2555 4685/274/2555 4669/263/2555 4672/258/2555
f 4686/275/2556 4690/276/2556 4674/268/2556 4670/266/2556
f 4685/274/2557 4686/275/2557 4670/266/2557 4669/263/2557
f 4683/270/2558 4687/271/2558 4671/262/2558 4667/259/2558
f 4684/272/2559 4688/273/2559 4672/258/2559 4668/255/2559
f 4690/277/2560 4689/269/2560 4673/254/2560 4674/251/2560
f 4659/252/2569 4666/253/2569 4682/279/2569 4675/278/2569
f 4661/256/2570 4665/257/2570 4681/281/2570 4677/280/2570
f 4660/260/2571 4664/261/2571 4680/283/2571 4676/282/2571
f 4662/264/2572 4663/265/2572 4679/285/2572 4678/284/2572
f 4663/265/2573 4659/267/2573 4675/286/2573 4679/285/2573
f 4665/257/2574 4662/264/2574 4678/284/2574 4681/281/2574
f 4664/261/2575 4661/256/2575 4677/280/2575 4680/283/2575
f 4666/253/2576 4660/260/2576 4676/282/2576 4682/279/2576
f 4715/296/621 4722/297/621 4689/269/621 4690/277/621
f 4717/298/620 4721/299/620 4688/273/620 4684/272/620
f 4716/300/623 4720/301/623 4687/271/623 4683/270/623
f 4718/302/622 4719/303/622 4686/275/622 4685/274/622
f 4719/303/625 4715/304/625 4690/276/625 4686/275/625
f 4721/299/607 4718/302/607 4685/274/607 4688/273/607
f 4720/301/624 4717/298/624 4684/272/624 4687/271/624
f 4722/297/608 4716/300/608 4683/270/608 4689/269/608
f 4677/280/2577 4693/280/2577 4696/283/2577 4680/283/2577
f 4675/286/2578 4691/286/2578 4695/285/2578 4679/285/2578
f 4680/283/2579 4696/283/2579 4692/282/2579 4676/282/2579
f 4682/279/2580 4698/279/2580 4691/278/2580 4675/278/2580
f 4676/282/2581 4692/282/2581 4698/279/2581 4682/279/2581
f 4678/284/2582 4694/284/2582 4697/281/2582 4681/281/2582
f 4679/285/2583 4695/285/2583 4694/284/2583 4678/284/2583
f 4681/281/2584 4697/281/2584 4693/280/2584 4677/280/2584
f 4607/191/600 4602/53/600 4699/306/600 4705/305/600
f 4605/217/599 4604/45/599 4700/308/599 4703/307/599
f 4608/195/602 4603/37/602 4701/310/602 4704/309/602
f 4606/216/601 4601/27/601 4706/312/601 4702/311/601
f 4603/37/597 4606/216/597 4702/311/597 4701/310/597
f 4602/53/598 4605/217/598 4703/307/598 4699/306/598
f 4604/45/595 4608/195/595 4704/309/595 4700/308/595
f 4601/66/596 4607/191/596 4705/305/596 4706/313/596
f 4656/191/608 4651/53/608 4707/314/608 4713/297/608
f 4654/217/624 4653/45/624 4708/298/624 4711/315/624
f 4657/195/607 4652/37/607 4709/302/607 4712/316/607
f 4655/216/625 4650/27/625 4714/318/625 4710/317/625
f 4652/37/2585 4655/216/2585 4710/317/2585 4709/302/2585
f 4651/53/623 4654/217/623 4711/315/623 4707/314/623
f 4653/45/635 4657/195/635 4712/316/635 4708/298/635
f 4650/66/621 4656/191/621 4713/297/621 4714/296/621
f 4713/297/2586 4707/314/2586 4716/300/2586 4722/297/2586
f 4711/315/2587 4708/298/2587 4717/298/2587 4720/301/2587
f 4712/316/2588 4709/302/2588 4718/302/2588 4721/299/2588
f 4710/317/2589 4714/318/2589 4715/304/2589 4719/303/2589
f 4709/302/2590 4710/317/2590 4719/303/2590 4718/302/2590
f 4707/314/2591 4711/315/2591 4720/301/2591 4716/300/2591
f 4708/298/2592 4712/316/2592 4721/299/2592 4717/298/2592
f 4714/296/2593 4713/297/2593 4722/297/2593 4715/296/2593
f 4705/305/2594 4699/306/2594 4724/291/2594 4730/288/2594
f 4703/307/2595 4700/308/2595 4725/289/2595 4728/292/2595
f 4704/309/2596 4701/310/2596 4726/293/2596 4729/290/2596
f 4702/311/2597 4706/312/2597 4723/295/2597 4727/294/2597
f 4701/310/2598 4702/311/2598 4727/294/2598 4726/293/2598
f 4699/306/2599 4703/307/2599 4728/292/2599 4724/291/2599
f 4700/308/2600 4704/309/2600 4729/290/2600 4725/289/2600
f 4706/313/2601 4705/305/2601 4730/288/2601 4723/287/2601
f 4743/196/1176 4744/201/1176 4734/12/1176 4732/75/1176
f 4748/202/469 4745/204/469 4738/16/469 4740/203/469
f 4745/204/1177 4746/207/1177 4736/20/1177 4738/16/1177
f 4747/208/461 4743/183/461 4732/24/461 4742/209/461
f 4739/220/1178 4741/212/1178 4735/37/1178 4737/45/1178
f 4740/221/1179 4742/215/1179 4732/112/1179 4734/165/1179
f 4738/16/1180 4736/20/1180 4742/215/1180 4740/221/1180
f 4733/169/1181 4731/170/1181 4741/212/1181 4739/220/1181
f 4746/207/461 4747/208/461 4742/209/461 4736/20/461
f 4744/201/469 4748/202/469 4740/203/469 4734/12/469
f 4733/53/469 4739/217/469 4748/202/469 4744/201/469
f 4735/37/461 4741/216/461 4747/208/461 4746/207/461
f 4741/216/461 4731/27/461 4743/183/461 4747/208/461
f 4737/45/1182 4735/37/1182 4746/207/1182 4745/204/1182
f 4739/217/469 4737/45/469 4745/204/469 4748/202/469
f 4731/66/1183 4733/53/1183 4744/201/1183 4743/196/1183
f 4789/279/2602 4783/282/2602 4752/12/2602 4762/343/2602
f 4787/283/2603 4784/280/2603 4756/16/2603 4758/203/2603
f 4788/281/2604 4785/284/2604 4754/20/2604 4764/225/2604
f 4786/285/2605 4782/286/2605 4750/24/2605 4760/209/2605
f 4765/250/1273 4759/212/1273 4753/37/1273 4763/195/1273
f 4761/194/1273 4749/170/1273 4759/212/1273 4765/250/1273
f 4785/284/2606 4786/285/2606 4760/209/2606 4754/20/2606
f 4783/282/2607 4787/283/2607 4758/203/2607 4752/12/2607
f 4751/169/1274 4761/194/1274 4765/250/1274 4757/220/1274
f 4757/220/1274 4765/250/1274 4763/195/1274 4755/45/1274
f 4784/280/2608 4788/281/2608 4764/225/2608 4756/16/2608
f 4782/278/2609 4789/279/2609 4762/343/2609 4750/75/2609
f 4781/251/1241 4780/254/1241 4773/253/1241 4766/252/1241
f 4775/255/1240 4779/258/1240 4772/257/1240 4768/256/1240
f 4774/259/1243 4778/262/1243 4771/261/1243 4767/260/1243
f 4776/263/1242 4777/266/1242 4770/265/1242 4769/264/1242
f 4777/266/1246 4781/268/1246 4766/267/1246 4770/265/1246
f 4779/258/1247 4776/263/1247 4769/264/1247 4772/257/1247
f 4778/262/1244 4775/255/1244 4768/256/1244 4771/261/1244
f 4780/254/1245 4774/259/1245 4767/260/1245 4773/253/1245
f 4796/269/2610 4790/270/2610 4774/259/2610 4780/254/2610
f 4794/271/2611 4791/272/2611 4775/255/2611 4778/262/2611
f 4795/273/2612 4792/274/2612 4776/263/2612 4779/258/2612
f 4793/275/2613 4797/276/2613 4781/268/2613 4777/266/2613
f 4792/274/2614 4793/275/2614 4777/266/2614 4776/263/2614
f 4790/270/2615 4794/271/2615 4778/262/2615 4774/259/2615
f 4791/272/2616 4795/273/2616 4779/258/2616 4775/255/2616
f 4797/277/2617 4796/269/2617 4780/254/2617 4781/251/2617
f 4766/252/2618 4773/253/2618 4789/279/2618 4782/278/2618
f 4768/256/2619 4772/257/2619 4788/281/2619 4784/280/2619
f 4767/260/2620 4771/261/2620 4787/283/2620 4783/282/2620
f 4769/264/2621 4770/265/2621 4786/285/2621 4785/284/2621
f 4770/265/2622 4766/267/2622 4782/286/2622 4786/285/2622
f 4772/257/2623 4769/264/2623 4785/284/2623 4788/281/2623
f 4771/261/2624 4768/256/2624 4784/280/2624 4787/283/2624
f 4773/253/2625 4767/260/2625 4783/282/2625 4789/279/2625
f 4749/66/1265 4761/191/1265 4796/269/1265 4797/277/1265
f 4755/45/1264 4763/195/1264 4795/273/1264 4791/272/1264
f 4751/53/1267 4757/217/1267 4794/271/1267 4790/270/1267
f 4753/37/2626 4759/216/2626 4793/275/2626 4792/274/2626
f 4759/216/1270 4749/27/1270 4797/276/1270 4793/275/1270
f 4763/195/1271 4753/37/1271 4792/274/1271 4795/273/1271
f 4757/217/1268 4755/45/1268 4791/272/1268 4794/271/1268
f 4761/191/1269 4751/53/1269 4790/270/1269 4796/269/1269
f 4798/344/2627 4760/215/2627 4750/112/2627 4762/179/2627
f 4764/225/1234 4754/20/1234 4760/215/1234 4798/344/1234
f 4756/16/1235 4764/225/1235 4798/344/1235 4758/221/1235
f 4758/221/2628 4798/344/2628 4762/179/2628 4752/165/2628
f 4839/279/2629 4833/282/2629 4802/12/2629 4812/343/2629
f 4837/283/2630 4834/280/2630 4806/16/2630 4808/203/2630
f 4838/281/2631 4835/284/2631 4804/20/2631 4814/225/2631
f 4836/285/2632 4832/286/2632 4800/24/2632 4810/209/2632
f 4815/250/1227 4809/212/1227 4803/37/1227 4813/195/1227
f 4811/194/1228 4799/170/1228 4809/212/1228 4815/250/1228
f 4835/284/2633 4836/285/2633 4810/209/2633 4804/20/2633
f 4833/282/2634 4837/283/2634 4808/203/2634 4802/12/2634
f 4801/169/1227 4811/194/1227 4815/250/1227 4807/220/1227
f 4807/220/1227 4815/250/1227 4813/195/1227 4805/45/1227
f 4834/280/2635 4838/281/2635 4814/225/2635 4806/16/2635
f 4832/278/2636 4839/279/2636 4812/343/2636 4800/75/2636
f 4831/251/1195 4830/254/1195 4823/253/1195 4816/252/1195
f 4825/255/1194 4829/258/1194 4822/257/1194 4818/256/1194
f 4824/259/1197 4828/262/1197 4821/261/1197 4817/260/1197
f 4826/263/1196 4827/266/1196 4820/265/1196 4819/264/1196
f 4827/266/1200 4831/268/1200 4816/267/1200 4820/265/1200
f 4829/258/1201 4826/263/1201 4819/264/1201 4822/257/1201
f 4828/262/1198 4825/255/1198 4818/256/1198 4821/261/1198
f 4830/254/1199 4824/259/1199 4817/260/1199 4823/253/1199
f 4846/269/2637 4840/270/2637 4824/259/2637 4830/254/2637
f 4844/271/2638 4841/272/2638 4825/255/2638 4828/262/2638
f 4845/273/2639 4842/274/2639 4826/263/2639 4829/258/2639
f 4843/275/2640 4847/276/2640 4831/268/2640 4827/266/2640
f 4842/274/2641 4843/275/2641 4827/266/2641 4826/263/2641
f 4840/270/2642 4844/271/2642 4828/262/2642 4824/259/2642
f 4841/272/2643 4845/273/2643 4829/258/2643 4825/255/2643
f 4847/277/2644 4846/269/2644 4830/254/2644 4831/251/2644
f 4816/252/2645 4823/253/2645 4839/279/2645 4832/278/2645
f 4818/256/2646 4822/257/2646 4838/281/2646 4834/280/2646
f 4817/260/2647 4821/261/2647 4837/283/2647 4833/282/2647
f 4819/264/2648 4820/265/2648 4836/285/2648 4835/284/2648
f 4820/265/2649 4816/267/2649 4832/286/2649 4836/285/2649
f 4822/257/2650 4819/264/2650 4835/284/2650 4838/281/2650
f 4821/261/2651 4818/256/2651 4834/280/2651 4837/283/2651
f 4823/253/2652 4817/260/2652 4833/282/2652 4839/279/2652
f 4799/66/1219 4811/191/1219 4846/269/1219 4847/277/1219
f 4805/45/1218 4813/195/1218 4845/273/1218 4841/272/1218
f 4801/53/2653 4807/217/2653 4844/271/2653 4840/270/2653
f 4803/37/1220 4809/216/1220 4843/275/1220 4842/274/1220
f 4809/216/1224 4799/27/1224 4847/276/1224 4843/275/1224
f 4813/195/1225 4803/37/1225 4842/274/1225 4845/273/1225
f 4807/217/1222 4805/45/1222 4841/272/1222 4844/271/1222
f 4811/191/1223 4801/53/1223 4840/270/1223 4846/269/1223
f 4848/344/2654 4810/215/2654 4800/112/2654 4812/179/2654
f 4814/225/1188 4804/20/1188 4810/215/1188 4848/344/1188
f 4806/16/1191 4814/225/1191 4848/344/1191 4808/221/1191
f 4808/221/2655 4848/344/2655 4812/179/2655 4802/165/2655
f 4855/345/461 4871/75/461 4872/347/461 4853/346/461
f 4858/348/469 4873/351/469 4874/350/469 4860/349/469
f 4856/352/461 4875/353/461 4871/75/461 4855/345/461
f 4860/349/469 4874/350/469 4876/355/469 4859/354/469
f 4854/356/461 4877/357/461 4875/353/461 4856/352/461
f 4859/354/469 4876/355/469 4878/359/469 4857/358/469
f 4867/360/469 4879/363/469 4880/362/469 4865/361/469
f 4862/364/461 4881/367/461 4882/366/461 4864/365/461
f 4868/368/469 4883/369/469 4879/363/469 4867/360/469
f 4864/365/461 4882/366/461 4884/371/461 4863/370/461
f 4866/372/469 4885/373/469 4883/369/469 4868/368/469
f 4863/370/461 4884/371/461 4886/375/461 4861/374/461
f 4861/374/461 4886/375/461 4870/37/461 4851/376/461
f 4853/346/461 4872/347/461 4881/367/461 4862/364/461
f 4849/377/461 4869/66/461 4877/357/461 4854/356/461
f 4857/358/469 4878/359/469 4887/53/469 4850/378/469
f 4852/379/469 4888/45/469 4885/373/469 4866/372/469
f 4865/361/469 4880/362/469 4873/351/469 4858/348/469
f 4889/349/2656 4897/354/2656 4896/358/2656 4850/378/2656 4895/379/2656 4894/372/2656 4893/368/2656 4892/360/2656 4891/361/2656 4890/348/2656
f 4858/348/1277 4860/349/1277 4889/349/1277 4890/348/1277
f 4865/361/215 4858/348/215 4890/348/215 4891/361/215
f 4867/360/1278 4865/361/1278 4891/361/1278 4892/360/1278
f 4868/368/1279 4867/360/1279 4892/360/1279 4893/368/1279
f 4866/372/1280 4868/368/1280 4893/368/1280 4894/372/1280
f 4852/379/1281 4866/372/1281 4894/372/1281 4895/379/1281
f 4857/358/1282 4850/378/1282 4896/358/1282
f 4859/354/1283 4857/358/1283 4896/358/1283 4897/354/1283
f 4860/349/1284 4859/354/1284 4897/354/1284 4889/349/1284
f 4898/377/461 4907/356/461 4906/352/461 4905/345/461 4904/346/461 4903/364/461 4902/365/461 4901/370/461 4900/374/461 4899/376/461
f 4861/374/1281 4851/376/1281 4899/376/1281 4900/374/1281
f 4863/370/1280 4861/374/1280 4900/374/1280 4901/370/1280
f 4864/365/1279 4863/370/1279 4901/370/1279 4902/365/1279
f 4862/364/1278 4864/365/1278 4902/365/1278 4903/364/1278
f 4853/346/215 4862/364/215 4903/364/215 4904/346/215
f 4855/345/1277 4853/346/1277 4904/346/1277 4905/345/1277
f 4856/352/1284 4855/345/1284 4905/345/1284 4906/352/1284
f 4854/356/1283 4856/352/1283 4906/352/1283 4907/356/1283
f 4849/377/1282 4854/356/1282 4907/356/1282 4898/377/1282
f 4850/378/215 4898/377/215 4899/376/215 4895/379/215
f 4951/380/1285 4936/383/1285 4874/382/1285 4873/381/1285
f 4936/384/1286 4916/387/1286 4876/386/1286 4874/385/1286
f 4916/387/1287 4924/389/1287 4878/388/1287 4876/386/1287
f 4940/390/203 4887/391/203 4878/388/203 4924/389/203
f 4911/5/1288 4888/5/1288 4852/5/1288 4955/5/1288
f 4943/5/215 4869/5/215 4849/5/215 4944/5/215
f 4908/392/210 4870/395/210 4886/394/210 4912/393/210
f 4935/396/238 4881/399/238 4872/398/238 4948/397/238
f 4920/400/1289 4912/393/1289 4886/394/1289 4884/401/1289
f 4928/402/1290 4920/400/1290 4884/401/1290 4882/403/1290
f 4935/396/1291 4928/402/1291 4882/403/1291 4881/399/1291
f 4880/404/1291 4879/407/1291 4931/406/1291 4932/405/1291
f 4927/408/1315 4971/408/1315 4963/409/1315 4919/409/1315
f 4933/410/1291 4930/413/1291 4929/412/1291 4934/411/1291
f 4930/413/1294 4974/413/1294 4966/414/1294 4922/414/1294
f 4879/407/1290 4883/416/1290 4923/415/1290 4931/406/1290
f 4923/415/1293 4967/415/1293 4975/406/1293 4931/406/1293
f 4930/413/1290 4922/414/1290 4921/417/1290 4929/412/1290
f 4935/396/1297 4979/396/1297 4972/402/1297 4928/402/1297
f 4883/416/1289 4885/419/1289 4915/418/1289 4923/415/1289
f 4951/380/1298 4987/380/1298 4980/383/1298 4936/383/1298
f 4922/414/1289 4914/421/1289 4913/420/1289 4921/417/1289
f 4929/412/1295 4973/412/1295 4978/411/1295 4934/411/1295
f 4880/404/238 4932/405/238 4951/380/238 4873/381/238
f 4937/422/1296 4981/422/1296 4986/423/1296 4950/423/1296
f 4933/410/238 4934/411/238 4949/424/238 4950/423/238
f 4948/397/1306 4984/397/1306 4979/396/1306 4935/396/1306
f 4888/425/210 4911/426/210 4915/418/210 4885/419/210
f 4911/426/210 4910/427/210 4914/421/210 4915/418/210
f 4910/427/210 4909/428/210 4913/420/210 4914/421/210
f 4909/428/210 4908/392/210 4912/393/210 4913/420/210
f 4887/5/1300 4940/5/1300 4947/5/1300 4850/5/1300
f 4940/5/1301 4941/5/1301 4946/5/1301 4947/5/1301
f 4941/5/1301 4942/5/1301 4945/5/1301 4946/5/1301
f 4942/5/1302 4943/5/1302 4944/5/1302 4945/5/1302
f 4870/5/1288 4908/5/1288 4952/5/1288 4851/5/1288
f 4908/5/1303 4909/5/1303 4953/5/1303 4952/5/1303
f 4909/5/215 4910/5/215 4954/5/215 4953/5/215
f 4910/5/1303 4911/5/1303 4955/5/1303 4954/5/1303
f 4869/429/203 4943/431/203 4927/408/203 4877/430/203
f 4943/431/203 4942/433/203 4926/432/203 4927/408/203
f 4942/433/203 4941/435/203 4925/434/203 4926/432/203
f 4941/435/203 4940/390/203 4924/389/203 4925/434/203
f 4875/436/1287 4877/430/1287 4927/408/1287 4919/409/1287
f 4933/410/1307 4977/410/1307 4974/413/1307 4930/413/1307
f 4918/437/1287 4926/432/1287 4925/434/1287 4917/438/1287
f 4949/424/1308 4985/424/1308 4982/439/1308 4938/439/1308
f 4871/440/1286 4875/436/1286 4919/409/1286 4939/441/1286
f 4934/411/1299 4978/411/1299 4985/424/1299 4949/424/1299
f 4938/442/1286 4918/437/1286 4917/438/1286 4937/443/1286
f 4931/406/1304 4975/406/1304 4976/405/1304 4932/405/1304
f 4872/398/1285 4871/445/1285 4939/444/1285 4948/397/1285
f 4939/444/1305 4983/444/1305 4984/397/1305 4948/397/1305
f 4949/424/1285 4938/439/1285 4937/422/1285 4950/423/1285
f 4950/423/1306 4986/423/1306 4977/410/1306 4933/410/1306
f 4976/405/1309 4975/406/1309 4974/413/1309 4977/410/1309
f 4978/411/1309 4973/412/1309 4972/402/1309 4979/396/1309
f 4975/406/1310 4967/415/1310 4966/414/1310 4974/413/1310
f 4973/412/1310 4965/417/1310 4964/400/1310 4972/402/1310
f 4967/415/1311 4959/418/1311 4958/421/1311 4966/414/1311
f 4965/417/1311 4957/420/1311 4956/393/1311 4964/400/1311
f 4976/405/238 4977/410/238 4986/423/238 4987/380/238
f 4978/411/238 4979/396/238 4984/397/238 4985/424/238
f 4963/409/1312 4971/408/1312 4970/432/1312 4962/437/1312
f 4961/438/1312 4969/434/1312 4968/389/1312 4960/387/1312
f 4983/441/1313 4963/409/1313 4962/437/1313 4982/442/1313
f 4981/443/1313 4961/438/1313 4960/387/1313 4980/384/1313
f 4984/397/1314 4983/444/1314 4982/439/1314 4985/424/1314
f 4986/423/1314 4981/422/1314 4980/383/1314 4987/380/1314
f 4921/417/1293 4965/417/1293 4973/412/1293 4929/412/1293
f 4918/437/1292 4962/437/1292 4970/432/1292 4926/432/1292
f 4928/402/1294 4972/402/1294 4964/400/1294 4920/400/1294
f 4925/434/1318 4969/434/1318 4961/438/1318 4917/438/1318
f 4915/418/1319 4959/418/1319 4967/415/1319 4923/415/1319
f 4916/387/1316 4960/387/1316 4968/389/1316 4924/389/1316
f 4922/414/1317 4966/414/1317 4958/421/1317 4914/421/1317
f 4919/409/1323 4963/409/1323 4983/441/1323 4939/441/1323
f 4924/389/1321 4968/389/1321 4969/434/1321 4925/434/1321
f 4913/420/1325 4957/420/1325 4965/417/1325 4921/417/1325
f 4938/442/1320 4982/442/1320 4962/437/1320 4918/437/1320
f 4912/393/1324 4956/393/1324 4957/420/1324 4913/420/1324
f 4920/400/1322 4964/400/1322 4956/393/1322 4912/393/1322
f 4917/438/1323 4961/438/1323 4981/443/1323 4937/443/1323
f 4926/432/1321 4970/432/1321 4971/408/1321 4927/408/1321
f 4932/405/1299 4976/405/1299 4987/380/1299 4951/380/1299
f 4936/384/1320 4980/384/1320 4960/387/1320 4916/387/1320
f 4914/421/1324 4958/421/1324 4959/418/1324 4915/418/1324
f 2193/446/1331 5019/447/1331 4991/12/1331 2156/343/1331
f 5023/448/1332 5020/449/1332 4995/16/1332 4997/203/1332
f 2192/450/1330 5021/451/1330 4993/20/1330 2158/225/1330
f 5022/452/1333 5018/453/1333 4989/24/1333 4999/209/1333
f 2163/250/215 4998/212/215 4992/37/215 2157/195/215
f 4996/220/215 2163/250/215 2157/195/215 4994/45/215
f 5020/449/1328 2192/450/1328 2158/225/1328 4995/16/1328
f 5018/454/1326 2193/446/1326 2156/343/1326 4989/75/1326
f 4990/169/215 2155/194/215 2163/250/215 4996/220/215
f 2155/194/215 4988/170/215 4998/212/215 2163/250/215
f 5021/451/1327 5022/452/1327 4999/209/1327 4993/20/1327
f 5019/447/1329 5023/448/1329 4997/203/1329 4991/12/1329
f 4990/53/1342 4996/217/1342 5011/455/1342 5003/327/1342
f 5003/327/1343 5011/455/1343 5010/457/1343 5002/456/1343
f 4992/37/1346 4998/216/1346 5009/458/1346 5007/324/1346
f 5007/324/1347 5009/458/1347 5008/459/1347 5006/322/1347
f 4988/66/1348 2155/191/1348 2175/460/1348 5000/328/1348
f 5000/328/1349 2175/460/1349 2174/461/1349 5001/319/1349
f 4994/45/1344 2157/195/1344 2173/462/1344 5005/326/1344
f 5005/326/1345 2173/462/1345 2172/463/1345 5004/321/1345
f 4998/216/1334 4988/27/1334 5000/325/1334 5009/458/1334
f 5009/458/1335 5000/325/1335 5001/323/1335 5008/459/1335
f 2157/195/1340 4992/37/1340 5007/324/1340 2173/462/1340
f 2173/462/1341 5007/324/1341 5006/322/1341 2172/463/1341
f 4996/217/1336 4994/45/1336 5005/326/1336 5011/455/1336
f 5011/455/1337 5005/326/1337 5004/321/1337 5010/457/1337
f 2155/191/1338 4990/53/1338 5003/327/1338 2175/460/1338
f 2175/460/1339 5003/327/1339 5002/456/1339 2174/461/1339
f 5002/456/1329 5010/457/1329 5017/465/1329 5013/464/1329
f 5006/322/1327 5008/459/1327 5016/467/1327 5015/466/1327
f 5001/319/1326 2174/461/1326 2185/469/1326 5012/468/1326
f 5004/321/1328 2172/463/1328 2184/471/1328 5014/470/1328
f 5008/459/1333 5001/323/1333 5012/472/1333 5016/467/1333
f 2172/463/1330 5006/322/1330 5015/466/1330 2184/471/1330
f 5010/457/1332 5004/321/1332 5014/470/1332 5017/465/1332
f 2174/461/1331 5002/456/1331 5013/464/1331 2185/469/1331
f 5013/464/1354 5017/465/1354 5023/448/1354 5019/447/1354
f 5015/466/1356 5016/467/1356 5022/452/1356 5021/451/1356
f 5012/468/1357 2185/469/1357 2193/446/1357 5018/454/1357
f 5014/470/1355 2184/471/1355 2192/450/1355 5020/449/1355
f 5016/467/1350 5012/472/1350 5018/453/1350 5022/452/1350
f 2184/471/1353 5015/466/1353 5021/451/1353 2192/450/1353
f 5017/465/1351 5014/470/1351 5020/449/1351 5023/448/1351
f 2185/469/1352 5013/464/1352 5019/447/1352 2193/446/1352
f 5024/66/203 5026/53/203 5027/12/203 5025/75/203
f 5032/473/469 5030/45/469 5031/16/469 5033/474/469
f 5030/45/1358 5028/37/1358 5029/20/1358 5031/16/1358
f 5034/475/461 5024/27/461 5025/24/461 5035/476/461
f 5030/45/1359 5041/45/1359 5040/37/1359 5028/37/1359
f 5027/12/203 5037/12/203 5036/75/203 5025/75/203
f 5031/16/1360 5029/20/1360 5035/478/1360 5033/477/1360
f 5028/37/461 5034/475/461 5035/476/461 5029/20/461
f 5026/53/469 5032/473/469 5033/474/469 5027/12/469
f 5039/477/238 5038/478/238 5036/112/238 5037/165/238
f 5033/474/469 5039/474/469 5037/12/469 5027/12/469
f 5025/24/461 5036/24/461 5038/476/461 5035/476/461
f 5035/478/210 5038/478/210 5039/477/210 5033/477/210
f 5032/473/1362 5043/473/1362 5041/45/1362 5030/45/1362
f 5028/37/1361 5040/37/1361 5042/475/1361 5034/475/1361
f 5047/479/215 5046/480/215 5044/37/215 5045/45/215
f 5040/37/1364 5044/37/1364 5046/475/1364 5042/475/1364
f 5043/473/1363 5047/473/1363 5045/45/1363 5041/45/1363
f 5041/45/1365 5045/45/1365 5044/37/1365 5040/37/1365
f 5081/171/203 5059/173/203 5051/12/203 5073/172/203
f 5059/173/1406 5062/174/1406 5055/16/1406 5051/12/1406
f 5078/175/210 5065/177/210 5053/20/210 5075/176/210
f 5065/177/1405 5058/178/1405 5049/24/1405 5053/20/1405
f 5050/53/469 5069/53/469 5071/45/469 5054/45/469
f 5075/176/2657 5053/20/2657 5049/112/2657 5073/179/2657
f 5052/37/1392 5048/27/1392 5056/181/1392 5067/180/1392
f 5067/180/2658 5056/181/2658 5057/183/2658 5066/182/2658
f 5066/182/2659 5057/183/2659 5058/178/2659 5065/177/2659
f 5074/184/210 5052/37/210 5067/180/210 5076/185/210
f 5076/185/210 5067/180/210 5066/182/210 5077/186/210
f 5077/186/210 5066/182/210 5065/177/210 5078/175/210
f 5050/53/1391 5054/45/1391 5064/188/1391 5061/187/1391
f 5061/187/2660 5064/188/2660 5063/190/2660 5060/189/2660
f 5060/189/2661 5063/190/2661 5062/174/2661 5059/173/2661
f 5072/191/203 5050/53/203 5061/187/203 5079/192/203
f 5079/192/203 5061/187/203 5060/189/203 5080/193/203
f 5080/193/203 5060/189/203 5059/173/203 5081/171/203
f 5082/194/215 5068/170/215 5070/37/215 5083/195/215
f 5072/191/203 5082/191/203 5069/53/203 5050/53/203
f 5074/184/210 5083/195/210 5070/37/210 5052/37/210
f 5052/37/461 5070/37/461 5068/27/461 5048/27/461
f 5054/45/210 5071/45/210 5083/195/210 5074/184/210
f 5048/66/203 5068/66/203 5082/191/203 5072/191/203
f 5069/169/215 5082/194/215 5083/195/215 5071/45/215
f 5057/196/203 5080/193/203 5081/171/203 5058/197/203
f 5056/198/203 5079/192/203 5080/193/203 5057/196/203
f 5048/66/203 5072/191/203 5079/192/203 5056/198/203
f 5063/190/210 5077/186/210 5078/175/210 5062/174/210
f 5064/188/210 5076/185/210 5077/186/210 5063/190/210
f 5054/45/210 5074/184/210 5076/185/210 5064/188/210
f 5055/16/2662 5075/176/2662 5073/179/2662 5051/165/2662
f 5062/174/210 5078/175/210 5075/176/210 5055/16/210
f 5058/197/203 5081/171/203 5073/172/203 5049/75/203
f 5094/481/1380 5100/483/1380 5091/169/1380 5084/482/1380
f 5100/483/1387 5099/486/1387 5090/485/1387 5091/484/1387
f 5088/487/2663 5092/165/2663 5101/489/2663 5096/488/2663
f 5092/490/2664 5090/492/2664 5099/491/2664 5101/489/2664
f 5084/493/1376 5086/170/1376 5095/495/1376 5094/494/1376
f 5086/27/2665 5085/497/2665 5093/496/2665 5095/495/2665
f 5096/498/1385 5098/500/1385 5089/112/1385 5088/499/1385
f 5098/500/2666 5097/502/2666 5087/501/2666 5089/24/2666
f 5084/503/203 5091/484/203 5090/485/203 5092/490/203 5088/508/203 5089/507/203 5087/506/203 5085/505/203 5086/504/203
f 5093/496/461 5085/497/461 5087/501/461 5097/502/461
f 5094/481/2667 5095/495/2667 5093/496/2667 5097/502/2667 5098/500/2667 5096/498/2667 5101/489/2667 5099/491/2667 5100/483/2667
f 5111/481/1380 5116/483/1380 5108/169/1380 5102/482/1380
f 5116/483/1387 5115/486/1387 5107/485/1387 5108/484/1387
f 5105/487/1382 5109/165/1382 5117/489/1382 5113/488/1382
f 5109/490/1388 5107/492/1388 5115/491/1388 5117/489/1388
f 5102/493/1376 5104/170/1376 5112/495/1376 5111/494/1376
f 5104/27/1377 5103/497/1377 5110/496/1377 5112/495/1377
f 5113/498/1385 5114/500/1385 5106/112/1385 5105/499/1385
f 5114/500/1386 5110/502/1386 5103/501/1386 5106/24/1386
f 5102/503/203 5108/484/203 5107/485/203 5109/490/203 5105/508/203 5106/507/203 5103/506/203 5104/504/203
f 5111/481/210 5112/495/210 5110/496/210 5114/500/210 5113/498/210 5117/489/210 5115/491/210 5116/483/210
f 5117/489/1419 5096/488/1419 5088/487/1419 5109/165/1419
f 5095/495/1418 5111/481/1418 5102/482/1418 5086/170/1418
f 5151/171/203 5129/173/203 5121/12/203 5143/172/203
f 5129/173/1406 5132/174/1406 5125/16/1406 5121/12/1406
f 5148/175/210 5135/177/210 5123/20/210 5145/176/210
f 5135/177/1405 5128/178/1405 5119/24/1405 5123/20/1405
f 5120/53/469 5139/53/469 5141/45/469 5124/45/469
f 5145/176/2657 5123/20/2657 5119/112/2657 5143/179/2657
f 5122/37/1372 5118/27/1372 5126/181/1372 5137/180/1372
f 5137/180/2658 5126/181/2658 5127/183/2658 5136/182/2658
f 5136/182/2659 5127/183/2659 5128/178/2659 5135/177/2659
f 5144/184/210 5122/37/210 5137/180/210 5146/185/210
f 5146/185/210 5137/180/210 5136/182/210 5147/186/210
f 5147/186/210 5136/182/210 5135/177/210 5148/175/210
f 5120/53/1369 5124/45/1369 5134/188/1369 5131/187/1369
f 5131/187/2660 5134/188/2660 5133/190/2660 5130/189/2660
f 5130/189/2661 5133/190/2661 5132/174/2661 5129/173/2661
f 5142/191/203 5120/53/203 5131/187/203 5149/192/203
f 5149/192/203 5131/187/203 5130/189/203 5150/193/203
f 5150/193/203 5130/189/203 5129/173/203 5151/171/203
f 5152/194/215 5138/170/215 5140/37/215 5153/195/215
f 5142/191/203 5152/191/203 5139/53/203 5120/53/203
f 5144/184/210 5153/195/210 5140/37/210 5122/37/210
f 5122/37/461 5140/37/461 5138/27/461 5118/27/461
f 5124/45/210 5141/45/210 5153/195/210 5144/184/210
f 5118/66/203 5138/66/203 5152/191/203 5142/191/203
f 5139/169/215 5152/194/215 5153/195/215 5141/45/215
f 5127/196/203 5150/193/203 5151/171/203 5128/197/203
f 5126/198/203 5149/192/203 5150/193/203 5127/196/203
f 5118/66/203 5142/191/203 5149/192/203 5126/198/203
f 5133/190/210 5147/186/210 5148/175/210 5132/174/210
f 5134/188/210 5146/185/210 5147/186/210 5133/190/210
f 5124/45/210 5144/184/210 5146/185/210 5134/188/210
f 5125/16/2662 5145/176/2662 5143/179/2662 5121/165/2662
f 5132/174/210 5148/175/210 5145/176/210 5125/16/210
f 5128/197/203 5151/171/203 5143/172/203 5119/75/203
f 5187/171/210 5165/173/210 5157/12/210 5179/172/210
f 5165/173/460 5168/174/460 5161/16/460 5157/12/460
f 5184/175/203 5171/177/203 5159/20/203 5181/176/203
f 5171/177/459 5164/178/459 5155/24/459 5159/20/459
f 5156/53/469 5175/53/469 5177/45/469 5160/45/469
f 5181/176/2668 5159/20/2668 5155/112/2668 5179/179/2668
f 5158/37/1404 5154/27/1404 5162/181/1404 5173/180/1404
f 5173/180/2669 5162/181/2669 5163/183/2669 5172/182/2669
f 5172/182/2670 5163/183/2670 5164/178/2670 5171/177/2670
f 5180/184/203 5158/37/203 5173/180/203 5182/185/203
f 5182/185/203 5173/180/203 5172/182/203 5183/186/203
f 5183/186/203 5172/182/203 5171/177/203 5184/175/203
f 5156/53/1403 5160/45/1403 5170/188/1403 5167/187/1403
f 5167/187/2671 5170/188/2671 5169/190/2671 5166/189/2671
f 5166/189/2672 5169/190/2672 5168/174/2672 5165/173/2672
f 5178/191/210 5156/53/210 5167/187/210 5185/192/210
f 5185/192/210 5167/187/210 5166/189/210 5186/193/210
f 5186/193/210 5166/189/210 5165/173/210 5187/171/210
f 5188/194/238 5174/170/238 5176/37/238 5189/195/238
f 5178/191/210 5188/191/210 5175/53/210 5156/53/210
f 5180/184/203 5189/195/203 5176/37/203 5158/37/203
f 5158/37/461 5176/37/461 5174/27/461 5154/27/461
f 5160/45/203 5177/45/203 5189/195/203 5180/184/203
f 5154/66/210 5174/66/210 5188/191/210 5178/191/210
f 5175/169/238 5188/194/238 5189/195/238 5177/45/238
f 5163/196/210 5186/193/210 5187/171/210 5164/197/210
f 5162/198/210 5185/192/210 5186/193/210 5163/196/210
f 5154/66/210 5178/191/210 5185/192/210 5162/198/210
f 5169/190/203 5183/186/203 5184/175/203 5168/174/203
f 5170/188/203 5182/185/203 5183/186/203 5169/190/203
f 5160/45/203 5180/184/203 5182/185/203 5170/188/203
f 5161/16/2673 5181/176/2673 5179/179/2673 5157/165/2673
f 5168/174/203 5184/175/203 5181/176/203 5161/16/203
f 5164/197/210 5187/171/210 5179/172/210 5155/75/210
f 5223/171/210 5201/173/210 5193/12/210 5215/172/210
f 5201/173/460 5204/174/460 5197/16/460 5193/12/460
f 5220/175/203 5207/177/203 5195/20/203 5217/176/203
f 5207/177/459 5200/178/459 5191/24/459 5195/20/459
f 5192/53/469 5211/53/469 5213/45/469 5196/45/469
f 5217/176/2668 5195/20/2668 5191/112/2668 5215/179/2668
f 5194/37/1399 5190/27/1399 5198/181/1399 5209/180/1399
f 5209/180/2669 5198/181/2669 5199/183/2669 5208/182/2669
f 5208/182/2670 5199/183/2670 5200/178/2670 5207/177/2670
f 5216/184/203 5194/37/203 5209/180/203 5218/185/203
f 5218/185/203 5209/180/203 5208/182/203 5219/186/203
f 5219/186/203 5208/182/203 5207/177/203 5220/175/203
f 5192/53/1396 5196/45/1396 5206/188/1396 5203/187/1396
f 5203/187/2671 5206/188/2671 5205/190/2671 5202/189/2671
f 5202/189/2672 5205/190/2672 5204/174/2672 5201/173/2672
f 5214/191/210 5192/53/210 5203/187/210 5221/192/210
f 5221/192/210 5203/187/210 5202/189/210 5222/193/210
f 5222/193/210 5202/189/210 5201/173/210 5223/171/210
f 5224/194/238 5210/170/238 5212/37/238 5225/195/238
f 5214/191/210 5224/191/210 5211/53/210 5192/53/210
f 5216/184/203 5225/195/203 5212/37/203 5194/37/203
f 5194/37/461 5212/37/461 5210/27/461 5190/27/461
f 5196/45/203 5213/45/203 5225/195/203 5216/184/203
f 5190/66/210 5210/66/210 5224/191/210 5214/191/210
f 5211/169/238 5224/194/238 5225/195/238 5213/45/238
f 5199/196/210 5222/193/210 5223/171/210 5200/197/210
f 5198/198/210 5221/192/210 5222/193/210 5199/196/210
f 5190/66/210 5214/191/210 5221/192/210 5198/198/210
f 5205/190/203 5219/186/203 5220/175/203 5204/174/203
f 5206/188/203 5218/185/203 5219/186/203 5205/190/203
f 5196/45/203 5216/184/203 5218/185/203 5206/188/203
f 5197/16/2673 5217/176/2673 5215/179/2673 5193/165/2673
f 5204/174/203 5220/175/203 5217/176/203 5197/16/203
f 5200/197/210 5223/171/210 5215/172/210 5191/75/210
f 5259/171/210 5237/173/210 5229/12/210 5251/172/210
f 5237/173/1367 5240/174/1367 5233/16/1367 5229/12/1367
f 5256/175/203 5243/177/203 5231/20/203 5253/176/203
f 5243/177/1366 5236/178/1366 5227/24/1366 5231/20/1366
f 5228/53/469 5247/53/469 5249/45/469 5232/45/469
f 5253/176/2674 5231/20/2674 5227/112/2674 5251/179/2674
f 5230/37/1421 5226/27/1421 5234/181/1421 5245/180/1421
f 5245/180/2675 5234/181/2675 5235/183/2675 5244/182/2675
f 5244/182/2676 5235/183/2676 5236/178/2676 5243/177/2676
f 5252/184/203 5230/37/203 5245/180/203 5254/185/203
f 5254/185/203 5245/180/203 5244/182/203 5255/186/203
f 5255/186/203 5244/182/203 5243/177/203 5256/175/203
f 5228/53/1420 5232/45/1420 5242/188/1420 5239/187/1420
f 5239/187/2677 5242/188/2677 5241/190/2677 5238/189/2677
f 5238/189/2678 5241/190/2678 5240/174/2678 5237/173/2678
f 5250/191/210 5228/53/210 5239/187/210 5257/192/210
f 5257/192/210 5239/187/210 5238/189/210 5258/193/210
f 5258/193/210 5238/189/210 5237/173/210 5259/171/210
f 5260/194/238 5246/170/238 5248/37/238 5261/195/238
f 5250/191/210 5260/191/210 5247/53/210 5228/53/210
f 5252/184/203 5261/195/203 5248/37/203 5230/37/203
f 5230/37/461 5248/37/461 5246/27/461 5226/27/461
f 5232/45/203 5249/45/203 5261/195/203 5252/184/203
f 5226/66/210 5246/66/210 5260/191/210 5250/191/210
f 5247/169/238 5260/194/238 5261/195/238 5249/45/238
f 5235/196/210 5258/193/210 5259/171/210 5236/197/210
f 5234/198/210 5257/192/210 5258/193/210 5235/196/210
f 5226/66/210 5250/191/210 5257/192/210 5234/198/210
f 5241/190/203 5255/186/203 5256/175/203 5240/174/203
f 5242/188/203 5254/185/203 5255/186/203 5241/190/203
f 5232/45/203 5252/184/203 5254/185/203 5242/188/203
f 5233/16/2679 5253/176/2679 5251/179/2679 5229/165/2679
f 5240/174/203 5256/175/203 5253/176/203 5233/16/203
f 5236/197/210 5259/171/210 5251/172/210 5227/75/210
f 5272/481/1382 5278/483/1382 5269/169/1382 5262/482/1382
f 5278/483/1388 5277/486/1388 5268/485/1388 5269/484/1388
f 5266/487/2680 5270/165/2680 5279/489/2680 5274/488/2680
f 5270/490/2681 5268/492/2681 5277/491/2681 5279/489/2681
f 5262/493/1385 5264/170/1385 5273/495/1385 5272/494/1385
f 5264/27/2666 5263/497/2666 5271/496/2666 5273/495/2666
f 5274/498/1376 5276/500/1376 5267/112/1376 5266/499/1376
f 5276/500/2665 5275/502/2665 5265/501/2665 5267/24/2665
f 5262/503/210 5269/484/210 5268/485/210 5270/490/210 5266/508/210 5267/507/210 5265/506/210 5263/505/210 5264/504/210
f 5271/496/461 5263/497/461 5265/501/461 5275/502/461
f 5272/481/2682 5273/495/2682 5271/496/2682 5275/502/2682 5276/500/2682 5274/498/2682 5279/489/2682 5277/491/2682 5278/483/2682
f 5289/481/1382 5294/483/1382 5286/169/1382 5280/482/1382
f 5294/483/1388 5293/486/1388 5285/485/1388 5286/484/1388
f 5283/487/1380 5287/165/1380 5295/489/1380 5291/488/1380
f 5287/490/1387 5285/492/1387 5293/491/1387 5295/489/1387
f 5280/493/1385 5282/170/1385 5290/495/1385 5289/494/1385
f 5282/27/1386 5281/497/1386 5288/496/1386 5290/495/1386
f 5291/498/1376 5292/500/1376 5284/112/1376 5283/499/1376
f 5292/500/1377 5288/502/1377 5281/501/1377 5284/24/1377
f 5280/503/210 5286/484/210 5285/485/210 5287/490/210 5283/508/210 5284/507/210 5281/506/210 5282/504/210
f 5289/481/203 5290/495/203 5288/496/203 5292/500/203 5291/498/203 5295/489/203 5293/491/203 5294/483/203
f 5295/489/1390 5274/488/1390 5266/487/1390 5287/165/1390
f 5273/495/1389 5289/481/1389 5280/482/1389 5264/170/1389
f 5329/171/210 5307/173/210 5299/12/210 5321/172/210
f 5307/173/1367 5310/174/1367 5303/16/1367 5299/12/1367
f 5326/175/203 5313/177/203 5301/20/203 5323/176/203
f 5313/177/1366 5306/178/1366 5297/24/1366 5301/20/1366
f 5298/53/469 5317/53/469 5319/45/469 5302/45/469
f 5323/176/2674 5301/20/2674 5297/112/2674 5321/179/2674
f 5300/37/1411 5296/27/1411 5304/181/1411 5315/180/1411
f 5315/180/2675 5304/181/2675 5305/183/2675 5314/182/2675
f 5314/182/2676 5305/183/2676 5306/178/2676 5313/177/2676
f 5322/184/203 5300/37/203 5315/180/203 5324/185/203
f 5324/185/203 5315/180/203 5314/182/203 5325/186/203
f 5325/186/203 5314/182/203 5313/177/203 5326/175/203
f 5298/53/1408 5302/45/1408 5312/188/1408 5309/187/1408
f 5309/187/2677 5312/188/2677 5311/190/2677 5308/189/2677
f 5308/189/2678 5311/190/2678 5310/174/2678 5307/173/2678
f 5320/191/210 5298/53/210 5309/187/210 5327/192/210
f 5327/192/210 5309/187/210 5308/189/210 5328/193/210
f 5328/193/210 5308/189/210 5307/173/210 5329/171/210
f 5330/194/238 5316/170/238 5318/37/238 5331/195/238
f 5320/191/210 5330/191/210 5317/53/210 5298/53/210
f 5322/184/203 5331/195/203 5318/37/203 5300/37/203
f 5300/37/461 5318/37/461 5316/27/461 5296/27/461
f 5302/45/203 5319/45/203 5331/195/203 5322/184/203
f 5296/66/210 5316/66/210 5330/191/210 5320/191/210
f 5317/169/238 5330/194/238 5331/195/238 5319/45/238
f 5305/196/210 5328/193/210 5329/171/210 5306/197/210
f 5304/198/210 5327/192/210 5328/193/210 5305/196/210
f 5296/66/210 5320/191/210 5327/192/210 5304/198/210
f 5311/190/203 5325/186/203 5326/175/203 5310/174/203
f 5312/188/203 5324/185/203 5325/186/203 5311/190/203
f 5302/45/203 5322/184/203 5324/185/203 5312/188/203
f 5303/16/2679 5323/176/2679 5321/179/2679 5299/165/2679
f 5310/174/203 5326/175/203 5323/176/203 5303/16/203
f 5306/197/210 5329/171/210 5321/172/210 5297/75/210
f 5355/329/2207 5341/207/2207 5337/20/2207 5349/19/2207
f 5353/330/2208 5338/212/2208 5336/37/2208 5346/34/2208
f 5351/331/2683 5339/215/2683 5335/112/2683 5344/111/2683
f 5349/19/2684 5337/20/2684 5339/215/2684 5351/331/2684
f 5343/90/2461 5334/170/2461 5338/212/2461 5353/330/2461
f 5346/34/2212 5336/37/2212 5341/207/2212 5355/329/2212
f 5334/66/2213 5343/67/2213 5356/332/2213 5340/196/2213
f 5343/67/741 5342/50/741 5357/333/741 5356/332/741
f 5347/72/743 5346/34/743 5355/329/743 5354/334/743
f 5342/91/738 5343/90/738 5353/330/738 5352/335/738
f 5348/74/737 5349/19/737 5351/331/737 5350/336/737
f 5350/336/740 5351/331/740 5344/111/740 5345/166/740
f 5352/335/739 5353/330/739 5346/34/739 5347/72/739
f 5354/334/735 5355/329/735 5349/19/735 5348/74/735
f 5340/196/2216 5356/332/2216 5344/76/2216 5335/75/2216
f 5356/332/1433 5357/333/1433 5345/11/1433 5344/76/1433
f 5335/112/2463 5359/112/2463 5363/215/2463 5339/215/2463
f 5334/66/2218 5358/66/2218 5364/196/2218 5340/196/2218
f 5341/207/2219 5365/207/2219 5360/37/2219 5336/37/2219
f 5338/212/2685 5362/212/2685 5358/170/2685 5334/170/2685
f 5337/20/2465 5361/20/2465 5365/207/2465 5341/207/2465
f 5340/196/2686 5364/196/2686 5359/75/2686 5335/75/2686
f 5336/37/2687 5360/37/2687 5362/212/2687 5338/212/2687
f 5339/215/2688 5363/215/2688 5361/20/2688 5337/20/2688
f 5362/212/2225 5375/212/2225 5369/170/2225 5358/170/2225
f 5360/37/2469 5373/37/2469 5375/212/2469 5362/212/2469
f 5364/196/2689 5380/196/2689 5370/75/2689 5359/75/2689
f 5361/20/2228 5374/20/2228 5381/207/2228 5365/207/2228
f 5363/215/2690 5376/215/2690 5374/20/2690 5361/20/2690
f 5359/112/2691 5370/112/2691 5376/215/2691 5363/215/2691
f 5365/207/2231 5381/207/2231 5373/37/2231 5360/37/2231
f 5358/66/2232 5369/66/2232 5380/196/2232 5364/196/2232
f 5345/11/2233 5357/333/2233 5366/5/2233 5350/336/2233
f 5347/72/2233 5354/334/2233 5366/5/2233 5352/335/2233
f 5342/91/2233 5352/335/2233 5366/5/2233 5357/333/2233
f 5350/336/2233 5366/5/2233 5354/334/2233 5348/74/2233
f 5396/333/727 5380/201/727 5370/12/727 5385/11/727
f 5395/329/725 5382/207/725 5372/20/725 5389/19/725
f 5393/330/724 5377/212/724 5371/37/724 5386/34/724
f 5391/331/1006 5378/215/1006 5368/112/1006 5384/111/1006
f 5389/19/722 5372/20/722 5378/215/722 5391/331/722
f 5332/90/1004 5367/170/1004 5377/212/1004 5393/330/1004
f 5386/34/720 5371/37/720 5382/207/720 5395/329/720
f 5383/50/718 5369/53/718 5380/201/718 5396/333/718
f 5367/66/718 5332/67/718 5333/332/718 5379/196/718
f 5332/67/718 5383/50/718 5396/333/718 5333/332/718
f 5373/45/720 5387/72/720 5394/334/720 5381/204/720
f 5387/72/720 5386/34/720 5395/329/720 5394/334/720
f 5369/169/1004 5383/91/1004 5392/335/1004 5375/220/1004
f 5383/91/1004 5332/90/1004 5393/330/1004 5392/335/1004
f 5374/16/722 5388/74/722 5390/336/722 5376/221/722
f 5388/74/722 5389/19/722 5391/331/722 5390/336/722
f 5376/221/1006 5390/336/1006 5385/166/1006 5370/165/1006
f 5390/336/1006 5391/331/1006 5384/111/1006 5385/166/1006
f 5375/220/724 5392/335/724 5387/72/724 5373/45/724
f 5392/335/724 5393/330/724 5386/34/724 5387/72/724
f 5381/204/725 5394/334/725 5388/74/725 5374/16/725
f 5394/334/725 5395/329/725 5389/19/725 5388/74/725
f 5379/196/727 5333/332/727 5384/76/727 5368/75/727
f 5333/332/727 5396/333/727 5385/11/727 5384/76/727
f 5418/329/2236 5404/207/2236 5400/20/2236 5412/19/2236
f 5416/330/2237 5401/212/2237 5399/37/2237 5409/34/2237
f 5414/331/2692 5402/215/2692 5398/112/2692 5407/111/2692
f 5412/19/2693 5400/20/2693 5402/215/2693 5414/331/2693
f 5406/90/2240 5397/170/2240 5401/212/2240 5416/330/2240
f 5409/34/2446 5399/37/2446 5404/207/2446 5418/329/2446
f 5397/66/2242 5406/67/2242 5419/332/2242 5403/196/2242
f 5406/67/689 5405/50/689 5420/333/689 5419/332/689
f 5410/72/691 5409/34/691 5418/329/691 5417/334/691
f 5405/91/686 5406/90/686 5416/330/686 5415/335/686
f 5411/74/1423 5412/19/1423 5414/331/1423 5413/336/1423
f 5413/336/688 5414/331/688 5407/111/688 5408/166/688
f 5415/335/1011 5416/330/1011 5409/34/1011 5410/72/1011
f 5417/334/683 5418/329/683 5412/19/683 5411/74/683
f 5403/196/2448 5419/332/2448 5407/76/2448 5398/75/2448
f 5419/332/1010 5420/333/1010 5408/11/1010 5407/76/1010
f 5398/112/2694 5422/112/2694 5426/215/2694 5402/215/2694
f 5397/66/2246 5421/66/2246 5427/196/2246 5403/196/2246
f 5404/207/2247 5428/207/2247 5423/37/2247 5399/37/2247
f 5401/212/2248 5425/212/2248 5421/170/2248 5397/170/2248
f 5400/20/2249 5424/20/2249 5428/207/2249 5404/207/2249
f 5403/196/2250 5427/196/2250 5422/75/2250 5398/75/2250
f 5399/37/2695 5423/37/2695 5425/212/2695 5401/212/2695
f 5402/215/2696 5426/215/2696 5424/20/2696 5400/20/2696
f 5425/212/2697 5377/212/2697 5367/170/2697 5421/170/2697
f 5423/37/2254 5371/37/2254 5377/212/2254 5425/212/2254
f 5427/196/2698 5379/196/2698 5368/75/2698 5422/75/2698
f 5424/20/2256 5372/20/2256 5382/207/2256 5428/207/2256
f 5426/215/2699 5378/215/2699 5372/20/2699 5424/20/2699
f 5422/112/2700 5368/112/2700 5378/215/2700 5426/215/2700
f 5428/207/2259 5382/207/2259 5371/37/2259 5423/37/2259
f 5421/66/2260 5367/66/2260 5379/196/2260 5427/196/2260
f 5408/11/2458 5420/333/2458 5429/5/2458 5413/336/2458
f 5410/72/2458 5417/334/2458 5429/5/2458 5415/335/2458
f 5405/91/2458 5415/335/2458 5429/5/2458 5420/333/2458
f 5413/336/2458 5429/5/2458 5417/334/2458 5411/74/2458
f 5453/329/2701 5439/207/2701 5435/20/2701 5447/19/2701
f 5451/330/2702 5436/212/2702 5434/37/2702 5444/34/2702
f 5449/331/2703 5437/215/2703 5433/112/2703 5442/111/2703
f 5447/19/2704 5435/20/2704 5437/215/2704 5449/331/2704
f 5441/90/2705 5432/170/2705 5436/212/2705 5451/330/2705
f 5444/34/2706 5434/37/2706 5439/207/2706 5453/329/2706
f 5432/66/2707 5441/67/2707 5454/332/2707 5438/196/2707
f 5486/509/2708 5440/50/2708 5455/333/2708 5493/510/2708
f 5488/511/2709 5444/34/2709 5453/329/2709 5492/512/2709
f 5486/513/2710 5441/90/2710 5451/330/2710 5491/514/2710
f 5489/515/2711 5447/19/2711 5449/331/2711 5490/516/2711
f 5490/516/2712 5449/331/2712 5442/111/2712 5487/517/2712
f 5491/514/2713 5451/330/2713 5444/34/2713 5488/511/2713
f 5492/512/2714 5453/329/2714 5447/19/2714 5489/515/2714
f 5438/196/2715 5454/332/2715 5442/76/2715 5433/75/2715
f 5493/510/2716 5455/333/2716 5443/11/2716 5487/518/2716
f 5433/112/2717 5457/112/2717 5461/215/2717 5437/215/2717
f 5432/66/2718 5456/66/2718 5462/196/2718 5438/196/2718
f 5439/207/2719 5463/207/2719 5458/37/2719 5434/37/2719
f 5436/212/2720 5460/212/2720 5456/170/2720 5432/170/2720
f 5435/20/2721 5459/20/2721 5463/207/2721 5439/207/2721
f 5438/196/2722 5462/196/2722 5457/75/2722 5433/75/2722
f 5434/37/2723 5458/37/2723 5460/212/2723 5436/212/2723
f 5437/215/2724 5461/215/2724 5459/20/2724 5435/20/2724
f 5460/212/2725 5468/212/2725 5464/170/2725 5456/170/2725
f 5458/37/2726 5466/37/2726 5468/212/2726 5460/212/2726
f 5462/196/2727 5470/196/2727 5465/75/2727 5457/75/2727
f 5459/20/2728 5467/20/2728 5471/207/2728 5463/207/2728
f 5461/215/2729 5469/215/2729 5467/20/2729 5459/20/2729
f 5457/112/2730 5465/112/2730 5469/215/2730 5461/215/2730
f 5463/207/2731 5471/207/2731 5466/37/2731 5458/37/2731
f 5456/66/2732 5464/66/2732 5470/196/2732 5462/196/2732
f 5485/333/2733 5470/201/2733 5465/12/2733 5474/11/2733
f 5472/50/2734 5464/53/2734 5470/201/2734 5485/333/2734
f 5430/67/2735 5472/50/2735 5485/333/2735 5431/332/2735
f 5466/45/2736 5476/72/2736 5483/334/2736 5471/204/2736
f 5476/72/2737 5475/34/2737 5484/329/2737 5483/334/2737
f 5464/169/2738 5472/91/2738 5481/335/2738 5468/220/2738
f 5472/91/2739 5430/90/2739 5482/330/2739 5481/335/2739
f 5467/16/2740 5477/74/2740 5479/336/2740 5469/221/2740
f 5477/74/2741 5478/19/2741 5480/331/2741 5479/336/2741
f 5469/221/2742 5479/336/2742 5474/166/2742 5465/165/2742
f 5479/336/2743 5480/331/2743 5473/111/2743 5474/166/2743
f 5468/220/2744 5481/335/2744 5476/72/2744 5466/45/2744
f 5481/335/2745 5482/330/2745 5475/34/2745 5476/72/2745
f 5471/204/2746 5483/334/2746 5477/74/2746 5467/16/2746
f 5483/334/2747 5484/329/2747 5478/19/2747 5477/74/2747
f 5431/332/2748 5485/333/2748 5474/11/2748 5473/76/2748
f 5454/332/2749 5493/510/2749 5487/518/2749 5442/76/2749
f 5452/334/2750 5492/512/2750 5489/515/2750 5446/74/2750
f 5450/335/2751 5491/514/2751 5488/511/2751 5445/72/2751
f 5448/336/2752 5490/516/2752 5487/517/2752 5443/166/2752
f 5446/74/2753 5489/515/2753 5490/516/2753 5448/336/2753
f 5440/91/2754 5486/513/2754 5491/514/2754 5450/335/2754
f 5445/72/2755 5488/511/2755 5492/512/2755 5452/334/2755
f 5441/67/2756 5486/509/2756 5493/510/2756 5454/332/2756
f 5517/251/1554 5516/254/1554 5509/253/1554 5502/252/1554
f 5511/255/1553 5515/258/1553 5508/257/1553 5504/256/1553
f 5510/259/2757 5514/262/2757 5507/261/2757 5503/260/2757
f 5512/263/1555 5513/266/1555 5506/265/1555 5505/264/1555
f 5513/266/1559 5517/268/1559 5502/267/1559 5506/265/1559
f 5515/258/1560 5512/263/1560 5505/264/1560 5508/257/1560
f 5514/262/1557 5511/255/1557 5504/256/1557 5507/261/1557
f 5516/254/1558 5510/259/1558 5503/260/1558 5509/253/1558
f 5532/269/2758 5526/270/2758 5510/259/2758 5516/254/2758
f 5530/271/2759 5527/272/2759 5511/255/2759 5514/262/2759
f 5531/273/2760 5528/274/2760 5512/263/2760 5515/258/2760
f 5529/275/2761 5533/276/2761 5517/268/2761 5513/266/2761
f 5528/274/2762 5529/275/2762 5513/266/2762 5512/263/2762
f 5526/270/2763 5530/271/2763 5514/262/2763 5510/259/2763
f 5527/272/2764 5531/273/2764 5515/258/2764 5511/255/2764
f 5533/277/2765 5532/269/2765 5516/254/2765 5517/251/2765
f 5502/252/2766 5509/253/2766 5525/279/2766 5518/278/2766
f 5504/256/2767 5508/257/2767 5524/281/2767 5520/280/2767
f 5503/260/2768 5507/261/2768 5523/283/2768 5519/282/2768
f 5505/264/2769 5506/265/2769 5522/285/2769 5521/284/2769
f 5506/265/2770 5502/267/2770 5518/286/2770 5522/285/2770
f 5508/257/2771 5505/264/2771 5521/284/2771 5524/281/2771
f 5507/261/2772 5504/256/2772 5520/280/2772 5523/283/2772
f 5509/253/2773 5503/260/2773 5519/282/2773 5525/279/2773
f 5550/287/1578 5557/288/1578 5532/269/1578 5533/277/1578
f 5552/289/2774 5556/290/2774 5531/273/2774 5527/272/2774
f 5551/291/2775 5555/292/2775 5530/271/2775 5526/270/2775
f 5553/293/2776 5554/294/2776 5529/275/2776 5528/274/2776
f 5554/294/1583 5550/295/1583 5533/276/1583 5529/275/1583
f 5556/290/2777 5553/293/2777 5528/274/2777 5531/273/2777
f 5555/292/2778 5552/289/2778 5527/272/2778 5530/271/2778
f 5557/288/2779 5551/291/2779 5526/270/2779 5532/269/2779
f 5520/280/2780 5536/280/2780 5539/283/2780 5523/283/2780
f 5518/286/2781 5534/286/2781 5538/285/2781 5522/285/2781
f 5523/283/2782 5539/283/2782 5535/282/2782 5519/282/2782
f 5525/279/2783 5541/279/2783 5534/278/2783 5518/278/2783
f 5519/282/2784 5535/282/2784 5541/279/2784 5525/279/2784
f 5521/284/2785 5537/284/2785 5540/281/2785 5524/281/2785
f 5522/285/2786 5538/285/2786 5537/284/2786 5521/284/2786
f 5524/281/2787 5540/281/2787 5536/280/2787 5520/280/2787
f 5500/191/2788 5495/53/2788 5542/306/2788 5548/305/2788
f 5498/217/2789 5497/45/2789 5543/308/2789 5546/307/2789
f 5501/195/2790 5496/37/2790 5544/310/2790 5547/309/2790
f 5499/216/2791 5494/27/2791 5549/312/2791 5545/311/2791
f 5496/37/2792 5499/216/2792 5545/311/2792 5544/310/2792
f 5495/53/2793 5498/217/2793 5546/307/2793 5542/306/2793
f 5497/45/2794 5501/195/2794 5547/309/2794 5543/308/2794
f 5494/66/2795 5500/191/2795 5548/305/2795 5549/313/2795
f 5548/305/2796 5542/306/2796 5551/291/2796 5557/288/2796
f 5546/307/2797 5543/308/2797 5552/289/2797 5555/292/2797
f 5547/309/2798 5544/310/2798 5553/293/2798 5556/290/2798
f 5545/311/2799 5549/312/2799 5550/295/2799 5554/294/2799
f 5544/310/2800 5545/311/2800 5554/294/2800 5553/293/2800
f 5542/306/2801 5546/307/2801 5555/292/2801 5551/291/2801
f 5543/308/2802 5547/309/2802 5556/290/2802 5552/289/2802
f 5549/313/2803 5548/305/2803 5557/288/2803 5550/287/2803
f 5581/251/1498 5580/254/1498 5573/253/1498 5566/252/1498
f 5575/255/1497 5579/258/1497 5572/257/1497 5568/256/1497
f 5574/259/2804 5578/262/2804 5571/261/2804 5567/260/2804
f 5576/263/1499 5577/266/1499 5570/265/1499 5569/264/1499
f 5577/266/1503 5581/268/1503 5566/267/1503 5570/265/1503
f 5579/258/1504 5576/263/1504 5569/264/1504 5572/257/1504
f 5578/262/1501 5575/255/1501 5568/256/1501 5571/261/1501
f 5580/254/1502 5574/259/1502 5567/260/1502 5573/253/1502
f 5596/269/2805 5590/270/2805 5574/259/2805 5580/254/2805
f 5594/271/2806 5591/272/2806 5575/255/2806 5578/262/2806
f 5595/273/2807 5592/274/2807 5576/263/2807 5579/258/2807
f 5593/275/2808 5597/276/2808 5581/268/2808 5577/266/2808
f 5592/274/2809 5593/275/2809 5577/266/2809 5576/263/2809
f 5590/270/2810 5594/271/2810 5578/262/2810 5574/259/2810
f 5591/272/2811 5595/273/2811 5579/258/2811 5575/255/2811
f 5597/277/2812 5596/269/2812 5580/254/2812 5581/251/2812
f 5566/252/2813 5573/253/2813 5589/279/2813 5582/278/2813
f 5568/256/2814 5572/257/2814 5588/281/2814 5584/280/2814
f 5567/260/2815 5571/261/2815 5587/283/2815 5583/282/2815
f 5569/264/2816 5570/265/2816 5586/285/2816 5585/284/2816
f 5570/265/2817 5566/267/2817 5582/286/2817 5586/285/2817
f 5572/257/2818 5569/264/2818 5585/284/2818 5588/281/2818
f 5571/261/2819 5568/256/2819 5584/280/2819 5587/283/2819
f 5573/253/2820 5567/260/2820 5583/282/2820 5589/279/2820
f 5614/287/2821 5621/288/2821 5596/269/2821 5597/277/2821
f 5616/289/1521 5620/290/1521 5595/273/1521 5591/272/1521
f 5615/291/1524 5619/292/1524 5594/271/1524 5590/270/1524
f 5617/293/2822 5618/294/2822 5593/275/2822 5592/274/2822
f 5618/294/2823 5614/295/2823 5597/276/2823 5593/275/2823
f 5620/290/1528 5617/293/1528 5592/274/1528 5595/273/1528
f 5619/292/1525 5616/289/1525 5591/272/1525 5594/271/1525
f 5621/288/2824 5615/291/2824 5590/270/2824 5596/269/2824
f 5584/280/2825 5600/280/2825 5603/283/2825 5587/283/2825
f 5582/286/2826 5598/286/2826 5602/285/2826 5586/285/2826
f 5587/283/2827 5603/283/2827 5599/282/2827 5583/282/2827
f 5589/279/2828 5605/279/2828 5598/278/2828 5582/278/2828
f 5583/282/2829 5599/282/2829 5605/279/2829 5589/279/2829
f 5585/284/2830 5601/284/2830 5604/281/2830 5588/281/2830
f 5586/285/2831 5602/285/2831 5601/284/2831 5585/284/2831
f 5588/281/2832 5604/281/2832 5600/280/2832 5584/280/2832
f 5564/191/2833 5559/53/2833 5606/306/2833 5612/305/2833
f 5562/217/2834 5561/45/2834 5607/308/2834 5610/307/2834
f 5565/195/2835 5560/37/2835 5608/310/2835 5611/309/2835
f 5563/216/2836 5558/27/2836 5613/312/2836 5609/311/2836
f 5560/37/2837 5563/216/2837 5609/311/2837 5608/310/2837
f 5559/53/2838 5562/217/2838 5610/307/2838 5606/306/2838
f 5561/45/2839 5565/195/2839 5611/309/2839 5607/308/2839
f 5558/66/2840 5564/191/2840 5612/305/2840 5613/313/2840
f 5612/305/2841 5606/306/2841 5615/291/2841 5621/288/2841
f 5610/307/2842 5607/308/2842 5616/289/2842 5619/292/2842
f 5611/309/2843 5608/310/2843 5617/293/2843 5620/290/2843
f 5609/311/2844 5613/312/2844 5614/295/2844 5618/294/2844
f 5608/310/2845 5609/311/2845 5618/294/2845 5617/293/2845
f 5606/306/2846 5610/307/2846 5619/292/2846 5615/291/2846
f 5607/308/2847 5611/309/2847 5620/290/2847 5616/289/2847
f 5613/313/2848 5612/305/2848 5621/288/2848 5614/287/2848
f 2802/191/1616 5624/53/1616 5625/12/1616 2803/343/1616
f 5630/217/1617 5628/45/1617 5629/16/1617 5631/203/1617
f 2804/195/1615 5626/37/1615 5627/20/1615 2805/225/1615
f 5632/216/1618 5622/27/1618 5623/24/1618 5633/209/1618
f 2811/250/1613 5632/212/1613 5626/37/1613 2804/195/1613
f 2810/344/1614 5633/215/1614 5623/112/1614 2803/179/1614
f 5631/221/1614 2810/344/1614 2803/179/1614 5625/165/1614
f 5630/220/1613 2811/250/1613 2804/195/1613 5628/45/1613
f 5628/45/1611 2804/195/1611 2805/225/1611 5629/16/1611
f 5622/66/1609 2802/191/1609 2803/343/1609 5623/75/1609
f 5624/169/1613 2802/194/1613 2811/250/1613 5630/220/1613
f 5629/16/1614 2805/225/1614 2810/344/1614 5631/221/1614
f 2805/225/1614 5627/20/1614 5633/215/1614 2810/344/1614
f 2802/194/1613 5622/170/1613 5632/212/1613 2811/250/1613
f 5626/37/1610 5632/216/1610 5633/209/1610 5627/20/1610
f 5624/53/1612 5630/217/1612 5631/203/1612 5625/12/1612
f 2820/191/1626 5636/53/1626 5646/12/1626 2828/343/1626
f 5642/217/1629 5640/45/1629 5648/16/1629 5647/203/1629
f 2822/195/1625 5638/37/1625 5649/20/1625 2832/225/1625
f 5644/216/1630 5634/27/1630 5651/24/1630 5650/209/1630
f 5641/519/1628 5655/519/1628 5652/520/1628 5643/520/1628
f 5635/521/1632 5657/521/1632 5653/522/1632 5645/522/1632
f 5640/45/1621 2822/195/1621 2832/225/1621 5648/16/1621
f 5634/66/1619 2820/191/1619 2828/343/1619 5651/75/1619
f 2823/523/1634 2836/523/1634 5655/519/1634 5641/519/1634
f 5645/522/1623 5653/522/1623 5656/524/1623 5639/524/1623
f 5638/37/1620 5644/216/1620 5650/209/1620 5649/20/1620
f 5636/53/1622 5642/217/1622 5647/203/1622 5646/12/1622
f 2821/525/1631 2828/179/1631 5646/165/1631 5637/526/1631
f 5643/520/1631 5647/221/1631 5648/16/1631 5641/519/1631
f 2823/523/1631 2832/225/1631 5649/20/1631 5639/524/1631
f 5645/522/1631 5650/215/1631 5651/112/1631 5635/521/1631
f 5635/521/1631 5651/112/1631 2828/179/1631 2821/525/1631
f 5641/519/1631 5648/16/1631 2832/225/1631 2823/523/1631
f 5637/526/1631 5646/165/1631 5647/221/1631 5643/520/1631
f 5639/524/1631 5649/20/1631 5650/215/1631 5645/522/1631
f 5643/520/1624 5652/520/1624 5654/526/1624 5637/526/1624
f 2821/525/1635 2837/525/1635 5657/521/1635 5635/521/1635
f 5639/524/1627 5656/524/1627 2836/523/1627 2823/523/1627
f 5637/526/1633 5654/526/1633 2837/525/1633 2821/525/1633
f 5666/217/1640 5664/45/1640 5665/16/1640 5667/203/1640
f 2852/195/2849 5662/37/2849 5663/20/2849 2853/225/2849
f 5671/527/2850 5658/27/2850 5659/24/2850 5670/528/2850
f 5664/45/2851 2852/195/2851 2853/225/2851 5665/16/2851
f 5662/37/1636 5668/216/1636 5669/209/1636 5663/20/1636
f 5672/529/2852 5666/217/2852 5667/203/2852 5673/530/2852
f 5668/216/2853 5671/527/2853 5670/528/2853 5669/209/2853
f 5660/53/2854 5672/529/2854 5673/530/2854 5661/12/2854
usemtl Material
f 5677/520/1631 5679/526/1631 5676/525/1631 5674/344/1631
f 5680/519/1631 5677/520/1631 5674/344/1631 5675/523/1631
f 5675/523/1631 5674/344/1631 5678/522/1631 5681/524/1631
f 5682/520/1631 5674/344/1631 5676/525/1631 5683/526/1631
