# Blender 5.1.1
# www.blender.org
mtllib lance merged.mtl
o Plane
v 1.133458 6.294385 -0.699394
v 1.156283 5.605064 -0.672662
v 1.354996 6.263441 -0.086373
v 1.373223 5.488914 -0.076270
v 1.155680 5.900417 -0.699394
v 1.600866 5.855422 -0.086373
v 1.030193 5.311642 -0.554554
v 1.170053 5.057893 -0.086373
v 0.552260 5.584746 -0.659553
v 0.738617 5.205706 -0.086373
v 0.484872 6.387938 -0.862856
v 0.510862 5.735547 -0.752201
v 0.494528 6.201945 -0.842908
v 1.265897 5.538454 -0.382781
v 1.243665 6.273353 -0.392883
v 1.377711 5.851071 -0.392883
v 1.065560 5.135462 -0.392883
v 0.639161 5.333110 -0.392883
v 1.133458 6.294385 0.699103
v 1.156283 5.605064 0.672371
v 1.354996 6.263441 0.086081
v 1.373223 5.488914 0.075978
v 1.155680 5.900417 0.699103
v 1.600866 5.855422 0.086081
v 1.030193 5.311642 0.554263
v 1.170053 5.057893 0.086081
v 0.552260 5.584746 0.659262
v 0.738617 5.205706 0.086081
v 0.484872 6.387938 0.862565
v 0.510862 5.735547 0.751910
v 0.494528 6.201945 0.842617
v 1.265897 5.538454 0.382489
v 1.243665 6.273353 0.392592
v 1.377711 5.851071 0.392592
v 1.065560 5.135462 0.392592
v 0.639161 5.333110 0.392592
v 1.147228 6.430629 -0.699394
v 1.368766 6.399685 -0.086373
v 1.240150 6.773127 -0.699394
v 1.511342 6.688493 -0.086373
v 1.025320 7.344638 -0.751458
v 1.316807 7.478303 -0.086373
v 0.529571 7.451180 -0.799682
v 0.593850 7.799710 -0.086373
v 0.498642 6.524181 -0.862856
v 0.491241 6.791592 -0.852535
v 1.257435 6.409596 -0.392883
v 1.404219 6.740041 -0.392883
v 1.205305 7.489573 -0.502523
v 0.567048 7.678250 -0.509201
v 1.147228 6.430629 0.699103
v 1.368766 6.399685 0.086081
v 1.240150 6.773127 0.699103
v 1.511342 6.688493 0.086081
v 1.025320 7.344638 0.751167
v 1.316807 7.478303 0.086081
v 0.529571 7.451180 0.799390
v 0.593850 7.799710 0.086081
v 0.498642 6.524181 0.862565
v 0.491241 6.791592 0.852244
v 1.257435 6.409596 0.392592
v 1.404219 6.740041 0.392592
v 1.205305 7.489573 0.502232
v 0.567048 7.678250 0.508909
v 1.313100 6.404640 0.239337
v 1.457780 6.714267 0.239337
v 1.261056 7.483939 0.294157
v 0.580449 7.738979 0.297495
v 1.299330 6.268398 0.239337
v 1.319560 5.513683 0.229234
v 1.442159 5.858010 0.239337
v 1.117807 5.096678 0.239337
v 0.688889 5.269408 0.239337
v 1.313100 6.404640 -0.239628
v 1.457780 6.714267 -0.239628
v 1.261056 7.483939 -0.294448
v 0.580449 7.738979 -0.297787
v 1.300813 6.268265 -0.235547
v 1.320989 5.513024 -0.225445
v 1.443874 5.858195 -0.235547
v 1.119198 5.095645 -0.235547
v 0.690213 5.267712 -0.235547
v 1.056986 5.790344 -0.509853
v 1.244969 5.689700 -0.000146
v 1.056463 6.046273 -0.533016
v 0.947727 5.536088 -0.407510
v 0.533589 5.772740 -0.498493
v 0.475202 6.468782 -0.674660
v 0.497717 5.903410 -0.578774
v 0.483563 6.307553 -0.657374
v 1.151968 5.732625 -0.258665
v 1.132711 6.369492 -0.267419
v 1.248857 6.003513 -0.267419
v 0.978373 5.383426 -0.267419
v 0.608890 5.554692 -0.267419
v 1.056986 5.790344 0.509561
v 1.229181 6.360903 -0.000146
v 1.056463 6.046273 0.532725
v 1.360548 6.015540 -0.000146
v 0.947727 5.536088 0.407218
v 1.068918 5.316211 -0.000146
v 0.533589 5.772740 0.498202
v 0.695071 5.373374 0.016018
v 0.475202 6.468782 0.674368
v 0.497717 5.903410 0.578483
v 0.483563 6.307553 0.657083
v 1.151968 5.732625 0.258373
v 1.132711 6.369492 0.267128
v 1.248857 6.003513 0.267128
v 0.978373 5.383426 0.267128
v 0.608890 5.554692 0.267128
v 1.037214 6.387717 -0.533016
v 1.117740 6.684560 -0.533016
v 0.931585 7.179784 -0.578131
v 0.502009 7.272106 -0.619917
v 0.468796 6.700561 -0.665716
v 1.259908 6.655890 -0.267419
v 1.087545 7.305373 -0.362424
v 0.534483 7.468866 -0.368210
v 1.037214 6.387717 0.532725
v 1.117740 6.684560 0.532725
v 1.352732 6.611222 -0.000146
v 0.931585 7.179784 0.577840
v 1.184164 7.295609 -0.000146
v 0.502009 7.272106 0.619626
v 0.557708 7.574113 -0.000146
v 0.468796 6.700561 0.665425
v 1.259908 6.655890 0.267128
v 1.087545 7.305373 0.362133
v 0.534483 7.468866 0.367919
v 1.403598 6.028533 0.470147
v 1.414182 6.099205 0.445401
v 1.375270 6.031395 0.466208
v 1.391352 6.004660 0.540853
v 1.384129 6.030500 0.611558
v 1.401041 6.100533 0.540853
v 1.363024 6.007523 0.536913
v 1.355803 6.033363 0.607618
v 1.372714 6.103396 0.536913
v 1.382404 6.199269 0.536913
v 1.359573 6.104724 0.632365
v 1.385855 6.102068 0.441461
v 1.389626 6.173430 0.466208
v 1.417953 6.170567 0.470147
v 1.410731 6.196407 0.540853
v 1.398484 6.172534 0.611558
v 1.370157 6.175397 0.607618
v 1.387900 6.101861 0.636305
v 1.413164 6.185570 0.243707
v 1.318290 6.195158 0.230512
v 1.447145 6.521787 0.243707
v 1.352271 6.531376 0.230512
v 1.367080 6.190228 0.578447
v 1.272207 6.199816 0.565253
v 1.401060 6.526444 0.578447
v 1.306187 6.536034 0.565253
v 1.430049 6.582955 0.411077
v 1.335176 6.592543 0.397882
v 1.384175 6.129061 0.411077
v 1.289302 6.138649 0.397882
v 1.438219 6.352864 0.185127
v 1.343346 6.362452 0.171932
v 1.376005 6.359151 0.637027
v 1.281132 6.368740 0.623832
v 1.272590 6.363469 0.681419
v 1.261116 6.169321 0.622840
v 1.355989 6.159733 0.636034
v 1.376435 6.080140 0.431178
v 1.281562 6.089729 0.417984
v 1.367463 6.353879 0.694614
v 1.458319 6.350832 0.187923
v 1.433264 6.183539 0.246502
v 1.450149 6.580922 0.413872
v 1.467245 6.519755 0.246502
v 1.396106 6.357120 0.639822
v 1.421161 6.524414 0.581243
v 1.404275 6.127029 0.413872
v 1.387180 6.188196 0.581243
v 1.427212 6.353976 0.413872
v 1.088320 6.388227 0.136464
v 1.097246 6.557151 0.195044
v 1.080151 6.618317 0.362414
v 1.051162 6.561808 0.529785
v 1.026107 6.394515 0.588364
v 1.017182 6.225591 0.529785
v 1.034277 6.164425 0.362414
v 1.063265 6.220933 0.195044
v 1.057214 6.391371 0.362414
v 1.434433 6.389030 0.546311
v 1.453710 6.517739 0.501243
v 1.402239 6.392284 0.541834
v 1.412131 6.345555 0.675079
v 1.398978 6.392614 0.803846
v 1.429778 6.520158 0.675079
v 1.379936 6.348809 0.670601
v 1.366784 6.395868 0.799369
v 1.397583 6.523411 0.670601
v 1.415230 6.698014 0.670601
v 1.373651 6.525830 0.844437
v 1.421515 6.520993 0.496765
v 1.428382 6.650955 0.541834
v 1.460577 6.647702 0.546311
v 1.447424 6.694761 0.675079
v 1.425122 6.651285 0.803846
v 1.392927 6.654539 0.799369
v 1.405845 6.522576 0.848915
v 1.403597 6.028532 -0.470439
v 1.414182 6.099205 -0.445692
v 1.375270 6.031395 -0.466499
v 1.391351 6.004660 -0.541144
v 1.384129 6.030499 -0.611849
v 1.401041 6.100533 -0.541144
v 1.363024 6.007523 -0.537204
v 1.355802 6.033362 -0.607910
v 1.372714 6.103395 -0.537204
v 1.382403 6.199268 -0.537204
v 1.359573 6.104724 -0.632657
v 1.385855 6.102068 -0.441752
v 1.389625 6.173429 -0.466499
v 1.417952 6.170567 -0.470439
v 1.410731 6.196407 -0.541144
v 1.398484 6.172534 -0.611849
v 1.370157 6.175397 -0.607910
v 1.387900 6.101861 -0.636596
v 1.413164 6.185570 -0.243998
v 1.318290 6.195158 -0.230803
v 1.447145 6.521787 -0.243998
v 1.352271 6.531376 -0.230803
v 1.367080 6.190228 -0.578739
v 1.272207 6.199816 -0.565544
v 1.401060 6.526444 -0.578739
v 1.306187 6.536034 -0.565544
v 1.430049 6.582955 -0.411368
v 1.335176 6.592543 -0.398174
v 1.384175 6.129061 -0.411368
v 1.289302 6.138649 -0.398174
v 1.438219 6.352864 -0.185418
v 1.343346 6.362452 -0.172224
v 1.376005 6.359151 -0.637318
v 1.281132 6.368740 -0.624124
v 1.272590 6.363469 -0.681711
v 1.261116 6.169321 -0.623131
v 1.355989 6.159733 -0.636326
v 1.376435 6.080140 -0.431470
v 1.281562 6.089729 -0.418275
v 1.367463 6.353879 -0.694905
v 1.458319 6.350832 -0.188214
v 1.433264 6.183539 -0.246794
v 1.450149 6.580922 -0.414164
v 1.467245 6.519755 -0.246794
v 1.396106 6.357120 -0.640114
v 1.421161 6.524414 -0.581534
v 1.404275 6.127029 -0.414164
v 1.387180 6.188196 -0.581534
v 1.427212 6.353976 -0.414164
v 1.088320 6.388227 -0.136756
v 1.097246 6.557151 -0.195335
v 1.080151 6.618317 -0.362705
v 1.051162 6.561808 -0.530076
v 1.026107 6.394515 -0.588655
v 1.017182 6.225591 -0.530076
v 1.034277 6.164425 -0.362705
v 1.063265 6.220933 -0.195335
v 1.057214 6.391371 -0.362705
v 1.434433 6.389030 -0.546603
v 1.453709 6.517738 -0.501534
v 1.402238 6.392283 -0.542126
v 1.412130 6.345555 -0.675370
v 1.398978 6.392614 -0.804138
v 1.429777 6.520157 -0.675370
v 1.379936 6.348809 -0.670893
v 1.366783 6.395867 -0.799661
v 1.397583 6.523411 -0.670893
v 1.415229 6.698013 -0.670893
v 1.373650 6.525830 -0.844729
v 1.421515 6.520992 -0.497057
v 1.428382 6.650954 -0.542126
v 1.460576 6.647702 -0.546603
v 1.447423 6.694760 -0.675370
v 1.425121 6.651285 -0.804138
v 1.392926 6.654539 -0.799661
v 1.405845 6.522576 -0.849207
v 0.176040 5.772740 -0.498493
v 0.117653 6.468782 -0.674660
v 0.140168 5.903410 -0.578774
v 0.126014 6.307553 -0.657374
v 0.251341 5.554692 -0.267419
v 0.176040 5.772740 0.498202
v 0.337522 5.444293 -0.000146
v 0.117653 6.468782 0.674368
v 0.140168 5.903410 0.578483
v 0.126014 6.307553 0.657083
v 0.251341 5.554692 0.267128
v 0.144460 7.272106 -0.619917
v 0.111247 6.700561 -0.665716
v 0.176934 7.468866 -0.368210
v 0.144460 7.272106 0.619626
v 0.200159 7.574113 -0.000146
v 0.111247 6.700561 0.665425
v 0.176934 7.468866 0.367919
v -0.160651 5.891622 -0.409674
v -0.208631 6.463612 -0.554443
v -0.190129 5.999004 -0.436440
v -0.201760 6.331118 -0.540238
v -0.098770 5.712436 -0.219784
v -0.160651 5.891622 0.409383
v -0.027949 5.621713 -0.000146
v -0.208631 6.463612 0.554152
v -0.190129 5.999004 0.436149
v -0.201760 6.331118 0.539947
v -0.098770 5.712436 0.219492
v -0.186602 7.123760 -0.509457
v -0.213896 6.654079 -0.547093
v -0.159916 7.285452 -0.302611
v -0.186602 7.123760 0.509166
v -0.140830 7.371941 -0.000146
v -0.213896 6.654079 0.546802
v -0.159916 7.285452 0.302320
v -0.292039 6.013395 -0.289708
v -0.390754 6.456627 -0.398220
v -0.319481 6.128119 -0.336355
v -0.367262 6.362946 -0.382025
v -0.248369 5.895967 -0.155444
v -0.292039 6.013395 0.289417
v -0.198295 5.831820 -0.000146
v -0.390754 6.456627 0.385626
v -0.319481 6.128119 0.336064
v -0.367262 6.362946 0.381734
v -0.248369 5.895967 0.155152
v -0.378863 6.923394 -0.360261
v -0.401501 6.591300 -0.386872
v -0.326923 7.089451 -0.214008
v -0.378863 6.923394 0.359970
v -0.332578 7.098874 -0.000146
v -0.401501 6.591300 0.386581
v -0.326923 7.089451 0.213716
v -0.443689 6.456626 0.007186
v -0.422728 6.362946 -0.000146
v -0.378819 6.128119 -0.000146
v -0.337000 5.995745 0.018093
v -0.420268 6.923394 -0.000146
v -0.463752 6.591300 -0.000146
v 0.463640 8.046247 -0.325166
v 0.463640 4.482559 -0.325166
v 0.544010 8.414616 -0.492607
v -0.181274 4.061313 -0.319250
v -0.176880 8.046247 -0.325166
v -0.176880 4.482559 -0.325166
v 0.143380 8.046247 -0.476388
v 0.143380 4.482559 -0.476388
v -0.323946 4.482559 0.009779
v 0.610706 8.046247 0.009779
v -0.323946 8.046247 0.009779
v 0.610706 4.482559 0.009779
v 0.143380 4.245498 -0.250266
v 0.143380 4.061313 -0.443918
v -0.028829 4.245498 -0.168951
v 0.394669 4.245497 0.009779
v 0.315589 4.245498 -0.168951
v -0.107909 4.245497 0.009779
v -0.257250 8.414616 -0.492607
v 0.143380 8.414616 -0.643829
v 0.727983 8.414616 0.009779
v -0.441223 8.414616 0.009779
v 0.467268 8.598799 -0.366532
v -0.180508 8.598799 -0.366532
v 0.143380 8.598799 -0.480235
v 0.611321 8.598799 0.009779
v -0.324561 8.598799 0.009779
v 0.549719 8.710426 -0.524144
v -0.262959 8.710426 -0.524144
v 0.143380 8.710426 -0.716011
v 0.818297 8.710426 0.009779
v -0.531537 8.710426 0.009779
v 0.952377 10.047624 -0.813960
v -0.665617 10.047624 -0.813960
v 0.143380 10.047624 -1.169495
v 1.323876 10.047624 0.009779
v -1.037116 10.047624 0.009779
v 0.617118 4.061313 0.009779
v 0.468034 4.061313 -0.319250
v -0.330358 4.061313 0.009779
v -0.181274 3.793408 -0.319250
v 0.143380 3.793408 -0.443918
v 0.617118 3.793408 0.009779
v 0.468034 3.793408 -0.319250
v -0.330358 3.793408 0.009779
v -0.075087 3.793408 -0.216819
v 0.143380 3.793408 -0.301930
v 0.462169 3.793408 0.009779
v 0.361847 3.793408 -0.216819
v -0.175409 3.793408 0.009779
v -0.075087 3.667828 -0.216451
v 0.143380 3.667828 -0.301561
v 0.462169 3.667828 0.009779
v 0.361847 3.667828 -0.216451
v -0.175409 3.667828 0.009779
v -0.364221 3.512791 -0.516878
v 0.143380 3.512791 -0.714630
v 0.884077 3.512790 0.009779
v 0.650981 3.512791 -0.516878
v -0.597316 3.512790 0.009779
v 0.143380 3.572360 -0.458053
v 0.473285 3.572360 -0.329528
v -0.338020 3.572360 0.009779
v -0.186525 3.572360 -0.329528
v 0.624780 3.572360 0.009779
v -0.364221 3.325873 -0.516878
v 0.143380 3.325873 -0.714630
v 0.884077 3.325872 0.009779
v 0.650981 3.325873 -0.516878
v -0.597316 3.325872 0.009779
v -0.143125 3.174469 -0.285335
v 0.143380 3.174469 -0.396952
v 0.561450 3.174469 0.009779
v 0.429885 3.174469 -0.285335
v -0.274690 3.174469 0.009779
v -0.688024 2.738814 -0.844129
v 0.143380 2.738814 -1.168028
v 1.356572 2.738813 0.009779
v 0.974784 2.738814 -0.844129
v -1.069812 2.738813 0.009779
v -1.131944 2.474689 -1.294767
v 0.143380 2.474689 -1.791609
v 2.004345 2.474687 0.009779
v 1.418704 2.474689 -1.294767
v -1.717584 2.474687 0.009779
v -1.553807 2.294457 -1.738036
v 0.143380 2.294457 -2.399227
v 2.619931 2.294455 0.009779
v 1.840567 2.294457 -1.738036
v -2.333171 2.294455 0.009779
v -1.553807 2.224691 -1.738036
v 0.143380 2.224691 -2.399227
v 2.619931 2.224689 0.009779
v 1.840567 2.224691 -1.738036
v -2.333171 2.224689 0.009779
v -1.165470 1.798337 -0.961805
v 0.143380 1.798337 -1.132036
v 2.053266 1.798337 0.009779
v 1.452230 1.798337 -0.961805
v -1.766506 1.798337 0.009779
v -0.933195 1.430123 -0.565849
v 0.143380 1.430123 -0.709372
v 1.714328 1.430123 0.009779
v 1.219955 1.430123 -0.565849
v -1.427568 1.430123 0.009779
v -0.742079 0.886371 -0.376089
v 0.143380 0.794654 -0.519613
v 1.435450 1.003770 0.009779
v 1.028839 0.886371 -0.376089
v -1.148690 1.003770 0.009779
v 0.143380 0.794654 0.009779
v 1.030053 0.886371 0.009779
v -0.741990 0.886371 0.009779
v 0.463640 8.046247 0.344724
v 0.463640 4.482559 0.344724
v 0.544010 8.414616 0.512164
v -0.181274 4.061313 0.338807
v -0.176880 8.046247 0.344724
v -0.176880 4.482559 0.344724
v 0.143380 8.046247 0.495946
v 0.143380 4.482559 0.495946
v 0.143380 4.245498 0.269823
v 0.143380 4.061313 0.463475
v -0.028829 4.245498 0.188509
v 0.315589 4.245498 0.188509
v -0.257250 8.414616 0.512164
v 0.143380 8.414616 0.663386
v 0.467268 8.598799 0.386090
v -0.180508 8.598799 0.386090
v 0.143380 8.598799 0.499792
v 0.549719 8.710426 0.543701
v -0.262959 8.710426 0.543701
v 0.143380 8.710426 0.735569
v 0.952377 10.047624 0.833518
v -0.665617 10.047624 0.833518
v 0.143380 10.047624 1.189053
v 0.468034 4.061313 0.338807
v -0.181274 3.793408 0.338807
v 0.143380 3.793408 0.463475
v 0.468034 3.793408 0.338807
v -0.075087 3.793408 0.236377
v 0.143380 3.793408 0.321487
v 0.361847 3.793408 0.236377
v -0.075087 3.667828 0.236009
v 0.143380 3.667828 0.321119
v 0.361847 3.667828 0.236009
v -0.364221 3.512791 0.536436
v 0.143380 3.512791 0.734187
v 0.650981 3.512791 0.536436
v 0.143380 3.572360 0.477610
v 0.473285 3.572360 0.349086
v -0.186525 3.572360 0.349086
v -0.364221 3.325873 0.536436
v 0.143380 3.325873 0.734187
v 0.650981 3.325873 0.536436
v -0.143125 3.174469 0.304893
v 0.143380 3.174469 0.416509
v 0.429885 3.174469 0.304893
v -0.688024 2.738814 0.863686
v 0.143380 2.738814 1.187585
v 0.974784 2.738814 0.863686
v -1.131944 2.474689 1.314325
v 0.143380 2.474689 1.811166
v 1.418704 2.474689 1.314324
v -1.553807 2.294457 1.757594
v 0.143380 2.294457 2.418785
v 1.840567 2.294457 1.757593
v -1.553807 2.224691 1.757594
v 0.143380 2.224691 2.418785
v 1.840567 2.224691 1.757593
v -1.165470 1.798337 0.981363
v 0.143380 1.798337 1.151593
v 1.452230 1.798337 0.981363
v -0.933195 1.430123 0.585407
v 0.143380 1.430123 0.728930
v 1.219955 1.430123 0.585406
v -0.742079 0.886371 0.395647
v 0.143380 0.794654 0.539171
v 1.028839 0.886371 0.395647
v 0.143380 7.375110 -0.476388
v -0.319546 7.354411 0.009963
v 0.143380 7.375110 0.495946
v -0.177983 7.242664 -0.440159
v -0.177983 7.242664 0.460085
v 0.463640 7.375110 -0.325166
v -0.356999 7.120216 -0.419363
v -0.356999 7.120216 0.439289
v -0.447096 7.150939 0.009963
v -0.431193 6.301385 -0.180324
v -0.431193 6.301385 0.189384
v -0.465635 6.919850 -0.350152
v -0.488273 6.587756 -0.263143
v -0.465635 6.919850 0.370078
v -0.488273 6.587756 0.283069
v -0.475670 6.301385 0.015858
v -0.507039 6.919850 0.009963
v -0.550524 6.587756 0.009963
v -0.366972 6.142598 -0.115788
v -0.366972 6.142598 0.127432
v -0.396232 6.142598 0.013275
v 0.463640 6.631800 0.344724
v 0.610706 6.631800 0.009779
v 0.610706 7.375110 0.009779
v -0.177431 6.565578 0.402404
v 0.463640 7.375110 0.344724
v 0.143380 6.631800 0.495946
v 0.463640 6.631800 -0.325166
v -0.321746 6.621450 0.009871
v -0.177431 6.565578 -0.382663
v 0.143380 6.631800 -0.476388
v -0.945340 0.945070 0.009779
v 1.232752 0.945070 0.009779
v -0.027501 1.664332 -1.011716
v -0.027501 1.166213 -1.448006
v -0.027501 1.103304 -0.638136
v -0.027501 0.993623 -1.416845
v 0.329877 1.664332 -1.011716
v 0.329877 1.166213 -1.448006
v 0.329877 1.103304 -0.638136
v 0.329877 0.993623 -1.416845
v -0.027501 1.530411 -0.913573
v -0.027501 1.278004 -1.067835
v -0.027501 1.187348 -1.231226
v -0.027501 1.014758 -1.200065
v -0.027501 1.129670 -0.974882
v -0.027501 1.263213 -0.813509
v 0.329877 1.014758 -1.200065
v 0.329877 1.129670 -0.974882
v 0.329877 1.263213 -0.813509
v 0.329877 1.187348 -1.231226
v 0.329877 1.278004 -1.067835
v 0.329877 1.530410 -0.913574
v -0.027501 1.731750 -0.852436
v -0.027501 1.170722 -0.478855
v 0.329877 1.731750 -0.852436
v 0.329877 1.170722 -0.478855
v -0.027501 1.445895 -0.732477
v -0.027501 1.071839 -1.478269
v 0.329877 1.445895 -0.732477
v 0.329877 1.071839 -1.478269
v 0.329877 1.396811 -0.863542
v 0.329877 1.203836 -1.021359
v 0.329877 1.101053 -1.215646
v -0.027501 1.396811 -0.863542
v -0.027501 1.203836 -1.021359
v -0.027501 1.101053 -1.215646
v -0.027501 1.513313 -0.573196
v 0.329877 1.513313 -0.573196
v 0.092495 1.243497 -0.951913
v 0.092495 1.496677 -1.508254
v 0.092495 1.510482 -1.166192
v 0.092495 0.940336 -1.761433
v 0.092495 1.282397 -1.775238
v 0.092495 0.687156 -1.205093
v 0.092495 0.901437 -0.938107
v 0.092495 0.673352 -1.547153
v 0.219190 1.496677 -1.508254
v 0.219190 1.243497 -0.951913
v 0.219190 1.510482 -1.166192
v 0.219190 0.940336 -1.761433
v 0.219190 1.282397 -1.775238
v 0.219190 0.687156 -1.205093
v 0.219190 0.901437 -0.938107
v 0.219190 0.673352 -1.547153
v 0.219190 1.091917 -1.356673
v 0.092495 1.091917 -1.356673
v -0.027504 1.664332 1.031274
v -0.027504 1.166213 1.467564
v -0.027504 1.103304 0.657693
v -0.027504 0.993623 1.436403
v 0.329874 1.664332 1.031274
v 0.329873 1.166213 1.467564
v 0.329873 1.103304 0.657693
v 0.329873 0.993623 1.436403
v -0.027504 1.530411 0.933130
v -0.027504 1.278004 1.087393
v -0.027504 1.187348 1.250783
v -0.027504 1.014758 1.219622
v -0.027504 1.129670 0.994439
v -0.027504 1.263213 0.833067
v 0.329873 1.014758 1.219622
v 0.329873 1.129670 0.994439
v 0.329874 1.263213 0.833067
v 0.329873 1.187348 1.250783
v 0.329874 1.278004 1.087393
v 0.329874 1.530410 0.933131
v -0.027504 1.731750 0.871993
v -0.027504 1.170722 0.498413
v 0.329874 1.731750 0.871993
v 0.329873 1.170722 0.498413
v -0.027504 1.445895 0.752034
v -0.027504 1.071839 1.497827
v 0.329874 1.445895 0.752034
v 0.329873 1.071839 1.497827
v 0.329874 1.396811 0.883099
v 0.329873 1.203836 1.040916
v 0.329873 1.101053 1.235204
v -0.027504 1.396811 0.883099
v -0.027504 1.203836 1.040916
v -0.027504 1.101053 1.235204
v -0.027504 1.513313 0.592754
v 0.329874 1.513313 0.592754
v 0.092492 1.243497 0.971471
v 0.092492 1.496677 1.527812
v 0.092492 1.510482 1.185749
v 0.092492 0.940336 1.780991
v 0.092492 1.282397 1.794795
v 0.092492 0.687156 1.224650
v 0.092492 0.901437 0.957664
v 0.092491 0.673352 1.566711
v 0.219187 1.496677 1.527812
v 0.219187 1.243497 0.971471
v 0.219187 1.510482 1.185749
v 0.219187 0.940336 1.780991
v 0.219187 1.282397 1.794795
v 0.219187 0.687156 1.224650
v 0.219187 0.901437 0.957664
v 0.219187 0.673352 1.566711
v 0.219187 1.091917 1.376231
v 0.092492 1.091917 1.376231
v 0.971121 1.226400 -0.845792
v 1.117387 1.444403 -1.397786
v 1.081305 1.471053 -1.058396
v 0.970564 0.906856 -1.648986
v 1.080886 1.230643 -1.662683
v 0.824298 0.688854 -1.096994
v 0.860799 0.902615 -0.832094
v 0.860380 0.662204 -1.436381
v 0.998196 1.484346 -1.413594
v 0.851930 1.266342 -0.861601
v 0.962115 1.510996 -1.074204
v 0.851373 0.946799 -1.664794
v 0.961695 1.270585 -1.678491
v 0.705107 0.728797 -1.112802
v 0.741608 0.942557 -0.847902
v 0.741189 0.702147 -1.452189
v 0.851652 1.106571 -1.263198
v 0.970842 1.066629 -1.247389
v 1.244148 1.637496 -0.837346
v 1.118142 1.095623 -1.323036
v 1.021654 1.120200 -0.504422
v 1.059616 0.933213 -1.292119
v 0.854831 1.645045 -0.913669
v 0.781934 1.208291 -1.367628
v 0.667230 1.130885 -0.549013
v 0.723407 1.045882 -1.336710
v 1.189713 1.513126 -0.792779
v 1.108687 1.216692 -0.945836
v 1.099211 1.124256 -1.107950
v 1.040685 0.961847 -1.077033
v 1.050557 1.079731 -0.853609
v 1.083007 1.263742 -0.693498
v 0.704477 1.074515 -1.121624
v 0.714349 1.192400 -0.898200
v 0.728583 1.274428 -0.738089
v 0.763003 1.236926 -1.152541
v 0.772478 1.329360 -0.990427
v 0.811276 1.523811 -0.837371
v 1.226259 1.705467 -0.723828
v 1.003820 1.188186 -0.353167
v 0.836942 1.713017 -0.776492
v 0.649397 1.198871 -0.397758
v 1.116631 1.372085 -0.616603
v 1.091736 1.004941 -1.353063
v 0.763471 1.409002 -0.751061
v 0.755527 1.117609 -1.397654
v 0.769109 1.374359 -0.787730
v 0.743414 1.260880 -0.944314
v 0.733740 1.155720 -1.137083
v 1.122269 1.337443 -0.743139
v 1.079622 1.148211 -0.899723
v 1.069948 1.043052 -1.092492
v 1.119209 1.442324 -0.458567
v 0.795209 1.554991 -0.503158
v 1.244149 1.637496 0.856900
v 1.118143 1.095622 1.342590
v 1.021654 1.120200 0.523977
v 1.059617 0.933212 1.311673
v 0.854832 1.645044 0.933224
v 0.781935 1.208290 1.387182
v 0.667230 1.130884 0.568568
v 0.723408 1.045881 1.356264
v 1.189713 1.513125 0.812333
v 1.108688 1.216692 0.965390
v 1.099212 1.124256 1.127504
v 1.040686 0.961847 1.096587
v 1.050558 1.079731 0.873163
v 1.083007 1.263742 0.713052
v 0.704477 1.074514 1.141178
v 0.714350 1.192399 0.917754
v 0.728583 1.274427 0.757643
v 0.763004 1.236925 1.172095
v 0.772479 1.329360 1.009981
v 0.811277 1.523810 0.856925
v 1.226260 1.705467 0.743382
v 1.003821 1.188186 0.372722
v 0.836942 1.713017 0.796046
v 0.649397 1.198871 0.417313
v 1.116631 1.372085 0.636157
v 1.091737 1.004940 1.372617
v 0.763471 1.409001 0.770615
v 0.755529 1.117608 1.417208
v 0.769109 1.374359 0.807284
v 0.743414 1.260879 0.963868
v 0.733741 1.155719 1.156637
v 1.122269 1.337442 0.762693
v 1.079623 1.148211 0.919277
v 1.069949 1.043051 1.112046
v 1.119209 1.442323 0.478121
v 0.795209 1.554991 0.522712
v 0.971122 1.226400 0.865346
v 1.117388 1.444402 1.417340
v 1.081306 1.471052 1.077950
v 0.970565 0.906855 1.668540
v 1.080887 1.230642 1.682237
v 0.824299 0.688853 1.116547
v 0.860799 0.902614 0.851648
v 0.860380 0.662203 1.455935
v 0.998197 1.484344 1.433148
v 0.851931 1.266342 0.881155
v 0.962115 1.510996 1.093758
v 0.851374 0.946798 1.684348
v 0.961696 1.270584 1.698045
v 0.705108 0.728796 1.132355
v 0.741609 0.942556 0.867456
v 0.741190 0.702146 1.471743
v 0.851653 1.106570 1.282751
v 0.970843 1.066628 1.266943
v -0.957389 1.637496 -0.837343
v -0.831383 1.095622 -1.323033
v -0.734895 1.120200 -0.504419
v -0.772857 0.933212 -1.292115
v -0.568072 1.645044 -0.913666
v -0.495175 1.208290 -1.367624
v -0.380471 1.130884 -0.549010
v -0.436648 1.045881 -1.336707
v -0.902954 1.513125 -0.792776
v -0.821928 1.216692 -0.945833
v -0.812452 1.124256 -1.107947
v -0.753926 0.961847 -1.077030
v -0.763798 1.079731 -0.853606
v -0.796247 1.263742 -0.693495
v -0.417718 1.074514 -1.121620
v -0.427590 1.192399 -0.898197
v -0.441824 1.274427 -0.738086
v -0.476244 1.236925 -1.152538
v -0.485720 1.329360 -0.990424
v -0.524517 1.523810 -0.837368
v -0.939500 1.705467 -0.723825
v -0.717061 1.188186 -0.353164
v -0.550183 1.713017 -0.776489
v -0.362638 1.198871 -0.397755
v -0.829872 1.372085 -0.616600
v -0.804977 1.004940 -1.353060
v -0.476712 1.409001 -0.751057
v -0.468768 1.117608 -1.397651
v -0.482350 1.374359 -0.787727
v -0.456655 1.260879 -0.944311
v -0.446981 1.155719 -1.137080
v -0.835510 1.337442 -0.743136
v -0.792863 1.148211 -0.899720
v -0.783189 1.043051 -1.092489
v -0.832449 1.442323 -0.458564
v -0.508450 1.554991 -0.503155
v -0.684362 1.226400 -0.845789
v -0.830628 1.444402 -1.397783
v -0.794546 1.471052 -1.058393
v -0.683805 0.906855 -1.648983
v -0.794127 1.230642 -1.662680
v -0.537539 0.688853 -1.096990
v -0.574040 0.902614 -0.832091
v -0.573620 0.662203 -1.436378
v -0.711437 1.484344 -1.413591
v -0.565171 1.266342 -0.861598
v -0.675355 1.510996 -1.074201
v -0.564614 0.946798 -1.664791
v -0.674936 1.270584 -1.678488
v -0.418348 0.728796 -1.112798
v -0.454849 0.942556 -0.847899
v -0.454430 0.702146 -1.452186
v -0.564893 1.106570 -1.263194
v -0.684083 1.066628 -1.247386
v -0.684365 1.226400 0.865347
v -0.830631 1.444402 1.417341
v -0.794549 1.471053 1.077951
v -0.683808 0.906856 1.668541
v -0.794130 1.230642 1.682238
v -0.537542 0.688853 1.116548
v -0.574043 0.902615 0.851649
v -0.573624 0.662203 1.455936
v -0.711440 1.484345 1.433149
v -0.565175 1.266342 0.881155
v -0.675358 1.510996 1.093759
v -0.564617 0.946798 1.684349
v -0.674939 1.270585 1.698046
v -0.418352 0.728796 1.132356
v -0.454852 0.942557 0.867457
v -0.454433 0.702146 1.471744
v -0.564896 1.106570 1.282752
v -0.684087 1.066628 1.266944
v -0.957392 1.637496 0.856901
v -0.831387 1.095622 1.342591
v -0.734898 1.120200 0.523977
v -0.772860 0.933212 1.311673
v -0.568075 1.645045 0.933224
v -0.495178 1.208290 1.387182
v -0.380474 1.130885 0.568568
v -0.436652 1.045881 1.356264
v -0.902957 1.513126 0.812334
v -0.821931 1.216692 0.965391
v -0.812456 1.124256 1.127505
v -0.753929 0.961847 1.096587
v -0.763802 1.079731 0.873164
v -0.796251 1.263742 0.713053
v -0.417721 1.074515 1.141178
v -0.427593 1.192400 0.917755
v -0.441827 1.274428 0.757644
v -0.476247 1.236926 1.172096
v -0.485723 1.329360 1.009982
v -0.524520 1.523811 0.856926
v -0.939503 1.705467 0.743383
v -0.717064 1.188186 0.372722
v -0.550186 1.713017 0.796047
v -0.362641 1.198871 0.417313
v -0.829875 1.372085 0.636158
v -0.804980 1.004940 1.372618
v -0.476715 1.409002 0.770615
v -0.468772 1.117609 1.417209
v -0.482353 1.374359 0.807285
v -0.456658 1.260880 0.963869
v -0.446984 1.155720 1.156638
v -0.835513 1.337443 0.762694
v -0.792866 1.148211 0.919278
v -0.783192 1.043052 1.112047
v -0.832453 1.442324 0.478122
v -0.508453 1.554991 0.522713
v 0.047799 0.993807 -3.923982
v 0.047799 1.231673 -3.923458
v 0.047799 0.985033 -1.231504
v 0.047799 1.222900 -1.230981
v 0.260753 0.993807 -3.923982
v 0.260753 1.233519 -3.923458
v 0.260754 0.985033 -1.231504
v 0.260753 1.224746 -1.230981
v 0.047799 1.111468 -3.880040
v 0.047799 1.111469 -1.231242
v 0.260753 1.111469 -1.231242
v 0.260753 1.111468 -3.880040
v 0.047799 1.111468 -4.192942
v 0.047799 1.222900 -4.149124
v 0.260753 1.111468 -4.192942
v 0.260754 0.985033 -4.149646
v 0.047799 0.985033 -4.149646
v 0.260753 1.224746 -4.149124
v 0.047799 0.993807 -6.828790
v 0.047799 1.231673 -6.828266
v 0.260753 0.993807 -6.828790
v 0.260753 1.233519 -6.828266
v 0.047799 1.111468 -6.784849
v 0.260753 1.111468 -6.784849
v 0.047799 1.111468 -7.097749
v 0.047799 1.260690 -7.031786
v 0.260753 1.111468 -7.097749
v 0.260754 0.964791 -7.032393
v 0.047799 0.964791 -7.032393
v 0.260754 1.262535 -7.031786
v 0.088251 1.112206 -9.446635
v 0.088251 1.166051 -9.462750
v 0.220301 1.112206 -9.446635
v 0.220302 1.059280 -9.381278
v 0.088251 1.059280 -9.381278
v 0.220302 1.166717 -9.462750
v 0.260753 0.932504 -5.783281
v 0.260754 0.930582 -5.195083
v 0.047799 0.930582 -5.195083
v 0.047799 0.932504 -5.783281
v 0.047799 1.168449 -5.194559
v 0.047799 1.170371 -5.782760
v 0.260753 1.054142 -5.194753
v 0.260753 1.054138 -5.782964
v 0.260753 1.172216 -5.782760
v 0.260753 1.170295 -5.194559
v 0.047799 1.054138 -5.782964
v 0.047799 1.054142 -5.194753
v 0.047799 0.930740 -2.279092
v 0.047799 0.932680 -2.876279
v 0.047799 1.168619 -2.278340
v 0.047799 1.170575 -2.876236
v 0.260753 0.932680 -2.876276
v 0.260754 0.930740 -2.279095
v 0.260753 1.172420 -2.876229
v 0.260753 1.170464 -2.278345
v 0.260753 1.054046 -2.256784
v 0.260753 1.054046 -2.854507
v 0.047799 1.054046 -2.854516
v 0.047799 1.054046 -2.256779
v 0.244695 1.148135 -7.996862
v 0.236343 1.128439 -8.498783
v 0.244816 1.035977 -8.023170
v 0.236218 1.036233 -8.522422
v 0.072210 1.127305 -8.498786
v 0.063858 1.146759 -7.996851
v 0.244925 0.926497 -7.951536
v 0.236087 0.947352 -8.464712
v 0.072466 0.947352 -8.464714
v 0.063628 0.926497 -7.951532
v 0.063736 1.035979 -8.023154
v 0.072335 1.036234 -8.522431
v 0.047799 0.941761 -4.055496
v 0.047799 0.943829 -4.012884
v 0.047799 1.111562 -4.057651
v 0.047799 1.111562 -4.015016
v 0.047799 1.281641 -4.012399
v 0.047799 1.280417 -4.055049
v 0.260754 0.941762 -4.055498
v 0.260754 0.943830 -4.012882
v 0.260754 1.282117 -4.055057
v 0.260754 1.283342 -4.012391
v 0.260753 1.111562 -4.015011
v 0.260753 1.111562 -4.057657
v 0.047799 0.924233 -6.951721
v 0.047799 0.929793 -6.909220
v 0.047799 1.111468 -6.954006
v 0.047799 1.111468 -6.911436
v 0.047799 1.295717 -6.908735
v 0.047799 1.301226 -6.951222
v 0.260754 0.924233 -6.951721
v 0.260754 0.929793 -6.909220
v 0.260754 1.303071 -6.951222
v 0.260754 1.297562 -6.908734
v 0.260753 1.111468 -6.911436
v 0.260753 1.111468 -6.954006
v 1.086093 1.007831 -3.819880
v 1.170425 1.230056 -3.810683
v 0.782040 1.009444 -1.144611
v 0.866371 1.231671 -1.135413
v 1.283767 0.931884 -3.797368
v 1.368754 1.155835 -3.788103
v 0.979714 0.933498 -1.122098
v 1.064699 1.157449 -1.112834
v 1.122926 1.117914 -3.771923
v 0.826867 1.127566 -1.139738
v 1.024541 1.051620 -1.117226
v 1.320600 1.041968 -3.749410
v 1.157900 1.116775 -4.082860
v 1.192535 1.221038 -4.035252
v 1.355573 1.040828 -4.060349
v 1.305878 0.922865 -4.021937
v 1.108204 0.998811 -4.044449
v 1.390864 1.146816 -4.012673
v 1.410767 0.997246 -6.706468
v 1.495099 1.219472 -6.697269
v 1.608441 0.921300 -6.683956
v 1.693427 1.145250 -6.674690
v 1.447600 1.107330 -6.658509
v 1.645274 1.031384 -6.635996
v 1.482573 1.106190 -6.969446
v 1.528141 1.245839 -6.898454
v 1.680247 1.030244 -6.946932
v 1.620904 0.893450 -6.887339
v 1.423230 0.969396 -6.909851
v 1.726470 1.171616 -6.875875
v 1.782922 1.083894 -9.299295
v 1.803826 1.134139 -9.313347
v 1.905497 1.036801 -9.285336
v 1.879416 0.987594 -9.222322
v 1.756840 1.034687 -9.236282
v 1.926638 1.087668 -9.299364
v 1.469835 0.867838 -5.647242
v 1.403409 0.868186 -5.062802
v 1.205735 0.944132 -5.085316
v 1.272161 0.943785 -5.669753
v 1.290067 1.166358 -5.076116
v 1.356493 1.166011 -5.660558
v 1.447208 0.983622 -5.057965
v 1.512952 0.981475 -5.642488
v 1.554821 1.091789 -5.637978
v 1.488395 1.092136 -5.053537
v 1.315279 1.057421 -5.665000
v 1.249535 1.059567 -5.080478
v 0.879868 0.954905 -2.187609
v 0.947304 0.954541 -2.780978
v 0.964178 1.177143 -2.178184
v 1.031699 1.176791 -2.772258
v 1.144978 0.878594 -2.758464
v 1.077542 0.878958 -2.165099
v 1.230027 1.102569 -2.749672
v 1.162507 1.102920 -2.155610
v 1.118794 0.994237 -2.138430
v 1.185603 0.992059 -2.732404
v 0.987930 1.068005 -2.754925
v 0.921120 1.070182 -2.160937
v 1.778844 1.066950 -7.840768
v 1.820204 1.049699 -8.341141
v 1.742105 0.962029 -7.870991
v 1.790018 0.963515 -8.368011
v 1.667447 1.107174 -8.358538
v 1.610494 1.130157 -7.859923
v 1.695359 0.859971 -7.803786
v 1.751912 0.880736 -8.313918
v 1.600033 0.939089 -8.331216
v 1.527072 0.924626 -7.822948
v 1.574018 1.026608 -7.890117
v 1.637895 1.021962 -8.385342
v 1.082329 0.958728 -3.952468
v 1.078300 0.960815 -3.910047
v 1.142811 1.117354 -3.948415
v 1.138045 1.117510 -3.906047
v 1.198094 1.276414 -3.897243
v 1.202427 1.275115 -3.939670
v 1.280004 0.882783 -3.929958
v 1.275974 0.884870 -3.887533
v 1.400705 1.200757 -3.917104
v 1.396370 1.202057 -3.874660
v 1.335719 1.041564 -3.883530
v 1.340485 1.041408 -3.925908
v 1.399824 0.931799 -6.831165
v 1.397046 0.937149 -6.788729
v 1.466507 1.106714 -6.826604
v 1.461748 1.106869 -6.784303
v 1.526814 1.279011 -6.774896
v 1.533518 1.284002 -6.816917
v 1.597499 0.855853 -6.808653
v 1.594721 0.861203 -6.766214
v 1.731847 1.209781 -6.794338
v 1.725143 1.204789 -6.752317
v 1.659422 1.030923 -6.761789
v 1.664180 1.030768 -6.804093
v -0.799335 1.007833 -3.819883
v -0.883666 1.230059 -3.810686
v -0.495281 1.009445 -1.144614
v -0.579612 1.231671 -1.135417
v -0.997008 0.931887 -3.797372
v -1.081995 1.155837 -3.788106
v -0.692955 0.933498 -1.122101
v -0.777940 1.157449 -1.112837
v -0.836167 1.117917 -3.771926
v -0.540108 1.127567 -1.139741
v -0.737782 1.051620 -1.117229
v -1.033841 1.041971 -3.749413
v -0.871141 1.116777 -4.082864
v -0.905776 1.221040 -4.035255
v -1.068814 1.040831 -4.060353
v -1.019119 0.922867 -4.021940
v -0.821445 0.998813 -4.044453
v -1.104105 1.146818 -4.012677
v -1.124008 0.997251 -6.706471
v -1.208340 1.219476 -6.697273
v -1.321682 0.921304 -6.683960
v -1.406669 1.145255 -6.674694
v -1.160841 1.107334 -6.658513
v -1.358515 1.031389 -6.636000
v -1.195814 1.106194 -6.969450
v -1.241382 1.245843 -6.898457
v -1.393488 1.030248 -6.946936
v -1.334146 0.893454 -6.887341
v -1.136471 0.969400 -6.909855
v -1.439711 1.171620 -6.875878
v -1.496163 1.083900 -9.299300
v -1.517067 1.134145 -9.313352
v -1.618739 1.036807 -9.285338
v -1.592657 0.987599 -9.222325
v -1.470081 1.034692 -9.236284
v -1.639879 1.087674 -9.299367
v -1.183076 0.867842 -5.647244
v -1.116651 0.868189 -5.062807
v -0.918976 0.944135 -5.085319
v -0.985402 0.943788 -5.669757
v -1.003308 1.166361 -5.076119
v -1.069734 1.166014 -5.660561
v -1.160450 0.983625 -5.057971
v -1.226193 0.981478 -5.642492
v -1.268062 1.091792 -5.637981
v -1.201636 1.092139 -5.053542
v -1.028520 1.057424 -5.665005
v -0.962776 1.059571 -5.080482
v -0.593109 0.954906 -2.187612
v -0.660545 0.954543 -2.780982
v -0.677419 1.177144 -2.178187
v -0.744940 1.176793 -2.772261
v -0.858219 0.878596 -2.758468
v -0.790783 0.878960 -2.165102
v -0.943268 1.102571 -2.749675
v -0.875748 1.102921 -2.155613
v -0.832035 0.994238 -2.138433
v -0.898844 0.992061 -2.732407
v -0.701171 1.068007 -2.754928
v -0.634361 1.070184 -2.160941
v -1.492085 1.066955 -7.840772
v -1.533445 1.049705 -8.341145
v -1.455347 0.962034 -7.870993
v -1.503259 0.963521 -8.368015
v -1.380689 1.107180 -8.358541
v -1.323735 1.130161 -7.859927
v -1.408600 0.859976 -7.803790
v -1.465154 0.880742 -8.313923
v -1.313274 0.939094 -8.331221
v -1.240313 0.924631 -7.822951
v -1.287259 1.026613 -7.890120
v -1.351136 1.021967 -8.385345
v -0.795570 0.958731 -3.952472
v -0.791541 0.960818 -3.910051
v -0.856052 1.117357 -3.948418
v -0.851287 1.117512 -3.906050
v -0.911335 1.276416 -3.897247
v -0.915668 1.275117 -3.939673
v -0.993245 0.882785 -3.929962
v -0.989215 0.884872 -3.887537
v -1.113946 1.200759 -3.917107
v -1.109612 1.202060 -3.874663
v -1.048960 1.041566 -3.883534
v -1.053727 1.041410 -3.925912
v -1.113066 0.931803 -6.831169
v -1.110288 0.937153 -6.788732
v -1.179748 1.106718 -6.826609
v -1.174990 1.106874 -6.784307
v -1.240055 1.279015 -6.774900
v -1.246759 1.284007 -6.816921
v -1.310740 0.855857 -6.808656
v -1.307962 0.861207 -6.766218
v -1.445088 1.209785 -6.794341
v -1.438384 1.204793 -6.752320
v -1.372664 1.030927 -6.761793
v -1.377422 1.030773 -6.804097
v -0.799332 1.007831 3.839439
v -0.883663 1.230056 3.830242
v -0.495280 1.009444 1.164170
v -0.579611 1.231671 1.154972
v -0.997006 0.931884 3.816927
v -1.081992 1.155835 3.807662
v -0.692955 0.933498 1.141657
v -0.777940 1.157449 1.132393
v -0.836164 1.117914 3.791481
v -0.540107 1.127566 1.159297
v -0.737781 1.051620 1.136784
v -1.033839 1.041968 3.768969
v -0.871138 1.116775 4.102419
v -0.905774 1.221038 4.054810
v -1.068812 1.040828 4.079907
v -1.019117 0.922865 4.041496
v -0.821442 0.998811 4.064008
v -1.104102 1.146816 4.032231
v -1.124004 0.997246 6.726027
v -1.208335 1.219472 6.716830
v -1.321678 0.921300 6.703516
v -1.406664 1.145250 6.694250
v -1.160837 1.107330 6.678069
v -1.358511 1.031384 6.655557
v -1.195810 1.106190 6.989007
v -1.241378 1.245839 6.918014
v -1.393484 1.030244 6.966493
v -1.334141 0.893450 6.906898
v -1.136467 0.969396 6.929411
v -1.439707 1.171616 6.895435
v -1.496157 1.083894 9.318856
v -1.517062 1.134139 9.332908
v -1.618733 1.036801 9.304895
v -1.592651 0.987594 9.241881
v -1.470076 1.034687 9.255841
v -1.639874 1.087668 9.318923
v -1.183072 0.867838 5.666800
v -1.116647 0.868186 5.082361
v -0.918973 0.944132 5.104874
v -0.985398 0.943785 5.689312
v -1.003304 1.166358 5.095675
v -1.069730 1.166011 5.680116
v -1.160446 0.983622 5.077524
v -1.226189 0.981475 5.662047
v -1.268058 1.091789 5.657537
v -1.201633 1.092136 5.073097
v -1.028516 1.057421 5.684558
v -0.962773 1.059567 5.100037
v -0.593108 0.954904 2.207167
v -0.660544 0.954541 2.800537
v -0.677418 1.177143 2.197742
v -0.744939 1.176791 2.791817
v -0.858217 0.878594 2.778023
v -0.790782 0.878958 2.184658
v -0.943266 1.102569 2.769230
v -0.875747 1.102920 2.175169
v -0.832034 0.994237 2.157989
v -0.898842 0.992059 2.751963
v -0.701169 1.068005 2.774484
v -0.634359 1.070182 2.180496
v -1.492080 1.066950 7.860328
v -1.533440 1.049699 8.360700
v -1.455342 0.962029 7.890552
v -1.503254 0.963515 8.387570
v -1.380683 1.107174 8.378098
v -1.323730 1.130157 7.879484
v -1.408595 0.859971 7.823347
v -1.465148 0.880736 8.333478
v -1.313269 0.939089 8.350776
v -1.240308 0.924626 7.842509
v -1.287255 1.026608 7.909677
v -1.351131 1.021962 8.404902
v -0.795567 0.958728 3.972027
v -0.791538 0.960815 3.929606
v -0.856049 1.117354 3.967974
v -0.851284 1.117510 3.925606
v -0.911332 1.276414 3.916802
v -0.915665 1.275115 3.959229
v -0.993242 0.882783 3.949517
v -0.989212 0.884870 3.907092
v -1.113943 1.200757 3.936663
v -1.109609 1.202057 3.894218
v -1.048957 1.041564 3.903090
v -1.053724 1.041408 3.945467
v -1.113061 0.931799 6.850725
v -1.110283 0.937149 6.808288
v -1.179744 1.106714 6.846166
v -1.174985 1.106869 6.803864
v -1.240051 1.279011 6.794458
v -1.246755 1.284002 6.836478
v -1.310736 0.855853 6.828212
v -1.307958 0.861203 6.785776
v -1.445083 1.209781 6.813898
v -1.438380 1.204789 6.771877
v -1.372659 1.030923 6.781351
v -1.377417 1.030768 6.823654
v 1.086090 1.007830 3.839438
v 1.170422 1.230055 3.830241
v 0.782037 1.009444 1.164169
v 0.866368 1.231670 1.154971
v 1.283764 0.931883 3.816927
v 1.368751 1.155834 3.807661
v 0.979711 0.933497 1.141655
v 1.064696 1.157448 1.132392
v 1.122923 1.117914 3.791481
v 0.826864 1.127566 1.159296
v 1.024537 1.051620 1.136783
v 1.320597 1.041967 3.768968
v 1.157897 1.116774 4.102419
v 1.192532 1.221037 4.054810
v 1.355570 1.040827 4.079907
v 1.305875 0.922864 4.041495
v 1.108201 0.998810 4.064007
v 1.390861 1.146815 4.032231
v 1.410764 0.997245 6.726026
v 1.495095 1.219471 6.716828
v 1.608438 0.921299 6.703514
v 1.693424 1.145249 6.694249
v 1.447597 1.107329 6.678068
v 1.645271 1.031384 6.655555
v 1.482570 1.106189 6.989006
v 1.528138 1.245838 6.918012
v 1.680243 1.030243 6.966491
v 1.620901 0.893449 6.906896
v 1.423227 0.969395 6.929410
v 1.726467 1.171615 6.895432
v 1.782919 1.083893 9.318854
v 1.803823 1.134138 9.332906
v 1.905494 1.036800 9.304893
v 1.879412 0.987593 9.241879
v 1.756837 1.034686 9.255839
v 1.926635 1.087667 9.318921
v 1.469832 0.867837 5.666800
v 1.403406 0.868185 5.082360
v 1.205732 0.944131 5.104873
v 1.272158 0.943784 5.689311
v 1.290064 1.166357 5.095675
v 1.356490 1.166010 5.680116
v 1.447205 0.983621 5.077523
v 1.512949 0.981474 5.662046
v 1.554818 1.091788 5.657537
v 1.488392 1.092135 5.073096
v 1.315275 1.057420 5.684558
v 1.249532 1.059566 5.100037
v 0.879865 0.954904 2.207167
v 0.947301 0.954540 2.800536
v 0.964175 1.177142 2.197742
v 1.031696 1.176791 2.791816
v 1.144975 0.878593 2.778022
v 1.077539 0.878958 2.184657
v 1.230024 1.102568 2.769229
v 1.162504 1.102919 2.175168
v 1.118791 0.994236 2.157988
v 1.185600 0.992058 2.751962
v 0.987926 1.068005 2.774482
v 0.921117 1.070182 2.180495
v 1.778841 1.066949 7.860326
v 1.820200 1.049698 8.360698
v 1.742102 0.962029 7.890549
v 1.790014 0.963514 8.387568
v 1.667444 1.107173 8.378095
v 1.610491 1.130156 7.879482
v 1.695356 0.859970 7.823345
v 1.751909 0.880735 8.333476
v 1.600029 0.939088 8.350774
v 1.527068 0.924625 7.842506
v 1.574015 1.026608 7.909675
v 1.637892 1.021961 8.404900
v 1.082326 0.958728 3.972027
v 1.078297 0.960815 3.929606
v 1.142808 1.117353 3.967973
v 1.138042 1.117509 3.925606
v 1.198091 1.276413 3.916802
v 1.202424 1.275114 3.959228
v 1.280000 0.882782 3.949517
v 1.275971 0.884869 3.907092
v 1.400702 1.200756 3.936662
v 1.396367 1.202056 3.894218
v 1.335716 1.041563 3.903089
v 1.340482 1.041407 3.945467
v 1.399821 0.931798 6.850724
v 1.397043 0.937148 6.808286
v 1.466504 1.106713 6.846164
v 1.461745 1.106868 6.803861
v 1.526811 1.279010 6.794456
v 1.533515 1.284001 6.836476
v 1.597496 0.855852 6.828210
v 1.594717 0.861202 6.785774
v 1.731844 1.209780 6.813896
v 1.725140 1.204788 6.771875
v 1.659419 1.030922 6.781349
v 1.664177 1.030767 6.823652
v 0.047795 0.993807 3.943540
v 0.047796 1.231673 3.943017
v 0.047796 0.985033 1.251061
v 0.047796 1.222900 1.250538
v 0.260750 0.993807 3.943540
v 0.260750 1.233519 3.943017
v 0.260751 0.985033 1.251061
v 0.260750 1.224746 1.250538
v 0.047796 1.111468 3.899599
v 0.047796 1.111469 1.250800
v 0.260750 1.111469 1.250800
v 0.260750 1.111468 3.899599
v 0.047796 1.111468 4.212500
v 0.047796 1.222900 4.168682
v 0.260750 1.111468 4.212500
v 0.260751 0.985033 4.169204
v 0.047796 0.985033 4.169204
v 0.260750 1.224746 4.168682
v 0.047795 0.993807 6.848348
v 0.047796 1.231673 6.847825
v 0.260750 0.993807 6.848348
v 0.260750 1.233519 6.847825
v 0.047796 1.111468 6.804407
v 0.260750 1.111468 6.804407
v 0.047796 1.111468 7.117307
v 0.047796 1.260690 7.051343
v 0.260750 1.111468 7.117307
v 0.260751 0.964791 7.051950
v 0.047796 0.964791 7.051950
v 0.260751 1.262535 7.051343
v 0.088248 1.112206 9.466192
v 0.088248 1.166051 9.482309
v 0.220298 1.112206 9.466192
v 0.220299 1.059280 9.400836
v 0.088248 1.059280 9.400836
v 0.220299 1.166717 9.482309
v 0.260750 0.932504 5.802839
v 0.260750 0.930582 5.214642
v 0.047796 0.930582 5.214642
v 0.047796 0.932504 5.802839
v 0.047796 1.168449 5.214118
v 0.047796 1.170371 5.802318
v 0.260750 1.054142 5.214310
v 0.260750 1.054138 5.802522
v 0.260750 1.172216 5.802318
v 0.260750 1.170295 5.214118
v 0.047796 1.054138 5.802522
v 0.047796 1.054142 5.214310
v 0.047796 0.930740 2.298651
v 0.047796 0.932680 2.895837
v 0.047796 1.168619 2.297898
v 0.047796 1.170575 2.895794
v 0.260750 0.932680 2.895834
v 0.260750 0.930740 2.298653
v 0.260750 1.172420 2.895787
v 0.260750 1.170464 2.297904
v 0.260750 1.054046 2.276342
v 0.260750 1.054046 2.874065
v 0.047795 1.054046 2.874073
v 0.047795 1.054046 2.276337
v 0.244692 1.148135 8.016419
v 0.236339 1.128439 8.518341
v 0.244812 1.035977 8.042728
v 0.236214 1.036233 8.541980
v 0.072207 1.127305 8.518345
v 0.063855 1.146759 8.016409
v 0.244921 0.926497 7.971094
v 0.236083 0.947352 8.484269
v 0.072463 0.947352 8.484272
v 0.063625 0.926497 7.971091
v 0.063733 1.035979 8.042713
v 0.072332 1.036234 8.541989
v 0.047796 0.941761 4.075055
v 0.047796 0.943829 4.032441
v 0.047796 1.111562 4.077209
v 0.047796 1.111562 4.034574
v 0.047796 1.281641 4.031958
v 0.047796 1.280417 4.074607
v 0.260751 0.941762 4.075057
v 0.260751 0.943830 4.032440
v 0.260751 1.282117 4.074615
v 0.260751 1.283342 4.031949
v 0.260750 1.111562 4.034569
v 0.260750 1.111562 4.077215
v 0.047796 0.924233 6.971279
v 0.047796 0.929793 6.928779
v 0.047796 1.111468 6.973564
v 0.047796 1.111468 6.930994
v 0.047796 1.295717 6.928293
v 0.047796 1.301226 6.970781
v 0.260751 0.924233 6.971279
v 0.260750 0.929793 6.928779
v 0.260751 1.303071 6.970781
v 0.260751 1.297562 6.928293
v 0.260750 1.111468 6.930994
v 0.260750 1.111468 6.973565
v -1.289471 10.287998 1.442630
v -1.289471 10.556828 1.442630
v -1.289471 10.287998 -1.423072
v -1.289471 10.556828 -1.423072
v 1.576230 10.287998 1.442630
v 1.576230 10.556828 1.442630
v 1.576230 10.287998 -1.423072
v 1.576230 10.556828 -1.423072
v -1.790969 10.287998 0.009779
v -1.790969 10.556828 0.009779
v 2.077728 10.287998 0.009779
v 2.077728 10.556828 0.009779
v 0.143379 10.287998 -1.924570
v 0.143379 10.556828 -1.924570
v 0.143379 10.287998 1.944128
v 0.143379 10.556828 1.944128
v 0.143379 10.287998 0.009779
v 0.143379 10.556828 0.009779
v -0.939123 10.541113 0.487348
v -0.939123 10.663243 0.487348
v -0.939123 10.541113 -0.467790
v -0.939123 10.663243 -0.467790
v 1.225882 10.541113 0.487348
v 1.225882 10.663243 0.487348
v 1.225882 10.541113 -0.467790
v 1.225882 10.663243 -0.467790
v -0.258568 10.798817 0.282918
v -0.258568 10.798817 -0.263360
v 0.545327 10.798817 -0.263360
v 0.545327 10.798817 0.282918
v -0.258568 11.722515 0.282918
v -0.258568 11.722515 -0.263360
v 0.545327 11.722515 -0.263360
v 0.545327 11.722515 0.282918
v -0.258568 11.939857 0.258600
v -0.258568 11.939857 -0.239042
v 0.545327 11.939857 -0.239042
v 0.545327 11.939857 0.258600
v -0.258568 12.075694 0.141515
v -0.258568 12.075694 -0.121957
v 0.545327 12.075694 -0.121957
v 0.545327 12.075694 0.141515
v 0.759927 10.325348 1.322002
v 0.759927 13.268490 1.322002
v 0.759927 10.325348 1.251514
v 0.759927 13.268490 1.251514
v 0.830415 10.325348 1.322002
v 0.830415 13.268490 1.322002
v 0.830415 10.325348 1.251514
v 0.830415 13.268490 1.251514
v 0.747591 10.325348 1.286758
v 0.747591 13.268490 1.286758
v 0.842750 10.325348 1.286758
v 0.842750 13.268490 1.286758
v 0.795171 10.325348 1.239178
v 0.795171 13.268490 1.239178
v 0.795171 10.325348 1.334337
v 0.795171 13.268490 1.334337
v 0.795171 10.325348 1.286758
v 0.698335 10.822401 1.383594
v 0.698335 11.722672 1.383594
v 0.698335 10.822401 1.189921
v 0.698335 11.722672 1.189922
v 0.892007 10.822401 1.383594
v 0.892007 11.722672 1.383594
v 0.892007 10.822401 1.189922
v 0.892007 11.722672 1.189922
v 0.664442 10.822401 1.286758
v 0.664442 11.722672 1.286758
v 0.925900 10.822401 1.286758
v 0.925900 11.722673 1.286758
v 0.795171 10.822401 1.156029
v 0.795171 11.722672 1.156029
v 0.795171 10.822401 1.417487
v 0.795171 11.722672 1.417487
v 0.759927 11.722673 1.322002
v 0.759927 11.722673 1.251514
v 0.830415 11.722673 1.251514
v 0.830415 11.722673 1.322002
v 0.842750 11.722673 1.286758
v 0.747591 11.722673 1.286758
v 0.795171 11.722673 1.334337
v 0.795171 11.722673 1.239178
v 0.759927 10.824136 1.251514
v 0.830415 10.824136 1.251514
v 0.830415 10.824136 1.322002
v 0.842750 10.824136 1.286758
v 0.747591 10.824136 1.286758
v 0.795171 10.824136 1.334337
v 0.795171 10.824136 1.239178
v 0.759927 10.824136 1.322002
v 0.795171 13.268490 1.286758
v -0.473168 10.325346 1.322004
v -0.473168 13.268487 1.322006
v -0.473168 10.325346 1.251516
v -0.473168 13.268487 1.251518
v -0.543656 10.325346 1.322004
v -0.543656 13.268487 1.322006
v -0.543656 10.325346 1.251516
v -0.543656 13.268487 1.251518
v -0.460832 10.325346 1.286760
v -0.460832 13.268487 1.286762
v -0.555991 10.325346 1.286760
v -0.555991 13.268487 1.286762
v -0.508412 10.325346 1.239181
v -0.508412 13.268487 1.239183
v -0.508412 10.325346 1.334340
v -0.508412 13.268487 1.334342
v -0.508412 10.325346 1.286760
v -0.411575 10.822403 1.383597
v -0.411575 11.722672 1.383598
v -0.411575 10.822399 1.189925
v -0.411575 11.722672 1.189925
v -0.605248 10.822399 1.383597
v -0.605248 11.722672 1.383598
v -0.605248 10.822399 1.189925
v -0.605248 11.722672 1.189925
v -0.377683 10.822399 1.286761
v -0.377683 11.722672 1.286761
v -0.639140 10.822399 1.286761
v -0.639140 11.722672 1.286761
v -0.508412 10.822399 1.156032
v -0.508412 11.722672 1.156033
v -0.508412 10.822399 1.417490
v -0.508412 11.722672 1.417490
v -0.473168 10.822403 1.251517
v -0.473168 11.722672 1.322005
v -0.473168 11.722672 1.251517
v -0.543656 11.722672 1.251517
v -0.543656 11.722672 1.322005
v -0.555991 11.722672 1.286761
v -0.460832 11.722672 1.286761
v -0.508412 11.722672 1.334341
v -0.508412 11.722672 1.239182
v -0.543656 10.822403 1.251517
v -0.543656 10.822403 1.322005
v -0.555991 10.822403 1.286761
v -0.460832 10.822403 1.286761
v -0.508412 10.822403 1.334340
v -0.508412 10.822403 1.239181
v -0.473168 10.822403 1.322005
v -0.508412 13.268487 1.286762
v -0.100627 11.431130 2.555431
v -0.100627 11.625375 2.847882
v -0.100627 12.081109 2.847882
v -0.100627 12.275353 2.555431
v -0.100627 11.625374 -0.617012
v -0.100627 11.431129 -0.324560
v -0.100627 12.275352 -0.324560
v -0.100627 12.081108 -0.617012
v 0.387386 11.625375 2.847882
v 0.387386 11.431130 2.555431
v 0.387386 12.275353 2.555431
v 0.387386 12.081109 2.847882
v 0.387386 11.431129 -0.324560
v 0.387386 11.625374 -0.617012
v 0.387386 12.081108 -0.617012
v 0.387386 12.275352 -0.324560
v 0.389867 13.332036 2.378598
v 0.389867 13.371936 2.271960
v 0.389867 13.371936 2.021766
v 0.389867 13.332036 1.915127
v 0.389867 10.412144 2.271960
v 0.389867 10.452044 2.378598
v 0.389867 10.452044 1.915127
v 0.389867 10.412144 2.021766
v 0.448959 13.371936 2.271960
v 0.448959 13.332036 2.378598
v 0.448959 13.332036 1.915127
v 0.448959 13.371936 2.021766
v 0.448959 10.452044 2.378598
v 0.448959 10.412144 2.271960
v 0.448959 10.412144 2.021766
v 0.448959 10.452044 1.915127
v 20.662899 7.402514 3.281088
v 20.663385 7.404699 3.254496
v -8.446436 13.535647 3.410709
v 20.667114 7.421443 3.299421
v 20.672894 7.447401 3.301660
v 16.546001 8.353193 3.268381
v -8.334500 14.038413 3.641126
v -8.289873 14.238851 3.423911
v -8.284425 14.263322 3.126049
v 20.676878 7.465295 3.282267
v 20.677364 7.467479 3.255674
v 20.673149 7.448550 3.237341
v 20.667370 7.422594 3.235103
v -8.396362 13.760556 2.895633
v -8.440988 13.560119 3.112848
v 8.290522 9.809506 3.410644
v 8.337705 10.021430 3.615894
v 8.402405 10.312036 3.640952
v 8.447009 10.512379 3.423839
v 8.452456 10.536839 3.126118
v 8.405272 10.324916 2.920868
v 8.340572 10.034309 2.895810
v 8.295966 9.833966 3.112923
v 11.024715 9.407178 3.650838
v 14.174751 8.609954 3.860087
v 11.095924 9.727006 3.678416
v 14.284914 9.104764 3.902752
v 11.145013 9.947495 3.439472
v 14.360865 9.445889 3.533077
v 11.151006 9.974414 3.111813
v 14.370139 9.487535 3.026153
v 11.099080 9.741179 2.885924
v 14.289802 9.126696 2.676676
v 11.027874 9.421354 2.858346
v 14.179635 8.631885 2.634010
v 10.978783 9.200862 3.097291
v 14.103686 8.290760 3.003685
v 14.094415 8.249114 3.510609
v 10.972789 9.173944 3.424949
v 10.185232 9.136088 3.504410
v 10.263514 9.487695 3.844944
v 10.370861 9.969840 3.886518
v 10.444864 10.302236 3.526303
v 10.453900 10.342816 3.032351
v 10.375619 9.991209 2.691817
v 10.268271 9.509063 2.650243
v 10.194270 9.176667 3.010458
v 9.708611 9.394628 3.447600
v 9.768051 9.661605 3.706170
v 9.849560 10.027701 3.737736
v 9.905751 10.280091 3.464223
v 9.912611 10.310904 3.089162
v 9.853171 10.043927 2.830592
v 9.771663 9.677829 2.799024
v 9.715471 9.425441 3.072538
v 10.615876 9.472844 3.706170
v 10.697385 9.838943 3.737736
v 10.753578 10.091331 3.464223
v 10.760436 10.122143 3.089162
v 10.700998 9.855165 2.830592
v 10.619490 9.489071 2.799024
v 10.563296 9.236680 3.072538
v 10.556437 9.205867 3.447600
v 11.879976 8.940845 4.252885
v 12.063272 9.764131 4.323874
v 12.189637 10.331708 3.708794
v 12.205064 10.401000 2.865351
v 12.071398 9.800621 2.283877
v 11.888099 8.977334 2.212887
v 11.761735 8.409758 2.827968
v 11.746306 8.340464 3.671411
v 15.939200 8.100286 4.115007
v 16.096827 8.808274 4.176055
v 16.205492 9.296363 3.647116
v 16.218760 9.355952 2.921794
v 16.103813 8.839652 2.421753
v 15.946184 8.131664 2.360706
v 15.837518 7.643574 2.889647
v 15.824250 7.583986 3.614968
v 13.106275 8.811404 3.939589
v 13.231238 9.372699 3.987987
v 13.317391 9.759656 3.568642
v 13.327910 9.806899 2.993606
v 13.236777 9.397576 2.597174
v 13.111814 8.836283 2.548775
v 13.025659 8.449325 2.968119
v 13.015141 8.402082 3.543155
v 14.989058 7.979637 3.536808
v 15.078091 8.379503 3.924084
v 15.200168 8.927833 3.971364
v 15.284332 9.305852 3.561707
v 15.294603 9.352004 2.999954
v 15.205581 8.952136 2.612677
v 15.083499 8.403806 2.565398
v 14.999335 8.025787 2.975056
v 11.378830 8.843795 3.514306
v 11.460392 9.210141 3.869117
v 11.572239 9.712504 3.912433
v 11.649346 10.058833 3.537117
v 11.658757 10.101115 3.022456
v 11.577195 9.734769 2.667645
v 11.465348 9.232408 2.624329
v 11.388243 8.886077 2.999645
v -20.676315 16.627825 3.235273
v -20.670530 16.653805 3.237514
v -20.666313 16.672752 3.255865
v -20.676531 16.610058 3.255114
v -20.666800 16.670567 3.282482
v -20.670788 16.652655 3.301893
v -20.676571 16.626673 3.299653
v -20.680790 16.607725 3.281302
v -8.331631 14.051301 2.920702
v -8.399231 13.747672 3.616056
v -11.020864 14.666134 2.885560
v -14.173863 15.464108 2.676115
v -10.968886 14.899587 3.111661
v -14.093450 15.825287 3.025921
v -10.974889 14.872643 3.439629
v -14.102731 15.783600 3.533323
v -11.024024 14.651944 3.678798
v -14.178751 15.442156 3.903345
v -11.095297 14.331817 3.651194
v -14.289019 14.946879 3.860640
v -11.147275 14.098363 3.425092
v -14.369432 14.585700 3.510833
v -11.134585 14.132134 3.064198
v -14.360155 14.627386 3.003432
v -14.284135 14.968829 2.633409
v -11.092138 14.346005 2.857956
v -10.366395 14.102941 2.649658
v -10.258947 14.585542 2.691272
v -10.180593 14.937478 3.032125
v -10.189635 14.896859 3.526543
v -10.263712 14.564153 3.887096
v -10.371158 14.081552 3.845483
v -10.449513 13.729615 3.504629
v -10.440467 13.770234 3.010212
v -9.844605 14.045026 2.798580
v -9.763020 14.411469 2.830176
v -9.703525 14.678696 3.088989
v -9.710391 14.647854 3.464405
v -9.766636 14.395228 3.738175
v -9.848222 14.028786 3.706578
v -9.907717 13.761555 3.447765
v -9.900850 13.792397 3.072351
v -10.611645 14.600408 2.830176
v -10.552150 14.867635 3.088989
v -10.559016 14.836791 3.464405
v -10.615261 14.584167 3.738175
v -10.696844 14.217723 3.706578
v -10.756340 13.950495 3.447765
v -10.693231 14.233964 2.798580
v -11.876933 15.132905 2.282947
v -11.743139 15.733850 2.864968
v -11.758580 15.664492 3.709204
v -11.885063 15.096383 4.324863
v -12.068534 14.272321 4.253807
v -12.202328 13.671376 3.671786
v -12.186886 13.740735 2.827549
v -12.060403 14.308845 2.211891
v -15.939975 15.974255 2.420953
v -15.824914 16.491039 2.921464
v -15.838195 16.431396 3.647467
v -15.946965 15.942845 4.176906
v -16.104740 15.234191 4.115801
v -16.219797 14.717406 3.615290
v -16.206522 14.777050 2.889285
v -16.097750 15.265600 2.359848
v -13.104378 15.262466 2.596538
v -13.013161 15.672174 2.993344
v -13.023690 15.624887 3.568920
v -13.109925 15.237564 3.988661
v -13.235005 14.675744 3.940216
v -13.326226 14.266038 3.543411
v -13.315697 14.313323 2.967833
v -13.229463 14.700644 2.548094
v -15.200243 15.145928 2.564732
v -15.078046 15.694773 2.612056
v -14.988938 16.095016 2.999697
v -14.999224 16.048822 3.561978
v -15.083463 15.670448 3.972022
v -15.205660 15.121602 3.924698
v -15.294772 14.721359 3.537056
v -15.284484 14.767551 2.974775
v -11.568902 14.360520 2.623719
v -11.456946 14.863352 2.667075
v -11.375310 15.230044 3.022221
v -11.384731 15.187722 3.537366
v -11.461911 14.841066 3.913035
v -11.573863 14.338235 3.869678
v -11.655502 13.971543 3.514534
v -11.646080 14.013864 2.999388
v -10.764382 13.988050 3.050755
v 0.659934 12.362809 3.622201
v 0.659934 12.362809 2.872584
v 0.659934 13.405906 3.622201
v 0.659934 13.405906 2.872584
v -0.383161 12.362809 3.622201
v -0.383161 12.362809 2.872584
v -0.383161 13.405906 3.622201
v -0.383161 13.405906 2.872584
v 0.138386 13.588449 3.622201
v 0.138386 13.588449 2.872584
v 0.138386 12.180268 3.622201
v 0.138386 12.180268 2.872584
v 0.842476 12.884358 3.622201
v 0.842476 12.884358 2.872584
v -0.565703 12.884358 3.622201
v -0.565703 12.884358 2.872584
v 0.138386 12.884358 2.872584
v 0.138386 12.884358 3.622201
v 0.659934 10.401656 3.622201
v 0.842476 10.923203 3.622201
v 0.659934 10.401656 2.872584
v 0.138386 10.219115 3.622201
v -0.383161 10.401656 3.622201
v 0.138386 10.923203 3.622201
v 0.138386 10.219115 2.872584
v -0.383161 10.401656 2.872584
v 0.138386 10.923203 2.872584
v 0.138386 11.627292 2.872584
v -0.565703 10.923203 2.872584
v 0.842476 10.923203 2.872584
v 0.659934 11.444751 2.872584
v 0.659934 11.444751 3.622201
v 0.138386 11.627292 3.622201
v -0.383161 11.444751 3.622201
v -0.383161 11.444751 2.872584
v -0.565703 10.923203 3.622201
v 0.298916 12.723826 4.089342
v 0.298916 12.723825 -1.241700
v 0.298916 13.044887 4.089342
v 0.298916 13.044886 -1.241700
v -0.022144 12.723826 4.089342
v -0.022144 12.723825 -1.241700
v -0.022144 13.044887 4.089342
v -0.022144 13.044886 -1.241700
v 0.138386 13.101072 4.089342
v 0.138386 13.101071 -1.241700
v 0.138386 12.667642 4.089342
v 0.138386 12.667641 -1.241700
v 0.355102 12.884358 4.089342
v 0.355101 12.884357 -1.241700
v -0.078330 12.884358 4.089342
v -0.078330 12.884357 -1.241700
v 0.138386 12.884357 -1.241700
v 0.138386 12.884358 4.089342
v 0.298916 12.723826 3.797179
v 0.298916 13.044887 3.797179
v -0.022144 13.044887 3.797179
v -0.022144 12.723826 3.797179
v 0.138386 12.667642 3.797179
v 0.138386 13.101072 3.797179
v -0.078330 12.884358 3.797179
v 0.355102 12.884358 3.797179
v 0.340490 10.733680 4.108569
v 0.340490 10.733679 0.649738
v 0.340490 11.137889 4.108569
v 0.340490 11.137888 0.649738
v -0.063718 10.733680 4.108569
v -0.063718 10.733679 0.649738
v -0.063718 11.137889 4.108569
v -0.063718 11.137888 0.649738
v 0.138386 11.208625 4.108569
v 0.138386 11.208624 0.649738
v 0.138386 10.662944 4.108569
v 0.138386 10.662943 0.649738
v 0.411227 10.935784 4.108569
v 0.411226 10.935783 0.649738
v -0.134454 10.935784 4.108569
v -0.134455 10.935783 0.649738
v 0.138386 10.935783 0.649738
v 0.138386 10.935784 4.108569
v 0.340490 10.733680 3.797179
v 0.340490 11.137889 3.797179
v -0.063718 11.137889 3.797179
v -0.063718 10.733680 3.797179
v 0.138386 10.662944 3.797179
v 0.138386 11.208625 3.797179
v -0.134454 10.935784 3.797179
v 0.411227 10.935784 3.797179
v -0.103107 13.332033 2.378603
v -0.103107 13.371933 2.271964
v -0.103107 13.371933 2.021770
v -0.103107 13.332033 1.915132
v -0.103108 10.412143 2.271962
v -0.103107 10.452042 2.378601
v -0.103108 10.452042 1.915130
v -0.103108 10.412143 2.021768
v -0.162200 13.371933 2.271964
v -0.162200 13.332033 2.378603
v -0.162200 13.332033 1.915132
v -0.162200 13.371933 2.021770
v -0.162200 10.452042 2.378601
v -0.162200 10.412143 2.271962
v -0.162200 10.412143 2.021768
v -0.162200 10.452042 1.915130
v -0.644165 10.865065 -1.200971
v -0.644165 10.865065 -0.781563
v -0.305312 13.196664 -1.155784
v -0.305312 13.196664 -0.826750
v 0.925101 10.865065 -1.200971
v 0.925101 10.865065 -0.781563
v 0.586247 13.196664 -1.155784
v 0.586248 13.196664 -0.826750
v 0.140468 13.352688 -1.155784
v 0.140468 13.352688 -0.826750
v 0.140468 10.854844 -1.200971
v 0.140468 10.854844 -0.781563
v -0.461335 12.750885 -1.155784
v -0.461335 12.750885 -0.826750
v 0.742270 12.750885 -1.155784
v 0.742270 12.750885 -0.826750
v 0.140468 12.750885 -0.826750
v 0.140468 12.750885 -1.155784
v -1.043541 10.621575 -1.442783
v -1.043541 10.621575 -0.539751
v 1.324476 10.621575 -1.442783
v 1.324477 10.621575 -0.539751
v 0.140468 10.611357 -1.442783
v 0.140468 10.611357 -0.539751
v -1.043541 10.559690 -1.442783
v -1.043541 10.559690 -0.539751
v 1.324476 10.559690 -1.442783
v 1.324477 10.559690 -0.539751
v 0.140468 10.549471 -1.442783
v 0.140468 10.549471 -0.539751
v -0.579614 13.150360 1.389975
v -0.386321 13.667212 1.389976
v -0.579614 13.150360 1.163408
v -0.386321 13.667212 1.163408
v 0.866373 13.150360 1.389975
v 0.673081 13.667212 1.389975
v 0.866373 13.150360 1.163408
v 0.673081 13.667212 1.163408
v 0.727392 13.150360 1.163408
v -0.440633 13.150360 1.163408
v -0.097618 13.667212 1.163408
v 0.384377 13.667212 1.163408
v -0.440633 13.150360 1.389975
v 0.727392 13.150360 1.389975
v 0.384377 13.667212 1.389975
v -0.097618 13.667212 1.389976
v -0.579614 13.408785 1.389976
v -0.579614 13.408785 1.163408
v 0.866373 13.408785 1.163408
v 0.866373 13.408785 1.389975
v 0.605917 13.408785 1.389975
v -0.319157 13.408785 1.389976
v -0.319157 13.408785 1.163408
v 0.605917 13.408785 1.163408
v -0.264883 13.096137 2.087924
v -0.264883 13.228457 2.087924
v -0.264883 13.096137 2.220245
v -0.264883 13.228457 2.220245
v -0.264883 13.251614 2.154085
v -0.264883 13.072979 2.154085
v -0.264883 13.162297 2.064768
v -0.264883 13.162297 2.243402
v -0.264883 13.162297 2.154085
v 0.522006 13.096137 2.087924
v 0.522006 13.228457 2.087924
v 0.522006 13.228457 2.220245
v 0.522006 13.096137 2.220245
v 0.522006 13.072979 2.154085
v 0.522006 13.251614 2.154085
v 0.522006 13.162297 2.243401
v 0.522006 13.162297 2.064768
v 0.522006 13.162297 2.154085
v -0.264883 10.507092 2.087924
v -0.264883 10.639412 2.087924
v -0.264883 10.507092 2.220245
v -0.264883 10.639412 2.220245
v -0.264883 10.662570 2.154085
v -0.264883 10.483935 2.154085
v -0.264883 10.573252 2.064768
v -0.264883 10.573252 2.243402
v -0.264883 10.573252 2.154085
v 0.522006 10.507092 2.087924
v 0.522006 10.639412 2.087924
v 0.522006 10.639412 2.220245
v 0.522006 10.507092 2.220245
v 0.522006 10.483935 2.154085
v 0.522006 10.662570 2.154085
v 0.522006 10.573252 2.243401
v 0.522006 10.573252 2.064768
v 0.522006 10.573252 2.154085
v 0.485651 6.186410 0.820679
v 0.485651 6.186410 -0.801121
v 0.485651 6.880940 0.820679
v 0.485651 6.880940 -0.801121
v -0.208879 6.186410 0.820678
v -0.208879 6.186410 -0.801121
v -0.208879 6.880940 0.820678
v -0.208879 6.880940 -0.801121
v 0.138386 7.002483 0.820679
v 0.138386 7.002483 -0.801121
v 0.138386 6.064867 0.820679
v 0.138386 6.064867 -0.801121
v 0.607194 6.533676 0.820678
v 0.607194 6.533676 -0.801121
v -0.330422 6.533676 0.820678
v -0.330422 6.533676 -0.801121
v 0.138386 6.533676 -0.801121
v 0.138386 6.533676 0.820679
v 0.472263 8.569969 0.342005
v 0.472263 10.561205 0.342005
v -0.195491 8.569969 0.342005
v -0.195491 10.561205 0.342005
v 0.472263 8.569969 -0.325749
v 0.472263 10.561205 -0.325749
v -0.195491 8.569969 -0.325749
v -0.195491 10.561205 -0.325749
v -0.312348 8.569969 0.008128
v -0.312348 10.561205 0.008128
v 0.589119 8.569969 0.008128
v 0.589119 10.561205 0.008128
v 0.138384 8.569969 0.458863
v 0.138384 10.561205 0.458863
v 0.138384 8.569969 -0.442606
v 0.138384 10.561205 -0.442606
v 0.138384 10.561205 0.008128
v 0.283992 6.388070 1.052137
v 0.283992 6.388070 -1.032579
v 0.283992 6.679282 1.052137
v 0.283992 6.679282 -1.032579
v -0.007221 6.388070 1.052137
v -0.007221 6.388070 -1.032579
v -0.007221 6.679282 1.052137
v -0.007221 6.679282 -1.032579
v 0.138386 6.730244 1.052137
v 0.138386 6.730244 -1.032579
v 0.138386 6.337107 1.052137
v 0.138386 6.337107 -1.032579
v 0.334954 6.533676 1.052137
v 0.334954 6.533676 -1.032579
v -0.058183 6.533676 1.052137
v -0.058183 6.533676 -1.032579
v 0.138386 6.533676 -1.032579
v 0.138386 6.533676 1.052137
v -0.680307 6.569464 1.026415
v -0.644143 6.571008 1.026415
v -0.655687 6.568460 -1.097027
v -0.607452 6.552576 -1.048670
v -0.667028 6.501328 -1.107765
v -0.618793 6.485445 -1.059408
v -0.669764 6.537663 -1.110824
v -0.604715 6.516242 -1.045611
v -0.629943 6.570147 -1.071308
v -0.644538 6.483757 -1.085127
v -0.600344 6.568748 -1.118793
v -0.600463 6.553232 -1.050408
v -0.600921 6.501535 -1.134044
v -0.601040 6.486019 -1.065659
v -0.600773 6.516921 -1.046114
v -0.600612 6.537846 -1.138337
v -0.601063 6.484135 -1.102039
v -0.600321 6.570632 -1.082413
v -0.673790 6.569127 -1.072819
v -0.611187 6.553134 -1.045576
v -0.688316 6.502020 -1.078835
v -0.625713 6.486027 -1.051591
v -0.691965 6.538362 -1.080576
v -0.607538 6.516793 -1.043835
v -0.640405 6.570757 -1.058334
v -0.659099 6.484397 -1.066076
v -0.680307 6.569464 1.061975
v -0.612661 6.553145 1.061975
v -0.680307 6.569464 -1.041686
v -0.612661 6.553145 -1.041686
v -0.696626 6.501817 1.061975
v -0.628980 6.485498 1.061975
v -0.696626 6.501817 -1.041686
v -0.628980 6.485498 -1.041686
v -0.700258 6.538485 -1.041686
v -0.609029 6.516477 -1.041686
v -0.700258 6.538485 1.061975
v -0.609029 6.516477 1.061975
v -0.644143 6.571008 1.061975
v -0.644143 6.571008 -1.041686
v -0.665144 6.483953 -1.041686
v -0.665144 6.483953 1.061975
v -0.680307 6.569464 -1.006126
v -0.612661 6.553145 1.026415
v -0.612661 6.553145 -1.006126
v -0.696626 6.501817 1.026414
v -0.696626 6.501817 -1.006126
v -0.628980 6.485498 -1.006126
v -0.628980 6.485498 1.026414
v -0.609029 6.516477 -1.006126
v -0.609029 6.516477 1.026414
v -0.700258 6.538485 -1.006126
v -0.700258 6.538485 1.026414
v -0.665144 6.483953 -1.006126
v -0.665144 6.483953 1.026414
v -0.644143 6.571008 -1.006126
v -0.655687 6.568460 1.117315
v -0.607452 6.552576 1.068959
v -0.618793 6.485445 1.079697
v -0.669764 6.537663 1.131113
v -0.604715 6.516242 1.065900
v -0.629943 6.570147 1.091597
v -0.644538 6.483757 1.105416
v -0.600344 6.568748 1.139081
v -0.600463 6.553232 1.070697
v -0.600921 6.501535 1.154332
v -0.601040 6.486019 1.085948
v -0.600773 6.516921 1.066403
v -0.600612 6.537846 1.158626
v -0.601063 6.484135 1.122328
v -0.600321 6.570632 1.102701
v -0.673790 6.569127 1.093108
v -0.611187 6.553134 1.065864
v -0.688316 6.502020 1.099123
v -0.625713 6.486027 1.071880
v -0.691965 6.538362 1.100864
v -0.607538 6.516793 1.064124
v -0.640405 6.570757 1.078623
v -0.659099 6.484397 1.086365
v -0.669765 6.502020 1.131113
v 0.220650 6.569372 -1.006064
v 0.184486 6.570918 -1.006064
v 0.196030 6.568367 1.117378
v 0.147795 6.552484 1.069021
v 0.207371 6.501237 1.128115
v 0.159136 6.485353 1.079759
v 0.210108 6.537572 1.131175
v 0.145058 6.516150 1.065962
v 0.170286 6.570056 1.091659
v 0.184881 6.483665 1.105478
v 0.140687 6.568657 1.139143
v 0.140807 6.553141 1.070759
v 0.141264 6.501443 1.154394
v 0.141384 6.485928 1.086010
v 0.141116 6.516830 1.066465
v 0.140955 6.537754 1.158688
v 0.141406 6.484044 1.122390
v 0.140664 6.570541 1.102764
v 0.214134 6.569036 1.093170
v 0.151530 6.553043 1.065927
v 0.228659 6.501929 1.099186
v 0.166056 6.485936 1.071942
v 0.232308 6.538270 1.100926
v 0.147881 6.516702 1.064186
v 0.180748 6.570666 1.078685
v 0.199442 6.484305 1.086427
v 0.220650 6.569372 -1.041624
v 0.153004 6.553053 -1.041624
v 0.220650 6.569372 1.062037
v 0.153004 6.553053 1.062037
v 0.236969 6.501726 -1.041624
v 0.169323 6.485407 -1.041624
v 0.236969 6.501726 1.062037
v 0.169323 6.485407 1.062037
v 0.240601 6.538393 1.062037
v 0.149372 6.516386 1.062037
v 0.240601 6.538393 -1.041624
v 0.149372 6.516386 -1.041624
v 0.184486 6.570918 -1.041624
v 0.184486 6.570918 1.062037
v 0.205487 6.483862 1.062037
v 0.205487 6.483862 -1.041624
v 0.220650 6.569372 1.026477
v 0.153004 6.553053 -1.006064
v 0.153004 6.553053 1.026477
v 0.236969 6.501726 -1.006063
v 0.236969 6.501726 1.026477
v 0.169323 6.485407 1.026477
v 0.169323 6.485407 -1.006064
v 0.149372 6.516386 1.026477
v 0.149372 6.516386 -1.006063
v 0.240601 6.538393 1.026477
v 0.240601 6.538393 -1.006063
v 0.205487 6.483862 1.026477
v 0.205487 6.483862 -1.006064
v 0.184486 6.570918 1.026477
v 0.196030 6.568367 -1.096964
v 0.147795 6.552484 -1.048608
v 0.159136 6.485353 -1.059346
v 0.210108 6.537572 -1.110762
v 0.145058 6.516150 -1.045549
v 0.170286 6.570056 -1.071246
v 0.184881 6.483665 -1.085065
v 0.140687 6.568657 -1.118730
v 0.140807 6.553141 -1.050346
v 0.141264 6.501443 -1.133981
v 0.141384 6.485928 -1.065597
v 0.141116 6.516830 -1.046052
v 0.140955 6.537754 -1.138275
v 0.141406 6.484044 -1.101977
v 0.140664 6.570541 -1.082350
v 0.214134 6.569036 -1.072757
v 0.151530 6.553043 -1.045513
v 0.228659 6.501929 -1.078772
v 0.166056 6.485936 -1.051529
v 0.232308 6.538270 -1.080513
v 0.147881 6.516702 -1.043773
v 0.180748 6.570666 -1.058272
v 0.199442 6.484305 -1.066014
v 0.210108 6.501929 -1.110762
vn 0.8432 -0.1848 -0.5048
vn 0.8747 0.1675 -0.4548
vn 0.8411 -0.3926 -0.3720
vn -0.3419 -0.9196 -0.1937
vn 0.2220 -0.0213 -0.9748
vn 0.1184 -0.1487 -0.9818
vn -0.0052 -0.4278 -0.9038
vn -0.2998 -0.7164 -0.6300
vn 0.7645 -0.4325 -0.4780
vn 0.8887 0.2959 -0.3502
vn 0.8764 -0.3237 -0.3565
vn 0.8432 -0.1848 0.5048
vn 0.8747 0.1675 0.4548
vn 0.8410 -0.3927 0.3720
vn -0.3425 -0.9194 0.1934
vn 0.2220 -0.0213 0.9748
vn 0.1184 -0.1487 0.9818
vn -0.0052 -0.4278 0.9038
vn -0.2998 -0.7164 0.6300
vn 0.7645 -0.4325 0.4780
vn 0.8888 0.2955 0.3502
vn 0.8764 -0.3237 0.3565
vn 0.8587 -0.3059 -0.4112
vn 0.8172 0.1893 -0.5443
vn 0.2267 0.7567 -0.6132
vn 0.2198 -0.0143 -0.9754
vn 0.1620 0.0239 -0.9865
vn 0.3152 0.9329 -0.1745
vn 0.9396 0.2160 -0.2655
vn 0.8547 -0.3892 -0.3436
vn 0.8587 -0.3059 0.4112
vn 0.8172 0.1893 0.5443
vn 0.2267 0.7567 0.6132
vn 0.2198 -0.0143 0.9754
vn 0.1620 0.0239 0.9865
vn 0.3152 0.9329 0.1745
vn 0.9396 0.2160 0.2655
vn 0.8547 -0.3892 0.3436
vn 0.8470 -0.4066 0.3426
vn 0.9377 0.2260 0.2640
vn 0.3740 0.9096 0.1811
vn 0.7434 -0.3819 0.5491
vn 0.7673 0.3644 0.5277
vn -0.3915 -0.9040 0.1720
vn 0.8369 -0.4012 0.3724
vn 0.8470 -0.4066 -0.3426
vn 0.9377 0.2260 -0.2640
vn 0.3740 0.9096 -0.1811
vn 0.7407 -0.3805 -0.5537
vn 0.7647 0.3636 -0.5320
vn -0.3908 -0.9042 -0.1723
vn 0.8369 -0.4011 -0.3724
vn 0.8747 0.1674 -0.4548
vn 0.8360 -0.3999 -0.3756
vn -0.2849 -0.9047 -0.3168
vn 0.8858 0.3082 -0.3469
vn 0.8772 -0.3176 -0.3601
vn 0.8747 0.1674 0.4548
vn 0.8360 -0.3999 0.3756
vn -0.2695 -0.9010 0.3401
vn 0.8858 0.3082 0.3469
vn 0.8772 -0.3176 0.3601
vn 0.8587 -0.3058 -0.4112
vn 0.3461 0.9213 -0.1772
vn 0.9390 0.2212 -0.2634
vn 0.8516 -0.3979 -0.3412
vn 0.8587 -0.3058 0.4112
vn 0.3461 0.9213 0.1772
vn 0.9390 0.2212 0.2634
vn 0.8516 -0.3979 0.3412
vn 0.9855 -0.0996 0.1371
vn 0.0955 -0.3417 -0.9349
vn -0.0498 -0.9436 -0.3272
vn -0.1400 -0.9345 0.3272
vn -0.9855 0.0996 -0.1371
vn 0.1619 0.3157 -0.9350
vn 0.1399 0.9345 -0.3272
vn 0.0498 0.9436 0.3272
vn -0.0955 0.3417 0.9349
vn -0.1619 -0.3157 0.9350
vn 0.1619 0.3157 -0.9349
vn 0.0499 0.9436 0.3272
vn 0.0858 0.9909 0.1034
vn -0.0499 -0.9436 -0.3272
vn 0.1400 0.9345 -0.3272
vn -0.0955 0.3417 0.9350
vn -0.1597 -0.2765 0.9476
vn -0.1419 -0.9274 0.3462
vn 0.0880 -0.3905 -0.9164
vn 0.0955 -0.3417 -0.9350
vn -0.1399 -0.9345 0.3272
vn 0.9855 -0.0996 -0.1371
vn 0.0955 -0.3417 0.9350
vn -0.0499 -0.9436 0.3272
vn -0.1400 -0.9345 -0.3272
vn -0.9855 0.0996 0.1371
vn 0.1619 0.3157 0.9349
vn 0.1399 0.9345 0.3272
vn 0.0499 0.9436 -0.3272
vn -0.0955 0.3417 -0.9349
vn -0.1619 -0.3157 -0.9349
vn 0.1619 0.3157 0.9350
vn 0.0858 0.9909 -0.1034
vn 0.0955 -0.3417 0.9349
vn 0.1400 0.9345 0.3272
vn -0.1619 -0.3157 -0.9350
vn -0.0955 0.3417 -0.9350
vn -0.1597 -0.2765 -0.9476
vn -0.1419 -0.9274 -0.3462
vn 0.0880 -0.3905 0.9164
vn -0.0978 -0.8809 0.4632
vn -0.0000 -0.5235 -0.8520
vn -0.0000 -0.1066 0.9943
vn -0.0000 -0.7273 -0.6863
vn -0.0000 0.0799 -0.9968
vn -0.0000 0.0799 0.9968
vn -0.0000 -0.1909 0.9816
vn -0.0000 0.0386 -0.9993
vn -0.0000 0.9615 -0.2749
vn -0.0000 -0.1066 -0.9943
vn -0.0782 -0.8909 -0.4474
vn -0.0000 -0.1909 -0.9816
vn -0.0000 0.7879 -0.6159
vn -0.0000 0.7879 0.6159
vn -0.0000 -0.5235 0.8520
vn -0.0000 0.0386 0.9993
vn -0.0000 -0.7273 0.6863
vn -0.0000 0.9615 0.2749
vn -0.4033 -0.7275 -0.5551
vn -0.4987 0.8412 -0.2091
vn -0.4255 -0.8766 0.2249
vn -0.3417 -0.1177 -0.9324
vn -0.3460 0.0266 -0.9379
vn -0.4255 -0.8766 -0.2249
vn -0.3930 -0.2341 -0.8892
vn -0.3460 0.0266 0.9379
vn -0.3532 0.0951 -0.9307
vn -0.4197 -0.4656 -0.7791
vn -0.4875 0.7173 -0.4978
vn -0.4033 -0.7275 0.5551
vn -0.4987 0.8412 0.2091
vn -0.3417 -0.1177 0.9324
vn -0.3532 0.0951 0.9307
vn -0.3930 -0.2341 0.8892
vn -0.4875 0.7173 0.4978
vn -0.4197 -0.4656 0.7791
vn -0.7114 -0.2479 -0.6576
vn -0.6625 -0.0179 0.7489
vn -0.6693 0.1007 -0.7361
vn -0.7804 -0.3673 -0.5060
vn -0.7896 0.5274 -0.3137
vn -0.7837 -0.5638 0.2608
vn -0.7992 0.5943 0.0896
vn -0.6829 -0.1489 0.7152
vn -0.6693 0.1007 0.7361
vn -0.7114 -0.2479 0.6576
vn -0.7896 0.5274 0.3137
vn -0.7804 -0.3673 0.5060
vn -0.7837 -0.5638 -0.2608
vn -0.7992 0.5943 -0.0896
vn -0.7767 -0.6297 0.0097
vn -0.6663 -0.1865 -0.7219
vn -0.6515 0.0115 -0.7586
vn -0.7767 -0.6297 -0.0097
vn -0.9099 0.4068 0.0813
vn -0.9099 0.4068 -0.0813
vn -0.9852 0.1036 -0.1367
vn -0.9852 0.1036 0.1367
vn -0.9835 -0.1104 -0.1430
vn -0.9830 -0.1089 0.1480
vn -0.9630 -0.2347 -0.1326
vn -0.9619 -0.2364 0.1371
vn -0.9667 -0.2038 -0.1546
vn -0.9667 -0.2038 0.1546
vn -0.9387 -0.3052 -0.1604
vn -0.8180 -0.5679 -0.0913
vn -0.8088 -0.5792 0.1014
vn -0.9436 -0.2841 0.1702
vn -0.7023 -0.6412 -0.3092
vn -0.9372 0.0247 -0.3481
vn 0.8823 -0.3160 -0.3488
vn 0.4270 -0.0000 -0.9043
vn 0.9156 -0.0000 -0.4020
vn -0.2938 0.0745 -0.9530
vn -0.8823 -0.3160 -0.3488
vn 0.3233 -0.6531 -0.6847
vn -0.3233 -0.6531 -0.6847
vn 0.7023 -0.6412 -0.3092
vn 0.3513 -0.4189 -0.8373
vn -0.3513 -0.4189 -0.8373
vn 0.2668 0.6295 -0.7298
vn 0.7992 0.5217 -0.2984
vn -0.2668 0.6295 -0.7298
vn -0.7992 0.5217 -0.2984
vn -0.1900 -0.8704 -0.4541
vn -0.5118 -0.8272 -0.2320
vn 0.5118 -0.8272 -0.2320
vn 0.1900 -0.8704 -0.4541
vn -0.3917 -0.3007 -0.8696
vn -0.8528 -0.3332 -0.4021
vn 0.8528 -0.3332 -0.4021
vn 0.3917 -0.3007 -0.8696
vn -0.2680 0.7144 -0.6464
vn 0.2680 0.7144 -0.6464
vn 0.6149 0.7386 -0.2763
vn -0.6149 0.7386 -0.2763
vn -0.9109 -0.0000 -0.4127
vn 0.3585 -0.0000 -0.9335
vn -0.3585 -0.0000 -0.9335
vn 0.9109 -0.0000 -0.4127
vn -0.0000 -1.0000 -0.0000
vn 0.9143 -0.0006 -0.4051
vn -0.3630 -0.0027 -0.9318
vn 0.3630 -0.0027 -0.9318
vn -0.9143 -0.0006 -0.4051
vn 0.0878 0.9703 -0.2253
vn -0.2222 0.9700 -0.0987
vn 0.2222 0.9700 -0.0987
vn -0.0878 0.9703 -0.2253
vn -0.1988 0.8366 -0.5104
vn 0.4948 0.8406 -0.2203
vn -0.4948 0.8406 -0.2203
vn 0.1988 0.8366 -0.5104
vn 0.3630 -0.0000 -0.9318
vn -0.9144 -0.0000 -0.4047
vn 0.9144 -0.0000 -0.4047
vn -0.3630 -0.0000 -0.9318
vn 0.1653 -0.8903 -0.4243
vn -0.4169 -0.8900 -0.1850
vn 0.4169 -0.8900 -0.1850
vn -0.1653 -0.8903 -0.4243
vn -0.1882 0.8551 -0.4831
vn 0.1882 0.8551 -0.4831
vn -0.4699 0.8574 -0.2100
vn 0.4699 0.8574 -0.2100
vn 0.3727 0.9128 -0.1671
vn -0.1502 0.9104 -0.3856
vn 0.1502 0.9104 -0.3856
vn -0.3727 0.9128 -0.1671
vn 0.1101 0.9529 -0.2826
vn -0.2779 0.9525 -0.1243
vn 0.2779 0.9525 -0.1243
vn -0.1101 0.9529 -0.2826
vn 0.9133 -0.0000 -0.4073
vn -0.9133 -0.0000 -0.4073
vn 0.1014 -0.9248 -0.3666
vn -0.5157 -0.8158 -0.2618
vn 0.5157 -0.8158 -0.2618
vn -0.1014 -0.9248 -0.3666
vn 0.0859 -0.7527 -0.6528
vn -0.5936 -0.6864 -0.4202
vn 0.5936 -0.6864 -0.4202
vn -0.0859 -0.7527 -0.6528
vn 0.1518 -0.3250 -0.9335
vn -0.6803 -0.4437 -0.5833
vn 0.6803 -0.4437 -0.5833
vn -0.1518 -0.3250 -0.9335
vn 0.1030 -0.9947 -0.0001
vn -0.1030 -0.9947 -0.0000
vn 0.2782 -0.9605 -0.0009
vn -0.2773 -0.9608 0.0001
vn -0.7023 -0.6412 0.3092
vn -0.9371 0.0248 0.3481
vn 0.8823 -0.3160 0.3488
vn 0.4270 -0.0000 0.9043
vn 0.9156 -0.0000 0.4020
vn -0.2933 0.0748 0.9531
vn -0.8823 -0.3160 0.3488
vn 0.3233 -0.6531 0.6847
vn -0.3233 -0.6531 0.6847
vn 0.7023 -0.6412 0.3092
vn 0.3513 -0.4189 0.8373
vn -0.3513 -0.4189 0.8373
vn 0.2668 0.6295 0.7298
vn 0.7992 0.5217 0.2984
vn -0.2668 0.6295 0.7298
vn -0.7992 0.5217 0.2984
vn -0.1900 -0.8704 0.4541
vn -0.5118 -0.8272 0.2320
vn 0.5118 -0.8272 0.2320
vn 0.1900 -0.8704 0.4541
vn -0.3917 -0.3007 0.8696
vn -0.8528 -0.3332 0.4021
vn 0.8528 -0.3332 0.4021
vn 0.3917 -0.3007 0.8696
vn -0.2680 0.7144 0.6464
vn 0.2680 0.7144 0.6464
vn 0.6149 0.7386 0.2763
vn -0.6149 0.7386 0.2763
vn -0.9109 -0.0000 0.4127
vn 0.3585 -0.0000 0.9335
vn -0.3585 -0.0000 0.9335
vn 0.9109 -0.0000 0.4127
vn 0.9143 -0.0006 0.4051
vn -0.3630 -0.0027 0.9318
vn 0.3630 -0.0027 0.9318
vn -0.9143 -0.0006 0.4051
vn 0.0878 0.9703 0.2253
vn -0.2222 0.9700 0.0987
vn 0.2222 0.9700 0.0987
vn -0.0878 0.9703 0.2253
vn -0.1988 0.8366 0.5104
vn 0.4948 0.8406 0.2203
vn -0.4948 0.8406 0.2203
vn 0.1988 0.8366 0.5104
vn 0.3630 -0.0000 0.9318
vn -0.9144 -0.0000 0.4047
vn 0.9144 -0.0000 0.4047
vn -0.3630 -0.0000 0.9318
vn 0.1653 -0.8903 0.4243
vn -0.4169 -0.8900 0.1850
vn 0.4169 -0.8900 0.1850
vn -0.1653 -0.8903 0.4243
vn -0.1882 0.8551 0.4831
vn 0.1882 0.8551 0.4831
vn -0.4699 0.8574 0.2100
vn 0.4699 0.8574 0.2100
vn 0.3727 0.9128 0.1671
vn -0.1502 0.9104 0.3856
vn 0.1502 0.9104 0.3856
vn -0.3727 0.9128 0.1671
vn 0.1101 0.9529 0.2826
vn -0.2779 0.9525 0.1243
vn 0.2779 0.9525 0.1243
vn -0.1101 0.9529 0.2826
vn 0.9133 -0.0000 0.4073
vn -0.9133 -0.0000 0.4073
vn 0.1014 -0.9248 0.3666
vn -0.5157 -0.8158 0.2618
vn 0.5157 -0.8158 0.2618
vn -0.1014 -0.9248 0.3666
vn 0.0859 -0.7527 0.6528
vn -0.5936 -0.6864 0.4202
vn 0.5936 -0.6864 0.4202
vn -0.0859 -0.7527 0.6528
vn 0.1518 -0.3250 0.9335
vn -0.6803 -0.4437 0.5833
vn 0.6803 -0.4437 0.5833
vn -0.1518 -0.3250 0.9335
vn 0.1030 -0.9947 0.0001
vn 0.2782 -0.9605 0.0009
vn -0.2773 -0.9608 -0.0001
vn -0.9284 -0.0047 -0.3715
vn -0.7061 0.6457 -0.2906
vn -0.7061 0.6457 0.2906
vn -0.9839 0.0769 -0.1611
vn -0.9839 0.0769 0.1611
vn -0.9440 -0.2507 -0.2147
vn -0.9414 -0.2513 0.2250
vn -0.8777 -0.4359 -0.1990
vn -0.8703 -0.4390 0.2231
vn -0.9271 0.3354 -0.1675
vn -0.9271 0.3354 0.1675
vn -0.3557 -0.0127 -0.9345
vn -0.9284 -0.0047 0.3715
vn -0.3555 -0.0128 0.9346
vn -1.0000 -0.0000 -0.0000
vn -0.0000 -0.9953 0.0970
vn 1.0000 -0.0000 -0.0000
vn -0.0000 0.9953 -0.0970
vn -0.0000 -0.9209 0.3898
vn -0.0000 0.3054 -0.9522
vn -0.0000 -0.5911 -0.8066
vn -0.0000 0.5215 -0.8533
vn -0.0000 0.8744 -0.4852
vn -0.0000 -0.7389 -0.6738
vn -0.0000 -0.7704 0.6375
vn -0.0000 -0.8907 0.4545
vn -0.0000 0.9209 -0.3898
vn -0.0000 -0.6176 -0.7865
vn -0.0000 0.0403 0.9992
vn -0.0000 -0.7799 0.6259
vn -0.0000 -0.6259 -0.7799
vn -0.0000 -0.9992 0.0403
vn -0.0000 0.6259 0.7799
vn -0.0000 0.9992 -0.0403
vn -0.0000 -0.0403 -0.9992
vn -0.0000 0.7799 -0.6259
vn -0.0000 -0.9953 -0.0970
vn -0.0000 0.9953 0.0970
vn -0.0000 -0.9209 -0.3898
vn -0.0000 0.3054 0.9522
vn -0.0000 -0.5911 0.8066
vn -0.0000 0.5215 0.8533
vn -0.0000 0.8744 0.4852
vn -0.0000 -0.7389 0.6738
vn -0.0000 -0.7704 -0.6375
vn -0.0000 -0.8907 -0.4545
vn -0.0000 0.9209 0.3898
vn -0.0000 -0.6176 0.7865
vn -0.0000 0.0403 -0.9992
vn -0.0000 -0.7799 -0.6259
vn -0.0000 -0.6259 0.7799
vn -0.0000 -0.9992 -0.0403
vn -0.0000 0.6259 -0.7799
vn -0.0000 0.9992 0.0403
vn -0.0000 -0.0403 0.9992
vn -0.0000 0.7799 0.6259
vn -0.1054 0.0779 0.9914
vn -0.3219 -0.7146 0.6210
vn -0.1066 -0.6244 -0.7738
vn -0.3223 -0.9458 0.0400
vn 0.1066 0.6244 0.7738
vn 0.3223 0.9458 -0.0400
vn 0.1054 -0.0778 -0.9914
vn 0.3219 0.7146 -0.6210
vn -0.9408 0.3153 -0.1248
vn 0.9408 -0.3153 0.1248
vn -0.3277 -0.9399 0.0963
vn 0.3277 0.9399 -0.0963
vn -0.0780 -0.9127 0.4011
vn 0.2097 0.2518 -0.9448
vn 0.1256 -0.4779 -0.8694
vn 0.1903 0.4856 -0.8532
vn 0.3352 0.8099 -0.4814
vn -0.9345 0.1446 -0.3252
vn -0.9572 0.2787 -0.0778
vn 0.0504 -0.8033 -0.5935
vn -0.2144 -0.7357 0.6425
vn -0.3368 -0.8265 0.4510
vn 0.9348 -0.3462 0.0790
vn 0.9280 -0.3313 0.1703
vn 0.9332 -0.3088 0.1840
vn -0.9697 0.2267 -0.0911
vn 0.0940 0.8807 -0.4642
vn -0.9457 0.2991 -0.1274
vn 0.9499 -0.2536 0.1826
vn 0.9385 -0.3207 0.1282
vn 0.9324 -0.3437 0.1116
vn -0.9374 0.3365 -0.0895
vn -0.9574 0.2316 -0.1724
vn -0.1032 -0.6168 -0.7803
vn 0.9408 -0.3153 -0.1248
vn -0.3277 -0.9399 -0.0963
vn -0.9408 0.3153 0.1248
vn 0.3277 0.9399 0.0963
vn -0.0780 -0.9127 -0.4011
vn 0.2097 0.2518 0.9448
vn 0.1256 -0.4779 0.8694
vn 0.1903 0.4856 0.8532
vn 0.3352 0.8099 0.4814
vn -0.9345 0.1446 0.3252
vn -0.9572 0.2787 0.0778
vn 0.0504 -0.8033 0.5935
vn -0.2144 -0.7357 -0.6425
vn -0.3368 -0.8265 -0.4510
vn 0.9348 -0.3462 -0.0790
vn 0.9280 -0.3313 -0.1703
vn 0.9332 -0.3088 -0.1840
vn -0.9697 0.2267 0.0911
vn 0.0940 0.8807 0.4642
vn -0.9457 0.2991 0.1274
vn 0.9499 -0.2536 -0.1826
vn 0.9385 -0.3207 -0.1282
vn 0.9324 -0.3437 -0.1116
vn -0.9374 0.3365 0.0895
vn -0.9574 0.2316 0.1724
vn -0.1032 -0.6168 0.7803
vn -0.1054 0.0779 -0.9914
vn -0.3219 -0.7146 -0.6210
vn -0.1066 -0.6244 0.7738
vn -0.3223 -0.9458 -0.0400
vn 0.1066 0.6244 -0.7738
vn 0.3223 0.9458 0.0400
vn 0.1054 -0.0778 0.9914
vn 0.3219 0.7146 0.6210
vn -0.9408 -0.3153 0.1248
vn 0.3277 -0.9399 0.0963
vn 0.9408 0.3153 -0.1248
vn -0.3277 0.9399 -0.0963
vn 0.0780 -0.9127 0.4011
vn -0.2097 0.2518 -0.9448
vn -0.1256 -0.4779 -0.8694
vn -0.1903 0.4856 -0.8532
vn -0.3352 0.8099 -0.4814
vn 0.9345 0.1446 -0.3252
vn 0.9572 0.2787 -0.0778
vn -0.0504 -0.8033 -0.5935
vn 0.2144 -0.7357 0.6425
vn 0.3368 -0.8265 0.4510
vn -0.9348 -0.3462 0.0790
vn -0.9280 -0.3313 0.1703
vn -0.9332 -0.3088 0.1840
vn 0.9697 0.2267 -0.0911
vn -0.0940 0.8807 -0.4642
vn 0.9457 0.2991 -0.1274
vn -0.9499 -0.2536 0.1826
vn -0.9385 -0.3207 0.1282
vn -0.9324 -0.3437 0.1116
vn 0.9374 0.3365 -0.0895
vn 0.9574 0.2316 -0.1724
vn 0.1032 -0.6168 -0.7803
vn 0.1054 0.0779 0.9914
vn 0.3219 -0.7146 0.6210
vn 0.1066 -0.6244 -0.7738
vn 0.3223 -0.9458 0.0400
vn -0.1066 0.6244 0.7738
vn -0.3223 0.9458 -0.0400
vn -0.1054 -0.0779 -0.9914
vn -0.3219 0.7146 -0.6210
vn 0.1054 0.0779 -0.9914
vn 0.3219 -0.7146 -0.6210
vn 0.1066 -0.6244 0.7738
vn 0.3223 -0.9458 -0.0400
vn -0.1066 0.6244 -0.7738
vn -0.3223 0.9458 0.0400
vn -0.1054 -0.0778 0.9914
vn -0.3219 0.7146 0.6210
vn 0.9408 0.3153 0.1248
vn -0.9408 -0.3153 -0.1248
vn 0.3277 -0.9399 -0.0963
vn -0.3277 0.9399 0.0963
vn 0.0780 -0.9127 -0.4011
vn -0.2097 0.2518 0.9448
vn -0.1256 -0.4779 0.8694
vn -0.1903 0.4856 0.8532
vn -0.3352 0.8099 0.4814
vn 0.9345 0.1446 0.3252
vn 0.9572 0.2787 0.0778
vn -0.0504 -0.8033 0.5935
vn 0.2144 -0.7357 -0.6425
vn 0.3368 -0.8265 -0.4510
vn -0.9348 -0.3462 -0.0790
vn -0.9280 -0.3313 -0.1703
vn -0.9332 -0.3088 -0.1840
vn 0.9697 0.2267 0.0911
vn -0.0940 0.8807 0.4642
vn 0.9457 0.2991 0.1274
vn -0.9499 -0.2536 -0.1826
vn -0.9385 -0.3207 -0.1282
vn -0.9324 -0.3437 -0.1116
vn 0.9374 0.3365 0.0895
vn 0.9574 0.2316 0.1724
vn 0.1032 -0.6168 0.7803
vn -0.0000 -0.0023 1.0000
vn -0.0000 -0.0021 1.0000
vn 0.0007 -0.2851 -0.9585
vn -0.0000 -0.7771 -0.6293
vn -0.0087 1.0000 0.0033
vn -0.0000 -1.0000 -0.0033
vn -0.0000 -1.0000 -0.0032
vn -0.0000 -0.9986 0.0520
vn -0.0000 -0.9983 -0.0585
vn -0.0087 0.9986 -0.0520
vn -0.0087 0.9982 0.0585
vn -0.0000 -0.9987 0.0518
vn -0.0000 -0.9983 -0.0582
vn -0.0087 0.9986 -0.0518
vn -0.0087 0.9983 0.0582
vn -0.9998 0.0042 -0.0170
vn -0.0000 -0.9992 -0.0406
vn -0.9998 -0.0115 -0.0175
vn 0.9998 -0.0115 -0.0175
vn 0.9998 0.0041 -0.0170
vn -0.0073 0.9992 -0.0390
vn 0.9999 -0.0000 -0.0169
vn -0.0081 0.9930 -0.1175
vn 0.9998 0.0066 -0.0176
vn -0.0061 0.9992 0.0399
vn 0.9997 -0.0174 -0.0190
vn 0.9998 -0.0085 -0.0167
vn -0.9999 -0.0000 -0.0169
vn -0.9998 0.0067 -0.0176
vn -0.0000 -0.9926 -0.1212
vn -0.0000 -0.9991 0.0416
vn -0.9998 -0.0085 -0.0167
vn -0.9997 -0.0174 -0.0190
vn -0.0080 0.9996 -0.0287
vn -0.0000 -0.9988 0.0485
vn -0.0086 0.9917 0.1286
vn -0.0000 -0.9916 0.1297
vn -0.0000 -0.9086 -0.4176
vn -0.0000 -0.8717 0.4900
vn -0.0071 0.8534 -0.5212
vn -0.0073 0.8721 0.4893
vn -0.0000 -0.8934 -0.4492
vn -0.0000 -0.7824 0.6227
vn -0.0077 0.8933 -0.4495
vn -0.0068 0.7824 0.6227
vn -0.1126 0.0015 0.9936
vn -0.1125 0.0017 0.9936
vn 0.0066 -0.2701 -0.9628
vn -0.2054 -0.7283 -0.6537
vn -0.9282 0.3566 -0.1057
vn 0.9282 -0.3566 0.1057
vn 0.3464 0.9373 0.0388
vn -0.3544 -0.9342 -0.0397
vn -0.3601 -0.9328 0.0153
vn -0.3476 -0.9328 -0.0946
vn 0.3521 0.9358 -0.0162
vn 0.3396 0.9359 0.0937
vn -0.3601 -0.9328 0.0150
vn -0.3477 -0.9329 -0.0943
vn 0.3520 0.9358 -0.0159
vn 0.3396 0.9359 0.0934
vn -0.9247 0.3604 -0.1224
vn -0.3499 -0.9336 -0.0768
vn -0.9302 0.3457 -0.1235
vn 0.9259 -0.3674 0.0879
vn 0.9315 -0.3528 0.0889
vn 0.3521 0.9360 -0.0030
vn 0.9300 -0.3566 0.0889
vn 0.3579 0.9302 -0.0814
vn 0.9324 -0.3504 0.0885
vn 0.3444 0.9358 0.0755
vn 0.9239 -0.3728 0.0862
vn 0.9269 -0.3646 0.0888
vn -0.9262 0.3565 -0.1225
vn -0.9237 0.3628 -0.1229
vn -0.3386 -0.9278 -0.1567
vn -0.3591 -0.9333 0.0049
vn -0.9292 0.3486 -0.1226
vn -0.9320 0.3402 -0.1252
vn 0.3504 0.9366 0.0071
vn -0.3598 -0.9330 0.0117
vn 0.3295 0.9300 0.1630
vn -0.3663 -0.9259 0.0927
vn -0.2757 -0.8504 -0.4481
vn -0.3640 -0.8126 0.4552
vn 0.3544 0.7980 -0.4875
vn 0.2480 0.8191 0.5172
vn -0.2668 -0.8363 -0.4790
vn -0.3472 -0.7287 0.5903
vn 0.3600 0.8356 -0.4149
vn 0.2017 0.7357 0.6466
vn 0.1126 0.0015 0.9936
vn 0.1125 0.0017 0.9936
vn -0.0066 -0.2701 -0.9628
vn 0.2054 -0.7283 -0.6537
vn 0.9282 0.3566 -0.1057
vn -0.9282 -0.3566 0.1057
vn -0.3464 0.9373 0.0388
vn 0.3544 -0.9342 -0.0397
vn 0.3601 -0.9328 0.0153
vn 0.3476 -0.9328 -0.0946
vn -0.3521 0.9358 -0.0162
vn -0.3396 0.9359 0.0937
vn 0.3601 -0.9328 0.0150
vn 0.3477 -0.9329 -0.0943
vn -0.3520 0.9358 -0.0159
vn -0.3396 0.9359 0.0934
vn 0.9247 0.3604 -0.1224
vn 0.3499 -0.9336 -0.0768
vn 0.9302 0.3457 -0.1235
vn -0.9259 -0.3674 0.0879
vn -0.9315 -0.3528 0.0889
vn -0.3521 0.9360 -0.0030
vn -0.9300 -0.3566 0.0889
vn -0.3579 0.9302 -0.0814
vn -0.9324 -0.3504 0.0885
vn -0.3444 0.9358 0.0755
vn -0.9239 -0.3728 0.0862
vn -0.9269 -0.3646 0.0888
vn 0.9262 0.3565 -0.1225
vn 0.9237 0.3628 -0.1229
vn 0.3386 -0.9278 -0.1567
vn 0.3591 -0.9333 0.0049
vn 0.9292 0.3486 -0.1226
vn 0.9320 0.3402 -0.1252
vn -0.3504 0.9366 0.0071
vn 0.3598 -0.9330 0.0117
vn -0.3295 0.9300 0.1630
vn 0.3663 -0.9259 0.0927
vn 0.2757 -0.8504 -0.4481
vn 0.3640 -0.8126 0.4552
vn -0.3544 0.7980 -0.4875
vn -0.2480 0.8191 0.5172
vn 0.2668 -0.8363 -0.4790
vn 0.3472 -0.7287 0.5903
vn -0.3600 0.8356 -0.4149
vn -0.2017 0.7357 0.6466
vn 0.1126 0.0015 -0.9936
vn 0.1125 0.0017 -0.9936
vn -0.0066 -0.2702 0.9628
vn 0.2054 -0.7283 0.6537
vn 0.9282 0.3566 0.1057
vn -0.9282 -0.3566 -0.1057
vn -0.3464 0.9373 -0.0388
vn 0.3544 -0.9342 0.0397
vn 0.3601 -0.9328 -0.0153
vn 0.3476 -0.9328 0.0946
vn -0.3521 0.9358 0.0162
vn -0.3396 0.9359 -0.0937
vn 0.3601 -0.9328 -0.0150
vn 0.3477 -0.9329 0.0943
vn -0.3520 0.9358 0.0159
vn -0.3396 0.9359 -0.0934
vn 0.9247 0.3604 0.1224
vn 0.3499 -0.9336 0.0768
vn 0.9302 0.3457 0.1235
vn -0.9259 -0.3674 -0.0879
vn -0.9315 -0.3528 -0.0889
vn -0.3521 0.9360 0.0030
vn -0.9300 -0.3566 -0.0889
vn -0.3579 0.9302 0.0814
vn -0.9324 -0.3504 -0.0885
vn -0.3444 0.9358 -0.0755
vn -0.9239 -0.3728 -0.0862
vn -0.9269 -0.3646 -0.0888
vn 0.9262 0.3565 0.1225
vn 0.9237 0.3628 0.1229
vn 0.3386 -0.9278 0.1567
vn 0.3591 -0.9333 -0.0049
vn 0.9292 0.3486 0.1226
vn 0.9320 0.3402 0.1252
vn -0.3504 0.9366 -0.0071
vn 0.3598 -0.9330 -0.0117
vn -0.3295 0.9300 -0.1630
vn 0.3663 -0.9259 -0.0927
vn 0.2757 -0.8504 0.4481
vn 0.3640 -0.8126 -0.4552
vn -0.3544 0.7979 0.4875
vn -0.2480 0.8191 -0.5172
vn 0.2668 -0.8363 0.4790
vn 0.3472 -0.7287 -0.5903
vn -0.3600 0.8356 0.4149
vn -0.2017 0.7357 -0.6466
vn -0.1126 0.0015 -0.9936
vn -0.1125 0.0017 -0.9936
vn -0.0066 0.2701 -0.9628
vn -0.2054 -0.7283 0.6537
vn -0.9282 0.3566 0.1057
vn 0.9282 -0.3566 -0.1057
vn 0.3464 0.9373 -0.0388
vn -0.3544 -0.9342 0.0397
vn -0.3601 -0.9328 -0.0153
vn -0.3476 -0.9328 0.0946
vn 0.3521 0.9358 0.0162
vn 0.3396 0.9359 -0.0937
vn -0.3601 -0.9328 -0.0150
vn -0.3477 -0.9329 0.0943
vn 0.3520 0.9358 0.0159
vn 0.3396 0.9359 -0.0934
vn -0.9247 0.3604 0.1224
vn -0.3499 -0.9336 0.0768
vn -0.9302 0.3457 0.1235
vn 0.9259 -0.3674 -0.0879
vn 0.9315 -0.3528 -0.0889
vn 0.3521 0.9360 0.0030
vn 0.9300 -0.3566 -0.0889
vn 0.3579 0.9302 0.0814
vn 0.9324 -0.3504 -0.0885
vn 0.3444 0.9358 -0.0755
vn 0.9239 -0.3728 -0.0862
vn 0.9269 -0.3646 -0.0888
vn -0.9262 0.3565 0.1225
vn -0.9237 0.3628 0.1229
vn -0.3386 -0.9278 0.1567
vn -0.3591 -0.9333 -0.0049
vn -0.9292 0.3486 0.1226
vn -0.9320 0.3402 0.1252
vn 0.3504 0.9366 -0.0071
vn -0.3598 -0.9330 -0.0117
vn 0.3295 0.9300 -0.1630
vn -0.3663 -0.9259 -0.0927
vn -0.2757 -0.8504 0.4481
vn -0.3640 -0.8126 -0.4552
vn 0.3544 0.7979 0.4875
vn 0.2480 0.8191 -0.5172
vn -0.2668 -0.8363 0.4790
vn -0.3472 -0.7287 -0.5903
vn 0.3600 0.8356 0.4149
vn 0.2017 0.7357 -0.6466
vn -0.0000 0.0023 1.0000
vn -0.0000 -0.0021 -1.0000
vn -0.0007 0.2851 -0.9585
vn -0.0000 -0.7771 0.6293
vn -0.0087 1.0000 -0.0033
vn -0.0000 -1.0000 0.0033
vn -0.0000 -1.0000 0.0032
vn -0.0000 -0.9986 -0.0520
vn -0.0000 -0.9983 0.0585
vn -0.0087 0.9986 0.0520
vn -0.0087 0.9982 -0.0585
vn -0.0000 -0.9987 -0.0518
vn -0.0000 -0.9983 0.0582
vn -0.0087 0.9986 0.0518
vn -0.0087 0.9983 -0.0582
vn -0.9998 0.0042 0.0170
vn -0.0000 -0.9992 0.0406
vn -0.9998 -0.0115 0.0175
vn 0.9998 -0.0115 0.0175
vn 0.9998 0.0041 0.0170
vn -0.0073 0.9992 0.0390
vn 0.9999 -0.0000 0.0169
vn -0.0081 0.9930 0.1175
vn 0.9998 0.0066 0.0176
vn -0.0061 0.9992 -0.0399
vn 0.9997 -0.0174 0.0190
vn 0.9998 -0.0085 0.0167
vn -0.9999 -0.0000 0.0169
vn -0.9998 0.0067 0.0176
vn -0.0000 -0.9926 0.1212
vn -0.0000 -0.9991 -0.0416
vn -0.9998 -0.0085 0.0167
vn -0.9997 -0.0174 0.0190
vn -0.0080 0.9996 0.0287
vn -0.0000 -0.9988 -0.0485
vn -0.0086 0.9917 -0.1286
vn -0.0000 -0.9916 -0.1297
vn -0.0000 -0.9086 0.4176
vn -0.0000 -0.8717 -0.4900
vn -0.0071 0.8534 0.5212
vn -0.0073 0.8721 -0.4893
vn -0.0000 -0.8934 0.4492
vn -0.0000 -0.7824 -0.6227
vn -0.0077 0.8933 0.4495
vn -0.0068 0.7824 -0.6227
vn -0.9439 -0.0000 -0.3304
vn 0.3303 -0.0000 -0.9439
vn 0.9439 -0.0000 0.3304
vn -0.3304 -0.0000 0.9439
vn 0.9439 -0.0000 -0.3304
vn -0.9439 -0.0000 0.3304
vn 0.3303 -0.0000 0.9439
vn -0.3304 -0.0000 -0.9439
vn -0.0000 1.0000 -0.0000
vn -0.0000 -0.0000 -1.0000
vn -0.0000 -0.0000 1.0000
vn -0.0000 0.8334 -0.5527
vn 0.1954 0.9807 -0.0000
vn -0.1954 0.9807 -0.0000
vn -0.0000 0.8334 0.5527
vn -0.0000 0.6529 0.7575
vn -0.0000 0.1112 0.9938
vn -0.0000 0.1112 -0.9938
vn -0.0000 0.6529 -0.7575
vn 0.3304 -0.0000 -0.9439
vn -0.3303 -0.0000 0.9439
vn 0.9439 -0.0000 0.3303
vn -0.9439 -0.0000 0.3303
vn 0.3304 -0.0000 0.9439
vn -0.3303 -0.0000 -0.9439
vn 0.0073 -0.9998 0.0209
vn 0.0209 -0.9998 0.0073
vn 0.0209 -0.9998 -0.0073
vn 0.0073 -0.9998 -0.0209
vn -0.0073 -0.9998 -0.0209
vn -0.0209 -0.9998 -0.0073
vn -0.0073 -0.9998 0.0209
vn -0.0209 -0.9998 0.0073
vn -0.9439 -0.0000 -0.3303
vn -0.0001 -1.0000 -0.0000
vn -0.0000 -0.8330 -0.5533
vn -0.0000 0.8330 -0.5533
vn -0.0000 -0.8330 0.5533
vn -0.0000 0.8330 0.5533
vn -0.0000 -0.9366 0.3504
vn -0.0000 -0.9366 -0.3504
vn -0.0000 0.9366 0.3504
vn -0.0000 0.9366 -0.3504
vn 0.2112 0.9100 -0.3567
vn -0.0693 -0.3500 -0.9342
vn -0.1948 -0.9137 0.3567
vn 0.0857 0.3464 0.9342
vn 0.2166 0.9727 0.0839
vn -0.2193 -0.6942 -0.6856
vn -0.0435 0.0954 -0.9945
vn 0.0873 0.6829 -0.7252
vn 0.1544 0.9844 0.0837
vn 0.0959 0.7216 0.6856
vn -0.0799 -0.0680 0.9945
vn -0.2107 -0.6555 0.7252
vn -0.2778 -0.9570 -0.0837
vn 0.1579 0.7093 0.6870
vn -0.2852 -0.9548 -0.0837
vn -0.6190 -0.7817 -0.0755
vn -0.2181 -0.6535 0.7249
vn -0.5584 -0.5096 0.6546
vn -0.0873 -0.0663 0.9940
vn -0.4404 0.0206 0.8976
vn 0.0884 0.7229 0.6853
vn -0.2817 0.7333 0.6188
vn 0.1469 0.9856 0.0837
vn -0.2289 0.9705 0.0755
vn 0.0798 0.6843 -0.7249
vn -0.2895 0.6984 -0.6546
vn -0.0510 0.0971 -0.9940
vn -0.4075 0.1681 -0.8976
vn -0.2267 -0.6921 -0.6852
vn -0.5662 -0.5445 -0.6188
vn 0.1727 -0.9819 -0.0775
vn 0.2349 -0.7027 0.6716
vn 0.3560 -0.1587 0.9209
vn 0.5188 0.5725 0.6349
vn 0.5730 0.8159 0.0775
vn 0.5108 0.5367 -0.6716
vn 0.3897 -0.0074 -0.9209
vn 0.2269 -0.7385 -0.6349
vn -0.4678 -0.8801 -0.0809
vn -0.4029 -0.5889 0.7006
vn -0.2766 -0.0213 0.9608
vn -0.1067 0.7415 0.6624
vn -0.0502 0.9955 0.0809
vn -0.1151 0.7042 -0.7006
vn -0.2414 0.1366 -0.9608
vn -0.4113 -0.6262 -0.6624
vn -0.0226 -0.7324 -0.6805
vn 0.1519 0.0513 -0.9871
vn 0.2817 0.6344 -0.7198
vn 0.3483 0.9337 0.0831
vn 0.2903 0.6728 0.6805
vn 0.1158 -0.1109 0.9871
vn -0.0141 -0.6940 0.7198
vn -0.0807 -0.9933 -0.0831
vn 0.0969 -0.7413 -0.6641
vn 0.2671 0.0236 -0.9634
vn 0.3939 0.5927 -0.7025
vn 0.4589 0.8848 0.0811
vn 0.4022 0.6302 0.6641
vn 0.2319 -0.1347 0.9634
vn 0.1052 -0.7038 0.7025
vn 0.0402 -0.9959 -0.0811
vn 0.0147 -0.7363 -0.6765
vn 0.1881 0.0427 -0.9812
vn 0.3172 0.6224 -0.7155
vn 0.3834 0.9199 0.0826
vn 0.3257 0.6606 0.6765
vn 0.1522 -0.1185 0.9812
vn 0.0232 -0.6982 0.7156
vn -0.0430 -0.9957 -0.0826
vn -0.1423 -0.9863 -0.0836
vn -0.0752 -0.6850 0.7246
vn 0.0555 -0.0980 0.9936
vn 0.2311 0.6909 0.6850
vn 0.2896 0.9535 0.0836
vn 0.2225 0.6523 -0.7246
vn 0.0918 0.0652 -0.9936
vn -0.0838 -0.7237 -0.6850
vn -0.3631 -0.6464 -0.6711
vn -0.1911 0.1265 -0.9734
vn -0.0630 0.7015 -0.7098
vn 0.0027 0.9966 0.0819
vn -0.0546 0.7394 0.6711
vn -0.2267 -0.0335 0.9734
vn -0.3547 -0.6085 0.7098
vn -0.4204 -0.9036 -0.0819
vn -0.7517 -0.4005 -0.5240
vn -0.6173 0.2030 -0.7601
vn -0.5173 0.6520 -0.5543
vn -0.4660 0.8825 0.0640
vn -0.5107 0.6816 0.5240
vn -0.6451 0.0781 0.7601
vn -0.7451 -0.3710 0.5543
vn -0.7964 -0.6014 -0.0640
vn -0.1543 -0.9845 -0.0837
vn -0.0872 -0.6830 0.7252
vn 0.0436 -0.0955 0.9945
vn 0.2194 0.6941 0.6856
vn 0.2779 0.9570 0.0837
vn 0.2108 0.6555 -0.7252
vn 0.0800 0.0679 -0.9945
vn -0.0958 -0.7216 -0.6856
vn -0.0884 -0.7229 -0.6852
vn 0.0873 0.0663 -0.9940
vn 0.4404 -0.0207 -0.8976
vn 0.2181 0.6535 -0.7249
vn 0.5584 0.5096 -0.6546
vn 0.2852 0.9548 0.0837
vn 0.6190 0.7817 0.0755
vn 0.2267 0.6921 0.6852
vn 0.5662 0.5445 0.6188
vn 0.0510 -0.0971 0.9940
vn 0.4075 -0.1681 0.8976
vn -0.0798 -0.6843 0.7249
vn 0.2895 -0.6984 0.6546
vn 0.2312 -0.9697 -0.0784
vn -0.3560 0.1587 -0.9209
vn -0.2349 0.7027 -0.6716
vn -0.1727 0.9819 0.0775
vn -0.2269 0.7385 0.6349
vn -0.3897 0.0074 0.9209
vn -0.5108 -0.5367 0.6716
vn 0.1067 -0.7416 -0.6624
vn 0.2766 0.0213 -0.9608
vn 0.4029 0.5889 -0.7006
vn 0.4678 0.8801 0.0809
vn 0.4113 0.6262 0.6624
vn 0.2414 -0.1366 0.9608
vn 0.1150 -0.7042 0.7006
vn 0.0502 -0.9955 -0.0809
vn -0.2817 -0.6344 0.7198
vn -0.1519 -0.0513 0.9871
vn 0.0226 0.7324 0.6805
vn 0.0807 0.9933 0.0831
vn 0.0141 0.6940 -0.7198
vn -0.1158 0.1109 -0.9871
vn -0.3939 -0.5927 0.7025
vn -0.2671 -0.0236 0.9634
vn -0.0969 0.7413 0.6641
vn -0.0402 0.9959 0.0811
vn -0.1052 0.7038 -0.7025
vn -0.2319 0.1347 -0.9634
vn -0.4022 -0.6302 -0.6641
vn -0.3173 -0.6224 0.7155
vn -0.1882 -0.0427 0.9812
vn -0.0147 0.7363 0.6765
vn 0.0431 0.9957 0.0826
vn -0.0232 0.6982 -0.7155
vn -0.1523 0.1185 -0.9812
vn -0.2311 -0.6909 -0.6850
vn -0.0555 0.0980 -0.9936
vn 0.0752 0.6850 -0.7246
vn 0.1423 0.9863 0.0836
vn 0.0838 0.7237 0.6850
vn -0.0918 -0.0652 0.9936
vn -0.2225 -0.6523 0.7246
vn 0.0630 -0.7015 0.7098
vn 0.1911 -0.1265 0.9734
vn 0.3631 0.6464 0.6711
vn 0.4204 0.9036 0.0819
vn 0.3547 0.6085 -0.7098
vn 0.2267 0.0335 -0.9734
vn 0.0546 -0.7394 -0.6711
vn 0.4660 -0.8825 -0.0640
vn 0.5173 -0.6520 0.5543
vn 0.6173 -0.2030 0.7601
vn 0.7517 0.4005 0.5240
vn 0.7964 0.6014 0.0640
vn 0.7451 0.3710 -0.5543
vn 0.6451 -0.0781 -0.7601
vn 0.5107 -0.6816 -0.5240
vn -0.0182 -0.0819 0.9965
vn -0.1493 -0.6706 0.7267
vn -0.2165 -0.9727 -0.0839
vn -0.1579 -0.7093 -0.6870
vn 0.0182 0.0819 -0.9965
vn 0.1493 0.6706 -0.7267
vn -0.4589 -0.8848 -0.0811
vn -0.2896 -0.9535 -0.0836
vn -0.1469 -0.9856 -0.0837
vn -0.0027 -0.9966 -0.0819
vn -0.3263 -0.6619 -0.6749
vn -0.3837 -0.9196 -0.0847
vn -0.9792 0.1899 -0.0717
vn -0.9800 0.1736 0.0974
vn -0.9761 0.2173 -0.0000
vn 0.2690 -0.7207 -0.6389
vn -0.4961 -0.5695 -0.6554
vn -0.5682 -0.8197 -0.0725
vn -0.2813 -0.6418 -0.7134
vn -0.3557 -0.9303 -0.0897
vn 0.9439 0.3304 -0.0000
vn -0.3304 0.9439 -0.0000
vn -0.9439 -0.3303 -0.0000
vn 0.3303 -0.9439 -0.0000
vn -0.3303 -0.9439 -0.0000
vn 0.3304 0.9439 -0.0000
vn -0.9439 0.3304 -0.0000
vn 0.9439 -0.3303 -0.0000
vn 0.9439 -0.3304 -0.0000
vn 0.3303 0.9439 -0.0000
vn -0.3303 0.9439 -0.0000
vn -0.9439 -0.3304 -0.0000
vn 0.9439 0.3303 -0.0000
vn -0.9439 0.3303 -0.0000
vn 0.9953 0.0965 -0.0000
vn -0.0002 0.0239 -0.9997
vn 0.0002 0.0239 0.9997
vn -0.0002 0.0239 0.9997
vn 0.0002 0.0239 -0.9997
vn -0.9953 0.0965 -0.0000
vn 0.0073 0.7016 -0.7125
vn -0.5206 0.8538 -0.0000
vn -0.0073 0.7016 -0.7125
vn -0.0073 0.7016 0.7125
vn 0.0073 0.7016 0.7125
vn 0.5206 0.8538 -0.0000
vn -0.8008 0.5990 -0.0000
vn 0.8008 0.5990 -0.0000
vn -0.9050 -0.4254 -0.0000
vn 0.9050 -0.4254 -0.0000
vn -0.0000 0.3304 -0.9439
vn -0.0000 0.9439 0.3304
vn -0.0000 -0.3304 0.9439
vn -0.0000 -0.9438 -0.3304
vn -0.0000 -0.9438 0.3304
vn -0.0000 0.9439 -0.3304
vn -0.0000 0.3304 0.9439
vn -0.0000 -0.3304 -0.9439
vn -0.0000 0.9438 0.3304
vn -0.0000 -0.9439 -0.3303
vn -0.0000 -0.9439 0.3304
vn -0.0000 0.9438 -0.3304
vn 0.3304 -0.9439 -0.0000
vn -0.3304 -0.9439 -0.0000
vn 0.9439 -0.0000 -0.3303
vn 0.0322 -0.9985 0.0441
vn -0.3672 -0.1058 -0.9241
vn 0.1874 0.1051 0.9766
vn 0.2829 -0.5061 0.8148
vn -0.3189 0.5069 -0.8008
vn -0.1829 -0.8603 -0.4758
vn -0.0270 0.9986 -0.0462
vn -0.0001 -0.5345 0.8451
vn -0.0001 -0.9987 0.0517
vn 0.1453 0.8592 0.4905
vn 0.6043 0.1053 0.7897
vn -0.0215 0.9985 -0.0508
vn -0.4036 -0.8719 -0.2773
vn -0.6740 0.5324 -0.5122
vn 0.0163 -0.9982 0.0584
vn 0.3968 0.8718 0.2872
vn -0.8022 -0.1093 -0.5870
vn 0.5675 -0.5206 0.6379
vn -0.8270 0.5331 -0.1784
vn -0.9719 -0.1020 -0.2123
vn 0.4839 0.8679 0.1117
vn 0.0488 -0.9987 -0.0151
vn 0.8010 -0.5296 0.2790
vn 0.8912 0.0994 0.4425
vn -0.4818 -0.8678 -0.1215
vn -0.0412 0.9989 -0.0211
vn 0.4935 0.8697 -0.0000
vn 0.0427 -0.9991 -0.0000
vn -0.9951 -0.0986 -0.0000
vn 0.9951 0.0986 -0.0000
vn 0.8407 -0.5414 -0.0000
vn -0.8407 0.5414 -0.0000
vn -0.4935 -0.8697 -0.0000
vn -0.0427 0.9991 -0.0000
vn -0.0426 0.9991 -0.0000
vn 0.0322 -0.9985 -0.0441
vn 0.1874 0.1051 -0.9766
vn 0.2829 -0.5061 -0.8148
vn -0.3189 0.5069 0.8008
vn -0.0270 0.9986 0.0462
vn -0.0001 -0.1174 0.9931
vn 0.1453 0.8592 -0.4905
vn 0.6043 0.1053 -0.7897
vn -0.0215 0.9985 0.0508
vn -0.6740 0.5324 0.5122
vn 0.0163 -0.9982 -0.0584
vn 0.3968 0.8718 -0.2872
vn 0.5675 -0.5206 -0.6379
vn -0.8270 0.5331 0.1784
vn -0.9719 -0.1020 0.2123
vn 0.4839 0.8679 -0.1117
vn 0.0488 -0.9987 0.0151
vn 0.8010 -0.5296 -0.2790
vn 0.8912 0.0994 -0.4426
vn -0.4818 -0.8678 0.1215
vn -0.0412 0.9989 0.0211
vn -0.4032 -0.8802 0.2505
vn -0.8356 -0.0556 0.5465
vn 0.3447 0.0544 -0.9371
vn -0.1669 -0.8695 0.4649
vn -0.0322 -0.9985 -0.0441
vn 0.3672 -0.1058 0.9241
vn -0.1874 0.1051 -0.9766
vn 0.2829 0.5061 0.8148
vn 0.3189 0.5069 0.8008
vn 0.1829 -0.8603 0.4758
vn 0.0270 0.9986 0.0463
vn -0.1453 0.8592 -0.4905
vn -0.6044 0.1053 -0.7897
vn 0.0215 0.9985 0.0508
vn 0.4036 -0.8719 0.2773
vn 0.6740 0.5324 0.5122
vn -0.0163 -0.9982 -0.0585
vn -0.3968 0.8718 -0.2872
vn 0.8022 -0.1093 0.5870
vn -0.5675 -0.5206 -0.6379
vn 0.8270 0.5331 0.1784
vn 0.9719 -0.1020 0.2123
vn -0.4840 0.8679 -0.1117
vn -0.0487 -0.9987 0.0151
vn -0.8010 -0.5296 -0.2790
vn -0.8912 0.0994 -0.4426
vn 0.4818 -0.8678 0.1215
vn 0.0412 0.9989 0.0211
vn -0.4935 0.8697 -0.0000
vn -0.0427 -0.9991 -0.0000
vn 0.9951 -0.0986 -0.0000
vn -0.9951 0.0986 -0.0000
vn -0.8407 -0.5414 -0.0000
vn 0.8407 0.5414 -0.0000
vn 0.4935 -0.8697 -0.0000
vn 0.0427 0.9991 -0.0000
vn -0.8407 -0.5415 -0.0000
vn -0.0322 -0.9985 0.0441
vn -0.1874 0.1051 0.9766
vn -0.2829 -0.5061 0.8148
vn 0.3189 0.5069 -0.8008
vn 0.0270 0.9986 -0.0463
vn -0.1453 0.8592 0.4905
vn -0.6044 0.1053 0.7897
vn 0.0215 0.9985 -0.0508
vn 0.6740 0.5324 -0.5122
vn -0.0163 -0.9982 0.0585
vn -0.3968 0.8718 0.2872
vn -0.5674 -0.5206 0.6379
vn 0.8270 0.5331 -0.1784
vn 0.9719 -0.1020 -0.2123
vn -0.4839 0.8679 0.1117
vn -0.0488 -0.9987 -0.0151
vn -0.8010 -0.5297 0.2790
vn -0.8912 0.0994 0.4426
vn 0.4818 -0.8678 -0.1215
vn 0.0412 0.9989 -0.0211
vn -0.0001 0.1174 0.9931
vn 0.4032 -0.8801 -0.2505
vn 0.8356 -0.0556 -0.5465
vn 0.3447 -0.0545 -0.9371
vn 0.1669 -0.8695 -0.4649
vn -0.0000 0.5345 0.8451
vn 0.0001 0.9987 0.0517
vn 0.0001 0.8786 -0.4776
vn -0.0001 -0.8786 0.4776
vn 0.0001 0.1174 -0.9931
vn -0.0001 -0.9987 -0.0517
vn -0.0000 -0.5345 -0.8451
vn 0.0001 0.8786 0.4776
vn 0.0001 0.9987 -0.0517
vn -0.0001 -0.8786 -0.4776
vn 0.0001 -0.1174 -0.9931
vn 0.0001 0.5345 -0.8452
vt 0.500000 0.750000
vt 1.000000 0.750000
vt 1.000000 1.000000
vt 0.500000 1.000000
vt 0.000000 0.750000
vt 0.000000 1.000000
vt 1.000000 0.621672
vt 1.000000 0.500000
vt 1.000000 0.621672
vt 1.000000 0.750000
vt 1.000000 0.750000
vt 0.000000 0.621672
vt 0.500000 0.621672
vt 1.000000 0.625000
vt 1.000000 0.625000
vt 0.000000 0.625000
vt 0.500000 0.625000
vt 0.000000 0.750000
vt 0.000000 0.750000
vt 0.000000 0.625000
vt 0.000000 0.500000
vt 0.500000 0.500000
vt 0.125000 0.625000
vt 0.250000 0.625000
vt 0.250000 0.750000
vt 0.125000 0.750000
vt 0.375000 0.000000
vt 0.625000 0.000000
vt 0.625000 0.125000
vt 0.375000 0.125000
vt 0.375000 0.875000
vt 0.625000 0.875000
vt 0.625000 1.000000
vt 0.375000 1.000000
vt 0.375000 0.625000
vt 0.375000 0.750000
vt 0.625000 0.750000
vt 0.750000 0.625000
vt 0.875000 0.625000
vt 0.875000 0.750000
vt 0.750000 0.750000
vt 0.625000 0.625000
vt 0.625000 0.500000
vt 0.750000 0.500000
vt 0.875000 0.500000
vt 0.625000 0.250000
vt 0.375000 0.250000
vt 0.625000 0.375000
vt 0.375000 0.375000
vt 0.125000 0.500000
vt 0.250000 0.500000
vt 0.375000 0.500000
vt 0.000000 0.000000
vt 0.499580 0.125000
vt 0.499580 0.250000
vt 0.499580 0.375000
vt 0.499580 0.500000
vt 0.499580 0.625000
vt 0.375000 0.500000
vt 0.375000 0.250000
vt 0.187500 0.312500
vt 0.187500 0.062500
vt 0.437290 0.125000
vt 0.437290 0.250000
vt 0.437290 0.375000
vt 0.437290 0.500000
vt 0.437290 0.625000
vt 0.437290 0.250000
vt 0.437290 0.375000
vt 0.562500 0.125000
vt 0.625000 0.125000
vt 0.562500 0.250000
vt 0.562500 0.500000
vt 0.562500 0.625000
vt 0.625000 0.625000
vt 0.562500 0.750000
vt 0.562500 1.000000
vt 0.437500 0.750000
vt 0.437500 1.000000
vt 0.500000 0.750000
vt 0.375000 0.625000
vt 0.437500 0.625000
vt 0.500000 0.625000
vt 0.437500 0.250000
vt 0.437500 0.500000
vt 0.500000 0.250000
vt 0.500000 0.500000
vt 0.437500 0.125000
vt 0.500000 0.125000
vt 0.500000 0.000000
vt 0.562500 0.000000
vt 0.437500 0.000000
vt 0.375000 0.605690
vt 0.125000 0.605690
vt 0.385319 0.510319
vt 0.390478 0.234522
vt 0.480690 0.250000
vt 0.480690 0.500000
vt 0.875000 0.605690
vt 0.625000 0.605690
vt 0.614681 0.510319
vt 0.609522 0.234522
vt 0.519310 0.500000
vt 0.519310 0.250000
vt 0.125000 0.644310
vt 0.375000 0.644310
vt 0.385319 0.739681
vt 0.480690 0.750000
vt 0.480690 1.000000
vt 0.625000 0.644310
vt 0.875000 0.644310
vt 0.614681 0.739681
vt 0.519310 1.000000
vt 0.519310 0.750000
vt 0.500000 0.250000
vt 0.500000 0.153371
vt 0.500000 0.096636
vt 0.375000 0.097560
vt 0.375000 0.152447
vt 0.500000 0.653364
vt 0.500000 0.596629
vt 0.375000 0.597553
vt 0.375000 0.652440
vt 0.875000 0.652440
vt 0.875000 0.597553
vt 0.625000 0.597553
vt 0.625000 0.652440
vt 0.125000 0.597553
vt 0.125000 0.652440
vt 0.625000 0.152447
vt 0.625000 0.097560
vt 0.500000 0.153207
vt 0.500000 0.096792
vt 0.375000 0.097281
vt 0.375000 0.152730
vt 0.500000 0.653208
vt 0.500000 0.596793
vt 0.375000 0.597270
vt 0.375000 0.652719
vt 0.875000 0.652764
vt 0.875000 0.597249
vt 0.625000 0.597249
vt 0.625000 0.652763
vt 0.125000 0.597270
vt 0.125000 0.652719
vt 0.625000 0.152751
vt 0.625000 0.097236
vt 0.500000 0.000000
vt 0.500000 0.750000
vt 0.625000 0.750000
vt 0.500000 0.750000
vt 0.493556 0.125000
vt 0.493556 0.250000
vt 0.493556 0.375000
vt 0.493556 0.500000
vt 0.493556 0.625000
vt 0.493556 0.750000
vt 0.493556 0.875000
vt 0.493556 1.000000
vt 0.493556 0.000000
vt 0.409578 0.375000
vt 0.409578 0.250000
vt 0.409578 0.125000
vt 0.409578 0.000000
vt 0.409578 1.000000
vt 0.409578 0.875000
vt 0.409578 0.750000
vt 0.409578 0.625000
vt 0.409578 0.500000
vt 0.494713 0.125000
vt 0.494713 0.250000
vt 0.494713 0.375000
vt 0.494713 0.500000
vt 0.494713 0.625000
vt 0.494713 0.750000
vt 0.494713 0.875000
vt 0.494713 1.000000
vt 0.494713 0.000000
vt 0.418134 1.000000
vt 0.418134 0.875000
vt 0.418134 0.750000
vt 0.418134 0.625000
vt 0.418134 0.500000
vt 0.418134 0.375000
vt 0.418134 0.250000
vt 0.418134 0.125000
vt 0.418134 0.000000
vt 0.375000 0.512051
vt 0.125000 0.512051
vt 0.413348 0.500000
vt 0.625000 0.243975
vt 0.625000 0.508034
vt 0.567478 0.500000
vt 0.567478 0.250000
vt 0.125000 0.737949
vt 0.375000 0.737949
vt 0.413348 0.750000
vt 0.625000 0.741966
vt 0.567478 1.000000
vt 0.567478 0.750000
vt 0.432522 1.000000
vt 0.875000 0.512051
vt 0.875000 0.737949
vt 0.432522 0.250000
vt 0.448970 0.625000
vt 0.448970 0.500000
vt 0.442728 0.125000
vt 0.448970 0.125000
vt 0.448970 0.250000
vt 0.442728 0.250000
vt 0.448970 0.375000
vt 0.442728 0.375000
vt 0.442728 0.500000
vt 0.442728 0.625000
vt 0.448970 0.750000
vt 0.442728 0.750000
vt 0.448970 0.875000
vt 0.442728 0.875000
vt 0.448970 1.000000
vt 0.442728 1.000000
vt 0.442728 0.000000
vt 0.448970 0.000000
vt 0.393258 0.000000
vt 0.399345 0.000000
vt 0.399345 0.125000
vt 0.393258 0.125000
vt 0.423839 0.000000
vt 0.424001 0.000000
vt 0.424001 0.125000
vt 0.423839 0.125000
vt 0.393258 0.875000
vt 0.399345 0.875000
vt 0.399345 1.000000
vt 0.393258 1.000000
vt 0.423839 0.875000
vt 0.424001 0.875000
vt 0.424001 1.000000
vt 0.423839 1.000000
vt 0.393258 0.750000
vt 0.399345 0.750000
vt 0.423839 0.750000
vt 0.424001 0.750000
vt 0.393258 0.625000
vt 0.399345 0.625000
vt 0.423839 0.625000
vt 0.424001 0.625000
vt 0.393258 0.500000
vt 0.399345 0.500000
vt 0.423839 0.500000
vt 0.424001 0.500000
vt 0.393258 0.375000
vt 0.399345 0.375000
vt 0.423839 0.375000
vt 0.424001 0.375000
vt 0.393258 0.250000
vt 0.399345 0.250000
vt 0.423839 0.250000
vt 0.424001 0.250000
vt 0.430243 0.000000
vt 0.436486 0.000000
vt 0.436486 0.125000
vt 0.430243 0.125000
vt 0.430243 0.875000
vt 0.436486 0.875000
vt 0.436486 1.000000
vt 0.430243 1.000000
vt 0.430243 0.750000
vt 0.436486 0.750000
vt 0.430243 0.625000
vt 0.436486 0.625000
vt 0.430243 0.500000
vt 0.436486 0.500000
vt 0.430243 0.375000
vt 0.436486 0.375000
vt 0.430243 0.250000
vt 0.436486 0.250000
vt 0.411511 0.125000
vt 0.423677 0.125000
vt 0.423677 0.250000
vt 0.411511 0.250000
vt 0.423677 0.375000
vt 0.411511 0.375000
vt 0.423677 0.500000
vt 0.411511 0.500000
vt 0.423677 0.625000
vt 0.411511 0.625000
vt 0.423677 0.750000
vt 0.411511 0.750000
vt 0.423677 0.875000
vt 0.411511 0.875000
vt 0.423677 1.000000
vt 0.411511 1.000000
vt 0.411511 0.000000
vt 0.423677 0.000000
vt 0.387172 0.125000
vt 0.387172 0.250000
vt 0.387172 0.375000
vt 0.387172 0.500000
vt 0.387172 0.625000
vt 0.387172 0.750000
vt 0.387172 0.875000
vt 0.387172 1.000000
vt 0.387172 0.000000
vt 0.388701 0.125000
vt 0.388701 0.250000
vt 0.388701 0.375000
vt 0.388701 0.500000
vt 0.388701 0.625000
vt 0.388701 0.750000
vt 0.388701 0.875000
vt 0.388701 1.000000
vt 0.388701 0.000000
vt 0.407512 0.125000
vt 0.407512 0.250000
vt 0.407512 0.375000
vt 0.407512 0.500000
vt 0.407512 0.625000
vt 0.407512 0.750000
vt 0.407512 0.875000
vt 0.407512 1.000000
vt 0.407512 0.000000
vt 0.500000 0.416667
vt 0.625000 0.416667
vt 0.500000 0.916667
vt 0.625000 0.916667
vt 0.291667 0.500000
vt 0.291667 0.750000
vt 0.791667 0.500000
vt 0.791667 0.750000
vt 0.708333 0.500000
vt 0.708333 0.750000
vt 0.208333 0.500000
vt 0.208333 0.750000
vt 0.625000 0.833333
vt 0.500000 0.833333
vt 0.625000 0.333333
vt 0.500000 0.333333
vt 0.375000 0.333333
vt 0.375000 0.833333
vt 0.375000 0.916667
vt 0.375000 0.416667
vt 0.500000 0.666667
vt 0.625000 0.666667
vt 0.250000 0.666667
vt 0.375000 0.666667
vt 0.750000 0.666667
vt 0.875000 0.666667
vt 0.125000 0.666667
vt 0.500000 0.083333
vt 0.375000 0.083333
vt 0.625000 0.083333
vt 0.500000 0.166667
vt 0.625000 0.166667
vt 0.375000 0.166667
vt 0.500000 0.583333
vt 0.375000 0.583333
vt 0.250000 0.583333
vt 0.125000 0.583333
vt 0.750000 0.583333
vt 0.625000 0.583333
vt 0.875000 0.583333
s 0
usemtl Material.005
f 16/1/1 14/2/1 2/3/1 5/4/1
f 15/5/2 16/1/2 5/4/2 1/6/2
f 79/7/3 4/8/3 8/8/3 81/9/3
f 81/9/4 8/8/4 10/8/4 82/9/4
f 1/6/5 5/4/5 13/4/5 11/6/5
f 5/4/6 2/3/6 12/3/6 13/4/6
f 2/3/7 7/3/7 9/3/7 12/3/7
f 7/3/8 17/10/8 18/11/8 9/3/8
f 2/3/9 14/2/9 17/10/9 7/3/9
f 78/12/10 80/13/10 16/1/10 15/5/10
f 80/13/11 79/7/11 14/2/11 16/1/11
f 34/1/12 23/4/12 20/3/12 32/2/12
f 33/5/13 19/6/13 23/4/13 34/1/13
f 70/14/14 72/14/14 26/8/14 22/8/14
f 72/14/15 73/15/15 28/8/15 26/8/15
f 19/6/16 29/6/16 31/4/16 23/4/16
f 23/4/17 31/4/17 30/3/17 20/3/17
f 20/3/18 30/3/18 27/3/18 25/3/18
f 25/3/19 27/3/19 36/11/19 35/10/19
f 20/3/20 25/3/20 35/10/20 32/2/20
f 69/16/21 33/5/21 34/1/21 71/17/21
f 71/17/22 34/1/22 32/2/22 70/14/22
f 47/5/23 37/6/23 39/6/23 48/18/23
f 48/18/24 39/6/24 41/6/24 49/18/24
f 49/18/25 41/6/25 43/6/25 50/19/25
f 39/6/26 37/6/26 45/6/26 46/6/26
f 41/6/27 39/6/27 46/6/27 43/6/27
f 76/16/28 49/18/28 50/19/28 77/16/28
f 75/16/29 48/18/29 49/18/29 76/16/29
f 74/16/30 47/5/30 48/18/30 75/16/30
f 61/5/31 62/18/31 53/6/31 51/6/31
f 62/18/32 63/18/32 55/6/32 53/6/32
f 63/18/33 64/19/33 57/6/33 55/6/33
f 53/6/34 60/6/34 59/6/34 51/6/34
f 55/6/35 57/6/35 60/6/35 53/6/35
f 67/20/36 68/16/36 64/19/36 63/18/36
f 66/16/37 67/20/37 63/18/37 62/18/37
f 65/16/38 66/16/38 62/18/38 61/5/38
f 52/21/39 54/21/39 66/16/39 65/16/39
f 54/21/40 56/21/40 67/20/40 66/16/40
f 56/21/41 58/21/41 68/16/41 67/20/41
f 24/22/42 71/17/42 70/14/42 22/8/42
f 21/21/43 69/16/43 71/17/43 24/22/43
f 35/10/44 36/11/44 73/15/44 72/14/44
f 32/2/45 35/10/45 72/14/45 70/14/45
f 38/21/46 74/16/46 75/16/46 40/21/46
f 40/21/47 75/16/47 76/16/47 42/21/47
f 42/21/48 76/16/48 77/16/48 44/21/48
f 6/22/49 4/8/49 79/7/49 80/13/49
f 3/21/50 6/22/50 80/13/50 78/12/50
f 17/10/51 81/9/51 82/9/51 18/11/51
f 14/2/52 79/7/52 81/9/52 17/10/52
usemtl face
f 93/1/1 91/2/1 83/3/1 85/4/1
f 92/5/53 93/1/53 85/4/53 112/6/53
f 91/2/54 84/8/54 101/8/54 94/10/54
f 94/10/55 101/8/55 103/8/55 95/11/55
f 112/6/5 85/4/5 90/4/5 88/6/5
f 85/4/6 83/3/6 89/3/6 90/4/6
f 83/3/7 86/3/7 87/3/7 89/3/7
f 86/3/8 94/10/8 95/11/8 87/3/8
f 83/3/9 91/2/9 94/10/9 86/3/9
f 97/21/56 99/22/56 93/1/56 92/5/56
f 99/22/57 84/8/57 91/2/57 93/1/57
f 109/1/12 98/4/12 96/3/12 107/2/12
f 108/5/58 120/6/58 98/4/58 109/1/58
f 107/2/59 110/10/59 101/8/59 84/8/59
f 110/10/60 111/11/60 103/8/60 101/8/60
f 120/6/16 104/6/16 106/4/16 98/4/16
f 98/4/17 106/4/17 105/3/17 96/3/17
f 96/3/18 105/3/18 102/3/18 100/3/18
f 100/3/19 102/3/19 111/11/19 110/10/19
f 96/3/20 100/3/20 110/10/20 107/2/20
f 97/21/61 108/5/61 109/1/61 99/22/61
f 99/22/62 109/1/62 107/2/62 84/8/62
f 92/5/63 112/6/63 113/6/63 117/18/63
f 117/18/24 113/6/24 114/6/24 118/18/24
f 118/18/25 114/6/25 115/6/25 119/19/25
f 113/6/26 112/6/26 88/6/26 116/6/26
f 114/6/27 113/6/27 116/6/27 115/6/27
f 124/21/64 118/18/64 119/19/64 126/21/64
f 122/21/65 117/18/65 118/18/65 124/21/65
f 97/21/66 92/5/66 117/18/66 122/21/66
f 108/5/67 128/18/67 121/6/67 120/6/67
f 128/18/32 129/18/32 123/6/32 121/6/32
f 129/18/33 130/19/33 125/6/33 123/6/33
f 121/6/34 127/6/34 104/6/34 120/6/34
f 123/6/35 125/6/35 127/6/35 121/6/35
f 124/21/68 126/21/68 130/19/68 129/18/68
f 122/21/69 124/21/69 129/18/69 128/18/69
f 97/21/70 122/21/70 128/18/70 108/5/70
f 103/8/111 111/11/111 293/11/111 289/8/111
f 89/3/112 87/3/112 283/3/112 285/3/112
f 106/4/113 104/6/113 290/6/113 292/4/113
f 87/3/114 95/11/114 287/11/114 283/3/114
f 115/6/115 116/6/115 295/6/115 294/6/115
f 127/6/116 125/6/116 297/6/116 299/6/116
f 105/3/117 106/4/117 292/4/117 291/3/117
f 116/6/118 88/6/118 284/6/118 295/6/118
f 126/21/119 119/19/119 296/19/119 298/21/119
f 88/6/120 90/4/120 286/4/120 284/6/120
f 95/11/121 103/8/121 289/8/121 287/11/121
f 90/4/122 89/3/122 285/3/122 286/4/122
f 119/19/123 115/6/123 294/6/123 296/19/123
f 125/6/124 130/19/124 300/19/124 297/6/124
f 102/3/125 105/3/125 291/3/125 288/3/125
f 104/6/126 127/6/126 299/6/126 290/6/126
f 111/11/127 102/3/127 288/3/127 293/11/127
f 130/19/128 126/21/128 298/21/128 300/19/128
f 283/3/129 287/11/129 305/11/129 301/3/129
f 298/21/130 296/19/130 314/19/130 316/21/130
f 289/8/131 293/11/131 311/11/131 307/8/131
f 284/6/132 286/4/132 304/4/132 302/6/132
f 295/6/133 284/6/133 302/6/133 313/6/133
f 287/11/134 289/8/134 307/8/134 305/11/134
f 286/4/135 285/3/135 303/3/135 304/4/135
f 290/6/136 299/6/136 317/6/136 308/6/136
f 294/6/137 295/6/137 313/6/137 312/6/137
f 285/3/138 283/3/138 301/3/138 303/3/138
f 296/19/139 294/6/139 312/6/139 314/19/139
f 293/11/140 288/3/140 306/3/140 311/11/140
f 300/19/141 298/21/141 316/21/141 318/19/141
f 292/4/142 290/6/142 308/6/142 310/4/142
f 299/6/143 297/6/143 315/6/143 317/6/143
f 291/3/144 292/4/144 310/4/144 309/3/144
f 297/6/145 300/19/145 318/19/145 315/6/145
f 288/3/146 291/3/146 309/3/146 306/3/146
f 304/4/147 303/3/147 321/3/147 322/4/147
f 308/6/148 317/6/148 335/6/148 326/6/148
f 312/6/149 313/6/149 331/6/149 330/6/149
f 303/3/150 301/3/150 319/3/150 321/3/150
f 314/19/151 312/6/151 330/6/151 332/19/151
f 311/11/152 306/3/152 324/3/152 329/11/152
f 318/19/153 316/21/153 334/21/153 336/19/153
f 310/4/154 308/6/154 326/6/154 328/4/154
f 317/6/155 315/6/155 333/6/155 335/6/155
f 309/3/156 310/4/156 328/4/156 327/3/156
f 315/6/157 318/19/157 336/19/157 333/6/157
f 306/3/158 309/3/158 327/3/158 324/3/158
f 301/3/159 305/11/159 323/11/159 319/3/159
f 316/21/160 314/19/160 332/19/160 334/21/160
f 307/8/161 311/11/161 329/11/161 325/8/161
f 302/6/162 304/4/162 322/4/162 320/6/162
f 313/6/163 302/6/163 320/6/163 331/6/163
f 305/11/164 307/8/164 325/8/164 323/11/164
f 333/6/165 336/19/165 334/53/165 341/53/165
f 330/6/166 341/53/166 334/53/166 332/19/166
f 331/6/167 342/53/167 341/53/167 330/6/167
f 335/6/168 333/6/168 341/53/168 342/53/168
f 331/6/169 320/6/169 337/53/169 342/53/169
f 335/6/170 342/53/170 337/53/170 326/6/170
f 322/4/171 338/53/171 337/53/171 320/6/171
f 328/4/172 326/6/172 337/53/172 338/53/172
f 321/3/173 339/53/173 338/53/173 322/4/173
f 327/3/174 328/4/174 338/53/174 339/53/174
f 319/3/175 340/53/175 339/53/175 321/3/175
f 319/3/176 323/11/176 325/53/176 340/53/176
f 324/3/177 340/53/177 325/53/177 329/11/177
f 324/3/178 327/3/178 339/53/178 340/53/178
usemtl Material.002
f 132/23/71 136/24/71 134/25/71 131/26/71
f 131/27/72 133/28/72 142/29/72 132/30/72
f 134/31/73 137/32/73 133/33/73 131/34/73
f 136/24/71 148/35/71 135/36/71 134/25/71
f 135/36/74 138/37/74 137/32/74 134/31/74
f 139/38/75 142/39/75 133/40/75 137/41/75
f 141/42/75 139/38/75 137/41/75 138/37/75
f 147/43/75 140/44/75 139/38/75 141/42/75
f 140/44/75 143/45/75 142/39/75 139/38/75
f 132/30/76 142/29/76 143/46/76 144/47/76
f 144/47/77 143/46/77 140/48/77 145/49/77
f 144/50/71 145/51/71 136/24/71 132/23/71
f 145/49/78 140/48/78 147/43/78 146/52/78
f 145/51/71 146/52/71 148/35/71 136/24/71
f 146/52/79 147/43/79 141/42/79 148/35/79
f 148/35/80 141/42/80 138/37/80 135/36/80
f 161/30/81 162/29/81 152/46/81 151/47/81
f 157/49/82 158/48/82 156/43/82 155/52/82
f 163/35/83 164/42/83 165/42/83 170/35/83
f 159/31/84 160/32/84 150/33/84 149/34/84
f 161/30/76 151/47/76 174/47/76 171/30/76
f 150/33/84 160/32/84 186/32/84 187/33/84
f 152/46/76 162/29/76 180/29/76 181/46/76
f 149/27/72 161/30/72 171/30/72 172/27/72
f 159/25/71 153/36/71 167/36/71 168/25/71
f 151/47/85 152/46/85 158/48/85 157/49/85
f 163/35/80 153/36/80 178/36/80 175/35/80
f 158/48/85 152/46/85 181/46/85 182/48/85
f 160/41/74 154/37/74 185/37/74 186/41/74
f 151/47/85 157/49/85 173/49/85 174/47/85
f 155/52/86 156/43/86 164/42/86 163/35/86
f 149/27/72 150/28/72 162/29/72 161/30/72
f 170/35/87 165/42/87 166/37/87 167/36/87
f 167/36/88 166/37/88 169/32/88 168/31/88
f 164/42/75 154/37/75 166/37/75 165/42/75
f 154/37/75 160/41/75 169/41/75 166/37/75
f 153/36/71 163/35/71 170/35/71 167/36/71
f 160/32/89 159/31/89 168/31/89 169/32/89
f 179/24/71 175/35/71 178/36/71 177/25/71
f 171/23/71 179/24/71 177/25/71 172/26/71
f 174/50/71 173/51/71 179/24/71 171/23/71
f 173/51/71 176/52/71 175/35/71 179/24/71
f 155/52/79 163/35/79 175/35/79 176/52/79
f 159/31/84 149/34/84 172/34/84 177/31/84
f 157/49/82 155/52/82 176/52/82 173/49/82
f 153/36/74 159/25/74 177/25/74 178/36/74
f 188/38/75 180/39/75 187/40/75 186/41/75
f 184/42/75 188/38/75 186/41/75 185/37/75
f 183/43/75 182/44/75 188/38/75 184/42/75
f 182/44/75 181/45/75 180/39/75 188/38/75
f 156/43/82 158/48/82 182/48/82 183/43/82
f 164/42/79 156/43/79 183/43/79 184/42/79
f 162/29/72 150/28/72 187/28/72 180/29/72
f 154/37/80 164/42/80 184/42/80 185/37/80
f 190/23/71 194/24/71 192/25/71 189/26/71
f 189/27/90 191/28/90 200/29/90 190/30/90
f 192/31/84 195/32/84 191/33/84 189/34/84
f 194/24/71 206/35/71 193/36/71 192/25/71
f 193/36/91 196/37/91 195/32/91 192/31/91
f 197/38/75 200/39/75 191/40/75 195/41/75
f 199/42/75 197/38/75 195/41/75 196/37/75
f 205/43/75 198/44/75 197/38/75 199/42/75
f 198/44/75 201/45/75 200/39/75 197/38/75
f 190/30/81 200/29/81 201/46/81 202/47/81
f 202/47/77 201/46/77 198/48/77 203/49/77
f 202/50/71 203/51/71 194/24/71 190/23/71
f 203/49/78 198/48/78 205/43/78 204/52/78
f 203/51/71 204/52/71 206/35/71 194/24/71
f 204/52/86 205/43/86 199/42/86 206/35/86
f 206/35/80 199/42/80 196/37/80 193/36/80
f 208/23/92 207/26/92 210/25/92 212/24/92
f 207/27/93 208/30/93 218/29/93 209/28/93
f 210/31/94 207/34/94 209/33/94 213/32/94
f 212/24/92 210/25/92 211/36/92 224/35/92
f 211/36/95 210/31/95 213/32/95 214/37/95
f 215/38/96 213/41/96 209/40/96 218/39/96
f 217/42/96 214/37/96 213/41/96 215/38/96
f 223/43/96 217/42/96 215/38/96 216/44/96
f 216/44/96 215/38/96 218/39/96 219/45/96
f 208/30/97 220/47/97 219/46/97 218/29/97
f 220/47/98 221/49/98 216/48/98 219/46/98
f 220/50/92 208/23/92 212/24/92 221/51/92
f 221/49/99 222/52/99 223/43/99 216/48/99
f 221/51/92 212/24/92 224/35/92 222/52/92
f 222/52/100 224/35/100 217/42/100 223/43/100
f 224/35/101 211/36/101 214/37/101 217/42/101
f 237/30/102 227/47/102 228/46/102 238/29/102
f 233/49/99 231/52/99 232/43/99 234/48/99
f 239/35/103 246/35/103 241/42/103 240/42/103
f 235/31/94 225/34/94 226/33/94 236/32/94
f 237/30/97 247/30/97 250/47/97 227/47/97
f 226/33/94 263/33/94 262/32/94 236/32/94
f 228/46/102 257/46/102 256/29/102 238/29/102
f 225/27/104 248/27/104 247/30/104 237/30/104
f 235/25/92 244/25/92 243/36/92 229/36/92
f 227/47/105 233/49/105 234/48/105 228/46/105
f 239/35/106 251/35/106 254/36/106 229/36/106
f 234/48/105 258/48/105 257/46/105 228/46/105
f 236/41/95 262/41/95 261/37/95 230/37/95
f 227/47/105 250/47/105 249/49/105 233/49/105
f 231/52/107 239/35/107 240/42/107 232/43/107
f 225/27/104 237/30/104 238/29/104 226/28/104
f 246/35/108 243/36/108 242/37/108 241/42/108
f 243/36/109 244/31/109 245/32/109 242/37/109
f 240/42/96 241/42/96 242/37/96 230/37/96
f 230/37/96 242/37/96 245/41/96 236/41/96
f 229/36/92 243/36/92 246/35/92 239/35/92
f 236/32/110 245/32/110 244/31/110 235/31/110
f 255/24/92 253/25/92 254/36/92 251/35/92
f 247/23/92 248/26/92 253/25/92 255/24/92
f 250/50/92 247/23/92 255/24/92 249/51/92
f 249/51/92 255/24/92 251/35/92 252/52/92
f 231/52/104 239/35/104 251/35/104 252/52/104
f 235/31/94 253/31/94 248/34/94 225/34/94
f 233/49/99 249/49/99 252/52/99 231/52/99
f 229/36/95 254/36/95 253/25/95 235/25/95
f 264/38/96 262/41/96 263/40/96 256/39/96
f 260/42/96 261/37/96 262/41/96 264/38/96
f 259/43/96 260/42/96 264/38/96 258/44/96
f 258/44/96 264/38/96 256/39/96 257/45/96
f 232/43/99 259/43/99 258/48/99 234/48/99
f 240/42/107 260/42/107 259/43/107 232/43/107
f 238/29/104 256/29/104 263/28/104 226/28/104
f 230/37/106 261/37/106 260/42/106 240/42/106
f 266/23/92 265/26/92 268/25/92 270/24/92
f 265/27/104 266/30/104 276/29/104 267/28/104
f 268/31/94 265/34/94 267/33/94 271/32/94
f 270/24/92 268/25/92 269/36/92 282/35/92
f 269/36/95 268/31/95 271/32/95 272/37/95
f 273/38/96 271/41/96 267/40/96 276/39/96
f 275/42/96 272/37/96 271/41/96 273/38/96
f 281/43/96 275/42/96 273/38/96 274/44/96
f 274/44/96 273/38/96 276/39/96 277/45/96
f 266/30/102 278/47/102 277/46/102 276/29/102
f 278/47/98 279/49/98 274/48/98 277/46/98
f 278/50/92 266/23/92 270/24/92 279/51/92
f 279/49/99 280/52/99 281/43/99 274/48/99
f 279/51/92 270/24/92 282/35/92 280/52/92
f 280/52/107 282/35/107 275/42/107 281/43/107
f 282/35/106 269/36/106 272/37/106 275/42/106
f 1535/152/809 1506/29/809 1500/46/809 1531/153/809
f 1537/154/828 1510/48/828 1504/43/828 1532/155/828
f 1534/156/811 1508/42/811 1502/37/811 1533/157/811
f 1536/158/829 1512/32/829 1498/33/829 1530/159/829
f 1513/24/211 1507/35/211 1501/36/211 1511/25/211
f 1509/51/211 1503/52/211 1507/35/211 1513/24/211
f 1532/155/813 1504/43/813 1508/42/813 1534/156/813
f 1530/160/814 1498/28/814 1506/29/814 1535/152/814
f 1499/50/211 1509/51/211 1513/24/211 1505/23/211
f 1505/23/211 1513/24/211 1511/25/211 1497/26/211
f 1533/157/815 1502/37/815 1512/32/815 1536/158/815
f 1531/153/816 1500/46/816 1510/48/816 1537/154/816
f 1522/30/809 1523/29/809 1517/46/809 1516/47/809
f 1526/49/828 1527/48/828 1521/43/828 1520/52/828
f 1524/35/830 1525/42/830 1519/37/830 1518/36/830
f 1528/31/829 1529/32/829 1515/33/829 1514/34/829
f 1517/53/817 1531/53/817 1537/53/817 1527/53/817
f 1523/53/817 1535/53/817 1531/53/817 1517/53/817
f 1520/52/813 1521/43/813 1525/42/813 1524/35/813
f 1514/27/831 1515/28/831 1523/29/831 1522/30/831
f 1527/53/817 1537/53/817 1532/53/817 1521/53/817
f 1525/42/817 1521/43/817 1532/155/817 1534/156/817
f 1518/36/832 1519/37/832 1529/32/832 1528/31/832
f 1516/47/833 1517/46/833 1527/48/833 1526/49/833
f 1515/53/817 1530/53/817 1535/53/817 1523/53/817
f 1526/49/834 1544/161/834 1538/162/834 1516/47/834
f 1516/47/835 1538/162/835 1542/163/835 1522/30/835
f 1522/30/836 1542/163/836 1545/164/836 1514/34/836
f 1514/34/837 1545/165/837 1543/166/837 1528/31/837
f 1528/31/838 1543/166/838 1540/167/838 1518/36/838
f 1518/36/839 1540/167/839 1541/168/839 1524/35/839
f 1520/52/840 1539/169/840 1544/161/840 1526/49/840
f 1524/35/841 1541/168/841 1539/169/841 1520/52/841
f 1505/30/809 1542/163/809 1538/162/809 1499/47/809
f 1509/49/828 1544/161/828 1539/169/828 1503/52/828
f 1507/35/811 1541/168/811 1540/167/811 1501/36/811
f 1511/31/829 1543/166/829 1545/165/829 1497/34/829
f 1503/52/813 1539/169/813 1541/168/813 1507/35/813
f 1497/27/814 1545/164/814 1542/163/814 1505/30/814
f 1501/36/815 1540/167/815 1543/166/815 1511/31/815
f 1499/47/816 1538/162/816 1544/161/816 1509/49/816
f 1529/53/817 1536/53/817 1530/53/817 1515/53/817
f 1519/53/817 1533/53/817 1536/53/817 1529/53/817
f 1525/53/817 1534/53/817 1533/53/817 1519/53/817
f 1502/37/817 1508/42/817 1504/43/817 1546/53/817
f 1512/32/817 1502/37/817 1546/53/817 1498/33/817
f 1504/43/817 1510/48/817 1500/46/817 1546/53/817
f 1500/46/817 1506/29/817 1498/33/817 1546/53/817
f 1586/170/813 1582/171/813 1550/46/813 1556/29/813
f 1588/172/833 1583/173/833 1554/43/833 1560/48/833
f 1585/174/831 1584/175/831 1552/37/831 1558/42/831
f 1587/176/832 1581/177/832 1548/33/832 1562/32/832
f 1563/24/817 1557/35/817 1551/36/817 1561/25/817
f 1559/51/817 1553/52/817 1557/35/817 1563/24/817
f 1583/173/842 1585/174/842 1558/42/842 1554/43/842
f 1581/178/811 1586/170/811 1556/29/811 1548/28/811
f 1549/50/817 1559/51/817 1563/24/817 1555/23/817
f 1555/23/817 1563/24/817 1561/25/817 1547/26/817
f 1584/175/812 1587/176/812 1562/32/812 1552/37/812
f 1582/171/810 1588/172/810 1560/48/810 1550/46/810
f 1572/30/813 1566/47/813 1567/46/813 1573/29/813
f 1576/49/816 1570/52/816 1571/43/816 1577/48/816
f 1574/35/831 1568/36/831 1569/37/831 1575/42/831
f 1578/31/815 1564/34/815 1565/33/815 1579/32/815
f 1561/31/832 1547/34/832 1595/179/832 1593/180/832
f 1557/35/831 1551/36/831 1590/181/831 1591/182/831
f 1570/52/809 1574/35/809 1575/42/809 1571/43/809
f 1564/27/830 1572/30/830 1573/29/830 1565/28/830
f 1559/49/833 1553/52/833 1589/183/833 1594/184/833
f 1555/30/813 1549/47/813 1580/185/813 1592/186/813
f 1568/36/829 1578/31/829 1579/32/829 1569/37/829
f 1566/47/828 1576/49/828 1577/48/828 1567/46/828
f 1574/53/211 1570/52/211 1589/183/211 1591/53/211
f 1570/52/211 1576/53/211 1594/184/211 1589/183/211
f 1579/32/817 1565/33/817 1581/177/817 1587/176/817
f 1584/53/817 1569/53/817 1579/53/817 1587/53/817
f 1585/53/817 1575/53/817 1569/53/817 1584/53/817
f 1583/53/817 1571/53/817 1575/53/817 1585/53/817
f 1588/53/817 1577/53/817 1571/53/817 1583/53/817
f 1582/53/817 1567/53/817 1577/53/817 1588/53/817
f 1581/53/817 1565/53/817 1573/53/817 1586/53/817
f 1586/53/817 1573/53/817 1567/53/817 1582/53/817
f 1553/52/842 1557/35/842 1591/182/842 1589/183/842
f 1547/27/811 1555/30/811 1592/186/811 1595/187/811
f 1551/36/812 1561/31/812 1593/180/812 1590/181/812
f 1549/47/810 1559/49/810 1594/184/810 1580/185/810
f 1572/30/843 1592/186/843 1580/185/843 1566/47/843
f 1576/53/211 1566/53/211 1580/53/211 1594/53/211
f 1572/53/211 1564/53/211 1595/53/211 1592/53/211
f 1564/53/211 1578/53/211 1593/53/211 1595/53/211
f 1578/53/211 1568/53/211 1590/53/211 1593/53/211
f 1568/53/211 1574/53/211 1591/53/211 1590/53/211
f 1550/46/211 1556/29/211 1548/28/211 1596/53/211
f 1548/28/211 1562/32/211 1552/37/211 1596/53/211
f 1554/43/211 1560/48/211 1550/46/211 1596/53/211
f 1558/42/211 1554/43/211 1596/53/211 1552/37/211
f 1996/304/1073 1986/29/1073 1981/46/1073 1990/305/1073
f 1994/306/1074 1984/48/1074 1983/43/1074 1991/307/1074
f 1995/308/1075 1987/42/1075 1982/37/1075 1992/309/1075
f 1993/310/1076 1985/32/1076 1980/33/1076 1989/311/1076
f 1988/38/357 1986/39/357 1980/40/357 1985/41/357
f 1987/42/357 1988/38/357 1985/41/357 1982/37/357
f 1992/309/1077 1982/37/1077 1985/32/1077 1993/310/1077
f 1990/305/1078 1981/46/1078 1984/48/1078 1994/306/1078
f 1983/43/357 1984/44/357 1988/38/357 1987/42/357
f 1984/44/357 1981/45/357 1986/39/357 1988/38/357
f 1991/307/1079 1983/43/1079 1987/42/1079 1995/308/1079
f 1989/312/1080 1980/28/1080 1986/29/1080 1996/304/1080
f 1991/307/359 1995/308/359 1997/53/359 1994/306/359
f 1993/310/359 1997/53/359 1995/308/359 1992/309/359
f 1994/306/359 1997/53/359 1996/304/359 1990/305/359
f 1996/304/359 1997/53/359 1993/310/359 1989/311/359
f 2014/304/1073 2004/29/1073 1999/46/1073 2008/305/1073
f 2012/306/1081 2002/48/1081 2001/43/1081 2009/307/1081
f 2013/308/1075 2005/42/1075 2000/37/1075 2010/309/1075
f 2011/310/1082 2003/32/1082 1998/33/1082 2007/311/1082
f 2006/38/357 2004/39/357 1998/40/357 2003/41/357
f 2005/42/357 2006/38/357 2003/41/357 2000/37/357
f 2010/309/1083 2000/37/1083 2003/32/1083 2011/310/1083
f 2008/305/1084 1999/46/1084 2002/48/1084 2012/306/1084
f 2001/43/357 2002/44/357 2006/38/357 2005/42/357
f 2002/44/357 1999/45/357 2004/39/357 2006/38/357
f 2009/307/1079 2001/43/1079 2005/42/1079 2013/308/1079
f 2007/312/1080 1998/28/1080 2004/29/1080 2014/304/1080
f 2009/307/359 2013/308/359 2015/53/359 2012/306/359
f 2011/310/359 2015/53/359 2013/308/359 2010/309/359
f 2012/306/359 2015/53/359 2014/304/359 2008/305/359
f 2014/304/359 2015/53/359 2011/310/359 2007/311/359
usemtl Material
f 351/30/179 348/47/179 357/47/179 360/30/179
f 523/54/180 353/29/180 347/46/180 525/55/180
f 352/42/181 343/43/181 345/43/181 363/42/181
f 522/56/182 349/48/182 343/43/182 527/57/182
f 527/57/183 343/43/183 352/42/183 545/58/183
f 525/55/184 347/46/184 349/48/184 522/56/184
f 347/46/185 353/29/185 364/29/185 361/46/185
f 350/49/186 344/52/186 359/52/186 355/49/186
f 348/47/187 350/49/187 355/49/187 357/47/187
f 344/52/188 354/35/188 358/35/188 359/52/188
f 343/43/189 349/48/189 362/48/189 345/43/189
f 349/48/190 347/46/190 361/46/190 362/48/190
f 345/43/191 362/48/191 367/48/191 365/43/191
f 363/42/192 345/43/192 365/43/192 368/42/192
f 362/48/193 361/46/193 366/46/193 367/48/193
f 361/46/194 364/29/194 369/29/194 366/46/194
f 367/48/195 366/46/195 371/46/195 372/48/195
f 366/46/196 369/29/196 374/29/196 371/46/196
f 368/42/197 365/43/197 370/43/197 373/42/197
f 365/43/198 367/48/198 372/48/198 370/43/198
f 372/48/199 371/46/199 376/46/199 377/48/199
f 371/46/200 374/29/200 379/29/200 376/46/200
f 373/42/201 370/43/201 375/43/201 378/42/201
f 370/43/202 372/48/202 377/48/202 375/43/202
f 357/47/203 355/49/203 356/49/203 346/47/203
f 355/49/204 359/52/204 381/52/204 356/49/204
f 359/52/205 358/35/205 380/35/205 381/52/205
f 360/30/206 357/47/206 346/47/206 382/30/206
f 382/30/207 346/47/207 383/47/207 387/30/207
f 356/49/208 381/52/208 386/52/208 384/49/208
f 346/47/209 356/49/209 384/49/209 383/47/209
f 381/52/210 380/35/210 385/35/210 386/52/210
f 386/52/211 385/35/211 390/35/211 391/52/211
f 383/47/211 384/49/211 389/49/211 388/47/211
f 384/49/211 386/52/211 391/52/211 389/49/211
f 387/30/211 383/47/211 388/47/211 392/30/211
f 391/52/212 390/35/212 395/35/212 396/52/212
f 388/47/213 389/49/213 394/49/213 393/47/213
f 389/49/214 391/52/214 396/52/214 394/49/214
f 392/30/215 388/47/215 393/47/215 397/30/215
f 403/49/216 404/59/216 401/52/216 399/49/216
f 405/30/217 406/60/217 398/47/217 402/30/217
f 404/59/218 407/35/218 400/35/218 401/52/218
f 406/60/219 403/49/219 399/49/219 398/47/219
f 393/47/220 394/49/220 403/49/220 406/60/220
f 396/52/221 395/35/221 407/35/221 404/59/221
f 397/30/222 393/47/222 406/60/222 405/30/222
f 394/49/223 396/52/223 404/59/223 403/49/223
f 399/49/224 401/52/224 411/52/224 409/49/224
f 402/30/225 398/47/225 408/47/225 412/30/225
f 401/52/226 400/35/226 410/35/226 411/52/226
f 398/47/227 399/49/227 409/49/227 408/47/227
f 409/49/228 411/52/228 416/52/228 414/49/228
f 412/30/229 408/47/229 413/47/229 417/30/229
f 411/52/230 410/35/230 415/35/230 416/52/230
f 408/47/231 409/49/231 414/49/231 413/47/231
f 413/47/232 414/49/232 419/49/232 418/47/232
f 414/49/233 416/52/233 421/52/233 419/49/233
f 417/30/234 413/47/234 418/47/234 422/30/234
f 416/52/235 415/35/235 420/35/235 421/52/235
f 421/52/236 420/35/236 425/35/236 426/52/236
f 418/47/237 419/49/237 424/49/237 423/47/237
f 419/49/238 421/52/238 426/52/238 424/49/238
f 422/30/239 418/47/239 423/47/239 427/30/239
f 424/49/240 426/52/240 431/52/240 429/49/240
f 427/30/241 423/47/241 428/47/241 432/30/241
f 426/52/242 425/35/242 430/35/242 431/52/242
f 423/47/243 424/49/243 429/49/243 428/47/243
f 431/52/244 430/35/244 435/35/244 436/52/244
f 428/47/227 429/49/227 434/49/227 433/47/227
f 429/49/224 431/52/224 436/52/224 434/49/224
f 432/30/245 428/47/245 433/47/245 437/30/245
f 434/49/246 436/52/246 441/52/246 439/49/246
f 437/30/247 433/47/247 438/47/247 442/30/247
f 436/52/248 435/35/248 440/35/248 441/52/248
f 433/47/249 434/49/249 439/49/249 438/47/249
f 439/49/250 441/52/250 446/52/250 444/49/250
f 442/30/251 438/47/251 443/47/251 447/30/251
f 441/52/252 440/35/252 445/35/252 446/52/252
f 438/47/253 439/49/253 444/49/253 443/47/253
f 444/49/254 446/52/254 451/52/254 449/49/254
f 447/30/255 443/47/255 448/47/255 452/30/255
f 446/52/256 445/35/256 450/35/256 451/52/256
f 443/47/257 444/49/257 449/49/257 448/47/257
f 449/49/258 451/52/258 454/53/258 453/53/258
f 448/47/259 449/49/259 453/53/259 455/53/259
f 451/52/260 450/35/260 554/61/260 454/53/260
f 452/30/261 448/47/261 455/53/261 553/62/261
f 351/30/262 360/30/262 466/47/262 461/47/262
f 523/54/263 526/55/263 460/46/263 353/29/263
f 352/42/264 363/42/264 458/43/264 456/43/264
f 524/56/265 547/57/265 456/43/265 462/48/265
f 547/57/266 545/58/266 352/42/266 456/43/266
f 526/55/267 524/56/267 462/48/267 460/46/267
f 460/46/268 468/46/268 364/29/268 353/29/268
f 463/49/269 464/49/269 467/52/269 457/52/269
f 461/47/270 466/47/270 464/49/270 463/49/270
f 457/52/271 467/52/271 358/35/271 354/35/271
f 456/43/272 458/43/272 469/48/272 462/48/272
f 462/48/273 469/48/273 468/46/273 460/46/273
f 458/43/274 470/43/274 472/48/274 469/48/274
f 363/42/275 368/42/275 470/43/275 458/43/275
f 469/48/276 472/48/276 471/46/276 468/46/276
f 468/46/277 471/46/277 369/29/277 364/29/277
f 472/48/278 475/48/278 474/46/278 471/46/278
f 471/46/279 474/46/279 374/29/279 369/29/279
f 368/42/280 373/42/280 473/43/280 470/43/280
f 470/43/281 473/43/281 475/48/281 472/48/281
f 475/48/282 478/48/282 477/46/282 474/46/282
f 474/46/283 477/46/283 379/29/283 374/29/283
f 373/42/284 378/42/284 476/43/284 473/43/284
f 473/43/285 476/43/285 478/48/285 475/48/285
f 466/47/286 459/47/286 465/49/286 464/49/286
f 464/49/287 465/49/287 479/52/287 467/52/287
f 467/52/288 479/52/288 380/35/288 358/35/288
f 360/30/289 382/30/289 459/47/289 466/47/289
f 382/30/290 387/30/290 480/47/290 459/47/290
f 465/49/291 481/49/291 482/52/291 479/52/291
f 459/47/292 480/47/292 481/49/292 465/49/292
f 479/52/293 482/52/293 385/35/293 380/35/293
f 482/52/211 485/52/211 390/35/211 385/35/211
f 480/47/211 483/47/211 484/49/211 481/49/211
f 481/49/211 484/49/211 485/52/211 482/52/211
f 387/30/211 392/30/211 483/47/211 480/47/211
f 485/52/294 488/52/294 395/35/294 390/35/294
f 483/47/295 486/47/295 487/49/295 484/49/295
f 484/49/296 487/49/296 488/52/296 485/52/296
f 392/30/297 397/30/297 486/47/297 483/47/297
f 492/49/298 490/49/298 491/52/298 493/59/298
f 405/30/299 402/30/299 489/47/299 494/60/299
f 493/59/300 491/52/300 400/35/300 407/35/300
f 494/60/301 489/47/301 490/49/301 492/49/301
f 486/47/302 494/60/302 492/49/302 487/49/302
f 488/52/303 493/59/303 407/35/303 395/35/303
f 397/30/304 405/30/304 494/60/304 486/47/304
f 487/49/305 492/49/305 493/59/305 488/52/305
f 490/49/306 496/49/306 497/52/306 491/52/306
f 402/30/307 412/30/307 495/47/307 489/47/307
f 491/52/308 497/52/308 410/35/308 400/35/308
f 489/47/309 495/47/309 496/49/309 490/49/309
f 496/49/310 499/49/310 500/52/310 497/52/310
f 412/30/311 417/30/311 498/47/311 495/47/311
f 497/52/312 500/52/312 415/35/312 410/35/312
f 495/47/313 498/47/313 499/49/313 496/49/313
f 498/47/314 501/47/314 502/49/314 499/49/314
f 499/49/315 502/49/315 503/52/315 500/52/315
f 417/30/316 422/30/316 501/47/316 498/47/316
f 500/52/317 503/52/317 420/35/317 415/35/317
f 503/52/318 506/52/318 425/35/318 420/35/318
f 501/47/319 504/47/319 505/49/319 502/49/319
f 502/49/320 505/49/320 506/52/320 503/52/320
f 422/30/321 427/30/321 504/47/321 501/47/321
f 505/49/322 508/49/322 509/52/322 506/52/322
f 427/30/323 432/30/323 507/47/323 504/47/323
f 506/52/324 509/52/324 430/35/324 425/35/324
f 504/47/325 507/47/325 508/49/325 505/49/325
f 509/52/326 512/52/326 435/35/326 430/35/326
f 507/47/309 510/47/309 511/49/309 508/49/309
f 508/49/306 511/49/306 512/52/306 509/52/306
f 432/30/327 437/30/327 510/47/327 507/47/327
f 511/49/328 514/49/328 515/52/328 512/52/328
f 437/30/329 442/30/329 513/47/329 510/47/329
f 512/52/330 515/52/330 440/35/330 435/35/330
f 510/47/331 513/47/331 514/49/331 511/49/331
f 514/49/332 517/49/332 518/52/332 515/52/332
f 442/30/333 447/30/333 516/47/333 513/47/333
f 515/52/334 518/52/334 445/35/334 440/35/334
f 513/47/335 516/47/335 517/49/335 514/49/335
f 517/49/336 520/49/336 521/52/336 518/52/336
f 447/30/337 452/30/337 519/47/337 516/47/337
f 518/52/338 521/52/338 450/35/338 445/35/338
f 516/47/339 519/47/339 520/49/339 517/49/339
f 520/49/340 453/53/340 454/53/340 521/52/340
f 519/47/259 455/53/259 453/53/259 520/49/259
f 521/52/341 454/53/341 554/61/341 450/35/341
f 452/30/342 553/62/342 455/53/342 519/47/342
f 351/30/343 550/63/343 551/64/343 348/47/343
f 350/49/182 552/65/182 549/66/182 344/52/182
f 523/21/344 525/19/344 528/19/344 530/21/344
f 526/19/345 523/21/345 530/21/345 529/19/345
f 534/6/346 539/53/346 538/53/346 533/6/346
f 536/6/347 535/6/347 538/53/347 539/53/347
f 534/6/348 531/6/348 537/53/348 539/53/348
f 536/6/349 539/53/349 537/53/349 532/6/349
f 537/53/350 531/6/350 540/6/350 542/53/350
f 532/6/351 537/53/351 542/53/351 541/6/351
f 528/6/352 533/6/352 538/53/352 530/53/352
f 530/53/353 538/53/353 535/6/353 529/6/353
f 344/52/183 549/66/183 544/67/183 354/35/183
f 348/47/354 551/64/354 552/65/354 350/49/354
f 351/30/355 461/47/355 546/68/355 550/63/355
f 463/49/265 457/52/265 543/66/265 548/69/265
f 457/52/266 354/35/266 544/67/266 543/66/266
f 461/47/356 463/49/356 548/69/356 546/68/356
f 588/70/357 580/71/357 558/46/357 566/72/357
f 566/72/358 558/46/358 562/43/358 569/73/358
f 585/74/359 582/75/359 560/37/359 572/76/359
f 572/76/360 560/37/360 556/33/360 565/77/360
f 557/47/361 561/52/361 578/52/361 576/47/361
f 582/75/362 580/39/362 556/40/362 560/37/362
f 559/36/363 574/78/363 563/79/363 555/34/363
f 574/78/364 573/80/364 564/4/364 563/79/364
f 573/80/365 572/76/365 565/77/365 564/4/365
f 581/81/359 583/82/359 574/78/359 559/36/359
f 583/82/359 584/83/359 573/80/359 574/78/359
f 584/83/359 585/74/359 572/76/359 573/80/359
f 557/47/366 568/84/366 571/85/366 561/52/366
f 568/84/367 567/86/367 570/87/367 571/85/367
f 567/86/368 566/72/368 569/73/368 570/87/368
f 579/30/357 586/88/357 568/84/357 557/47/357
f 586/88/357 587/89/357 567/86/357 568/84/357
f 587/89/357 588/70/357 566/72/357 567/86/357
f 579/30/357 557/47/357 576/47/357 589/30/357
f 581/81/359 559/36/359 577/36/359 590/35/359
f 559/36/369 555/34/369 575/34/369 577/36/369
f 561/52/359 581/81/359 590/35/359 578/52/359
f 555/27/357 579/30/357 589/30/357 575/27/357
f 564/90/357 565/91/357 588/70/357 587/89/357
f 563/92/357 564/90/357 587/89/357 586/88/357
f 555/27/357 563/92/357 586/88/357 579/30/357
f 570/87/359 569/73/359 585/74/359 584/83/359
f 571/85/359 570/87/359 584/83/359 583/82/359
f 561/52/359 571/85/359 583/82/359 581/81/359
f 562/43/370 558/45/370 580/39/370 582/75/370
f 569/73/359 562/43/359 582/75/359 585/74/359
f 565/91/357 556/28/357 580/71/357 588/70/357
f 642/70/357 620/72/357 612/46/357 634/71/357
f 620/72/379 623/73/379 616/43/379 612/46/379
f 639/74/359 626/76/359 614/37/359 636/75/359
f 626/76/380 619/77/380 610/33/380 614/37/380
f 611/47/381 630/47/381 632/52/381 615/52/381
f 636/75/382 614/37/382 610/40/382 634/39/382
f 613/36/383 609/34/383 617/79/383 628/78/383
f 628/78/384 617/79/384 618/4/384 627/80/384
f 627/80/385 618/4/385 619/77/385 626/76/385
f 635/81/359 613/36/359 628/78/359 637/82/359
f 637/82/359 628/78/359 627/80/359 638/83/359
f 638/83/359 627/80/359 626/76/359 639/74/359
f 611/47/386 615/52/386 625/85/386 622/84/386
f 622/84/387 625/85/387 624/87/387 621/86/387
f 621/86/388 624/87/388 623/73/388 620/72/388
f 633/30/357 611/47/357 622/84/357 640/88/357
f 640/88/357 622/84/357 621/86/357 641/89/357
f 641/89/357 621/86/357 620/72/357 642/70/357
f 633/30/357 643/30/357 630/47/357 611/47/357
f 635/81/359 644/35/359 631/36/359 613/36/359
f 613/36/389 631/36/389 629/34/389 609/34/389
f 615/52/359 632/52/359 644/35/359 635/81/359
f 609/27/357 629/27/357 643/30/357 633/30/357
f 618/90/357 641/89/357 642/70/357 619/91/357
f 617/92/357 640/88/357 641/89/357 618/90/357
f 609/27/357 633/30/357 640/88/357 617/92/357
f 624/87/359 638/83/359 639/74/359 623/73/359
f 625/85/359 637/82/359 638/83/359 624/87/359
f 615/52/359 635/81/359 637/82/359 625/85/359
f 616/43/390 636/75/390 634/39/390 612/45/390
f 623/73/359 639/74/359 636/75/359 616/43/359
f 619/91/357 642/70/357 634/71/357 610/28/357
f 714/70/408 692/72/408 684/46/408 706/71/408
f 692/72/409 695/73/409 688/43/409 684/46/409
f 711/74/407 698/76/407 686/37/407 708/75/407
f 698/76/410 691/77/410 682/33/410 686/37/410
f 683/47/411 702/47/411 704/52/411 687/52/411
f 708/75/412 686/37/412 682/40/412 706/39/412
f 685/36/413 681/34/413 689/79/413 700/78/413
f 700/78/414 689/79/414 690/4/414 699/80/414
f 699/80/415 690/4/415 691/77/415 698/76/415
f 707/81/416 685/36/416 700/78/416 709/82/416
f 709/82/417 700/78/417 699/80/417 710/83/417
f 710/83/407 699/80/407 698/76/407 711/74/407
f 683/47/418 687/52/418 697/85/418 694/84/418
f 694/84/419 697/85/419 696/87/419 693/86/419
f 693/86/420 696/87/420 695/73/420 692/72/420
f 705/30/421 683/47/421 694/84/421 712/88/421
f 712/88/422 694/84/422 693/86/422 713/89/422
f 713/89/408 693/86/408 692/72/408 714/70/408
f 705/30/423 715/30/423 702/47/423 683/47/423
f 707/81/424 716/35/424 703/36/424 685/36/424
f 685/36/425 703/36/425 701/34/425 681/34/425
f 687/52/426 704/52/426 716/35/426 707/81/426
f 681/27/427 701/27/427 715/30/427 705/30/427
f 690/90/408 713/89/408 714/70/408 691/91/408
f 689/92/428 712/88/428 713/89/428 690/90/428
f 681/27/429 705/30/429 712/88/429 689/92/429
f 696/87/407 710/83/407 711/74/407 695/73/407
f 697/85/430 709/82/430 710/83/430 696/87/430
f 687/52/431 707/81/431 709/82/431 697/85/431
f 688/43/432 708/75/432 706/39/432 684/45/432
f 695/73/407 711/74/407 708/75/407 688/43/407
f 691/91/408 714/70/408 706/71/408 682/28/408
f 750/70/433 742/71/433 720/46/433 728/72/433
f 728/72/434 720/46/434 724/43/434 731/73/434
f 747/74/435 744/75/435 722/37/435 734/76/435
f 734/76/436 722/37/436 718/33/436 727/77/436
f 719/47/437 723/52/437 740/52/437 738/47/437
f 744/75/438 742/39/438 718/40/438 722/37/438
f 721/36/439 736/78/439 725/79/439 717/34/439
f 736/78/440 735/80/440 726/4/440 725/79/440
f 735/80/441 734/76/441 727/77/441 726/4/441
f 743/81/442 745/82/442 736/78/442 721/36/442
f 745/82/443 746/83/443 735/80/443 736/78/443
f 746/83/435 747/74/435 734/76/435 735/80/435
f 719/47/444 730/84/444 733/85/444 723/52/444
f 730/84/445 729/86/445 732/87/445 733/85/445
f 729/86/446 728/72/446 731/73/446 732/87/446
f 741/30/447 748/88/447 730/84/447 719/47/447
f 748/88/448 749/89/448 729/86/448 730/84/448
f 749/89/433 750/70/433 728/72/433 729/86/433
f 741/30/449 719/47/449 738/47/449 751/30/449
f 743/81/450 721/36/450 739/36/450 752/35/450
f 721/36/451 717/34/451 737/34/451 739/36/451
f 723/52/452 743/81/452 752/35/452 740/52/452
f 717/27/453 741/30/453 751/30/453 737/27/453
f 726/90/433 727/91/433 750/70/433 749/89/433
f 725/92/454 726/90/454 749/89/454 748/88/454
f 717/27/455 725/92/455 748/88/455 741/30/455
f 732/87/435 731/73/435 747/74/435 746/83/435
f 733/85/456 732/87/456 746/83/456 745/82/456
f 723/52/457 733/85/457 745/82/457 743/81/457
f 724/43/458 720/45/458 742/39/458 744/75/458
f 731/73/435 724/43/435 744/75/435 747/74/435
f 727/91/433 718/28/433 742/71/433 750/70/433
f 804/70/467 796/71/467 774/46/467 782/72/467
f 782/72/468 774/46/468 778/43/468 785/73/468
f 801/74/469 798/75/469 776/37/469 788/76/469
f 788/76/470 776/37/470 772/33/470 781/77/470
f 773/47/471 777/52/471 794/52/471 792/47/471
f 798/75/472 796/39/472 772/40/472 776/37/472
f 775/36/473 790/78/473 779/79/473 771/34/473
f 790/78/474 789/80/474 780/4/474 779/79/474
f 789/80/475 788/76/475 781/77/475 780/4/475
f 797/81/476 799/82/476 790/78/476 775/36/476
f 799/82/477 800/83/477 789/80/477 790/78/477
f 800/83/469 801/74/469 788/76/469 789/80/469
f 773/47/478 784/84/478 787/85/478 777/52/478
f 784/84/479 783/86/479 786/87/479 787/85/479
f 783/86/480 782/72/480 785/73/480 786/87/480
f 795/30/481 802/88/481 784/84/481 773/47/481
f 802/88/482 803/89/482 783/86/482 784/84/482
f 803/89/467 804/70/467 782/72/467 783/86/467
f 795/30/483 773/47/483 792/47/483 805/30/483
f 797/81/484 775/36/484 793/36/484 806/35/484
f 775/36/485 771/34/485 791/34/485 793/36/485
f 777/52/486 797/81/486 806/35/486 794/52/486
f 771/27/487 795/30/487 805/30/487 791/27/487
f 780/90/467 781/91/467 804/70/467 803/89/467
f 779/92/488 780/90/488 803/89/488 802/88/488
f 771/27/489 779/92/489 802/88/489 795/30/489
f 786/87/469 785/73/469 801/74/469 800/83/469
f 787/85/490 786/87/490 800/83/490 799/82/490
f 777/52/491 787/85/491 799/82/491 797/81/491
f 778/43/492 774/45/492 796/39/492 798/75/492
f 785/73/469 778/43/469 798/75/469 801/74/469
f 781/91/467 772/28/467 796/71/467 804/70/467
f 876/70/510 854/72/510 846/46/510 868/71/510
f 854/72/511 857/73/511 850/43/511 846/46/511
f 873/74/509 860/76/509 848/37/509 870/75/509
f 860/76/512 853/77/512 844/33/512 848/37/512
f 845/47/513 864/47/513 866/52/513 849/52/513
f 870/75/514 848/37/514 844/40/514 868/39/514
f 847/36/515 843/34/515 851/79/515 862/78/515
f 862/78/516 851/79/516 852/4/516 861/80/516
f 861/80/517 852/4/517 853/77/517 860/76/517
f 869/81/518 847/36/518 862/78/518 871/82/518
f 871/82/519 862/78/519 861/80/519 872/83/519
f 872/83/509 861/80/509 860/76/509 873/74/509
f 845/47/520 849/52/520 859/85/520 856/84/520
f 856/84/521 859/85/521 858/87/521 855/86/521
f 855/86/522 858/87/522 857/73/522 854/72/522
f 867/30/523 845/47/523 856/84/523 874/88/523
f 874/88/524 856/84/524 855/86/524 875/89/524
f 875/89/510 855/86/510 854/72/510 876/70/510
f 867/30/525 877/30/525 864/47/525 845/47/525
f 869/81/526 878/35/526 865/36/526 847/36/526
f 847/36/527 865/36/527 863/34/527 843/34/527
f 849/52/528 866/52/528 878/35/528 869/81/528
f 843/27/529 863/27/529 877/30/529 867/30/529
f 852/90/510 875/89/510 876/70/510 853/91/510
f 851/92/530 874/88/530 875/89/530 852/90/530
f 843/27/531 867/30/531 874/88/531 851/92/531
f 858/87/509 872/83/509 873/74/509 857/73/509
f 859/85/532 871/82/532 872/83/532 858/87/532
f 849/52/533 869/81/533 871/82/533 859/85/533
f 850/43/534 870/75/534 868/39/534 846/45/534
f 857/73/509 873/74/509 870/75/509 850/43/509
f 853/91/510 876/70/510 868/71/510 844/28/510
f 888/115/535 889/22/535 886/43/535 882/46/535
f 881/47/536 885/52/536 889/22/536 888/115/536
f 911/1/537 909/4/537 910/33/537 914/37/537
f 912/36/538 913/34/538 909/4/538 911/1/538
f 926/116/357 925/117/357 918/118/357 917/119/357
f 922/120/359 921/121/359 916/122/359 915/123/359
f 920/124/539 919/125/539 924/126/539 923/127/539
f 915/123/540 916/122/540 917/128/540 918/129/540
f 923/127/359 924/126/359 921/121/359 922/120/359
f 919/130/357 920/131/357 925/117/357 926/116/357
f 938/132/357 937/133/357 928/134/357 927/135/357
f 936/136/359 935/137/359 932/138/359 931/139/359
f 930/140/539 929/141/539 934/142/539 933/143/539
f 931/139/541 932/138/541 927/144/541 928/145/541
f 933/143/359 934/142/359 935/137/359 936/136/359
f 929/146/357 930/147/357 937/133/357 938/132/357
f 895/50/542 917/128/542 916/122/542 894/52/542
f 894/52/359 916/122/359 921/121/359 893/22/359
f 918/129/543 897/26/543 899/36/543 915/123/543
f 915/123/359 899/36/359 902/1/359 922/120/359
f 897/27/357 918/118/357 925/117/357 901/90/357
f 917/119/357 895/47/357 891/115/357 926/116/357
f 896/43/544 924/126/544 919/125/544 892/45/544
f 901/90/357 925/117/357 920/131/357 898/28/357
f 926/116/357 891/115/357 892/46/357 919/130/357
f 923/127/545 900/37/545 898/40/545 920/124/545
f 893/22/359 921/121/359 924/126/359 896/43/359
f 922/120/359 902/1/359 900/37/359 923/127/359
f 879/27/357 928/134/357 937/133/357 887/90/357
f 881/50/546 927/144/546 932/138/546 885/52/546
f 927/135/357 881/47/357 888/115/357 938/132/357
f 928/145/547 879/26/547 883/36/547 931/139/547
f 886/43/548 934/142/548 929/141/548 882/45/548
f 887/90/357 937/133/357 930/147/357 880/28/357
f 938/132/357 888/115/357 882/46/357 929/146/357
f 933/143/549 884/37/549 880/40/549 930/140/549
f 885/52/359 932/138/359 935/137/359 889/22/359
f 931/139/359 883/36/359 890/1/359 936/136/359
f 889/22/359 935/137/359 934/142/359 886/43/359
f 936/136/359 890/1/359 884/37/359 933/143/359
f 950/148/550 949/148/550 944/28/550 943/28/550
f 946/36/551 945/36/551 948/26/551 947/26/551
f 947/27/552 948/27/552 949/148/552 950/148/552
f 942/1/553 941/1/553 945/36/553 946/36/553
f 940/37/554 939/37/554 941/1/554 942/1/554
f 943/40/555 944/40/555 939/37/555 940/37/555
f 942/1/556 911/1/556 914/37/556 940/37/556
f 908/37/557 939/37/557 944/40/557 904/40/557
f 905/1/558 941/1/558 939/37/558 908/37/558
f 940/37/559 914/37/559 910/40/559 943/40/559
f 946/36/560 912/36/560 911/1/560 942/1/560
f 906/36/561 945/36/561 941/1/561 905/1/561
f 943/28/562 910/28/562 909/90/562 950/148/562
f 904/28/563 944/28/563 949/148/563 903/90/563
f 947/26/564 913/26/564 912/36/564 946/36/564
f 907/26/565 948/26/565 945/36/565 906/36/565
f 903/90/566 949/148/566 948/27/566 907/27/566
f 950/148/567 909/90/567 913/27/567 947/27/567
f 962/149/359 961/149/359 958/36/359 957/36/359
f 956/40/568 955/40/568 960/150/568 959/150/568
f 959/150/359 960/150/359 961/149/359 962/149/359
f 957/36/569 958/36/569 952/26/569 951/26/569
f 951/27/357 952/27/357 954/148/357 953/148/357
f 953/148/357 954/148/357 955/28/357 956/28/357
f 974/151/359 973/149/359 970/36/359 969/36/359
f 968/40/570 967/40/570 972/150/570 971/150/570
f 971/150/359 972/150/359 973/149/359 974/151/359
f 969/36/571 970/36/571 964/26/571 963/26/571
f 963/27/357 964/27/357 966/148/357 965/148/357
f 965/148/357 966/148/357 967/28/357 968/28/357
f 951/26/572 895/26/572 894/36/572 957/36/572
f 887/90/357 954/148/357 952/27/357 879/27/357
f 953/148/357 891/90/357 895/27/357 951/27/357
f 879/26/573 952/26/573 958/36/573 883/36/573
f 880/28/357 955/28/357 954/148/357 887/90/357
f 956/28/357 892/28/357 891/90/357 953/148/357
f 959/150/574 896/37/574 892/40/574 956/40/574
f 884/37/575 960/150/575 955/40/575 880/40/575
f 957/36/359 894/36/359 893/1/359 962/149/359
f 883/36/359 958/36/359 961/149/359 890/1/359
f 890/1/359 961/149/359 960/150/359 884/37/359
f 962/149/359 893/1/359 896/37/359 959/150/359
f 963/26/576 907/26/576 906/36/576 969/36/576
f 901/90/357 966/148/357 964/27/357 897/27/357
f 965/148/357 903/90/357 907/27/357 963/27/357
f 897/26/577 964/26/577 970/36/577 899/36/577
f 898/28/357 967/28/357 966/148/357 901/90/357
f 968/28/357 904/28/357 903/90/357 965/148/357
f 971/150/578 908/37/578 904/40/578 968/40/578
f 900/37/579 972/150/579 967/40/579 898/40/579
f 969/36/359 906/36/359 905/1/359 974/151/359
f 899/36/359 970/36/359 973/149/359 902/1/359
f 902/1/359 973/149/359 972/150/359 900/37/359
f 974/151/359 905/1/359 908/37/359 971/150/359
f 984/115/580 985/22/580 982/43/580 978/46/580
f 977/47/581 981/52/581 985/22/581 984/115/581
f 1007/1/582 1005/4/582 1006/33/582 1010/37/582
f 1008/36/583 1009/34/583 1005/4/583 1007/1/583
f 1022/116/584 1021/117/584 1014/118/584 1013/119/584
f 1018/120/585 1017/121/585 1012/122/585 1011/123/585
f 1016/124/586 1015/125/586 1020/126/586 1019/127/586
f 1011/123/587 1012/122/587 1013/128/587 1014/129/587
f 1019/127/585 1020/126/585 1017/121/585 1018/120/585
f 1015/130/584 1016/131/584 1021/117/584 1022/116/584
f 1034/132/584 1033/133/584 1024/134/584 1023/135/584
f 1032/136/585 1031/137/585 1028/138/585 1027/139/585
f 1026/140/586 1025/141/586 1030/142/586 1029/143/586
f 1027/139/587 1028/138/587 1023/144/587 1024/145/587
f 1029/143/585 1030/142/585 1031/137/585 1032/136/585
f 1025/146/584 1026/147/584 1033/133/584 1034/132/584
f 991/50/588 1013/128/588 1012/122/588 990/52/588
f 990/52/585 1012/122/585 1017/121/585 989/22/585
f 1014/129/589 993/26/589 995/36/589 1011/123/589
f 1011/123/585 995/36/585 998/1/585 1018/120/585
f 993/27/584 1014/118/584 1021/117/584 997/90/584
f 1013/119/584 991/47/584 987/115/584 1022/116/584
f 992/43/590 1020/126/590 1015/125/590 988/45/590
f 997/90/584 1021/117/584 1016/131/584 994/28/584
f 1022/116/584 987/115/584 988/46/584 1015/130/584
f 1019/127/591 996/37/591 994/40/591 1016/124/591
f 989/22/585 1017/121/585 1020/126/585 992/43/585
f 1018/120/585 998/1/585 996/37/585 1019/127/585
f 975/27/584 1024/134/584 1033/133/584 983/90/584
f 977/50/592 1023/144/592 1028/138/592 981/52/592
f 1023/135/584 977/47/584 984/115/584 1034/132/584
f 1024/145/593 975/26/593 979/36/593 1027/139/593
f 982/43/594 1030/142/594 1025/141/594 978/45/594
f 983/90/584 1033/133/584 1026/147/584 976/28/584
f 1034/132/584 984/115/584 978/46/584 1025/146/584
f 1029/143/595 980/37/595 976/40/595 1026/140/595
f 981/52/585 1028/138/585 1031/137/585 985/22/585
f 1027/139/585 979/36/585 986/1/585 1032/136/585
f 985/22/585 1031/137/585 1030/142/585 982/43/585
f 1032/136/585 986/1/585 980/37/585 1029/143/585
f 1046/148/596 1045/148/596 1040/28/596 1039/28/596
f 1042/36/597 1041/36/597 1044/26/597 1043/26/597
f 1043/27/598 1044/27/598 1045/148/598 1046/148/598
f 1038/1/599 1037/1/599 1041/36/599 1042/36/599
f 1036/37/600 1035/37/600 1037/1/600 1038/1/600
f 1039/40/601 1040/40/601 1035/37/601 1036/37/601
f 1038/1/602 1007/1/602 1010/37/602 1036/37/602
f 1004/37/603 1035/37/603 1040/40/603 1000/40/603
f 1001/1/604 1037/1/604 1035/37/604 1004/37/604
f 1036/37/605 1010/37/605 1006/40/605 1039/40/605
f 1042/36/606 1008/36/606 1007/1/606 1038/1/606
f 1002/36/607 1041/36/607 1037/1/607 1001/1/607
f 1039/28/608 1006/28/608 1005/90/608 1046/148/608
f 1000/28/609 1040/28/609 1045/148/609 999/90/609
f 1043/26/610 1009/26/610 1008/36/610 1042/36/610
f 1003/26/611 1044/26/611 1041/36/611 1002/36/611
f 999/90/612 1045/148/612 1044/27/612 1003/27/612
f 1046/148/613 1005/90/613 1009/27/613 1043/27/613
f 1058/149/585 1057/149/585 1054/36/585 1053/36/585
f 1052/40/614 1051/40/614 1056/150/614 1055/150/614
f 1055/150/585 1056/150/585 1057/149/585 1058/149/585
f 1053/36/615 1054/36/615 1048/26/615 1047/26/615
f 1047/27/584 1048/27/584 1050/148/584 1049/148/584
f 1049/148/584 1050/148/584 1051/28/584 1052/28/584
f 1070/151/585 1069/149/585 1066/36/585 1065/36/585
f 1064/40/616 1063/40/616 1068/150/616 1067/150/616
f 1067/150/585 1068/150/585 1069/149/585 1070/151/585
f 1065/36/617 1066/36/617 1060/26/617 1059/26/617
f 1059/27/584 1060/27/584 1062/148/584 1061/148/584
f 1061/148/584 1062/148/584 1063/28/584 1064/28/584
f 1047/26/618 991/26/618 990/36/618 1053/36/618
f 983/90/584 1050/148/584 1048/27/584 975/27/584
f 1049/148/584 987/90/584 991/27/584 1047/27/584
f 975/26/619 1048/26/619 1054/36/619 979/36/619
f 976/28/584 1051/28/584 1050/148/584 983/90/584
f 1052/28/584 988/28/584 987/90/584 1049/148/584
f 1055/150/620 992/37/620 988/40/620 1052/40/620
f 980/37/621 1056/150/621 1051/40/621 976/40/621
f 1053/36/585 990/36/585 989/1/585 1058/149/585
f 979/36/585 1054/36/585 1057/149/585 986/1/585
f 986/1/585 1057/149/585 1056/150/585 980/37/585
f 1058/149/585 989/1/585 992/37/585 1055/150/585
f 1059/26/622 1003/26/622 1002/36/622 1065/36/622
f 997/90/584 1062/148/584 1060/27/584 993/27/584
f 1061/148/584 999/90/584 1003/27/584 1059/27/584
f 993/26/623 1060/26/623 1066/36/623 995/36/623
f 994/28/584 1063/28/584 1062/148/584 997/90/584
f 1064/28/584 1000/28/584 999/90/584 1061/148/584
f 1067/150/624 1004/37/624 1000/40/624 1064/40/624
f 996/37/625 1068/150/625 1063/40/625 994/40/625
f 1065/36/585 1002/36/585 1001/1/585 1070/151/585
f 995/36/585 1066/36/585 1069/149/585 998/1/585
f 998/1/585 1069/149/585 1068/150/585 996/37/585
f 1070/151/585 1001/1/585 1004/37/585 1067/150/585
f 1080/115/626 1074/46/626 1078/43/626 1081/22/626
f 1073/47/627 1080/115/627 1081/22/627 1077/52/627
f 1103/1/628 1106/37/628 1102/33/628 1101/4/628
f 1104/36/629 1103/1/629 1101/4/629 1105/34/629
f 1118/116/630 1109/119/630 1110/118/630 1117/117/630
f 1114/120/631 1107/123/631 1108/122/631 1113/121/631
f 1112/124/632 1115/127/632 1116/126/632 1111/125/632
f 1107/123/633 1110/129/633 1109/128/633 1108/122/633
f 1115/127/631 1114/120/631 1113/121/631 1116/126/631
f 1111/130/630 1118/116/630 1117/117/630 1112/131/630
f 1130/132/630 1119/135/630 1120/134/630 1129/133/630
f 1128/136/631 1123/139/631 1124/138/631 1127/137/631
f 1122/140/632 1125/143/632 1126/142/632 1121/141/632
f 1123/139/633 1120/145/633 1119/144/633 1124/138/633
f 1125/143/631 1128/136/631 1127/137/631 1126/142/631
f 1121/146/630 1130/132/630 1129/133/630 1122/147/630
f 1087/50/634 1086/52/634 1108/122/634 1109/128/634
f 1086/52/631 1085/22/631 1113/121/631 1108/122/631
f 1110/129/635 1107/123/635 1091/36/635 1089/26/635
f 1107/123/631 1114/120/631 1094/1/631 1091/36/631
f 1089/27/630 1093/90/630 1117/117/630 1110/118/630
f 1109/119/630 1118/116/630 1083/115/630 1087/47/630
f 1088/43/636 1084/45/636 1111/125/636 1116/126/636
f 1093/90/630 1090/28/630 1112/131/630 1117/117/630
f 1118/116/630 1111/130/630 1084/46/630 1083/115/630
f 1115/127/637 1112/124/637 1090/40/637 1092/37/637
f 1085/22/631 1088/43/631 1116/126/631 1113/121/631
f 1114/120/631 1115/127/631 1092/37/631 1094/1/631
f 1071/27/630 1079/90/630 1129/133/630 1120/134/630
f 1073/50/638 1077/52/638 1124/138/638 1119/144/638
f 1119/135/630 1130/132/630 1080/115/630 1073/47/630
f 1120/145/639 1123/139/639 1075/36/639 1071/26/639
f 1078/43/640 1074/45/640 1121/141/640 1126/142/640
f 1079/90/630 1072/28/630 1122/147/630 1129/133/630
f 1130/132/630 1121/146/630 1074/46/630 1080/115/630
f 1125/143/641 1122/140/641 1072/40/641 1076/37/641
f 1077/52/631 1081/22/631 1127/137/631 1124/138/631
f 1123/139/631 1128/136/631 1082/1/631 1075/36/631
f 1081/22/631 1078/43/631 1126/142/631 1127/137/631
f 1128/136/631 1125/143/631 1076/37/631 1082/1/631
f 1142/148/642 1135/28/642 1136/28/642 1141/148/642
f 1138/36/643 1139/26/643 1140/26/643 1137/36/643
f 1139/27/644 1142/148/644 1141/148/644 1140/27/644
f 1134/1/645 1138/36/645 1137/36/645 1133/1/645
f 1132/37/646 1134/1/646 1133/1/646 1131/37/646
f 1135/40/647 1132/37/647 1131/37/647 1136/40/647
f 1134/1/648 1132/37/648 1106/37/648 1103/1/648
f 1100/37/649 1096/40/649 1136/40/649 1131/37/649
f 1097/1/650 1100/37/650 1131/37/650 1133/1/650
f 1132/37/651 1135/40/651 1102/40/651 1106/37/651
f 1138/36/652 1134/1/652 1103/1/652 1104/36/652
f 1098/36/653 1097/1/653 1133/1/653 1137/36/653
f 1135/28/654 1142/148/654 1101/90/654 1102/28/654
f 1096/28/655 1095/90/655 1141/148/655 1136/28/655
f 1139/26/656 1138/36/656 1104/36/656 1105/26/656
f 1099/26/657 1098/36/657 1137/36/657 1140/26/657
f 1095/90/658 1099/27/658 1140/27/658 1141/148/658
f 1142/148/659 1139/27/659 1105/27/659 1101/90/659
f 1154/149/631 1149/36/631 1150/36/631 1153/149/631
f 1148/40/660 1151/150/660 1152/150/660 1147/40/660
f 1151/150/631 1154/149/631 1153/149/631 1152/150/631
f 1149/36/661 1143/26/661 1144/26/661 1150/36/661
f 1143/27/630 1145/148/630 1146/148/630 1144/27/630
f 1145/148/630 1148/28/630 1147/28/630 1146/148/630
f 1166/151/631 1161/36/631 1162/36/631 1165/149/631
f 1160/40/662 1163/150/662 1164/150/662 1159/40/662
f 1163/150/631 1166/151/631 1165/149/631 1164/150/631
f 1161/36/663 1155/26/663 1156/26/663 1162/36/663
f 1155/27/630 1157/148/630 1158/148/630 1156/27/630
f 1157/148/630 1160/28/630 1159/28/630 1158/148/630
f 1143/26/664 1149/36/664 1086/36/664 1087/26/664
f 1079/90/630 1071/27/630 1144/27/630 1146/148/630
f 1145/148/630 1143/27/630 1087/27/630 1083/90/630
f 1071/26/665 1075/36/665 1150/36/665 1144/26/665
f 1072/28/630 1079/90/630 1146/148/630 1147/28/630
f 1148/28/630 1145/148/630 1083/90/630 1084/28/630
f 1151/150/666 1148/40/666 1084/40/666 1088/37/666
f 1076/37/667 1072/40/667 1147/40/667 1152/150/667
f 1149/36/631 1154/149/631 1085/1/631 1086/36/631
f 1075/36/631 1082/1/631 1153/149/631 1150/36/631
f 1082/1/631 1076/37/631 1152/150/631 1153/149/631
f 1154/149/631 1151/150/631 1088/37/631 1085/1/631
f 1155/26/668 1161/36/668 1098/36/668 1099/26/668
f 1093/90/630 1089/27/630 1156/27/630 1158/148/630
f 1157/148/630 1155/27/630 1099/27/630 1095/90/630
f 1089/26/669 1091/36/669 1162/36/669 1156/26/669
f 1090/28/630 1093/90/630 1158/148/630 1159/28/630
f 1160/28/630 1157/148/630 1095/90/630 1096/28/630
f 1163/150/670 1160/40/670 1096/40/670 1100/37/670
f 1092/37/671 1090/40/671 1159/40/671 1164/150/671
f 1161/36/631 1166/151/631 1097/1/631 1098/36/631
f 1091/36/631 1094/1/631 1165/149/631 1162/36/631
f 1094/1/631 1092/37/631 1164/150/631 1165/149/631
f 1166/151/631 1163/150/631 1100/37/631 1097/1/631
f 1176/115/672 1177/22/672 1174/43/672 1170/46/672
f 1169/47/673 1173/52/673 1177/22/673 1176/115/673
f 1199/1/674 1197/4/674 1198/33/674 1202/37/674
f 1200/36/675 1201/34/675 1197/4/675 1199/1/675
f 1214/116/676 1213/117/676 1206/118/676 1205/119/676
f 1210/120/677 1209/121/677 1204/122/677 1203/123/677
f 1208/124/678 1207/125/678 1212/126/678 1211/127/678
f 1203/123/679 1204/122/679 1205/128/679 1206/129/679
f 1211/127/677 1212/126/677 1209/121/677 1210/120/677
f 1207/130/676 1208/131/676 1213/117/676 1214/116/676
f 1226/132/676 1225/133/676 1216/134/676 1215/135/676
f 1224/136/677 1223/137/677 1220/138/677 1219/139/677
f 1218/140/678 1217/141/678 1222/142/678 1221/143/678
f 1219/139/679 1220/138/679 1215/144/679 1216/145/679
f 1221/143/677 1222/142/677 1223/137/677 1224/136/677
f 1217/146/676 1218/147/676 1225/133/676 1226/132/676
f 1183/50/680 1205/128/680 1204/122/680 1182/52/680
f 1182/52/677 1204/122/677 1209/121/677 1181/22/677
f 1206/129/681 1185/26/681 1187/36/681 1203/123/681
f 1203/123/677 1187/36/677 1190/1/677 1210/120/677
f 1185/27/676 1206/118/676 1213/117/676 1189/90/676
f 1205/119/676 1183/47/676 1179/115/676 1214/116/676
f 1184/43/682 1212/126/682 1207/125/682 1180/45/682
f 1189/90/676 1213/117/676 1208/131/676 1186/28/676
f 1214/116/676 1179/115/676 1180/46/676 1207/130/676
f 1211/127/683 1188/37/683 1186/40/683 1208/124/683
f 1181/22/677 1209/121/677 1212/126/677 1184/43/677
f 1210/120/677 1190/1/677 1188/37/677 1211/127/677
f 1167/27/676 1216/134/676 1225/133/676 1175/90/676
f 1169/50/684 1215/144/684 1220/138/684 1173/52/684
f 1215/135/676 1169/47/676 1176/115/676 1226/132/676
f 1216/145/685 1167/26/685 1171/36/685 1219/139/685
f 1174/43/686 1222/142/686 1217/141/686 1170/45/686
f 1175/90/676 1225/133/676 1218/147/676 1168/28/676
f 1226/132/676 1176/115/676 1170/46/676 1217/146/676
f 1221/143/687 1172/37/687 1168/40/687 1218/140/687
f 1173/52/677 1220/138/677 1223/137/677 1177/22/677
f 1219/139/677 1171/36/677 1178/1/677 1224/136/677
f 1177/22/677 1223/137/677 1222/142/677 1174/43/677
f 1224/136/677 1178/1/677 1172/37/677 1221/143/677
f 1238/148/688 1237/148/688 1232/28/688 1231/28/688
f 1234/36/689 1233/36/689 1236/26/689 1235/26/689
f 1235/27/690 1236/27/690 1237/148/690 1238/148/690
f 1230/1/691 1229/1/691 1233/36/691 1234/36/691
f 1228/37/692 1227/37/692 1229/1/692 1230/1/692
f 1231/40/693 1232/40/693 1227/37/693 1228/37/693
f 1230/1/694 1199/1/694 1202/37/694 1228/37/694
f 1196/37/695 1227/37/695 1232/40/695 1192/40/695
f 1193/1/696 1229/1/696 1227/37/696 1196/37/696
f 1228/37/697 1202/37/697 1198/40/697 1231/40/697
f 1234/36/698 1200/36/698 1199/1/698 1230/1/698
f 1194/36/699 1233/36/699 1229/1/699 1193/1/699
f 1231/28/700 1198/28/700 1197/90/700 1238/148/700
f 1192/28/701 1232/28/701 1237/148/701 1191/90/701
f 1235/26/702 1201/26/702 1200/36/702 1234/36/702
f 1195/26/703 1236/26/703 1233/36/703 1194/36/703
f 1191/90/704 1237/148/704 1236/27/704 1195/27/704
f 1238/148/705 1197/90/705 1201/27/705 1235/27/705
f 1250/149/677 1249/149/677 1246/36/677 1245/36/677
f 1244/40/706 1243/40/706 1248/150/706 1247/150/706
f 1247/150/677 1248/150/677 1249/149/677 1250/149/677
f 1245/36/707 1246/36/707 1240/26/707 1239/26/707
f 1239/27/676 1240/27/676 1242/148/676 1241/148/676
f 1241/148/676 1242/148/676 1243/28/676 1244/28/676
f 1262/151/677 1261/149/677 1258/36/677 1257/36/677
f 1256/40/708 1255/40/708 1260/150/708 1259/150/708
f 1259/150/677 1260/150/677 1261/149/677 1262/151/677
f 1257/36/709 1258/36/709 1252/26/709 1251/26/709
f 1251/27/676 1252/27/676 1254/148/676 1253/148/676
f 1253/148/676 1254/148/676 1255/28/676 1256/28/676
f 1239/26/710 1183/26/710 1182/36/710 1245/36/710
f 1175/90/676 1242/148/676 1240/27/676 1167/27/676
f 1241/148/676 1179/90/676 1183/27/676 1239/27/676
f 1167/26/711 1240/26/711 1246/36/711 1171/36/711
f 1168/28/676 1243/28/676 1242/148/676 1175/90/676
f 1244/28/676 1180/28/676 1179/90/676 1241/148/676
f 1247/150/712 1184/37/712 1180/40/712 1244/40/712
f 1172/37/713 1248/150/713 1243/40/713 1168/40/713
f 1245/36/677 1182/36/677 1181/1/677 1250/149/677
f 1171/36/677 1246/36/677 1249/149/677 1178/1/677
f 1178/1/677 1249/149/677 1248/150/677 1172/37/677
f 1250/149/677 1181/1/677 1184/37/677 1247/150/677
f 1251/26/714 1195/26/714 1194/36/714 1257/36/714
f 1189/90/676 1254/148/676 1252/27/676 1185/27/676
f 1253/148/676 1191/90/676 1195/27/676 1251/27/676
f 1185/26/715 1252/26/715 1258/36/715 1187/36/715
f 1186/28/676 1255/28/676 1254/148/676 1189/90/676
f 1256/28/676 1192/28/676 1191/90/676 1253/148/676
f 1259/150/716 1196/37/716 1192/40/716 1256/40/716
f 1188/37/717 1260/150/717 1255/40/717 1186/40/717
f 1257/36/677 1194/36/677 1193/1/677 1262/151/677
f 1187/36/677 1258/36/677 1261/149/677 1190/1/677
f 1190/1/677 1261/149/677 1260/150/677 1188/37/677
f 1262/151/677 1193/1/677 1196/37/677 1259/150/677
f 1272/115/718 1266/46/718 1270/43/718 1273/22/718
f 1265/47/719 1272/115/719 1273/22/719 1269/52/719
f 1295/1/720 1293/4/720 1294/33/720 1298/37/720
f 1296/36/721 1295/1/721 1293/4/721 1297/34/721
f 1310/116/722 1301/119/722 1302/118/722 1309/117/722
f 1306/120/723 1299/123/723 1300/122/723 1305/121/723
f 1304/124/724 1307/127/724 1308/126/724 1303/125/724
f 1299/123/725 1302/129/725 1301/128/725 1300/122/725
f 1307/127/723 1306/120/723 1305/121/723 1308/126/723
f 1303/130/722 1310/116/722 1309/117/722 1304/131/722
f 1322/132/722 1311/135/722 1312/134/722 1321/133/722
f 1320/136/723 1315/139/723 1316/138/723 1319/137/723
f 1314/140/724 1317/143/724 1318/142/724 1313/141/724
f 1315/139/725 1312/145/725 1311/144/725 1316/138/725
f 1317/143/723 1320/136/723 1319/137/723 1318/142/723
f 1313/146/722 1322/132/722 1321/133/722 1314/147/722
f 1279/50/726 1278/52/726 1300/122/726 1301/128/726
f 1278/52/723 1277/22/723 1305/121/723 1300/122/723
f 1302/129/727 1299/123/727 1283/36/727 1281/26/727
f 1299/123/723 1306/120/723 1286/1/723 1283/36/723
f 1281/27/722 1285/90/722 1309/117/722 1302/118/722
f 1301/119/722 1310/116/722 1275/115/722 1279/47/722
f 1280/43/728 1276/45/728 1303/125/728 1308/126/728
f 1285/90/722 1282/28/722 1304/131/722 1309/117/722
f 1310/116/722 1303/130/722 1276/46/722 1275/115/722
f 1307/127/729 1304/124/729 1282/40/729 1284/37/729
f 1277/22/723 1280/43/723 1308/126/723 1305/121/723
f 1306/120/723 1307/127/723 1284/37/723 1286/1/723
f 1263/27/722 1271/90/722 1321/133/722 1312/134/722
f 1265/50/730 1269/52/730 1316/138/730 1311/144/730
f 1311/135/722 1322/132/722 1272/115/722 1265/47/722
f 1312/145/731 1315/139/731 1267/36/731 1263/26/731
f 1270/43/732 1266/45/732 1313/141/732 1318/142/732
f 1271/90/722 1264/28/722 1314/147/722 1321/133/722
f 1322/132/722 1313/146/722 1266/46/722 1272/115/722
f 1317/143/733 1314/140/733 1264/40/733 1268/37/733
f 1269/52/723 1273/22/723 1319/137/723 1316/138/723
f 1315/139/723 1320/136/723 1274/1/723 1267/36/723
f 1273/22/723 1270/43/723 1318/142/723 1319/137/723
f 1320/136/723 1317/143/723 1268/37/723 1274/1/723
f 1334/148/734 1327/28/734 1328/28/734 1333/148/734
f 1330/36/735 1331/26/735 1332/26/735 1329/36/735
f 1331/27/736 1334/148/736 1333/148/736 1332/27/736
f 1326/1/737 1330/36/737 1329/36/737 1325/1/737
f 1324/37/738 1326/1/738 1325/1/738 1323/37/738
f 1327/40/739 1324/37/739 1323/37/739 1328/40/739
f 1326/1/740 1324/37/740 1298/37/740 1295/1/740
f 1292/37/741 1288/40/741 1328/40/741 1323/37/741
f 1289/1/742 1292/37/742 1323/37/742 1325/1/742
f 1324/37/743 1327/40/743 1294/40/743 1298/37/743
f 1330/36/744 1326/1/744 1295/1/744 1296/36/744
f 1290/36/745 1289/1/745 1325/1/745 1329/36/745
f 1327/28/746 1334/148/746 1293/90/746 1294/28/746
f 1288/28/747 1287/90/747 1333/148/747 1328/28/747
f 1331/26/748 1330/36/748 1296/36/748 1297/26/748
f 1291/26/749 1290/36/749 1329/36/749 1332/26/749
f 1287/90/750 1291/27/750 1332/27/750 1333/148/750
f 1334/148/751 1331/27/751 1297/27/751 1293/90/751
f 1346/149/723 1341/36/723 1342/36/723 1345/149/723
f 1340/40/752 1343/150/752 1344/150/752 1339/40/752
f 1343/150/723 1346/149/723 1345/149/723 1344/150/723
f 1341/36/753 1335/26/753 1336/26/753 1342/36/753
f 1335/27/722 1337/148/722 1338/148/722 1336/27/722
f 1337/148/722 1340/28/722 1339/28/722 1338/148/722
f 1358/151/723 1353/36/723 1354/36/723 1357/149/723
f 1352/40/754 1355/150/754 1356/150/754 1351/40/754
f 1355/150/723 1358/151/723 1357/149/723 1356/150/723
f 1353/36/755 1347/26/755 1348/26/755 1354/36/755
f 1347/27/722 1349/148/722 1350/148/722 1348/27/722
f 1349/148/722 1352/28/722 1351/28/722 1350/148/722
f 1335/26/756 1341/36/756 1278/36/756 1279/26/756
f 1271/90/722 1263/27/722 1336/27/722 1338/148/722
f 1337/148/722 1335/27/722 1279/27/722 1275/90/722
f 1263/26/757 1267/36/757 1342/36/757 1336/26/757
f 1264/28/722 1271/90/722 1338/148/722 1339/28/722
f 1340/28/722 1337/148/722 1275/90/722 1276/28/722
f 1343/150/758 1340/40/758 1276/40/758 1280/37/758
f 1268/37/759 1264/40/759 1339/40/759 1344/150/759
f 1341/36/723 1346/149/723 1277/1/723 1278/36/723
f 1267/36/723 1274/1/723 1345/149/723 1342/36/723
f 1274/1/723 1268/37/723 1344/150/723 1345/149/723
f 1346/149/723 1343/150/723 1280/37/723 1277/1/723
f 1347/26/760 1353/36/760 1290/36/760 1291/26/760
f 1285/90/722 1281/27/722 1348/27/722 1350/148/722
f 1349/148/722 1347/27/722 1291/27/722 1287/90/722
f 1281/26/761 1283/36/761 1354/36/761 1348/26/761
f 1282/28/722 1285/90/722 1350/148/722 1351/28/722
f 1352/28/722 1349/148/722 1287/90/722 1288/28/722
f 1355/150/762 1352/40/762 1288/40/762 1292/37/762
f 1284/37/763 1282/40/763 1351/40/763 1356/150/763
f 1353/36/723 1358/151/723 1289/1/723 1290/36/723
f 1283/36/723 1286/1/723 1357/149/723 1354/36/723
f 1286/1/723 1284/37/723 1356/150/723 1357/149/723
f 1358/151/723 1355/150/723 1292/37/723 1289/1/723
f 1368/115/764 1369/22/764 1366/43/764 1362/46/764
f 1361/47/765 1368/115/765 1369/22/765 1365/52/765
f 1391/1/766 1389/4/766 1390/33/766 1394/37/766
f 1392/36/767 1391/1/767 1389/4/767 1393/34/767
f 1406/116/357 1397/119/357 1398/118/357 1405/117/357
f 1402/120/359 1395/123/359 1396/122/359 1401/121/359
f 1400/124/768 1403/127/768 1404/126/768 1399/125/768
f 1395/123/769 1398/129/769 1397/128/769 1396/122/769
f 1403/127/359 1402/120/359 1401/121/359 1404/126/359
f 1399/130/357 1406/116/357 1405/117/357 1400/131/357
f 1418/132/357 1407/135/357 1408/134/357 1417/133/357
f 1416/136/359 1411/139/359 1412/138/359 1415/137/359
f 1410/140/768 1413/143/768 1414/142/768 1409/141/768
f 1411/139/770 1408/145/770 1407/144/770 1412/138/770
f 1413/143/359 1416/136/359 1415/137/359 1414/142/359
f 1409/146/357 1418/132/357 1417/133/357 1410/147/357
f 1375/50/771 1374/52/771 1396/122/771 1397/128/771
f 1374/52/359 1373/22/359 1401/121/359 1396/122/359
f 1398/129/772 1395/123/772 1379/36/772 1377/26/772
f 1395/123/359 1402/120/359 1382/1/359 1379/36/359
f 1377/27/357 1381/90/357 1405/117/357 1398/118/357
f 1397/119/357 1406/116/357 1371/115/357 1375/47/357
f 1376/43/773 1372/45/773 1399/125/773 1404/126/773
f 1381/90/357 1378/28/357 1400/131/357 1405/117/357
f 1406/116/357 1399/130/357 1372/46/357 1371/115/357
f 1403/127/774 1400/124/774 1378/40/774 1380/37/774
f 1373/22/359 1376/43/359 1404/126/359 1401/121/359
f 1402/120/359 1403/127/359 1380/37/359 1382/1/359
f 1359/27/357 1367/90/357 1417/133/357 1408/134/357
f 1361/50/775 1365/52/775 1412/138/775 1407/144/775
f 1407/135/357 1418/132/357 1368/115/357 1361/47/357
f 1408/145/776 1411/139/776 1363/36/776 1359/26/776
f 1366/43/777 1362/45/777 1409/141/777 1414/142/777
f 1367/90/357 1360/28/357 1410/147/357 1417/133/357
f 1418/132/357 1409/146/357 1362/46/357 1368/115/357
f 1413/143/778 1410/140/778 1360/40/778 1364/37/778
f 1365/52/359 1369/22/359 1415/137/359 1412/138/359
f 1411/139/359 1416/136/359 1370/1/359 1363/36/359
f 1369/22/359 1366/43/359 1414/142/359 1415/137/359
f 1416/136/359 1413/143/359 1364/37/359 1370/1/359
f 1430/148/779 1423/28/779 1424/28/779 1429/148/779
f 1426/36/780 1427/26/780 1428/26/780 1425/36/780
f 1427/27/781 1430/148/781 1429/148/781 1428/27/781
f 1422/1/782 1426/36/782 1425/36/782 1421/1/782
f 1420/37/783 1422/1/783 1421/1/783 1419/37/783
f 1423/40/784 1420/37/784 1419/37/784 1424/40/784
f 1422/1/785 1420/37/785 1394/37/785 1391/1/785
f 1388/37/786 1384/40/786 1424/40/786 1419/37/786
f 1385/1/787 1388/37/787 1419/37/787 1421/1/787
f 1420/37/788 1423/40/788 1390/40/788 1394/37/788
f 1426/36/789 1422/1/789 1391/1/789 1392/36/789
f 1386/36/790 1385/1/790 1421/1/790 1425/36/790
f 1423/28/791 1430/148/791 1389/90/791 1390/28/791
f 1384/28/792 1383/90/792 1429/148/792 1424/28/792
f 1427/26/793 1426/36/793 1392/36/793 1393/26/793
f 1387/26/794 1386/36/794 1425/36/794 1428/26/794
f 1383/90/795 1387/27/795 1428/27/795 1429/148/795
f 1430/148/796 1427/27/796 1393/27/796 1389/90/796
f 1442/149/359 1437/36/359 1438/36/359 1441/149/359
f 1436/40/797 1439/150/797 1440/150/797 1435/40/797
f 1439/150/359 1442/149/359 1441/149/359 1440/150/359
f 1437/36/798 1431/26/798 1432/26/798 1438/36/798
f 1431/27/357 1433/148/357 1434/148/357 1432/27/357
f 1433/148/357 1436/28/357 1435/28/357 1434/148/357
f 1454/151/359 1449/36/359 1450/36/359 1453/149/359
f 1448/40/799 1451/150/799 1452/150/799 1447/40/799
f 1451/150/359 1454/151/359 1453/149/359 1452/150/359
f 1449/36/800 1443/26/800 1444/26/800 1450/36/800
f 1443/27/357 1445/148/357 1446/148/357 1444/27/357
f 1445/148/357 1448/28/357 1447/28/357 1446/148/357
f 1431/26/801 1437/36/801 1374/36/801 1375/26/801
f 1367/90/357 1359/27/357 1432/27/357 1434/148/357
f 1433/148/357 1431/27/357 1375/27/357 1371/90/357
f 1359/26/802 1363/36/802 1438/36/802 1432/26/802
f 1360/28/357 1367/90/357 1434/148/357 1435/28/357
f 1436/28/357 1433/148/357 1371/90/357 1372/28/357
f 1439/150/803 1436/40/803 1372/40/803 1376/37/803
f 1364/37/804 1360/40/804 1435/40/804 1440/150/804
f 1437/36/359 1442/149/359 1373/1/359 1374/36/359
f 1363/36/359 1370/1/359 1441/149/359 1438/36/359
f 1370/1/359 1364/37/359 1440/150/359 1441/149/359
f 1442/149/359 1439/150/359 1376/37/359 1373/1/359
f 1443/26/805 1449/36/805 1386/36/805 1387/26/805
f 1381/90/357 1377/27/357 1444/27/357 1446/148/357
f 1445/148/357 1443/27/357 1387/27/357 1383/90/357
f 1377/26/806 1379/36/806 1450/36/806 1444/26/806
f 1378/28/357 1381/90/357 1446/148/357 1447/28/357
f 1448/28/357 1445/148/357 1383/90/357 1384/28/357
f 1451/150/807 1448/40/807 1384/40/807 1388/37/807
f 1380/37/808 1378/40/808 1447/40/808 1452/150/808
f 1449/36/359 1454/151/359 1385/1/359 1386/36/359
f 1379/36/359 1382/1/359 1453/149/359 1450/36/359
f 1382/1/359 1380/37/359 1452/150/359 1453/149/359
f 1454/151/359 1451/150/359 1388/37/359 1385/1/359
f 1463/30/809 1464/29/809 1458/46/809 1457/47/809
f 1467/49/810 1468/48/810 1462/43/810 1461/52/810
f 1465/35/811 1466/42/811 1460/37/811 1459/36/811
f 1469/31/812 1470/32/812 1456/33/812 1455/34/812
f 1471/24/211 1465/35/211 1459/36/211 1469/25/211
f 1467/51/211 1461/52/211 1465/35/211 1471/24/211
f 1461/52/813 1462/43/813 1466/42/813 1465/35/813
f 1455/27/814 1456/28/814 1464/29/814 1463/30/814
f 1457/50/211 1467/51/211 1471/24/211 1463/23/211
f 1463/23/211 1471/24/211 1469/25/211 1455/26/211
f 1459/36/815 1460/37/815 1470/32/815 1469/31/815
f 1457/47/816 1458/46/816 1468/48/816 1467/49/816
f 1470/32/817 1472/53/817 1464/29/817 1456/28/817
f 1464/29/817 1472/53/817 1468/48/817 1458/46/817
f 1462/43/817 1468/48/817 1472/53/817 1466/42/817
f 1460/37/817 1466/42/817 1472/53/817 1470/32/817
f 1630/23/852 1634/24/852 1632/25/852 1629/26/852
f 1634/24/853 1638/35/853 1633/36/853 1632/25/853
f 1640/51/854 1639/52/854 1638/35/854 1634/24/854
f 1641/50/855 1640/51/855 1634/24/855 1630/23/855
f 1637/43/856 1636/42/856 1647/205/856 1648/206/856
f 1683/207/857 1651/208/857 1650/209/857 1682/210/857
f 1682/210/858 1650/209/858 1649/211/858 1681/212/858
f 1681/212/859 1649/211/859 1648/206/859 1680/213/859
f 1680/213/860 1648/206/860 1647/205/860 1679/214/860
f 1679/214/861 1647/205/861 1646/215/861 1678/216/861
f 1678/216/862 1646/215/862 1645/217/862 1677/218/862
f 1677/218/863 1645/217/863 1644/219/863 1676/220/863
f 1676/221/864 1644/222/864 1651/208/864 1683/207/864
f 1647/53/865 1636/53/865 1635/53/865 1646/53/865
f 1716/223/866 1666/224/866 1665/225/866 1723/226/866
f 1724/227/867 1667/228/867 1664/229/867 1731/230/867
f 1717/231/868 1653/232/868 1666/233/868 1716/234/868
f 1725/235/869 1652/236/869 1667/237/869 1724/238/869
f 1718/239/870 1655/240/870 1653/232/870 1717/231/870
f 1726/241/871 1654/242/871 1652/236/871 1725/235/871
f 1719/243/872 1657/244/872 1655/240/872 1718/239/872
f 1727/245/873 1656/246/873 1654/242/873 1726/241/873
f 1720/247/874 1659/248/874 1657/244/874 1719/243/874
f 1728/249/875 1658/250/875 1656/246/875 1727/245/875
f 1721/251/876 1661/252/876 1659/248/876 1720/247/876
f 1729/253/877 1660/254/877 1658/250/877 1728/249/877
f 1722/255/878 1663/256/878 1661/252/878 1721/251/878
f 1730/257/879 1662/258/879 1660/254/879 1729/253/879
f 1723/226/880 1665/225/880 1663/256/880 1722/255/880
f 1731/230/881 1664/229/881 1662/258/881 1730/257/881
f 1691/259/882 1668/260/882 1675/261/882 1690/262/882
f 1684/263/883 1669/264/883 1668/265/883 1691/266/883
f 1685/267/884 1670/268/884 1669/264/884 1684/263/884
f 1686/269/885 1671/270/885 1670/268/885 1685/267/885
f 1687/271/886 1672/272/886 1671/270/886 1686/269/886
f 1688/273/887 1673/274/887 1672/272/887 1687/271/887
f 1689/275/888 1674/276/888 1673/274/888 1688/273/888
f 1690/262/889 1675/261/889 1674/276/889 1689/275/889
f 1668/260/890 1676/221/890 1683/207/890 1675/261/890
f 1669/264/891 1677/218/891 1676/220/891 1668/265/891
f 1670/268/892 1678/216/892 1677/218/892 1669/264/892
f 1671/270/893 1679/214/893 1678/216/893 1670/268/893
f 1672/272/894 1680/213/894 1679/214/894 1671/270/894
f 1673/274/895 1681/212/895 1680/213/895 1672/272/895
f 1674/276/896 1682/210/896 1681/212/896 1673/274/896
f 1675/261/897 1683/207/897 1682/210/897 1674/276/897
f 1664/229/898 1690/262/898 1689/275/898 1662/258/898
f 1662/258/899 1689/275/899 1688/273/899 1660/254/899
f 1660/254/900 1688/273/900 1687/271/900 1658/250/900
f 1658/250/901 1687/271/901 1686/269/901 1656/246/901
f 1656/246/902 1686/269/902 1685/267/902 1654/242/902
f 1654/242/903 1685/267/903 1684/263/903 1652/236/903
f 1652/236/904 1684/263/904 1691/266/904 1667/237/904
f 1667/228/905 1691/259/905 1690/262/905 1664/229/905
f 1714/277/906 1698/278/906 1697/279/906 1713/280/906
f 1713/280/907 1697/279/907 1696/281/907 1712/282/907
f 1712/282/908 1696/281/908 1695/283/908 1711/284/908
f 1711/284/909 1695/283/909 1694/285/909 1710/286/909
f 1710/286/910 1694/285/910 1693/287/910 1709/288/910
f 1709/288/911 1693/287/911 1692/289/911 1708/290/911
f 1708/290/912 1692/289/912 1699/291/912 1715/292/912
f 1715/293/913 1699/294/913 1698/278/913 1714/277/913
f 1630/30/914 1706/295/914 1705/296/914 1641/47/914
f 1641/47/915 1705/296/915 1704/297/915 1640/49/915
f 1640/49/916 1704/297/916 1703/298/916 1639/52/916
f 1639/52/917 1703/298/917 1702/299/917 1638/35/917
f 1638/35/918 1702/299/918 1701/300/918 1633/36/918
f 1633/36/919 1701/300/919 1700/301/919 1632/31/919
f 1632/31/920 1700/301/920 1707/302/920 1629/34/920
f 1629/27/921 1707/303/921 1706/295/921 1630/30/921
f 1666/224/922 1715/293/922 1714/277/922 1665/225/922
f 1653/232/923 1708/290/923 1715/292/923 1666/233/923
f 1655/240/924 1709/288/924 1708/290/924 1653/232/924
f 1657/244/925 1710/286/925 1709/288/925 1655/240/925
f 1659/248/926 1711/284/926 1710/286/926 1657/244/926
f 1661/252/927 1712/282/927 1711/284/927 1659/248/927
f 1663/256/928 1713/280/928 1712/282/928 1661/252/928
f 1665/225/929 1714/277/929 1713/280/929 1663/256/929
f 1706/295/930 1723/226/930 1722/255/930 1705/296/930
f 1705/296/931 1722/255/931 1721/251/931 1704/297/931
f 1704/297/932 1721/251/932 1720/247/932 1703/298/932
f 1703/298/933 1720/247/933 1719/243/933 1702/299/933
f 1702/299/934 1719/243/934 1718/239/934 1701/300/934
f 1701/300/935 1718/239/935 1717/231/935 1700/301/935
f 1700/301/936 1717/231/936 1716/234/936 1707/302/936
f 1707/303/937 1716/223/937 1723/226/937 1706/295/937
f 1698/278/938 1731/230/938 1730/257/938 1697/279/938
f 1697/279/939 1730/257/939 1729/253/939 1696/281/939
f 1696/281/940 1729/253/940 1728/249/940 1695/283/940
f 1695/283/941 1728/249/941 1727/245/941 1694/285/941
f 1694/285/942 1727/245/942 1726/241/942 1693/287/942
f 1693/287/943 1726/241/943 1725/235/943 1692/289/943
f 1692/289/944 1725/235/944 1724/238/944 1699/291/944
f 1699/294/945 1724/227/945 1731/230/945 1698/278/945
f 1773/207/946 1643/208/946 1631/209/946 1772/210/946
f 1772/210/947 1631/209/947 1741/211/947 1771/212/947
f 1771/212/948 1741/211/948 1635/206/948 1770/213/948
f 1770/213/949 1635/206/949 1636/205/949 1769/214/949
f 1769/214/950 1636/205/950 1637/215/950 1768/216/950
f 1768/216/951 1637/215/951 1740/217/951 1767/218/951
f 1767/218/952 1740/217/952 1642/219/952 1766/220/952
f 1766/221/953 1642/222/953 1643/208/953 1773/207/953
f 1805/223/954 1756/224/954 1755/225/954 1812/226/954
f 1806/231/955 1743/232/955 1756/233/955 1805/234/955
f 1814/235/956 1742/236/956 1757/237/956 1813/238/956
f 1807/239/957 1745/240/957 1743/232/957 1806/231/957
f 1815/241/958 1744/242/958 1742/236/958 1814/235/958
f 1808/243/959 1747/244/959 1745/240/959 1807/239/959
f 1816/245/960 1746/246/960 1744/242/960 1815/241/960
f 1809/247/961 1749/248/961 1747/244/961 1808/243/961
f 1817/249/962 1748/250/962 1746/246/962 1816/245/962
f 1810/251/963 1751/252/963 1749/248/963 1809/247/963
f 1818/253/964 1750/254/964 1748/250/964 1817/249/964
f 1811/255/965 1753/256/965 1751/252/965 1810/251/965
f 1819/257/966 1752/258/966 1750/254/966 1818/253/966
f 1820/230/967 1754/229/967 1752/258/967 1819/257/967
f 1774/263/968 1759/264/968 1758/265/968 1780/266/968
f 1775/267/969 1760/268/969 1759/264/969 1774/263/969
f 1776/269/970 1761/270/970 1760/268/970 1775/267/970
f 1777/271/971 1762/272/971 1761/270/971 1776/269/971
f 1778/273/972 1763/274/972 1762/272/972 1777/271/972
f 1779/275/973 1764/276/973 1763/274/973 1778/273/973
f 1758/260/974 1766/221/974 1773/207/974 1765/261/974
f 1759/264/975 1767/218/975 1766/220/975 1758/265/975
f 1760/268/976 1768/216/976 1767/218/976 1759/264/976
f 1761/270/977 1769/214/977 1768/216/977 1760/268/977
f 1762/272/978 1770/213/978 1769/214/978 1761/270/978
f 1763/274/979 1771/212/979 1770/213/979 1762/272/979
f 1764/276/980 1772/210/980 1771/212/980 1763/274/980
f 1765/261/981 1773/207/981 1772/210/981 1764/276/981
f 1752/258/982 1779/275/982 1778/273/982 1750/254/982
f 1750/254/983 1778/273/983 1777/271/983 1748/250/983
f 1748/250/984 1777/271/984 1776/269/984 1746/246/984
f 1746/246/985 1776/269/985 1775/267/985 1744/242/985
f 1744/242/986 1775/267/986 1774/263/986 1742/236/986
f 1742/236/987 1774/263/987 1780/266/987 1757/237/987
f 1802/280/988 1786/279/988 1785/281/988 1801/282/988
f 1801/282/989 1785/281/989 1784/283/989 1800/284/989
f 1800/284/990 1784/283/990 1783/285/990 1799/286/990
f 1799/286/991 1783/285/991 1782/287/991 1798/288/991
f 1798/288/992 1782/287/992 1781/289/992 1797/290/992
f 1797/290/993 1781/289/993 1788/291/993 1804/292/993
f 1804/293/994 1788/294/994 1787/278/994 1803/277/994
f 1739/47/995 1794/296/995 1793/297/995 1738/49/995
f 1738/49/996 1793/297/996 1792/298/996 1737/52/996
f 1737/52/997 1792/298/997 1791/299/997 1736/35/997
f 1736/35/998 1791/299/998 1790/300/998 1734/36/998
f 1734/36/999 1790/300/999 1789/301/999 1733/31/999
f 1733/31/1000 1789/301/1000 1796/302/1000 1732/34/1000
f 1756/224/1001 1804/293/1001 1803/277/1001 1755/225/1001
f 1743/232/1002 1797/290/1002 1804/292/1002 1756/233/1002
f 1745/240/1003 1798/288/1003 1797/290/1003 1743/232/1003
f 1747/244/1004 1799/286/1004 1798/288/1004 1745/240/1004
f 1749/248/1005 1800/284/1005 1799/286/1005 1747/244/1005
f 1751/252/1006 1801/282/1006 1800/284/1006 1749/248/1006
f 1753/256/1007 1802/280/1007 1801/282/1007 1751/252/1007
f 1794/296/1008 1811/255/1008 1810/251/1008 1793/297/1008
f 1793/297/1009 1810/251/1009 1809/247/1009 1792/298/1009
f 1792/298/1010 1809/247/1010 1808/243/1010 1791/299/1010
f 1791/299/1011 1808/243/1011 1807/239/1011 1790/300/1011
f 1790/300/1012 1807/239/1012 1806/231/1012 1789/301/1012
f 1789/301/1013 1806/231/1013 1805/234/1013 1796/302/1013
f 1796/303/1014 1805/223/1014 1812/226/1014 1795/295/1014
f 1787/278/1015 1820/230/1015 1819/257/1015 1786/279/1015
f 1786/279/1016 1819/257/1016 1818/253/1016 1785/281/1016
f 1785/281/1017 1818/253/1017 1817/249/1017 1784/283/1017
f 1784/283/1018 1817/249/1018 1816/245/1018 1783/285/1018
f 1783/285/1019 1816/245/1019 1815/241/1019 1782/287/1019
f 1782/287/1020 1815/241/1020 1814/235/1020 1781/289/1020
f 1781/289/1021 1814/235/1021 1813/238/1021 1788/291/1021
f 1788/294/1022 1813/227/1022 1820/230/1022 1787/278/1022
f 1646/53/1023 1635/53/1023 1741/53/1023 1645/53/1023
f 1645/53/1024 1741/53/1024 1631/53/1024 1644/53/1024
f 1644/53/1025 1631/53/1025 1643/53/1025 1651/53/1025
f 1651/53/1026 1643/53/1026 1642/53/1026 1650/53/1026
f 1650/53/1027 1642/53/1027 1740/53/1027 1649/53/1027
f 1649/53/1028 1740/53/1028 1637/53/1028 1648/53/1028
f 1787/278/1029 1786/279/1029 1802/280/1029 1803/277/1029
f 1753/256/1030 1755/225/1030 1803/277/1030 1802/280/1030
f 1811/255/1031 1812/226/1031 1755/225/1031 1753/256/1031
f 1794/296/1032 1795/295/1032 1812/226/1032 1811/255/1032
f 1795/295/1033 1735/53/1033 1732/34/1033 1796/303/1033
f 1735/53/1034 1795/295/1034 1794/296/1034 1739/47/1034
f 1736/35/1035 1734/36/1035 1735/53/1035 1739/47/1035
f 1732/34/1036 1735/53/1036 1734/36/1036 1733/31/1036
f 1736/35/1037 1739/47/1037 1738/49/1037 1737/52/1037
f 1813/227/1038 1757/237/1038 1754/229/1038 1820/230/1038
f 1780/266/1039 1758/260/1039 1765/261/1039 1821/53/1039
f 1765/261/1040 1764/276/1040 1779/275/1040 1821/53/1040
f 1780/266/1041 1821/53/1041 1754/229/1041 1757/237/1041
f 1779/275/1042 1752/258/1042 1754/229/1042 1821/53/1042
f 1972/90/1069 1957/28/1069 1959/46/1069 1973/115/1069
f 1979/322/818 1967/323/818 1963/43/818 1974/22/818
f 1974/22/1070 1963/43/1070 1961/37/1070 1975/1/1070
f 1977/324/819 1971/325/819 1957/33/819 1972/4/819
f 1964/326/211 1962/52/211 1960/36/211 1969/327/211
f 1966/328/817 1959/45/817 1957/40/817 1971/329/817
f 1963/43/817 1967/330/817 1970/331/817 1961/37/817
f 1967/330/817 1966/328/817 1971/329/817 1970/331/817
f 1958/50/211 1965/332/211 1968/333/211 1956/26/211
f 1964/326/1071 1969/327/1071 1976/327/1071 1979/326/1071
f 1975/1/819 1961/37/819 1970/334/819 1976/335/819
f 1976/335/819 1970/334/819 1971/325/819 1977/324/819
f 1973/115/818 1959/46/818 1966/336/818 1978/337/818
f 1978/337/818 1966/336/818 1967/323/818 1979/322/818
f 1958/47/818 1973/115/818 1978/337/818 1965/338/818
f 1960/36/819 1975/1/819 1976/335/819 1969/339/819
f 1968/340/819 1977/324/819 1972/4/819 1956/34/819
f 1962/52/359 1974/22/359 1975/1/359 1960/36/359
f 1964/341/818 1979/322/818 1974/22/818 1962/52/818
f 1956/27/357 1972/90/357 1973/115/357 1958/47/357
f 1978/332/211 1979/326/211 1976/327/211 1977/333/211
f 1968/333/1072 1965/332/1072 1978/332/1072 1977/333/1072
f 2063/30/1043 2064/29/1043 2054/46/1043 2053/47/1043
f 2059/49/1044 2060/48/1044 2058/43/1044 2057/52/1044
f 2065/35/1045 2066/42/1045 2056/37/1045 2055/36/1045
f 2061/31/1085 2062/32/1085 2052/33/1085 2051/34/1085
f 2068/24/819 2065/35/819 2055/36/819 2061/25/819
f 2067/38/818 2064/39/818 2052/40/818 2062/41/818
f 2066/42/818 2067/38/818 2062/41/818 2056/37/818
f 2063/23/819 2068/24/819 2061/25/819 2051/26/819
f 2055/36/1047 2056/37/1047 2062/32/1047 2061/31/1047
f 2053/47/1048 2054/46/1048 2060/48/1048 2059/49/1048
f 2053/50/819 2059/51/819 2068/24/819 2063/23/819
f 2058/43/818 2060/44/818 2067/38/818 2066/42/818
f 2060/44/818 2054/45/818 2064/39/818 2067/38/818
f 2059/51/819 2057/52/819 2065/35/819 2068/24/819
f 2057/52/1049 2058/43/1049 2066/42/1049 2065/35/1049
f 2051/27/1051 2052/28/1051 2064/29/1051 2063/30/1051
f 2085/342/1088 2082/343/1088 2074/37/1088 2078/1/1088
f 2084/344/1089 2081/345/1089 2073/36/1089 2075/25/1089
f 2083/346/1090 2080/347/1090 2072/40/1090 2076/41/1090
f 2082/343/1091 2083/346/1091 2076/41/1091 2074/37/1091
f 2079/348/1092 2084/344/1092 2075/25/1092 2071/26/1092
f 2081/345/1093 2085/342/1093 2078/1/1093 2073/36/1093
f 2071/27/1094 2077/90/1094 2086/349/1094 2079/350/1094
f 2082/343/1095 2215/343/1095 2216/346/1095 2083/346/1095
f 2085/342/1096 2218/342/1096 2215/343/1096 2082/343/1096
f 2077/90/1097 2072/28/1097 2080/351/1097 2086/349/1097
f 2072/40/1098 2088/40/1098 2092/41/1098 2076/41/1098
f 2071/27/1099 2087/27/1099 2093/90/1099 2077/90/1099
f 2078/1/1100 2094/1/1100 2089/36/1100 2073/36/1100
f 2075/25/1101 2091/25/1101 2087/26/1101 2071/26/1101
f 2074/37/1102 2090/37/1102 2094/1/1102 2078/1/1102
f 2077/90/1103 2093/90/1103 2088/28/1103 2072/28/1103
f 2073/36/1104 2089/36/1104 2091/25/1104 2075/25/1104
f 2076/41/1105 2092/41/1105 2090/37/1105 2074/37/1105
f 2091/25/1106 2103/25/1106 2097/26/1106 2087/26/1106
f 2089/36/1107 2101/36/1107 2103/25/1107 2091/25/1107
f 2093/90/1108 2108/90/1108 2098/28/1108 2088/28/1108
f 2090/37/1109 2102/37/1109 2109/1/1109 2094/1/1109
f 2092/41/1110 2104/41/1110 2102/37/1110 2090/37/1110
f 2088/40/1111 2098/40/1111 2104/41/1111 2092/41/1111
f 2094/1/1112 2109/1/1112 2101/36/1112 2089/36/1112
f 2087/27/1113 2097/27/1113 2108/90/1113 2093/90/1113
f 2124/352/1114 2113/353/1114 2098/46/1114 2108/115/1114
f 2123/342/1115 2117/343/1115 2100/37/1115 2110/1/1115
f 2121/344/1116 2114/345/1116 2099/36/1116 2105/25/1116
f 2119/346/1117 2112/347/1117 2096/40/1117 2106/41/1117
f 2117/343/1118 2119/346/1118 2106/41/1118 2100/37/1118
f 2069/348/1119 2121/344/1119 2105/25/1119 2095/26/1119
f 2114/345/1120 2123/342/1120 2110/1/1120 2099/36/1120
f 2111/354/1121 2124/352/1121 2108/115/1121 2097/47/1121
f 2095/27/1122 2107/90/1122 2070/349/1122 2069/350/1122
f 2069/350/1121 2070/349/1121 2124/352/1121 2111/354/1121
f 2101/52/1120 2109/22/1120 2122/355/1120 2115/356/1120
f 2115/356/1120 2122/355/1120 2123/342/1120 2114/345/1120
f 2097/50/1119 2103/51/1119 2120/357/1119 2111/358/1119
f 2111/358/1119 2120/357/1119 2121/344/1119 2069/348/1119
f 2102/43/1118 2104/44/1118 2118/359/1118 2116/360/1118
f 2116/360/1118 2118/359/1118 2119/346/1118 2117/343/1118
f 2104/44/1117 2098/45/1117 2113/361/1117 2118/359/1117
f 2118/359/1117 2113/361/1117 2112/347/1117 2119/346/1117
f 2103/51/1116 2101/52/1116 2115/356/1116 2120/357/1116
f 2120/357/1116 2115/356/1116 2114/345/1116 2121/344/1116
f 2109/22/1115 2102/43/1115 2116/360/1115 2122/355/1115
f 2122/355/1115 2116/360/1115 2117/343/1115 2123/342/1115
f 2107/90/1114 2096/28/1114 2112/351/1114 2070/349/1114
f 2070/349/1114 2112/351/1114 2113/353/1114 2124/352/1114
f 2138/342/1123 2131/1/1123 2127/37/1123 2135/343/1123
f 2136/346/1124 2129/41/1124 2126/40/1124 2133/347/1124
f 2135/343/1125 2127/37/1125 2129/41/1125 2136/346/1125
f 2132/348/1126 2125/26/1126 2128/25/1126 2137/344/1126
f 2125/27/1127 2132/350/1127 2139/349/1127 2130/90/1127
f 2137/344/1128 2134/345/1128 2161/345/1128 2164/344/1128
f 2130/90/1129 2139/349/1129 2133/351/1129 2126/28/1129
f 2126/40/1130 2129/41/1130 2145/41/1130 2141/40/1130
f 2125/27/1131 2130/90/1131 2146/90/1131 2140/27/1131
f 2128/25/1132 2125/26/1132 2140/26/1132 2144/25/1132
f 2127/37/1133 2131/1/1133 2147/1/1133 2143/37/1133
f 2130/90/1134 2126/28/1134 2141/28/1134 2146/90/1134
f 2129/41/1135 2127/37/1135 2143/37/1135 2145/41/1135
f 2144/25/1136 2140/26/1136 2095/26/1136 2105/25/1136
f 2142/36/1137 2144/25/1137 2105/25/1137 2099/36/1137
f 2146/90/1138 2141/28/1138 2096/28/1138 2107/90/1138
f 2143/37/1139 2147/1/1139 2110/1/1139 2100/37/1139
f 2145/41/1140 2143/37/1140 2100/37/1140 2106/41/1140
f 2141/40/1141 2145/41/1141 2106/41/1141 2096/40/1141
f 2147/1/1142 2142/36/1142 2099/36/1142 2110/1/1142
f 2140/27/1143 2146/90/1143 2107/90/1143 2095/27/1143
f 2147/1/1144 2131/1/1144 2148/53/1144 2142/36/1144
f 2142/36/1145 2148/53/1145 2128/25/1145 2144/25/1145
f 2128/25/1146 2137/344/1146 2134/345/1146 2148/53/1146
f 2131/1/1147 2138/342/1147 2134/345/1147 2148/53/1147
f 2165/342/1148 2162/343/1148 2154/37/1148 2158/1/1148
f 2164/344/1149 2161/345/1149 2153/36/1149 2155/25/1149
f 2163/346/1150 2160/347/1150 2152/40/1150 2156/41/1150
f 2162/343/1151 2154/37/1151 2156/41/1151 2163/346/1151
f 2159/348/1152 2164/344/1152 2155/25/1152 2151/26/1152
f 2161/345/1153 2165/342/1153 2158/1/1153 2153/36/1153
f 2151/27/1154 2157/90/1154 2166/349/1154 2159/350/1154
f 2157/90/1155 2152/28/1155 2160/351/1155 2166/349/1155
f 2152/40/1156 2168/40/1156 2172/41/1156 2156/41/1156
f 2151/27/1157 2167/27/1157 2173/90/1157 2157/90/1157
f 2158/1/1158 2174/1/1158 2169/36/1158 2153/36/1158
f 2155/25/1159 2171/25/1159 2167/26/1159 2151/26/1159
f 2154/37/1160 2170/37/1160 2174/1/1160 2158/1/1160
f 2157/90/1161 2173/90/1161 2168/28/1161 2152/28/1161
f 2153/36/1162 2169/36/1162 2171/25/1162 2155/25/1162
f 2156/41/1163 2172/41/1163 2170/37/1163 2154/37/1163
f 2171/25/1164 2183/25/1164 2177/26/1164 2167/26/1164
f 2169/36/1165 2181/36/1165 2183/25/1165 2171/25/1165
f 2173/90/1166 2188/90/1166 2178/28/1166 2168/28/1166
f 2170/37/1167 2182/37/1167 2189/1/1167 2174/1/1167
f 2172/41/1168 2184/41/1168 2182/37/1168 2170/37/1168
f 2168/40/1169 2178/40/1169 2184/41/1169 2172/41/1169
f 2174/1/1170 2189/1/1170 2181/36/1170 2169/36/1170
f 2167/27/1171 2177/27/1171 2188/90/1171 2173/90/1171
f 2204/352/1172 2193/353/1172 2178/46/1172 2188/115/1172
f 2203/342/1173 2197/343/1173 2180/37/1173 2190/1/1173
f 2201/344/1174 2194/345/1174 2179/36/1174 2185/25/1174
f 2199/346/1175 2192/347/1175 2176/40/1175 2186/41/1175
f 2197/343/1176 2199/346/1176 2186/41/1176 2180/37/1176
f 2149/348/1177 2201/344/1177 2185/25/1177 2175/26/1177
f 2194/345/1178 2203/342/1178 2190/1/1178 2179/36/1178
f 2191/354/1179 2204/352/1179 2188/115/1179 2177/47/1179
f 2175/27/1179 2187/90/1179 2150/349/1179 2149/350/1179
f 2181/52/1178 2189/22/1178 2202/355/1178 2195/356/1178
f 2177/50/1177 2183/51/1177 2200/357/1177 2191/358/1177
f 2182/43/1180 2184/44/1180 2198/359/1180 2196/360/1180
f 2184/44/1175 2178/45/1175 2193/361/1175 2198/359/1175
f 2183/51/1174 2181/52/1174 2195/356/1174 2200/357/1174
f 2189/22/1173 2182/43/1173 2196/360/1173 2202/355/1173
f 2187/90/1172 2176/28/1172 2192/351/1172 2150/349/1172
f 2218/342/1181 2211/1/1181 2207/37/1181 2215/343/1181
f 2216/346/1182 2209/41/1182 2206/40/1182 2213/347/1182
f 2215/343/1183 2207/37/1183 2209/41/1183 2216/346/1183
f 2212/348/1184 2205/26/1184 2208/25/1184 2217/344/1184
f 2205/27/1185 2212/350/1185 2219/349/1185 2210/90/1185
f 2210/90/1186 2219/349/1186 2213/351/1186 2206/28/1186
f 2206/40/1187 2209/41/1187 2225/41/1187 2221/40/1187
f 2205/27/1188 2210/90/1188 2226/90/1188 2220/27/1188
f 2208/25/1189 2205/26/1189 2220/26/1189 2224/25/1189
f 2207/37/1190 2211/1/1190 2227/1/1190 2223/37/1190
f 2210/90/1191 2206/28/1191 2221/28/1191 2226/90/1191
f 2209/41/1192 2207/37/1192 2223/37/1192 2225/41/1192
f 2224/25/1193 2220/26/1193 2175/26/1193 2185/25/1193
f 2222/36/1194 2224/25/1194 2185/25/1194 2179/36/1194
f 2226/90/1195 2221/28/1195 2176/28/1195 2187/90/1195
f 2223/37/1196 2227/1/1196 2190/1/1196 2180/37/1196
f 2225/41/1197 2223/37/1197 2180/37/1197 2186/41/1197
f 2221/40/1198 2225/41/1198 2186/41/1198 2176/40/1198
f 2227/1/1199 2222/36/1199 2179/36/1199 2190/1/1199
f 2220/27/1200 2226/90/1200 2187/90/1200 2175/27/1200
f 2083/346/1201 2216/346/1201 2213/347/1201 2080/347/1201
f 2227/1/1202 2211/1/1202 2228/53/1202 2222/36/1202
f 2222/36/1203 2228/53/1203 2208/25/1203 2224/25/1203
f 2208/25/1204 2228/53/1204 2214/345/1204 2217/344/1204
f 2211/1/1205 2218/342/1205 2214/345/1205 2228/53/1205
f 2132/348/1206 2137/344/1206 2164/344/1206 2159/348/1206
f 2132/348/1207 2159/348/1207 2166/349/1207 2139/349/1207
f 2139/349/1208 2166/349/1208 2160/351/1208 2133/351/1208
f 2134/345/1209 2138/342/1209 2165/342/1209 2161/345/1209
f 2136/346/1210 2133/351/1210 2160/347/1210 2163/346/1210
f 2138/342/1211 2135/343/1211 2162/343/1211 2165/342/1211
f 2135/343/1212 2136/346/1212 2163/346/1212 2162/343/1212
f 2086/349/1213 2080/347/1213 2213/351/1213 2219/349/1213
f 2079/350/1214 2086/349/1214 2219/349/1214 2212/350/1214
f 2081/345/1215 2214/345/1215 2218/342/1215 2085/342/1215
f 2084/344/1216 2217/344/1216 2214/345/1216 2081/345/1216
f 2079/350/1217 2212/350/1217 2217/344/1217 2084/344/1217
usemtl Material.001
f 600/93/371 591/94/371 597/50/371 605/95/371
f 605/95/372 597/96/372 596/97/372 604/98/372
f 594/99/373 602/100/373 606/101/373 598/45/373
f 598/102/374 606/101/374 604/103/374 596/104/374
f 591/105/375 600/106/375 601/107/375 593/26/375
f 593/34/376 601/107/376 599/108/376 592/109/376
f 602/110/377 594/111/377 595/40/377 603/112/377
f 603/112/378 595/33/378 592/113/378 599/114/378
f 602/110/359 603/112/359 599/114/359 607/53/359
f 606/101/359 602/100/359 607/53/359 604/103/359
f 604/103/359 607/53/359 600/93/359 605/95/359
f 600/93/359 607/53/359 599/114/359 601/107/359
f 591/105/357 593/34/357 592/109/357 608/53/357
f 594/111/357 608/53/357 592/109/357 595/33/357
f 598/45/357 596/104/357 608/53/357 594/99/357
f 597/96/357 591/105/357 608/53/357 596/97/357
f 654/93/391 659/95/391 651/50/391 645/94/391
f 659/95/392 658/98/392 650/97/392 651/96/392
f 648/99/393 652/45/393 660/101/393 656/100/393
f 652/102/394 650/104/394 658/103/394 660/101/394
f 645/105/395 647/26/395 655/107/395 654/106/395
f 647/34/396 646/109/396 653/108/396 655/107/396
f 656/110/397 657/112/397 649/40/397 648/111/397
f 657/112/398 653/114/398 646/113/398 649/33/398
f 656/110/359 661/53/359 653/114/359 657/112/359
f 660/101/359 658/103/359 661/53/359 656/100/359
f 658/103/359 659/95/359 654/93/359 661/53/359
f 654/93/359 655/107/359 653/114/359 661/53/359
f 645/105/357 662/53/357 646/109/357 647/34/357
f 648/111/357 649/33/357 646/109/357 662/53/357
f 652/45/357 648/99/357 662/53/357 650/104/357
f 651/96/357 650/97/357 662/53/357 645/105/357
f 672/93/399 677/95/399 669/50/399 663/94/399
f 677/95/400 676/98/400 668/97/400 669/96/400
f 666/99/401 670/45/401 678/101/401 674/100/401
f 670/102/402 668/104/402 676/103/402 678/101/402
f 663/105/403 665/26/403 673/107/403 672/106/403
f 665/34/404 664/109/404 671/108/404 673/107/404
f 674/110/405 675/112/405 667/40/405 666/111/405
f 675/112/406 671/114/406 664/113/406 667/33/406
f 674/110/407 679/53/407 671/114/407 675/112/407
f 678/101/407 676/103/407 679/53/407 674/100/407
f 676/103/407 677/95/407 672/93/407 679/53/407
f 672/93/407 673/107/407 671/114/407 679/53/407
f 663/105/408 680/53/408 664/109/408 665/34/408
f 666/111/408 667/33/408 664/109/408 680/53/408
f 670/45/408 666/99/408 680/53/408 668/104/408
f 669/96/408 668/97/408 680/53/408 663/105/408
f 762/93/459 753/94/459 759/50/459 767/95/459
f 767/95/460 759/96/460 758/97/460 766/98/460
f 756/99/461 764/100/461 768/101/461 760/45/461
f 760/102/462 768/101/462 766/103/462 758/104/462
f 753/105/463 762/106/463 763/107/463 755/26/463
f 755/34/464 763/107/464 761/108/464 754/109/464
f 764/110/465 756/111/465 757/40/465 765/112/465
f 765/112/466 757/33/466 754/113/466 761/114/466
f 764/110/435 765/112/435 761/114/435 769/53/435
f 768/101/435 764/100/435 769/53/435 766/103/435
f 766/103/435 769/53/435 762/93/435 767/95/435
f 762/93/435 769/53/435 761/114/435 763/107/435
f 753/105/433 755/34/433 754/109/433 770/53/433
f 756/111/433 770/53/433 754/109/433 757/33/433
f 760/45/433 758/104/433 770/53/433 756/99/433
f 759/96/433 753/105/433 770/53/433 758/97/433
f 816/93/493 807/94/493 813/50/493 821/95/493
f 821/95/494 813/96/494 812/97/494 820/98/494
f 810/99/495 818/100/495 822/101/495 814/45/495
f 814/102/496 822/101/496 820/103/496 812/104/496
f 807/105/497 816/106/497 817/107/497 809/26/497
f 809/34/498 817/107/498 815/108/498 808/109/498
f 818/110/499 810/111/499 811/40/499 819/112/499
f 819/112/500 811/33/500 808/113/500 815/114/500
f 818/110/469 819/112/469 815/114/469 823/53/469
f 822/101/469 818/100/469 823/53/469 820/103/469
f 820/103/469 823/53/469 816/93/469 821/95/469
f 816/93/469 823/53/469 815/114/469 817/107/469
f 807/105/467 809/34/467 808/109/467 824/53/467
f 810/111/467 824/53/467 808/109/467 811/33/467
f 814/45/467 812/104/467 824/53/467 810/99/467
f 813/96/467 807/105/467 824/53/467 812/97/467
f 834/93/501 839/95/501 831/50/501 825/94/501
f 839/95/502 838/98/502 830/97/502 831/96/502
f 828/99/503 832/45/503 840/101/503 836/100/503
f 832/102/504 830/104/504 838/103/504 840/101/504
f 825/105/505 827/26/505 835/107/505 834/106/505
f 827/34/506 826/109/506 833/108/506 835/107/506
f 836/110/507 837/112/507 829/40/507 828/111/507
f 837/112/508 833/114/508 826/113/508 829/33/508
f 836/110/509 841/53/509 833/114/509 837/112/509
f 840/101/509 838/103/509 841/53/509 836/100/509
f 838/103/509 839/95/509 834/93/509 841/53/509
f 834/93/509 835/107/509 833/114/509 841/53/509
f 825/105/510 842/53/510 826/109/510 827/34/510
f 828/111/510 829/33/510 826/109/510 842/53/510
f 832/45/510 828/99/510 842/53/510 830/104/510
f 831/96/510 830/97/510 842/53/510 825/105/510
f 1609/188/844 1602/189/844 1601/50/844 1610/190/844
f 1603/191/845 1612/192/845 1611/193/845 1604/194/845
f 1597/195/846 1606/196/846 1605/197/846 1598/26/846
f 1607/198/847 1600/33/847 1599/199/847 1608/200/847
f 1602/189/211 1609/188/211 1606/196/211 1597/195/211
f 1598/53/357 1599/53/357 1604/194/357 1601/53/357
f 1605/197/819 1608/200/819 1599/199/819 1598/201/819
f 1612/192/817 1603/202/817 1600/203/817 1607/198/817
f 1601/204/818 1604/194/818 1611/193/818 1610/190/818
f 1605/53/359 1610/53/359 1611/193/359 1608/53/359
f 1607/53/359 1608/53/359 1611/53/359 1612/53/359
f 1605/53/359 1606/53/359 1609/53/359 1610/53/359
f 1599/53/357 1600/53/357 1603/53/357 1604/53/357
f 1597/53/357 1598/53/357 1601/53/357 1602/53/357
f 1625/188/848 1618/189/848 1617/50/848 1626/190/848
f 1619/191/849 1628/192/849 1627/193/849 1620/194/849
f 1613/195/850 1622/196/850 1621/197/850 1614/26/850
f 1623/198/851 1616/33/851 1615/199/851 1624/200/851
f 1618/189/819 1625/188/819 1622/196/819 1613/195/819
f 1614/53/357 1615/53/357 1620/194/357 1617/53/357
f 1621/197/817 1624/200/817 1615/199/817 1614/201/817
f 1628/192/818 1619/202/818 1616/203/818 1623/198/818
f 1617/204/211 1620/194/211 1627/193/211 1626/190/211
f 1621/53/359 1626/53/359 1627/193/359 1624/53/359
f 1621/53/359 1622/53/359 1625/53/359 1626/53/359
f 1623/53/359 1624/53/359 1627/53/359 1628/53/359
f 1613/53/357 1614/53/357 1617/53/357 1618/53/357
f 1615/53/357 1616/53/357 1619/53/357 1620/53/357
f 1883/304/1043 1871/29/1043 1861/46/1043 1877/305/1043
f 1881/306/1044 1867/48/1044 1865/43/1044 1878/307/1044
f 1882/308/1045 1873/42/1045 1863/37/1045 1879/309/1045
f 1880/310/1046 1869/32/1046 1859/33/1046 1876/311/1046
f 1875/24/819 1872/35/819 1862/36/819 1868/25/819
f 1874/38/818 1871/39/818 1859/40/818 1869/41/818
f 1873/42/818 1874/38/818 1869/41/818 1863/37/818
f 1870/23/819 1875/24/819 1868/25/819 1858/26/819
f 1879/309/1047 1863/37/1047 1869/32/1047 1880/310/1047
f 1877/305/1048 1861/46/1048 1867/48/1048 1881/306/1048
f 1860/50/819 1866/51/819 1875/24/819 1870/23/819
f 1865/43/818 1867/44/818 1874/38/818 1873/42/818
f 1867/44/818 1861/45/818 1871/39/818 1874/38/818
f 1866/51/819 1864/52/819 1872/35/819 1875/24/819
f 1878/307/1049 1865/43/1049 1873/42/1049 1882/308/1049
f 1876/312/1050 1859/28/1050 1871/29/1050 1883/304/1050
f 1858/27/1050 1876/312/1050 1883/304/1050 1870/30/1050
f 1864/52/1049 1878/307/1049 1882/308/1049 1872/35/1049
f 1860/47/1048 1877/305/1048 1881/306/1048 1866/49/1048
f 1862/36/1047 1879/309/1047 1880/310/1047 1868/31/1047
f 1868/31/1046 1880/310/1046 1876/311/1046 1858/34/1046
f 1872/35/1045 1882/308/1045 1879/309/1045 1862/36/1045
f 1866/49/1044 1881/306/1044 1878/307/1044 1864/52/1044
f 1870/30/1043 1883/304/1043 1877/305/1043 1860/47/1043
f 1909/313/1055 1897/29/1055 1887/46/1055 1903/314/1055
f 1907/315/1053 1893/48/1053 1891/43/1053 1904/316/1053
f 1908/317/1054 1899/42/1054 1889/37/1054 1905/318/1054
f 1906/319/1046 1895/32/1046 1885/33/1046 1902/320/1046
f 1901/24/819 1898/35/819 1888/36/819 1894/25/819
f 1900/38/818 1897/39/818 1885/40/818 1895/41/818
f 1899/42/818 1900/38/818 1895/41/818 1889/37/818
f 1896/23/819 1901/24/819 1894/25/819 1884/26/819
f 1905/318/1047 1889/37/1047 1895/32/1047 1906/319/1047
f 1903/314/1052 1887/46/1052 1893/48/1052 1907/315/1052
f 1886/50/819 1892/51/819 1901/24/819 1896/23/819
f 1891/43/818 1893/44/818 1900/38/818 1899/42/818
f 1893/44/818 1887/45/818 1897/39/818 1900/38/818
f 1892/51/819 1890/52/819 1898/35/819 1901/24/819
f 1904/316/1049 1891/43/1049 1899/42/1049 1908/317/1049
f 1902/321/1050 1885/28/1050 1897/29/1050 1909/313/1050
f 1884/27/1050 1902/321/1050 1909/313/1050 1896/30/1050
f 1890/52/1056 1904/316/1056 1908/317/1056 1898/35/1056
f 1886/47/1052 1903/314/1052 1907/315/1052 1892/49/1052
f 1888/36/1047 1905/318/1047 1906/319/1047 1894/31/1047
f 1894/31/1046 1906/319/1046 1902/320/1046 1884/34/1046
f 1898/35/1045 1908/317/1045 1905/318/1045 1888/36/1045
f 1892/49/1053 1907/315/1053 1904/316/1053 1890/52/1053
f 1896/30/1055 1909/313/1055 1903/314/1055 1886/47/1055
f 1922/188/848 1923/190/848 1914/50/848 1915/189/848
f 1916/191/849 1917/194/849 1924/193/849 1925/192/849
f 1910/195/850 1911/26/850 1918/197/850 1919/196/850
f 1920/198/851 1921/200/851 1912/199/851 1913/33/851
f 1915/189/819 1910/195/819 1919/196/819 1922/188/819
f 1911/53/359 1914/53/359 1917/194/359 1912/53/359
f 1918/197/817 1911/201/817 1912/199/817 1921/200/817
f 1925/192/818 1920/198/818 1913/203/818 1916/202/818
f 1914/204/211 1923/190/211 1924/193/211 1917/194/211
f 1918/53/357 1921/53/357 1924/193/357 1923/53/357
f 1920/53/357 1925/53/357 1924/53/357 1921/53/357
f 1918/53/357 1923/53/357 1922/53/357 1919/53/357
f 1910/53/359 1915/53/359 1914/53/359 1911/53/359
f 1912/53/359 1917/53/359 1916/53/359 1913/53/359
f 2028/30/1043 2029/29/1043 2019/46/1043 2018/47/1043
f 2024/49/1053 2025/48/1053 2023/43/1053 2022/52/1053
f 2030/35/1054 2031/42/1054 2021/37/1054 2020/36/1054
f 2026/31/1085 2027/32/1085 2017/33/1085 2016/34/1085
f 2033/24/819 2030/35/819 2020/36/819 2026/25/819
f 2032/38/818 2029/39/818 2017/40/818 2027/41/818
f 2031/42/818 2032/38/818 2027/41/818 2021/37/818
f 2028/23/819 2033/24/819 2026/25/819 2016/26/819
f 2020/36/1086 2021/37/1086 2027/32/1086 2026/31/1086
f 2018/47/1048 2019/46/1048 2025/48/1048 2024/49/1048
f 2018/50/819 2024/51/819 2033/24/819 2028/23/819
f 2023/43/818 2025/44/818 2032/38/818 2031/42/818
f 2025/44/818 2019/45/818 2029/39/818 2032/38/818
f 2024/51/819 2022/52/819 2030/35/819 2033/24/819
f 2022/52/1049 2023/43/1049 2031/42/1049 2030/35/1049
f 2016/27/1051 2017/28/1051 2029/29/1051 2028/30/1051
f 2046/30/812 2047/29/812 2037/46/812 2036/47/812
f 2042/49/809 2043/48/809 2041/43/809 2040/52/809
f 2048/35/810 2049/42/810 2039/37/810 2038/36/810
f 2044/31/830 2045/32/830 2035/33/830 2034/34/830
f 2050/38/817 2047/39/817 2035/40/817 2045/41/817
f 2049/42/817 2050/38/817 2045/41/817 2039/37/817
f 2038/36/1087 2039/37/1087 2045/32/1087 2044/31/1087
f 2036/47/814 2037/46/814 2043/48/814 2042/49/814
f 2041/43/817 2043/44/817 2050/38/817 2049/42/817
f 2043/44/817 2037/45/817 2047/39/817 2050/38/817
f 2040/52/816 2041/43/816 2049/42/816 2048/35/816
f 2034/27/815 2035/28/815 2047/29/815 2046/30/815
usemtl Material.004
f 1473/27/357 1474/28/357 1476/46/357 1475/47/357
f 1475/47/818 1476/46/818 1480/43/818 1479/52/818
f 1479/52/359 1480/43/359 1478/37/359 1477/36/359
f 1477/36/819 1478/37/819 1474/33/819 1473/34/819
f 1475/50/211 1479/52/211 1477/36/211 1473/26/211
f 1480/43/820 1476/46/820 1482/46/820 1483/43/820
f 1484/37/359 1483/43/359 1487/43/359 1488/37/359
f 1478/37/821 1480/43/821 1483/43/821 1484/37/821
f 1476/46/822 1474/28/822 1481/28/822 1482/46/822
f 1474/33/823 1478/37/823 1484/37/823 1481/33/823
f 1486/46/357 1485/28/357 1489/28/357 1490/46/357
f 1482/46/357 1481/28/357 1485/28/357 1486/46/357
f 1481/33/819 1484/37/819 1488/37/819 1485/33/819
f 1483/43/818 1482/46/818 1486/46/818 1487/43/818
f 1489/33/824 1492/37/824 1496/37/824 1493/33/824
f 1485/33/825 1488/37/825 1492/37/825 1489/33/825
f 1487/43/826 1486/46/826 1490/46/826 1491/43/826
f 1488/37/359 1487/43/359 1491/43/359 1492/37/359
f 1495/43/817 1494/45/817 1493/40/817 1496/37/817
f 1491/43/827 1490/46/827 1494/46/827 1495/43/827
f 1492/37/359 1491/43/359 1495/43/359 1496/37/359
f 1490/46/357 1489/28/357 1493/28/357 1494/46/357
f 1938/30/1049 1939/29/1049 1929/46/1049 1928/47/1049
f 1934/49/1048 1935/48/1048 1933/43/1048 1932/52/1048
f 1940/35/1057 1941/42/1057 1931/37/1057 1930/36/1057
f 1943/24/1058 1940/35/1058 1930/36/1058 1936/25/1058
f 1942/38/1059 1939/39/1059 1927/40/1059 1937/41/1059
f 1941/42/1060 1942/38/1060 1937/41/1060 1931/37/1060
f 1938/23/1061 1943/24/1061 1936/25/1061 1926/26/1061
f 1928/47/1044 1929/46/1044 1935/48/1044 1934/49/1044
f 1928/50/818 1934/51/818 1943/24/818 1938/23/818
f 1933/43/819 1935/44/819 1942/38/819 1941/42/819
f 1935/44/819 1929/45/819 1939/39/819 1942/38/819
f 1934/51/818 1932/52/818 1940/35/818 1943/24/818
f 1932/52/1043 1933/43/1043 1941/42/1043 1940/35/1043
f 1926/27/1062 1927/28/1062 1939/29/1062 1938/30/1062
f 1926/26/1063 1936/25/1063 1948/25/1063 1944/26/1063
f 1927/28/1064 1926/27/1064 1944/27/1064 1945/28/1064
f 1936/25/1065 1930/36/1065 1946/36/1065 1948/25/1065
f 1931/37/1066 1937/41/1066 1949/41/1066 1947/37/1066
f 1937/41/1067 1927/40/1067 1945/40/1067 1949/41/1067
f 1930/36/1068 1931/37/1068 1947/37/1068 1946/36/1068
f 1947/37/819 1949/41/819 1955/41/819 1953/37/819
f 1949/41/819 1945/40/819 1951/40/819 1955/41/819
f 1946/36/359 1947/37/359 1953/37/359 1952/36/359
f 1944/26/818 1948/25/818 1954/25/818 1950/26/818
f 1948/25/818 1946/36/818 1952/36/818 1954/25/818
f 1945/28/357 1944/27/357 1950/27/357 1951/28/357
usemtl Material.003
f 1834/30/1043 1835/29/1043 1825/46/1043 1824/47/1043
f 1830/49/1044 1831/48/1044 1829/43/1044 1828/52/1044
f 1836/35/1045 1837/42/1045 1827/37/1045 1826/36/1045
f 1832/31/1046 1833/32/1046 1823/33/1046 1822/34/1046
f 1839/24/819 1836/35/819 1826/36/819 1832/25/819
f 1838/38/818 1835/39/818 1823/40/818 1833/41/818
f 1837/42/818 1838/38/818 1833/41/818 1827/37/818
f 1834/23/819 1839/24/819 1832/25/819 1822/26/819
f 1826/36/1047 1827/37/1047 1833/32/1047 1832/31/1047
f 1824/47/1048 1825/46/1048 1831/48/1048 1830/49/1048
f 1824/50/819 1830/51/819 1839/24/819 1834/23/819
f 1829/43/818 1831/44/818 1838/38/818 1837/42/818
f 1831/44/818 1825/45/818 1835/39/818 1838/38/818
f 1830/51/819 1828/52/819 1836/35/819 1839/24/819
f 1828/52/1049 1829/43/1049 1837/42/1049 1836/35/1049
f 1822/27/1050 1823/28/1050 1835/29/1050 1834/30/1050
f 1840/27/1051 1842/28/1051 1851/29/1051 1841/30/1051
f 1841/23/819 1845/24/819 1843/25/819 1840/26/819
f 1843/31/1046 1846/32/1046 1842/33/1046 1840/34/1046
f 1844/36/1047 1847/37/1047 1846/32/1047 1843/31/1047
f 1845/24/819 1857/35/819 1844/36/819 1843/25/819
f 1848/38/818 1851/39/818 1842/40/818 1846/41/818
f 1850/42/818 1848/38/818 1846/41/818 1847/37/818
f 1849/44/818 1852/45/818 1851/39/818 1848/38/818
f 1856/43/818 1849/44/818 1848/38/818 1850/42/818
f 1841/30/1043 1851/29/1043 1852/46/1043 1853/47/1043
f 1853/47/1052 1852/46/1052 1849/48/1052 1854/49/1052
f 1853/50/819 1854/51/819 1845/24/819 1841/23/819
f 1854/51/819 1855/52/819 1857/35/819 1845/24/819
f 1854/49/1053 1849/48/1053 1856/43/1053 1855/52/1053
f 1855/52/1049 1856/43/1049 1850/42/1049 1857/35/1049
f 1857/35/1054 1850/42/1054 1847/37/1054 1844/36/1054
